time 2025/01/17 08:49:39.000
-6188358.300757 25485766.926764 -1609929.538306 46000 G07
10032877.894312 21555444.171230 12022735.507504 44000 G17
53216.759819 13373254.186998 21722171.520645 50000 R11
-2001845.093166 22716692.258116 11457308.264348 44000 R21
6249353.936559 23647966.302336 -7184389.822647 36000 R22
-14711195.619933 39469785.752619 -1307073.357776 43000 C03
-9780049.043918 40478738.496142 -5388977.730524 42000 C06
-5935279.312609 28081320.014555 31036360.574351 45000 C07
-5095356.506563 41344593.178734 3950231.632768 33000 C09
2506367.287351 30737254.249485 29299552.755022 37000 C10
-13078128.274281 26272237.326106 -30194464.300164 36000 C13
-10088896.022570 40218427.525588 -6171060.922924 47000 C16

time 2025/01/17 08:49:40.000
-6188655.656614 25485431.029925 -1613102.385860 45000 G07
10031670.251598 21554574.202758 12025413.163490 44000 G17
50962.124876 13375193.351402 21720981.193600 50000 R11
-2001875.233245 22715111.305902 11460436.165787 44000 R21
6249623.905047 23648929.643398 -7180996.235620 36000 R22
-14711199.551809 39469783.618733 -1307034.958287 43000 C03
-9778788.857555 40478709.787801 -5391451.728780 42000 C06
-5936056.963419 28080648.008651 31036808.368931 45000 C07
-5094157.617506 41344947.403174 3947721.456998 33000 C09
2505769.101326 30736426.998236 29300451.622804 37000 C10
-13078900.201907 26273553.770651 -30193007.024392 36000 C13
-10087601.950073 40218352.752264 -6173555.542762 47000 C16
time 2025/01/17 08:49:41.000
-6188952.958402 25485094.751943 -1616275.197951 45000 G07
10030462.323910 21553704.070765 12028090.565970 44000 G17
48707.771805 13377132.594615 21719790.344976 50000 R11
-2001905.566565 22713529.934192 11463563.792350 44000 R21
6249893.896863 23649892.501845 -7177602.475779 36000 R22
-14711203.483870 39469781.485095 -1306996.551839 43000 C03
-9777528.674744 40478680.892993 -5393925.698000 42000 C06
-5936834.712472 28079976.117336 31037255.999742 45000 C07
-5092958.676174 41345301.447678 3945211.259748 32000 C09
2505170.795010 30735599.838526 29301350.338850 37000 C10
-10086307.887556 40218277.786469 -6176050.129191 47000 C16
time 2025/01/17 08:49:42.000
-6189250.206171 25484758.092812 -1619447.974529 45000 G07
10029254.111240 21552833.775305 12030767.714905 43000 G17
46453.700644 13379071.916575 21718598.974792 50000 R11
-2001936.093185 22711948.143040 11466691.143967 45000 R21
6250163.911930 23650854.877655 -7174208.543208 35000 R22
-14711207.416117 39469779.351704 -1306958.138430 43000 C03
-9776268.495506 40478651.811716 -5396399.638190 42000 C06
-5937612.559753 28079304.340622 31037703.466785 45000 C07
-5091759.682590 41345655.312238 3942701.041025 32000 C09
2504572.368414 30734772.770368 29302248.903158 37000 C10
-10085013.835039 40218202.628204 -6178544.682212 47000 C16
time 2025/01/17 08:49:43.000
-6189547.399969 25484421.052526 -1622620.715500 45000 G07
10028045.613593 21551963.316443 12033444.610214 44000 G17
44199.911466 13381011.317188 21717407.083088 50000 R11
-2001966.813167 22710365.932512 11469818.220549 45000 R21
6250433.950172 23651816.770803 -7170814.438005 35000 R22
-14711211.348547 39469777.218561 -1306919.718062 44000 C03
-9775008.319878 40478622.543971 -5398873.549315 42000 C06
-5938390.505243 28078632.678526 31038150.770054 45000 C07
-5090560.636783 41346008.996845 3940190.800848 33000 C09
2503973.821554 30733945.793786 29303147.315718 38000 C10
-10083719.792563 40218127.277471 -6181039.201790 47000 C16
time 2025/01/17 08:49:44.000
-6189844.539849 25484083.631078 -1625793.420827 45000 G07
10026836.830955 21551092.694228 12036121.251871 44000 G17
41946.404307 13382950.796390 21716214.669884 50000 R11
-2001997.726571 22708783.302653 11472945.022045 46000 R21
6250704.011516 23652778.181277 -7167420.160220 35000 R22
-14711215.281164 39469775.085664 -1306881.290734 43000 C03
-9773748.147875 40478593.089760 -5401347.431384 42000 C06
-5939168.548929 28077961.131059 31038597.909550 45000 C07
-5089361.538772 41346362.501493 3937680.539214 33000 C09
2503375.154440 30733118.908789 29304045.576533 38000 C10
-10082425.760141 40218051.734270 -6183533.687937 47000 C16
time 2025/01/17 08:49:45.000
-6190141.625860 25483745.828461 -1628966.090426 45000 G07
10025627.763322 21550221.908719 12038797.639820 44000 G17
39693.179221 13384890.354104 21715021.735207 51000 R11
-2002028.833459 22707200.253524 11476071.548375 46000 R21
6250974.095886 23653739.109054 -7164025.709939 34000 R22
-14711219.213964 39469772.953015 -1306842.856448 43000 C03
-9772487.979526 40478563.449082 -5403821.284382 42000 C06
-5939946.690795 28077289.698234 31039044.885270 45000 C07
-5088162.388590 41346715.826171 3935170.256155 32000 C09
2502776.367086 30732292.115398 29304943.685594 38000 C10
-10081131.737805 40217975.998603 -6186028.140633 47000 C16
time 2025/01/17 08:49:46.000
-6190438.658048 25483407.644673 -1632138.724203 45000 G07
10024418.410704 21549350.959982 12041473.773975 44000 G17
37440.236287 13386829.990231 21713828.279100 51000 R11
-2002060.133889 22705616.785195 11479197.799437 46000 R21
6251244.203204 23654699.554102 -7160631.087284 35000 R22
-14711223.146949 39469770.820613 -1306804.415202 43000 C03
-9771227.814873 40478533.621937 -5406295.108267 42000 C06
-5940724.930816 28076618.380074 31039491.697206 45000 C07
-5086963.186275 41347068.970869 3932659.951707 31000 C09
2502177.459509 30731465.413635 29305841.642891 38000 C10
-10079837.725596 40217900.070471 -6188522.559841 47000 C16
time 2025/01/17 08:49:47.000
-6190735.636466 25483069.079704 -1635311.322113 45000 G07
10023208.773087 21548479.848069 12044149.654304 44000 G17
35187.575536 13388769.704712 21712634.301578 51000 R11
-2002091.627923 22704032.897713 11482323.775180 46000 R21
6251514.333397 23655659.516409 -7157236.292302 36000 R22
-14711227.080120 39469768.688459 -1306765.966998 43000 C03
-9769967.653930 40478503.608327 -5408768.903050 42000 C06
-5941503.268982 28075947.176586 31039938.345362 45000 C07
-5085763.931838 41347421.935582 3930149.625847 32000 C09
2501578.431721 30730638.803514 29306739.448423 38000 C10
-10078543.723531 40217823.949876 -6191016.945568 47000 C16
time 2025/01/17 08:49:48.000
-6191032.561163 25482730.133550 -1638483.884078 44000 G07
10021998.850467 21547608.573037 12046825.280756 44000 G17
32935.197023 13390709.497469 21711439.802673 51000 R11
-2002123.315622 22702448.591135 11485449.475527 47000 R21
6251784.486389 23656618.995954 -7153841.325079 36000 R22
-14711231.013475 39469766.556552 -1306727.511835 43000 C03
-9768707.496726 40478473.408252 -5411242.668717 42000 C06
-5942281.705275 28075276.087784 31040384.829734 45000 C07
-5084564.625305 41347774.720302 3927639.278595 30000 C09
2500979.283732 30729812.285049 29307637.102189 37000 C10
-10077249.731638 40217747.636818 -6193511.297799 47000 C16
time 2025/01/17 08:49:49.000
-6191329.432189 25482390.806203 -1641656.410030 44000 G07
10020788.642844 21546737.134946 12049500.653264 44000 G17
30683.100805 13392649.368422 21710244.782414 51000 R11
-2002155.197046 22700863.865524 11488574.900397 47000 R21
6252054.662105 23657577.992713 -7150446.185699 36000 R22
-14711234.947014 39469764.424892 -1306689.049714 43000 C03
-9767447.343291 40478443.021712 -5413716.405246 42000 C06
-5943060.239678 28074605.113686 31040831.150318 45000 C07
-5083365.266706 41348127.325021 3925128.909968 31000 C09
2500380.015558 30728985.858261 29308534.604180 37000 C10
-10075955.749949 40217671.131299 -6196005.616516 47000 C16
time 2025/01/17 08:49:50.000
-6191626.249593 25482051.097658 -1644828.899907 44000 G07
10019578.150211 21545865.533851 12052175.771785 44000 G17
28431.286932 13394589.317496 21709049.240828 51000 R11
-2002187.272255 22699278.720933 11491700.049724 47000 R21
6252324.860470 23658536.506670 -7147050.874235 36000 R22
-14711238.880738 39469762.293479 -1306650.580635 43000 C03
-9766187.193647 40478412.448708 -5416190.112636 42000 C06
-5943838.872177 28073934.254301 31041277.307113 45000 C07
-5082165.856064 41348479.749730 3922618.519974 30000 C09
2499780.627211 30728159.523165 29309431.954393 38000 C10
-10074661.778486 40217594.433320 -6198499.901716 47000 C16
time 2025/01/17 08:49:51.000
-6191923.013426 25481711.007910 -1648001.353624 44000 G07
10018367.372569 21544993.769814 12054850.636249 44000 G17
26179.755467 13396529.344605 21707853.177947 51000 R11
-2002219.541310 22697693.157428 11494824.923414 47000 R21
6252595.081407 23659494.537796 -7143655.390792 37000 R22
-14711242.814647 39469760.162314 -1306612.104598 43000 C03
-9764927.047829 40478381.689241 -5418663.790859 42000 C06
-5944617.602750 28073263.509649 31041723.300116 44000 C07
-5080966.393417 41348831.994419 3920108.108650 30000 C09
2499181.118707 30727333.279783 29310329.152820 37000 C10
-10073367.817287 40217517.542883 -6200994.153367 47000 C16
time 2025/01/17 08:49:52.000
-6192219.723734 25481370.536952 -1651173.771108 43000 G07
10017156.309914 21544121.842892 12057525.246606 44000 G17
23928.506463 13398469.449671 21706656.593803 51000 R11
-2002252.004271 22696107.175065 11497949.521398 48000 R21
6252865.324840 23660452.086071 -7140259.735448 37000 R22
-14711246.748740 39469758.031396 -1306573.621604 43000 C03
-9763666.905864 40478350.743310 -5421137.439901 42000 C06
-5945396.431380 28072592.879743 31042169.129322 44000 C07
-5079766.878786 41349184.059081 3917597.676000 30000 C09
2498581.490058 30726507.128129 29311226.199457 37000 C10
-10072073.866377 40217440.459988 -6203488.371460 47000 C16
time 2025/01/17 08:49:53.000
-6192516.380571 25481029.684778 -1654346.152304 43000 G07
10015944.962242 21543249.753143 12060199.602804 44000 G17
21677.539964 13400409.632627 21705459.488415 51000 R11
-2002284.661199 22694520.773894 11501073.843616 48000 R21
6253135.590697 23661409.151480 -7136863.908266 39000 R22
-14711250.683017 39469755.900725 -1306535.131651 43000 C03
-9762406.767773 40478319.610916 -5423611.059760 42000 C06
-5946175.358057 28071922.364593 31042614.794733 45000 C07
-5078567.312194 41349535.943708 3915087.222030 30000 C09
2497981.741275 30725681.068219 29312123.094303 38000 C10
-10070779.925779 40217363.184637 -6205982.555992 47000 C16
time 2025/01/17 08:49:54.000
-6192812.983985 25480688.451381 -1657518.497135 43000 G07
10014733.329545 21542377.500621 12062873.704792 44000 G17
19426.856029 13402349.893389 21704261.861818 51000 R11
-2002317.512155 22692933.953979 11504197.889981 48000 R21
6253405.878899 23662365.733997 -7133467.909343 39000 R22
-14711254.617479 39469753.770301 -1306496.634742 44000 C03
-9761146.633588 40478288.292060 -5426084.650417 43000 C06
-5946954.382759 28071251.964217 31043060.296344 45000 C07
-5077367.693664 41349887.648294 3912576.746745 30000 C09
2497381.872372 30724855.100069 29313019.837352 38000 C10
-10069485.995526 40217285.716832 -6208476.706942 48000 C16
time 2025/01/17 08:49:55.000
-6193109.534026 25480346.836756 -1660690.805540 44000 G07
10013521.411822 21541505.085386 12065547.552515 44000 G17
17176.454701 13404290.231888 21703063.714035 51000 R11
-2002350.557198 22691346.715370 11507321.660435 48000 R21
6253676.189373 23663321.833608 -7130071.738740 39000 R22
-14711258.552125 39469751.640125 -1306458.130875 43000 C03
-9759886.503329 40478256.786743 -5428558.211869 43000 C06
-5947733.505474 28070581.678625 31043505.634155 45000 C07
-5076168.023225 41350239.172829 3910066.250165 29000 C09
2496781.883363 30724029.223699 29313916.428598 37000 C10
-10068192.075639 40217208.056573 -6210970.824307 48000 C16
time 2025/01/17 08:49:56.000
-6193406.030743 25480004.840898 -1663863.077431 44000 G07
10012309.209077 21540632.507501 12068221.145899 44000 G17
14926.336056 13406230.648028 21701865.045105 51000 R11
-2002383.796390 22689759.058141 11510445.154871 49000 R21
6253946.522042 23664277.450283 -7126675.396566 39000 R22
-14711262.486956 39469749.510196 -1306419.620052 43000 C03
-9758626.377035 40478225.094965 -5431031.744083 43000 C06
-5948512.726178 28069911.507839 31043950.808159 45000 C07
-5074968.300911 41350590.517303 3907555.732322 29000 C09
2496181.774264 30723203.439128 29314812.868035 37000 C10
-10066898.166157 40217130.203861 -6213464.908053 48000 C16
time 2025/01/17 08:49:57.000
-6193702.474187 25479662.463799 -1667035.312757 43000 G07
10011096.721295 21539759.767015 12070894.484917 43000 G17
12676.500123 13408171.141752 21700665.855045 51000 R11
-2002417.229791 22688170.982335 11513568.373242 49000 R21
6254216.876833 23665232.584009 -7123278.882878 39000 R22
-14711266.421970 39469747.380514 -1306381.102272 43000 C03
-9757366.254722 40478193.216726 -5433505.247066 43000 C06
-5949292.044861 28069241.451864 31044395.818359 45000 C07
-5073768.526735 41350941.681713 3905045.193200 29000 C09
2495581.545084 30722377.746370 29315709.155660 37000 C10
-10065604.267099 40217052.158699 -6215958.958188 47000 C16
time 2025/01/17 08:49:58.000
-6193998.864405 25479319.705455 -1670207.511426 43000 G07
10009883.948483 21538886.863995 12073567.569488 42000 G17
10426.946981 13410111.712961 21699466.143896 51000 R11
-2002450.857460 22686582.488023 11516691.315447 49000 R21
6254487.253666 23666187.234757 -7119882.197787 38000 R22
-14711270.357170 39469745.251079 -1306342.577535 43000 C03
-9756106.136430 40478161.152027 -5435978.720778 43000 C06
-5950071.461498 28068571.510725 31044840.664745 45000 C07
-5072568.700743 41351292.666043 3902534.632853 31000 C09
2494981.195841 30721552.145448 29316605.291463 36000 C10
-10064310.378504 40216973.921087 -6218452.974672 48000 C16
time 2025/01/17 08:49:59.000
-6194295.201450 25478976.565858 -1673379.673389 43000 G07
10008670.890630 21538013.798493 12076240.399575 42000 G17
8177.676662 13412052.361596 21698265.911676 51000 R11
-2002484.679459 22684993.575251 11519813.981438 49000 R21
6254757.652471 23667141.402515 -7116485.341339 38000 R22
-14711274.292553 39469743.121892 -1306304.045843 43000 C03
-9754846.022175 40478128.900868 -5438452.165231 43000 C06
-5950850.976081 28067901.684426 31045285.347322 45000 C07
-5071368.822945 41351643.470291 3900024.051259 30000 C09
2494380.726544 30720726.636371 29317501.275448 37000 C10
-10063016.500388 40216895.491026 -6220946.957518 48000 C16
time 2025/01/17 08:50:00.000
-6194591.485370 25478633.045004 -1676551.798566 43000 G07
10007457.547735 21537140.570567 12078912.975119 42000 G17
5928.689224 13413993.087573 21697065.158417 51000 R11
-2002518.695848 22683404.244080 11522936.371130 49000 R21
6255028.073169 23668095.087255 -7113088.313642 38000 R22
-14711278.228120 39469740.992952 -1306265.507194 43000 C03
-9753585.911986 40478096.463250 -5440925.580406 43000 C06
-5951630.588592 28067231.972984 31045729.866086 44000 C07
-5070168.893360 41351994.094450 3897513.448421 29000 C09
2493780.137209 30719901.219163 29318397.107603 37000 C10
-10061722.632782 40216816.868518 -6223440.906706 47000 C16
time 2025/01/17 08:50:01.000
-6194887.716215 25478289.142886 -1679723.886888 44000 G07
10006243.919795 21536267.180277 12081585.296063 42000 G17
3679.984723 13415933.890814 21695863.884149 51000 R11
-2002552.906687 22681814.494571 11526058.484448 49000 R21
6255298.515685 23669048.288961 -7109691.114768 38000 R22
-14711282.163871 39469738.864260 -1306226.961589 43000 C03
-9752325.805894 40478063.839174 -5443398.966283 43000 C06
-5952410.299011 28066562.376415 31046174.221032 44000 C07
-5068968.912024 41352344.538511 3895002.824368 29000 C09
2493179.427844 30719075.893832 29319292.787931 38000 C10
-10060428.775718 40216738.053565 -6225934.822216 48000 C16
time 2025/01/17 08:50:02.000
-6195183.894035 25477944.859498 -1682895.938292 44000 G07
10005030.006806 21535393.627679 12084257.362355 42000 G17
1431.563211 13417874.771243 21694662.088899 51000 R11
-2002587.312037 22680224.326778 11529180.321318 50000 R21
6255568.979945 23670001.007609 -7106293.744800 38000 R22
-14711286.099806 39469736.735814 -1306188.409029 43000 C03
-9751065.703923 40478031.028641 -5445872.322855 43000 C06
-5953190.107323 28065892.894731 31046618.412160 44000 C07
-5067768.878975 41352694.802460 3892492.179141 30000 C09
2492578.598468 30718250.660404 29320188.316422 37000 C10
-10059134.929221 40216659.046167 -6228428.704040 48000 C16
time 2025/01/17 08:50:03.000
-6195480.018880 25477600.194833 -1686067.952706 45000 G07
10003815.808765 21534519.912833 12086929.173937 41000 G17
-816.575261 13419815.728783 21693459.772695 51000 R11
-2002621.911958 22678633.740760 11532301.881670 50000 R21
6255839.465872 23670953.243180 -7102896.203821 37000 R22
-14711290.035926 39469734.607616 -1306149.849513 43000 C03
-9749805.606101 40477998.031649 -5448345.650111 43000 C06
-5953970.013512 28065223.527948 31047062.439467 44000 C07
-5066568.794233 41353044.886293 3889981.512741 31000 C09
2491977.649092 30717425.518892 29321083.693072 37000 C10
-10057841.093320 40216579.846326 -6230922.552162 48000 C16
time 2025/01/17 08:50:04.000
-6195776.090798 25477255.148889 -1689239.930040 44000 G07
10002601.325675 21533646.035799 12089600.730743 41000 G17
-3064.430629 13421756.763348 21692256.935571 51000 R11
-2002656.706510 22677042.736580 11535423.165413 50000 R21
6256109.973391 23671904.995650 -7099498.491922 35000 R22
-14711293.972229 39469732.479665 -1306111.283042 43000 C03
-9748545.512457 40477964.848201 -5450818.948026 43000 C06
-5954750.017557 28064554.276081 31047506.302949 44000 C07
-5065368.657817 41353394.790002 3887470.825162 30000 C09
2491376.579732 30716600.469318 29321978.917873 37000 C10
-10056547.268046 40216500.454042 -6233416.366564 47000 C16
time 2025/01/17 08:50:05.000
-6196072.109840 25476909.721657 -1692411.870242 45000 G07
10001386.557523 21532771.996630 12092272.032738 41000 G17
-5312.002846 13423697.874865 21691053.577554 51000 R11
-2002691.695754 22675451.314296 11538544.172479 50000 R21
6256380.502426 23672856.265000 -7096100.609176 34000 R22
-14711297.908716 39469730.351962 -1306072.709616 43000 C03
-9747285.423021 40477931.478297 -5453292.216589 43000 C06
-5955530.119444 28063885.139144 31047950.002603 44000 C07
-5064168.469762 41353744.513578 3884960.116439 29000 C09
2490775.390398 30715775.511695 29322873.990825 37000 C10
-10055253.453428 40216420.869319 -6235910.147231 48000 C16
time 2025/01/17 08:50:06.000
-6196368.076056 25476563.913133 -1695583.773238 45000 G07
10000171.504310 21531897.795386 12094943.079855 41000 G17
-7559.291860 13425639.063258 21689849.698671 51000 R11
-2002726.879750 22673859.473961 11541664.902798 50000 R21
6256651.052902 23673807.051210 -7092702.555667 32000 R22
-14711301.845387 39469728.224505 -1306034.129235 43000 C03
-9746025.337814 40477897.921937 -5455765.455794 43000 C06
-5956310.319156 28063216.117149 31048393.538429 44000 C07
-5062968.230092 41354094.057013 3882449.386581 30000 C09
2490174.081106 30714950.646042 29323768.911920 37000 C10
-10053959.649489 40216341.092156 -6238403.894157 48000 C16
time 2025/01/17 08:50:07.000
-6196663.989497 25476217.723307 -1698755.638981 45000 G07
9998956.166027 21531023.432121 12097613.872057 41000 G17
-9806.297632 13427580.328461 21688645.298943 51000 R11
-2002762.258558 22672267.215627 11544785.356309 50000 R21
6256921.624745 23674757.354264 -7089304.331455 32000 R22
-14711305.782242 39469726.097296 -1305995.541899 43000 C03
-9744765.256861 40477864.179122 -5458238.665634 43000 C06
-5957090.616681 28062547.210108 31048836.910426 44000 C07
-5061767.938820 41354443.420303 3879938.635571 29000 C09
2489572.651865 30714125.872372 29324663.681158 37000 C10
-10052665.856251 40216261.122555 -6240897.607343 48000 C16
time 2025/01/17 08:50:08.000
-6196959.850209 25475871.152177 -1701927.467368 45000 G07
9997740.542682 21530148.906901 12100284.409261 42000 G17
-12053.020087 13429521.670378 21687440.378411 51000 R11
-2002797.832239 22670674.539364 11547905.532914 50000 R21
6257192.217877 23675707.174132 -7085905.936659 33000 R22
-14711309.719280 39469723.970334 -1305956.947609 43000 C03
-9743505.180198 40477830.249853 -5460711.846082 43000 C06
-5957871.011997 28061878.418040 31049280.118589 44000 C07
-5060567.595987 41354792.603435 3877427.863455 29000 C09
2488971.102694 30713301.190710 29325558.298527 37000 C10
-10051372.073756 40216180.960517 -6243391.286748 48000 C16
time 2025/01/17 08:50:09.000
-6197255.658245 25475524.199737 -1705099.258345 45000 G07
9996524.634264 21529274.219779 12102954.691430 42000 G17
-14299.459183 13431463.088941 21686234.937098 51000 R11
-2002833.600853 22669081.445226 11551025.432547 50000 R21
6257462.832223 23676656.510796 -7082507.371350 33000 R22
-14711313.656502 39469721.843620 -1305918.346365 43000 C03
-9742245.107845 40477796.134129 -5463184.997132 43000 C06
-5958651.505089 28061209.740956 31049723.162916 44000 C07
-5059367.201609 41355141.606404 3874917.070227 29000 C09
2488369.433601 30712476.601065 29326452.764030 37000 C10
-10050078.302023 40216100.606044 -6245884.932375 48000 C16
time 2025/01/17 08:50:10.000
-6197551.413655 25475176.865979 -1708271.011845 45000 G07
9995308.440767 21528399.370810 12105624.718514 43000 G17
-16545.614866 13433404.584073 21685028.975032 51000 R11
-2002869.564460 22667487.933267 11554145.055140 51000 R21
6257733.467711 23677605.364244 -7079108.635576 33000 R22
-14711317.593908 39469719.717153 -1305879.738167 43000 C03
-9740985.039831 40477761.831952 -5465658.118773 43000 C06
-5959432.095940 28060541.178870 31050166.043405 44000 C07
-5058166.755716 41355490.429201 3872406.255904 29000 C09
2487767.644603 30711652.103460 29327347.077656 37000 C10
-10048784.541082 40216020.059137 -6248378.544208 47000 C16
time 2025/01/17 08:50:11.000
-6197847.116486 25474829.150900 -1711442.727784 45000 G07
9994091.962193 21527524.360057 12108294.490448 43000 G17
-18791.487078 13435346.155689 21683822.492246 51000 R11
-2002905.723120 22665894.003553 11557264.400603 51000 R21
6258004.124259 23678553.734440 -7075709.729477 33000 R22
-14711321.531497 39469717.590933 -1305841.123015 43000 C03
-9739724.976188 40477727.343323 -5468131.210980 43000 C06
-5960212.784531 28059872.731801 31050608.760051 44000 C07
-5056966.258344 41355839.071816 3869895.420522 30000 C09
2487165.735711 30710827.697910 29328241.239403 37000 C10
-10047490.790965 40215939.319797 -6250872.122227 48000 C16
time 2025/01/17 08:50:12.000
-6198142.766790 25474481.054492 -1714614.406108 45000 G07
9992875.198536 21526649.187574 12110964.007182 43000 G17
-21037.075773 13437287.803720 21682615.488764 51000 R11
-2002942.076894 22664299.656136 11560383.468874 51000 R21
6258274.801798 23679501.621378 -7072310.653081 33000 R22
-14711325.469270 39469715.464960 -1305802.500909 43000 C03
-9738464.916936 40477692.668241 -5470604.273752 43000 C06
-5960993.570850 28059204.399757 31051051.312856 44000 C07
-5055765.709513 41356187.534242 3867384.564082 29000 C09
2486563.706938 30710003.384429 29329135.249270 37000 C10
-10046197.051692 40215858.388026 -6253365.666429 47000 C16
time 2025/01/17 08:50:14.000
-6198733.910013 25473783.717668 -1720957.649606 44000 G07
9990440.815963 21524898.357656 12116302.274830 43000 G17
-25527.402387 13441171.328701 21680199.919836 51000 R11
-2003015.370024 22661109.708432 11566620.773526 51000 R21
6258816.219537 23681395.945377 -7065511.989808 34000 R22
-14711333.345366 39469711.213756 -1305725.235837 43000 C03
-9735944.811727 40477622.758722 -5475550.310922 43000 C06
-5962555.436595 28057868.080808 31051935.926926 44000 C07
-5053364.457571 41356883.918496 3862362.788060 29000 C09
2485359.289808 30708355.033754 29330922.813330 36000 C10
-10043609.605810 40215695.947195 -6258352.653305 47000 C16
time 2025/01/17 08:50:15.000
-6199029.403031 25473434.477242 -1724129.214634 45000 G07
9989223.197043 21524022.700338 12118971.025628 43000 G17
-27772.140194 13443113.205491 21678991.354451 51000 R11
-2003052.309501 22659514.108266 11569739.009752 51000 R21
6259086.959586 23682342.382394 -7062112.403099 35000 R22
-14711337.283689 39469709.088525 -1305686.592872 43000 C03
-9734684.765826 40477587.524287 -5478023.285289 43000 C06
-5963336.515987 28057200.093932 31052377.988185 44000 C07
-5052163.754528 41357231.840305 3859851.868539 30000 C09
2484756.901478 30707530.996597 29331816.367512 36000 C10
-10042315.899258 40215614.438138 -6260846.095949 47000 C16
time 2025/01/17 08:50:16.000
-6199324.843721 25473084.855464 -1727300.741771 44000 G07
9988005.293022 21523146.881519 12121639.521018 43000 G17
-30016.594276 13445055.158389 21677782.268483 51000 R11
-2003089.444332 22657918.090625 11572856.968494 51000 R21
6259357.720322 23683288.336068 -7058712.646435 35000 R22
-14711341.222196 39469706.963541 -1305647.942954 42000 C03
-9733424.724425 40477552.103403 -5480496.230170 43000 C06
-5964117.693039 28056532.222140 31052819.885593 44000 C07
-5050963.000125 41357579.581894 3857340.928001 29000 C09
2484154.393319 30706707.051577 29332709.769796 36000 C10
-10041022.203661 40215532.736655 -6263339.504728 47000 C16
time 2025/01/17 08:50:17.000
-6199620.232132 25472734.852329 -1730472.230928 44000 G07
9986787.103907 21522270.901263 12124307.760925 43000 G17
-32260.764569 13446997.187305 21676572.661968 51000 R11
-2003126.774577 22656321.655578 11575974.649658 51000 R21
6259628.501669 23684233.806372 -7055312.719912 35000 R22
-14711345.160886 39469704.838805 -1305609.286083 42000 C03
-9732164.687556 40477516.496068 -5482969.145542 43000 C06
-5964898.967733 28055864.465445 31053261.619145 44000 C07
-5049762.194386 41357927.143256 3854829.966452 29000 C09
2483551.765348 30705883.198716 29333603.020170 36000 C10
-10039728.519057 40215450.842748 -6265832.879610 47000 C16
time 2025/01/17 08:50:18.000
-6199915.568314 25472384.467832 -1733643.682051 44000 G07
9985568.629684 21521394.759624 12126975.745315 42000 G17
-34504.651026 13448939.292170 21675362.534930 51000 R11
-2003164.300298 22654724.803176 11579092.053186 51000 R21
6259899.303551 23685178.793292 -7051912.623599 34000 R22
-14711349.099759 39469702.714315 -1305570.622260 43000 C03
-9730904.655242 40477480.702286 -5485442.031401 43000 C06
-5965680.340052 28055196.823862 31053703.188840 44000 C07
-5048561.337348 41358274.524380 3852318.983931 30000 C09
2482949.017578 30705059.438032 29334496.118631 36000 C10
-10038434.845471 40215368.756417 -6268326.220589 47000 C16
time 2025/01/17 08:50:19.000
-6200210.852315 25472033.701967 -1736815.095048 44000 G07
9984349.870366 21520518.456667 12129643.474101 41000 G17
-36748.253583 13450881.472893 21674151.887406 51000 R11
-2003202.021554 22653127.533488 11582209.178979 51000 R21
6260170.125891 23686123.296803 -7048512.357589 33000 R22
-14711353.038815 39469700.590074 -1305531.951485 43000 C03
-9729644.627520 40477444.722055 -5487914.887714 43000 C06
-5966461.809976 28054529.297408 31054144.594672 44000 C07
-5047360.429039 41358621.725258 3849807.980453 30000 C09
2482346.150025 30704235.769545 29335389.065169 36000 C10
-10037141.182934 40215286.477664 -6270819.527643 47000 C16
time 2025/01/17 08:50:20.000
-6200506.084188 25471682.554728 -1739986.469873 44000 G07
9983130.825935 21519641.992443 12132310.947258 41000 G17
-38991.572204 13452823.729413 21672940.719416 51000 R11
-2003239.938406 22651529.846558 11585326.026990 51000 R21
6260440.968616 23687067.316886 -7045111.921958 32000 R22
-14711356.978055 39469698.466079 -1305493.273758 43000 C03
-9728384.604405 40477408.555377 -5490387.714490 43000 C06
-5967243.377494 28053861.886092 31054585.836644 44000 C07
-5046159.469477 41358968.745884 3847296.956015 30000 C09
2481743.162695 30703412.193263 29336281.859791 36000 C10
-10035847.531466 40215204.006491 -6273312.800774 47000 C16
time 2025/01/17 08:50:21.000
-6200801.263978 25471331.026112 -1743157.806426 44000 G07
9981911.496397 21518765.367013 12134978.164716 40000 G17
-41234.606814 13454766.061634 21671729.030999 51000 R11
-2003278.050914 22649931.742461 11588442.597115 51000 R21
6260711.831649 23688010.853521 -7041711.316788 32000 R22
-14711360.917478 39469696.342331 -1305454.589079 43000 C03
-9727124.585938 40477372.202252 -5492860.511692 43000 C06
-5968025.042583 28053194.589933 31055026.914749 44000 C07
-5044958.458702 41359315.586246 3844785.910658 30000 C09
2481140.055608 30702588.709210 29337174.502483 36000 C10
-10034553.891108 40215121.342900 -6275806.039947 47000 C16
time 2025/01/17 08:50:22.000
-6201096.391739 25470979.116109 -1746329.104668 44000 G07
9980691.881745 21517888.580435 12137645.126423 39000 G17
-43477.357377 13456708.469491 21670516.822175 51000 R11
-2003316.359136 22648333.221243 11591558.889301 51000 R21
6260982.714915 23688953.906687 -7038310.542163 32000 R22
-14711364.857083 39469694.218831 -1305415.897448 43000 C03
-9725864.572135 40477335.662681 -5495333.279326 43000 C06
-5968806.805230 28052527.408943 31055467.828987 44000 C07
-5043757.396723 41359662.246341 3842274.844362 30000 C09
2480536.828774 30701765.317402 29338066.993243 36000 C10
-10033260.261875 40215038.486890 -6278299.245170 47000 C16
time 2025/01/17 08:50:23.000
-6201391.467521 25470626.824715 -1749500.364526 44000 G07
9979471.981976 21517011.632765 12140311.832326 37000 G17
-45719.823842 13458650.952908 21669304.092973 51000 R11
-2003354.863135 22646734.282961 11594674.903476 51000 R21
6261253.618340 23689896.476367 -7034909.598152 33000 R22
-14711368.796872 39469692.095578 -1305377.198866 43000 C03
-9724604.563023 40477298.936665 -5497806.017381 43000 C06
-5969588.665419 28051860.343134 31055908.579355 44000 C07
-5042556.283579 41360008.726157 3839763.757163 30000 C09
2479933.482206 30700942.017853 29338959.332069 36000 C10
-10031966.643800 40214955.438464 -6280792.416423 47000 C16
time 2025/01/17 08:50:24.000
-6201686.491369 25470274.151927 -1752671.585897 45000 G07
9978251.797095 21516134.524069 12142978.282354 36000 G17
-47962.006132 13460593.511787 21668090.843435 51000 R11
-2003393.562969 22645134.927691 11597790.639533 51000 R21
6261524.541844 23690838.562528 -7031508.484880 33000 R22
-14711372.736844 39469689.972572 -1305338.493333 43000 C03
-9723344.558644 40477262.024204 -5500278.725815 43000 C06
-5970370.623127 28051193.392527 31056349.165848 44000 C07
-5041355.119295 41360355.025687 3837252.649077 30000 C09
2479330.015924 30700118.810592 29339851.518945 36000 C10
-10030673.036920 40214872.197624 -6283285.553674 47000 C16
time 2025/01/17 08:50:25.000
-6201981.463335 25469921.097739 -1755842.768724 45000 G07
9977031.327095 21515257.254400 12145644.476460 35000 G17
-50203.904205 13462536.146060 21666877.073582 51000 R11
-2003432.458699 22643535.155483 11600906.097411 51000 R21
6261795.485355 23691780.165158 -7028107.202401 32000 R22
-14711376.676999 39469687.849814 -1305299.780849 43000 C03
-9722084.559017 40477224.925298 -5502751.404630 43000 C06
-5971152.678341 28050526.557133 31056789.588465 44000 C07
-5040153.903898 41360701.144922 3834741.520112 30000 C09
2478726.429936 30699295.695626 29340743.553875 36000 C10
-10029379.441260 40214788.764371 -6285778.656917 47000 C16
time 2025/01/17 08:50:26.000
-6202276.383470 25469567.662143 -1759013.912953 45000 G07
9975810.571970 21514379.823815 12148310.414595 34000 G17
-52445.518019 13464478.855659 21665662.783440 51000 R11
-2003471.550385 22641934.966389 11604021.277051 51000 R21
6262066.448797 23692721.284239 -7024705.750793 31000 R22
-14711380.617336 39469685.727303 -1305261.061415 43000 C03
-9720824.564163 40477187.639949 -5505224.053823 43000 C06
-5971934.831045 28049859.836963 31057229.847205 44000 C07
-5038952.637399 41361047.083859 3832230.370257 30000 C09
2478122.724256 30698472.672973 29341635.436854 36000 C10
-10028085.856839 40214705.138705 -6288271.726153 47000 C16
time 2025/01/17 08:50:27.000
-6202571.251827 25469213.845131 -1762185.018534 45000 G07
9974589.531701 21513502.232361 12150976.096739 32000 G17
-54686.847535 13466421.640516 21664447.973029 51000 R11
-2003510.838087 22640334.360456 11607136.178397 51000 R21
6262337.432097 23693661.919757 -7021304.130106 29000 R22
-14711384.557857 39469683.605039 -1305222.335030 43000 C03
-9719564.574104 40477150.168157 -5507696.673394 43000 C06
-5972717.081230 28049193.232027 31057669.942070 44000 C07
-5037751.319835 41361392.842487 3829719.199542 31000 C09
2477518.898890 30697649.742643 29342527.167885 36000 C10
-10026792.283679 40214621.320628 -6290764.761382 47000 C16
time 2025/01/17 08:50:28.000
-6202866.068451 25468859.646701 -1765356.085372 46000 G07
9973368.206294 21512624.480100 12153641.522820 31000 G17
-56927.892681 13468364.500540 21663232.642389 51000 R11
-2003550.321865 22638733.337755 11610250.801353 51000 R21
6262608.435178 23694602.071690 -7017902.340435 28000 R22
-14711388.498560 39469681.483022 -1305183.601694 43000 C03
-9718304.588876 40477112.509923 -5510169.263311 43000 C06
-5973499.428870 28048526.742345 31058109.873051 44000 C07
-5036549.951238 41361738.420796 3827208.007993 31000 C09
2476914.953859 30696826.904661 29343418.746956 36000 C10
-10025498.721820 40214537.310142 -6293257.762569 47000 C16
time 2025/01/17 08:50:29.000
-6203160.833391 25468505.066848 -1768527.113380 46000 G07
9972146.595764 21511746.567106 12156306.692742 30000 G17
-14627100.111526 18514400.385193 9780885.313362 29000 R10
-59168.653390 13470307.435637 21662016.791556 51000 R11
-9207555.752038 8056451.306940 22388847.950403 0 R20
-2003590.001778 22637131.898357 11613365.145816 51000 R21
6262879.457961 23695541.740001 -7014500.381917 29000 R22
-14711392.439446 39469679.361253 -1305144.861408 43000 C03
-9717044.608514 40477074.665247 -5512641.823547 43000 C06
-5974281.873945 28047860.367935 31058549.640145 44000 C07
-5035348.531632 41362083.818779 3824696.795621 31000 C09
2476310.889179 30696004.159050 29344310.174055 36000 C10
-10024205.171297 40214453.107248 -6295750.729686 46000 C16
time 2025/01/17 08:50:30.000
-6203455.546699 25468150.105568 -1771698.102493 46000 G07
9970924.700067 21510868.493405 12158971.606540 29000 G17
-14628034.439617 18515369.020859 9777667.073605 28000 R10
-61409.129620 13472250.445741 21660800.420554 51000 R11
-9207823.737109 8053394.682138 22389841.893813 0 R20
-2003629.877888 22635530.042314 11616479.211729 51000 R21
6263150.500371 23696480.924677 -7011098.254615 29000 R22
-14711396.380515 39469677.239730 -1305106.114173 43000 C03
-9715784.633041 40477036.634130 -5515114.354097 43000 C06
-5975064.416442 28047194.108809 31058989.243352 44000 C07
-5034147.061046 41362429.036426 3822185.562446 31000 C09
2475706.704861 30695181.505821 29345201.449183 36000 C10
-10022911.632131 40214368.711948 -6298243.662732 46000 C16
time 2025/01/17 08:50:31.000
-6203750.208423 25467794.762853 -1774869.052654 46000 G07
9969702.519234 21509990.259081 12161636.264084 29000 G17
-14628968.354314 18516337.448305 9774448.599937 27000 R10
-63649.321321 13474193.530776 21659583.529410 51000 R11
-9208091.996007 8050337.946032 22390835.299903 0 R20
-2003669.950254 22633927.769679 11619592.999025 51000 R21
6263421.562334 23697419.625700 -7007695.958598 30000 R22
-14711400.321766 39469675.118455 -1305067.359988 43000 C03
-9714524.662481 40476998.416573 -5517586.854952 43000 C06
-5975847.056344 28046527.964978 31059428.682668 44000 C07
-5032945.539500 41362774.073733 3819674.308465 31000 C09
2475102.400917 30694358.944991 29346092.572338 36000 C10
-10021618.104349 40214284.124243 -6300736.561696 47000 C16
time 2025/01/17 08:50:32.000
-6204044.818618 25467439.038695 -1778039.963815 46000 G07
9968480.053269 21509111.864197 12164300.665305 29000 G17
-14629901.855657 18517305.667477 9771229.892350 26000 R10
-65889.228459 13476136.690680 21658366.118143 51000 R11
-9208360.528746 8047281.098702 22391828.168654 0 R20
-2003710.218937 22632325.080498 11622706.507654 51000 R21
6263692.643776 23698357.843055 -7004293.493929 30000 R22
-14711404.263200 39469672.997428 -1305028.598853 43000 C03
-9713264.696851 40476960.012577 -5520059.326119 43000 C06
-5976629.793643 28045861.936452 31059867.958097 44000 C07
-5031743.967008 41363118.930694 3817163.033666 31000 C09
2474497.977356 30693536.476572 29346983.543518 36000 C10
-10020324.587969 40214199.344134 -6303229.426586 47000 C16
time 2025/01/17 08:50:33.000
-6204339.377330 25467082.933089 -1781210.835898 47000 G07
9967257.302158 21508233.308802 12166964.810173 28000 G17
-14630834.943639 18518273.678279 9768010.950985 27000 R10
-68128.850974 13478079.925369 21657148.186786 51000 R11
-9208629.335335 8044224.140254 22392820.500041 0 R20
-2003750.683995 22630721.974835 11625819.737531 51000 R21
6263963.744624 23699295.576729 -7000890.860664 28000 R22
-14711408.204817 39469670.876647 -1304989.830769 43000 C03
-9712004.736183 40476921.422141 -5522531.767577 43000 C06
-5977412.628317 28045196.023246 31060307.069633 44000 C07
-5030542.343613 41363463.607297 3814651.738101 30000 C09
2473893.434196 30692714.100585 29347874.362715 36000 C10
-10019031.083023 40214114.371623 -6305722.257378 47000 C16
time 2025/01/17 08:50:34.000
-6204633.884607 25466726.446035 -1784381.668787 47000 G07
9966034.265921 21507354.592971 12169628.698582 28000 G17
-14631767.618268 18519241.480626 9764791.775941 28000 R10
-70368.188781 13480023.234738 21655929.735386 51000 R11
-9208898.415784 8041167.070827 22393812.294027 0 R20
-2003791.345490 22629118.452771 11628932.688536 51000 R21
6264234.864794 23700232.826677 -6997488.058973 26000 R22
-14711412.146616 39469668.756114 -1304951.055736 43000 C03
-9710744.780522 40476882.645267 -5525004.179278 43000 C06
-5978195.560339 28044530.225386 31060746.017268 44000 C07
-5029340.669347 41363808.103532 3812140.421792 31000 C09
2473288.771454 30691891.817056 29348765.029916 36000 C10
-10017737.589557 40214029.206711 -6308215.054027 47000 C16
time 2025/01/17 08:50:35.000
-6204928.340498 25466369.577527 -1787552.462425 47000 G07
9964810.944537 21506475.716749 12172292.330519 29000 G17
-14632699.879561 18520209.074443 9761572.367280 27000 R10
-72607.241840 13481966.618719 21654710.763965 51000 R11
-9209167.770102 8038109.890508 22394803.550591 0 R20
-2003832.203480 22627514.514358 11632045.360610 51000 R21
6264506.004213 23701169.592885 -6994085.088922 28000 R22
-14711416.088598 39469666.635828 -1304912.273754 43000 C03
-9709484.829888 40476843.681955 -5527476.561220 43000 C06
-5978978.589698 28043864.542880 31061184.801002 44000 C07
-5028138.944232 41364152.419392 3809629.084744 32000 C09
2472683.989142 30691069.625996 29349655.545121 36000 C10
-10016444.107593 40213943.849400 -6310707.816530 47000 C16
time 2025/01/17 08:50:36.000
-6205222.745056 25466012.327556 -1790723.216763 48000 G07
9963587.338009 21505596.680199 12174955.705914 30000 G17
-14633631.727533 18521176.459656 9758352.725073 28000 R10
-74846.010105 13483910.077240 21653491.272549 51000 R11
-9209437.398305 8035052.599375 22395794.269715 0 R20
-2003873.258026 22625910.159648 11635157.753690 51000 R21
6264777.162807 23702105.875340 -6990681.950563 29000 R22
-14711420.030762 39469664.515789 -1304873.484823 43000 C03
-9708224.884306 40476804.532207 -5529948.913400 43000 C06
-5979761.716378 28043198.975742 31061623.420834 44000 C07
-5026937.168292 41364496.554870 3807117.726966 31000 C09
2472079.087272 30690247.527424 29350545.908325 36000 C10
-10015150.637156 40213858.299692 -6313200.544879 47000 C16
time 2025/01/17 08:50:37.000
-6205517.098330 25465654.696117 -1793893.931726 48000 G07
9962363.446313 21504717.483363 12177618.824759 31000 G17
-14634563.162202 18522143.636190 9755132.849383 27000 R10
-77084.493526 13485853.610226 21652271.261165 51000 R11
-9209707.300393 8031995.197623 22396784.451345 30000 R20
-2003914.509188 22624305.388698 11638269.867706 51000 R21
6265048.340501 23703041.674023 -6987278.643976 31000 R22
-14711423.973108 39469662.395998 -1304834.688944 43000 C03
-9706964.943800 40476765.196022 -5532421.235805 43000 C06
-5980544.940363 28042533.523983 31062061.876763 44000 C07
-5025735.341554 41364840.509958 3804606.348473 31000 C09
2471474.065857 30689425.521353 29351436.119526 35000 C10
-10013857.178271 40213772.557588 -6315693.239067 46000 C16
time 2025/01/17 08:50:38.000
-6205811.400371 25465296.683205 -1797064.607257 48000 G07
9961139.269456 21503838.126306 12180281.686977 33000 G17
-14635494.183578 18523110.603965 9751912.740294 26000 R10
-79322.692058 13487797.217606 21651050.729838 51000 R11
-9209977.476409 8028937.685004 22397774.095568 30000 R20
-2003955.957026 22622700.201561 11641381.702591 51000 R21
6265319.537219 23703976.988909 -6983875.169254 32000 R22
-14711427.915637 39469660.276453 -1304795.886117 43000 C03
-9705705.008392 40476725.673402 -5534893.528434 43000 C06
-5981328.261640 28041868.187616 31062500.168787 44000 C07
-5024533.464030 41365184.284651 3802094.949249 31000 C09
2470868.924906 30688603.607797 29352326.178724 36000 C10
-10012563.730960 40213686.623088 -6318185.899091 47000 C16
time 2025/01/17 08:50:39.000
-6206105.651232 25464938.288809 -1800235.243315 48000 G07
9959914.807421 21502958.609076 12182944.292546 34000 G17
-14636424.791686 18524077.362914 9748692.397849 27000 R10
-81560.605670 13489740.899320 21649829.678586 51000 R11
-9210247.926340 8025880.061894 22398763.202272 30000 R20
-2003997.601601 22621094.598280 11644493.258304 51000 R21
6265590.752890 23704911.820001 -6980471.526405 32000 R22
-14711431.858348 39469658.157156 -1304757.076341 43000 C03
-9704445.078099 40476685.964346 -5537365.791294 43000 C06
-5982111.680199 28041202.966649 31062938.296908 44000 C07
-5023331.535752 41365527.878942 3799583.529316 30000 C09
2470263.664431 30687781.786770 29353216.085917 36000 C10
-10011270.295242 40213600.496193 -6320678.524957 46000 C16
time 2025/01/17 08:50:40.000
-6206399.850960 25464579.512927 -1803405.839814 48000 G07
9958690.060205 21502078.931731 12185606.641410 35000 G17
-14637354.986537 18525043.912957 9745471.822129 26000 R10
-83798.234298 13491684.655280 21648608.107444 51000 R11
-9210518.650198 8022822.328369 22399751.771440 31000 R20
-2004039.442972 22619488.578921 11647604.534752 50000 R21
6265861.987437 23705846.167266 -6977067.715552 33000 R22
-14711435.801241 39469656.038106 -1304718.259617 43000 C03
-9703185.152954 40476646.068856 -5539838.024361 43000 C06
-5982895.196018 28040537.861100 31063376.261120 44000 C07
-5022129.556748 41365871.292820 3797072.088695 30000 C09
2469658.284445 30686960.058289 29354105.841100 36000 C10
-10009976.871152 40213514.176906 -6323171.116639 46000 C16
time 2025/01/17 08:50:41.000
-6206693.999604 25464220.355555 -1806576.396670 48000 G07
9957465.027808 21501199.094332 12188268.733507 36000 G17
-86035.577876 13493628.485398 21647386.016448 51000 R11
-9210789.647995 8019764.484528 22400739.803046 31000 R20
-2004081.481198 22617882.143555 11650715.531843 50000 R21
6266133.240782 23706780.030683 -6973663.736778 34000 R22
-14711439.744316 39469653.919304 -1304679.435945 42000 C03
-9701925.232992 40476605.986933 -5542310.227607 43000 C06
-5983678.809078 28039872.870986 31063814.061421 43000 C07
-5020927.527049 41366214.526277 3794560.627409 29000 C09
2469052.784966 30686138.422377 29354995.444264 36000 C10
-10008683.458721 40213427.665228 -6325663.674113 46000 C16
time 2025/01/17 08:50:42.000
-6206988.097214 25463860.816688 -1809746.913804 48000 G07
9956239.710233 21500319.096939 12190930.568773 36000 G17
-88272.636348 13495572.389592 21646163.405630 51000 R11
-9211060.919744 8016706.530431 22401727.297081 31000 R20
-2004123.716340 22616275.292240 11653826.249497 50000 R21
6266404.512848 23707713.410221 -6970259.590215 32000 R22
-14711443.687574 39469651.800748 -1304640.605326 43000 C03
-9700665.318242 40476565.718576 -5544782.401013 43000 C06
-5984462.519359 28039207.996322 31064251.697805 44000 C07
-5019725.446670 41366557.579308 3792049.145446 30000 C09
2468447.166007 30685316.879053 29355884.895401 36000 C10
-10007390.057984 40213340.961161 -6328156.197358 46000 C16
time 2025/01/17 08:50:43.000
-6207282.143838 25463500.896321 -1812917.391147 49000 G07
9955014.107490 21499438.939622 12193592.147122 38000 G17
-90509.409661 13497516.367783 21644940.275018 51000 R11
-9211332.465454 8013648.466223 22402714.253504 31000 R20
-2004166.148457 22614668.025035 11656936.687642 50000 R21
6266675.803562 23708646.305873 -6966855.275885 33000 R22
-14711447.631014 39469649.682440 -1304601.767759 43000 C03
-9699405.408730 40476525.263788 -5547254.544569 43000 C06
-5985246.326846 28038543.237122 31064689.170272 44000 C07
-5018523.315651 41366900.451901 3789537.642850 30000 C09
2467841.427584 30684495.428334 29356774.194505 36000 C10
-10006096.668966 40213254.064706 -6330648.686362 46000 C16
time 2025/01/17 08:50:44.000
-6207576.139528 25463140.594448 -1816087.828631 49000 G07
9953788.219561 21498558.622426 12196253.468534 38000 G17
-92745.897762 13499460.419894 21643716.624644 51000 R11
-9211604.285135 8010590.291984 22403700.672299 31000 R20
-2004208.777609 22613060.342002 11660046.846197 50000 R21
6266947.112846 23709578.717610 -6963450.793911 33000 R22
-14711451.574636 39469647.564379 -1304562.923246 43000 C03
-9698145.504487 40476484.622568 -5549726.658256 43000 C06
-5986030.231520 28037878.593401 31065126.478818 44000 C07
-5017321.134017 41367243.144049 3787026.119629 30000 C09
2467235.569710 30683674.070237 29357663.341573 36000 C10
-10004803.291698 40213166.975865 -6333141.141110 46000 C16
time 2025/01/17 08:50:45.000
-6207870.084332 25462779.911066 -1819258.226181 49000 G07
9952562.046457 21497678.145419 12198914.532925 38000 G17
-94982.100597 13501404.545845 21642492.454535 51000 R11
-9211876.378802 8007532.007798 22404686.553446 31000 R20
-2004251.603857 22611452.243197 11663156.725092 49000 R21
6267218.440622 23710510.645403 -6960046.144408 33000 R22
-14711455.518439 39469645.446565 -1304524.071785 43000 C03
-9696885.605538 40476443.794917 -5552198.742065 43000 C06
-5986814.233365 28037214.065173 31065563.623440 43000 C07
-5016118.901792 41367585.655744 3784514.575792 30000 C09
2466629.592396 30682852.804779 29358552.336600 36000 C10
-10003509.926207 40213079.694639 -6335633.561587 46000 C16
time 2025/01/17 08:50:46.000
-6208163.978300 25462418.846168 -1822428.583723 49000 G07
9951335.588168 21496797.508655 12201575.340256 39000 G17
-97218.018113 13503348.745558 21641267.764723 51000 R11
-9212148.746463 8004473.613775 22405671.896917 31000 R20
-2004294.627259 22609843.728682 11666266.324247 49000 R21
-14711459.462425 39469643.328999 -1304485.213378 43000 C03
-9695625.711911 40476402.780837 -5554670.795978 43000 C06
-5987598.332364 28036549.652452 31066000.604138 43000 C07
-5014916.619003 41367927.986978 3782003.011356 29000 C09
2466023.495657 30682031.631977 29359441.179582 36000 C10
-10002216.572522 40212992.221030 -6338125.947781 47000 C16
time 2025/01/17 08:50:47.000
-6208457.821481 25462057.399750 -1825598.901184 50000 G07
9950108.844697 21495916.712196 12204235.890457 40000 G17
-99453.650250 13505293.018948 21640042.555240 51000 R11
-9212421.388128 8001415.110017 22406656.702688 31000 R20
-2004337.847877 22608234.798518 11669375.643583 49000 R21
-14711463.406593 39469641.211680 -1304446.348025 43000 C03
-9694365.823637 40476361.580327 -5557142.819976 43000 C06
-5988382.528496 28035885.355255 31066437.420904 44000 C07
-5013714.285685 41368270.137741 3779491.426352 29000 C09
2465417.279509 30681210.551852 29360329.870509 36000 C10
-10000923.230674 40212904.555039 -6340618.299669 46000 C16
time 2025/01/17 08:50:48.000
-6208751.613924 25461695.571808 -1828769.178483 49000 G07
9948881.816041 21495035.756099 12206896.183477 40000 G17
-101688.996953 13507237.365935 21638816.826118 51000 R11
-9212694.303812 7998356.496606 22407640.970740 31000 R20
-2004381.265768 22606625.452771 11672484.683010 49000 R21
-14711467.350942 39469639.094608 -1304407.475725 43000 C03
-9693105.940747 40476320.193390 -5559614.814042 43000 C06
-5989166.821744 28035221.173596 31066874.073739 44000 C07
-5012511.901870 41368612.108024 3776979.820804 29000 C09
2464810.943969 30680389.564424 29361218.409373 36000 C10
-9999629.900698 40212816.696669 -6343110.617229 47000 C16
time 2025/01/17 08:50:49.000
-6209045.355677 25461333.362338 -1831939.415538 49000 G07
9947654.502208 21494154.640431 12209556.219235 40000 G17
2111485.196748 24795710.810816 9043916.346303 40000 G30
-103924.058156 13509181.786430 21637590.577392 51000 R11
-9212967.493518 7995297.773701 22408624.701030 32000 R20
-2004424.880993 22605015.691507 11675593.442441 49000 R21
-14711471.295474 39469636.977783 -1304368.596480 43000 C03
-9691846.063273 40476278.620025 -5562086.778148 43000 C06
-5989951.212088 28034557.107494 31067310.562635 44000 C07
-5011309.467583 41368953.897818 3774468.194726 31000 C09
2464204.489049 30679568.669713 29362106.796168 36000 C10
-9998336.582624 40212728.645922 -6345602.900439 46000 C16
time 2025/01/17 08:50:50.000
-6209339.046793 25460970.771333 -1835109.612294 49000 G07
9946426.903186 21493273.365242 12212215.997700 40000 G17
2110934.030077 24796766.600900 9041075.217937 40000 G30
-106158.833822 13511126.280367 21636363.809084 51000 R11
-9213240.957264 7992238.941341 22409607.893553 31000 R20
-2004468.693612 22603405.514772 11678701.921828 49000 R21
-14711475.240186 39469634.861205 -1304329.710290 43000 C03
-9690586.191236 40476236.860233 -5564558.712296 43000 C06
-5990735.699516 28033893.156956 31067746.887596 44000 C07
-5010106.982837 41369295.507120 3771956.548098 31000 C09
2463597.914759 30678747.867728 29362995.030896 35000 C10
-9997043.276473 40212640.402797 -6348095.149303 46000 C16
time 2025/01/17 08:50:51.000
-6209632.687322 25460607.798786 -1838279.768699 49000 G07
9945199.018964 21492391.930585 12214875.518834 40000 G17
2110382.983257 24797822.070743 9038233.895384 40000 G30
-108393.323908 13513070.847677 21635136.521218 51000 R11
-9213514.695060 7989179.999616 22410590.548288 31000 R20
-2004512.703685 22601794.922618 11681810.121106 49000 R21
-14711479.185081 39469632.744875 -1304290.817154 43000 C03
-9689326.324656 40476194.914015 -5567030.616485 43000 C06
-5991520.284014 28033229.321995 31068183.048619 43000 C07
-5008904.447660 41369636.935920 3769444.880941 31000 C09
2462991.221112 30677927.158485 29363883.113555 35000 C10
-9995749.982267 40212551.967296 -6350587.363816 46000 C16
time 2025/01/17 08:50:52.000
-6209926.277318 25460244.444688 -1841449.884715 49000 G07
9943970.849529 21491510.336510 12217534.782605 40000 G17
2109832.056245 24798877.220315 9035392.378687 40000 G30
-110627.528383 13515015.488301 21633908.713811 51000 R11
-9213788.706921 7986120.948592 22411572.665223 31000 R20
-2004556.911272 22600183.915092 11684918.040226 48000 R21
-14711483.130158 39469630.628792 -1304251.917072 43000 C03
-9688066.463549 40476152.781371 -5569502.490726 42000 C06
-5992304.965572 28032565.602620 31068619.045705 43000 C07
-5007701.862067 41369978.184216 3766933.193244 29000 C09
2462384.408115 30677106.541996 29364771.044145 35000 C10
-9994456.700024 40212463.339421 -6353079.543987 46000 C16
time 2025/01/17 08:50:53.000
-6210219.816826 25459880.709037 -1844619.960244 49000 G07
9942742.394887 21490628.583082 12220193.788936 39000 G17
2109281.249007 24799932.049574 9032550.667925 40000 G30
-112861.447181 13516960.202148 21632680.386900 51000 R11
-9214062.992853 7983061.788404 22412554.244321 31000 R20
-2004601.316432 22598572.492259 11688025.679101 48000 R21
-14711487.075416 39469628.512956 -1304213.010044 43000 C03
-9686806.607952 40476110.462303 -5571974.334985 42000 C06
-5993089.744169 28031901.998847 31069054.878851 43000 C07
-5006499.226096 41370319.251995 3764421.485044 30000 C09
2461777.475786 30676286.018280 29365658.822659 35000 C10
-9993163.429778 40212374.519172 -6355571.689792 46000 C16
time 2025/01/17 08:50:54.000
-6210513.305898 25459516.591828 -1847789.995215 48000 G07
9941513.655042 21489746.670364 12222852.537763 39000 G17
2108730.561506 24800986.558484 9029708.763156 40000 G30
-115095.080242 13518904.989134 21631451.540519 51000 R11
-9214337.552868 7980002.519161 22413535.285555 32000 R20
-2004645.919226 22596960.654183 11691133.037644 48000 R21
-14711491.020855 39469626.397368 -1304174.096072 43000 C03
-9685546.757894 40476067.956810 -5574446.149245 42000 C06
-5993874.619784 28031238.510695 31069490.548052 43000 C07
-5005296.539767 41370660.139251 3761909.756343 29000 C09
2461170.424139 30675465.587357 29366546.449090 35000 C10
-9991870.171563 40212285.506552 -6358063.801200 46000 C16
time 2025/01/17 08:50:55.000
-6210806.744582 25459152.093057 -1850959.989550 48000 G07
9940284.629987 21488864.598410 12225511.029038 39000 G17
2108179.993704 24802040.747006 9026866.664448 40000 G30
-117328.427514 13520849.849181 21630222.174697 51000 R11
-9214612.386976 7976943.140948 22414515.788906 32000 R20
-2004690.719713 22595348.400926 11694240.115779 48000 R21
-14711494.966477 39469624.282026 -1304135.175155 43000 C03
-9684286.913403 40476025.264894 -5576917.933494 42000 C06
-5994659.592403 28030575.138175 31069926.053306 43000 C07
-5004093.803108 41371000.845976 3759398.007156 28000 C09
2460563.253187 30674645.249244 29367433.923433 35000 C10
-9990576.925404 40212196.301562 -6360555.878210 46000 C16
time 2025/01/17 08:50:56.000
-6211100.132929 25458787.212717 -1854129.943186 49000 G07
9939055.319717 21487982.367277 12228169.262712 39000 G17
2107629.545563 24803094.615106 9024024.371858 39000 G30
-119561.488942 13522794.782210 21628992.289465 51000 R11
-9214887.495190 7973883.653854 22415495.754354 32000 R20
-2004735.717952 22593735.732548 11697346.913428 48000 R21
-14711498.912279 39469622.166932 -1304096.247293 44000 C03
-9683027.074505 40475982.386556 -5579389.687717 42000 C06
-5995444.662007 28029911.881301 31070361.394611 43000 C07
-5002891.016155 41371341.372159 3756886.237518 29000 C09
2459955.962946 30673825.003961 29368321.245680 36000 C10
-9989283.691333 40212106.904205 -6363047.920797 46000 C16
time 2025/01/17 08:50:57.000
-6211393.470986 25458421.950807 -1857299.856035 48000 G07
9937825.724241 21487099.977031 12230827.238705 38000 G17
2107079.217047 24804148.162744 9021181.885457 40000 G30
-121794.264466 13524739.788134 21627761.884856 51000 R11
-9215162.877517 7970824.058008 22416475.181864 32000 R20
-2004780.914003 22592122.649110 11700453.430510 48000 R21
-14711502.858264 39469620.052085 -1304057.312487 44000 C03
-9681767.241232 40475939.321796 -5581861.411894 42000 C06
-5996229.828578 28029248.740092 31070796.571962 43000 C07
-5001688.178935 41371681.717793 3754374.447443 29000 C09
2459348.553428 30673004.851524 29369208.415828 36000 C10
-9987990.469382 40212017.314481 -6365539.928943 46000 C16
time 2025/01/17 08:50:58.000
-6211686.758806 25458056.307317 -1860469.728048 48000 G07
9936595.843545 21486217.427722 12233484.956989 37000 G17
2106529.008114 24805201.389892 9018339.205285 40000 G30
-124026.754048 13526684.866889 21626530.960892 51000 R11
-9215438.533972 7967764.353467 22417454.071428 32000 R20
-2004826.307926 22590509.150664 11703559.666966 48000 R21
-14711506.804429 39469617.937485 -1304018.370737 43000 C03
-9680507.413608 40475896.070615 -5584333.106019 42000 C06
-5997015.092102 28028585.714557 31071231.585359 43000 C07
-5000485.291482 41372021.882867 3751862.636960 29000 C09
2458741.024646 30672184.791948 29370095.433874 36000 C10
-9986697.259569 40211927.532391 -6368031.902649 46000 C16
time 2025/01/17 08:50:59.000
-6211979.996437 25457690.282244 -1863639.559149 48000 G07
9935365.677626 21485334.719409 12236142.417505 37000 G17
2105978.918731 24806254.296503 9015496.331427 40000 G30
-126258.957632 13528630.018393 21625299.517605 51000 R11
-9215714.464565 7964704.540346 22418432.423015 32000 R20
-2004871.899781 22588895.237272 11706665.622716 48000 R21
-14711510.750776 39469615.823133 -1303979.422043 43000 C03
-9679247.591659 40475852.633014 -5586804.770077 42000 C06
-5997800.452560 28027922.804711 31071666.434799 43000 C07
-4999282.353804 41372361.867378 3749350.806045 28000 C09
2458133.376614 30671364.825252 29370982.299811 35000 C10
-9985404.061928 40211837.557938 -6370523.841897 46000 C16
time 2025/01/17 08:51:00.000
-6212273.183930 25457323.875584 -1866809.349258 48000 G07
9934135.226492 21484451.852155 12238799.620182 37000 G17
2105428.948856 24807306.882549 9012653.263926 40000 G30
-128490.875156 13530575.242559 21624067.555028 51000 R11
-9215990.669304 7961644.618751 22419410.236599 32000 R20
-2004917.689626 22587280.908996 11709771.297680 48000 R21
-14711514.697304 39469613.709027 -1303940.466406 43000 C03
-9677987.775416 40475809.008994 -5589276.404052 42000 C06
-5998585.909935 28027260.010571 31072101.120280 43000 C07
-4998079.365933 41372701.671317 3746838.954724 28000 C09
2457525.609347 30670544.951454 29371869.013633 36000 C10
-9984110.876491 40211747.391124 -6373015.746662 46000 C16
time 2025/01/17 08:51:01.000
-6212566.321334 25456957.087330 -1869979.098321 49000 G07
9932904.490128 21483568.826012 12241456.564987 37000 G17
2104879.098453 24808359.147993 9009810.002846 39000 G30
-130722.506581 13532520.539322 21622835.073185 51000 R11
-9216267.148202 7958584.588765 22420387.512163 32000 R20
-2004963.677523 22585666.165889 11712876.691793 48000 R21
-14711518.644014 39469611.595169 -1303901.503824 44000 C03
-9676727.964904 40475765.198555 -5591748.007933 42000 C06
-5999371.464213 28026597.332145 31072535.641800 43000 C07
-4996876.327890 41373041.294677 3744327.082998 28000 C09
2456917.722856 30669725.170569 29372755.575339 35000 C10
-9982817.703277 40211657.031949 -6375507.616947 46000 C16
time 2025/01/17 08:51:02.000
-6212859.408699 25456589.917479 -1873148.806252 49000 G07
9931673.468541 21482685.641045 12244113.251846 36000 G17
2104329.367485 24809411.092793 9006966.548260 39000 G30
-132953.851841 13534465.908591 21621602.072112 51000 R11
-9216543.901269 7955524.450497 22421364.249679 32000 R20
-2005009.863531 22584051.008018 11715981.804966 48000 R21
-14711522.590904 39469609.481558 -1303862.534300 43000 C03
-9675468.160152 40475721.201698 -5594219.581703 42000 C06
-6000157.115373 28025934.769454 31072969.999355 43000 C07
-4995673.239710 41373380.737449 3741815.190900 26000 C09
2456309.717156 30668905.482617 29373641.984921 35000 C10
-9981524.542323 40211566.480415 -6377999.452725 46000 C16
time 2025/01/17 08:51:03.000
-6213152.446076 25456222.366022 -1876318.473003 49000 G07
9930442.161714 21481802.297299 12246769.680738 30000 G17
2103779.755914 24810462.716915 9004122.900225 42000 G30
-135184.910901 13536411.350302 21620368.551830 51000 R11
-9216820.928505 7952464.204165 22422340.449085 0 R20
-2005056.247709 22582435.435412 11719086.637182 45000 R21
-14711526.537976 39469607.368195 -1303823.557832 43000 C03
-9674208.361182 40475677.018425 -5596691.125359 44000 C06
-6000942.863407 28025272.322502 31073404.192947 40000 C07
-4994470.101378 41373719.999637 3739303.278354 37000 C09
2455701.592239 30668085.887583 29374528.242408 28000 C10
-9980231.393647 40211475.736523 -6380491.253998 46000 C16
time 2025/01/17 08:51:04.000
-6213445.433511 25455854.432961 -1879488.098463 49000 G07
9929210.569677 21480918.794857 12249425.851538 36000 G17
2103230.263698 24811514.020330 9001279.058785 39000 G30
-137415.683684 13538356.864357 21619134.512380 51000 R11
-9217098.229955 7949403.849476 22423316.110483 32000 R20
-2005102.830115 22580819.448203 11722191.188229 48000 R21
-14711530.485229 39469605.255078 -1303784.574422 43000 C03
-9672948.568031 40475632.648735 -5599162.638871 42000 C06
-6001728.708277 28024609.991322 31073838.222562 43000 C07
-4993266.913043 41374059.081197 3736791.345634 25000 C09
2455093.348183 30667266.385574 29375414.347698 35000 C10
-9978938.257292 40211384.800276 -6382983.020727 46000 C16
time 2025/01/17 08:51:05.000
-6213738.371059 25455486.118284 -1882657.682611 49000 G07
9927978.692390 21480035.133750 12252081.764268 35000 G17
2102680.890803 24812565.002996 8998435.024015 39000 G30
-139646.170167 13540302.450701 21617899.953779 51000 R11
-9217375.805595 7946343.386923 22424291.233724 32000 R20
-2005149.610812 22579203.046373 11725295.458177 47000 R21
-14711534.432663 39469603.142209 -1303745.584068 43000 C03
-9671688.780713 40475588.092630 -5601634.122247 42000 C06
-6002514.649990 28023947.775908 31074272.088211 43000 C07
-4992063.674605 41374397.982157 3734279.392487 25000 C09
2454484.984932 30666446.976514 29376300.300888 35000 C10
-9977645.133269 40211293.671674 -6385474.752928 46000 C16
time 2025/01/17 08:51:06.000
-6214031.258766 25455117.421989 -1885827.225345 49000 G07
9926746.529871 21479151.314052 12254737.418833 34000 G17
2102131.637189 24813615.664878 8995590.795973 38000 G30
-141876.370276 13542248.109239 21616664.876064 51000 R11
-9217653.655445 7943282.816480 22425265.818823 32000 R20
-2005196.589858 22577586.230017 11728399.446886 47000 R21
-14711538.380278 39469601.029587 -1303706.586773 43000 C03
-9670428.999266 40475543.350110 -5604105.575457 42000 C06
-6003300.688517 28023285.676284 31074705.789885 43000 C07
-4990860.386133 41374736.702498 3731767.419015 23000 C09
2453876.502530 30665627.660458 29377186.101931 35000 C10
-9976352.021618 40211202.350721 -6387966.450569 46000 C16
time 2025/01/17 08:51:07.000
-6214324.096685 25454748.344069 -1888996.726625 49000 G07
9925514.082109 21478267.335813 12257392.815198 34000 G17
2101582.502816 24814666.005946 8992746.374702 38000 G30
-144106.283978 13544193.839909 21615429.279258 51000 R11
-9217931.779520 7940222.138226 22426239.865762 32000 R20
-2005243.767312 22575968.999177 11731503.154311 47000 R21
-14711542.328074 39469598.917212 -1303667.582534 44000 C03
-9669169.223706 40475498.421176 -5606576.998507 43000 C06
-6004086.823850 28022623.692456 31075139.327586 43000 C07
-4989657.047649 41375075.242213 3729255.425224 25000 C09
2453267.900980 30664808.437412 29378071.750835 35000 C10
-9975058.922357 40211110.837415 -6390458.113652 46000 C16
time 2025/01/17 08:51:08.000
-6214616.884864 25454378.884520 -1892166.186364 49000 G07
9924281.349095 21477383.199088 12260047.953316 34000 G17
2101033.487648 24815716.026160 8989901.760276 38000 G30
-146335.911212 13546139.642624 21614193.163393 51000 R11
-9218210.177829 7937161.352260 22427213.374520 31000 R20
-2005291.143234 22574351.353924 11734606.580357 47000 R21
-14711546.276051 39469596.805085 -1303628.571354 43000 C03
-9667909.454069 40475453.305830 -5609048.391368 42000 C06
-6004873.055964 28021961.824446 31075572.701308 43000 C07
-4988453.659203 41375413.601287 3726743.411175 0 C09
2452659.180302 30663989.307399 29378957.247588 35000 C10
-9973765.835520 40211019.131760 -6392949.742156 46000 C16
time 2025/01/17 08:51:09.000
-6214909.623352 25454009.043341 -1895335.604470 49000 G07
9923048.330847 21476498.903948 12262702.833096 34000 G17
2100484.591652 24816765.725474 8987056.952782 38000 G30
-148565.251908 13548085.517292 21612956.528509 51000 R11
-9218488.850379 7934100.458706 22428186.345064 32000 R20
-2005338.717684 22572733.294324 11737709.724936 47000 R21
-14711550.224209 39469594.693204 -1303589.553232 44000 C03
-9666649.690388 40475408.004071 -5611519.754017 42000 C06
-6005659.384840 28021300.072268 31076005.911046 43000 C07
-4987250.220789 41375751.779722 3724231.376816 0 C09
2452050.340512 30663170.270443 29379842.592180 35000 C10
-9972472.761142 40210927.233757 -6395441.336050 46000 C16
time 2025/01/17 08:51:10.000
-6215202.312200 25453638.820521 -1898504.980904 50000 G07
9921815.027348 21475614.450444 12265357.454508 34000 G17
2099935.814780 24817815.103872 8984211.952228 38000 G30
-150794.306040 13550031.463856 21611719.374622 51000 R11
-9218767.797186 7931039.457630 22429158.777380 32000 R20
-2005386.490721 22571114.820421 11740812.588003 47000 R21
-14711554.172548 39469592.581571 -1303550.528168 44000 C03
-9665389.932679 40475362.515901 -5613991.086459 43000 C06
-6006445.810470 28020638.435931 31076438.956804 43000 C07
-4986046.732440 41376089.777508 3721719.322173 0 C09
2451441.381616 30662351.326549 29380727.784617 35000 C10
-9971179.699239 40210835.143408 -6397932.895348 46000 C16
time 2025/01/17 08:51:11.000
-6215494.951459 25453268.216057 -1901674.315595 50000 G07
9920581.438598 21474729.838632 12268011.817498 34000 G17
2099387.157000 24818864.161305 8981366.758708 38000 G30
-153023.073552 13551977.482236 21610481.701763 51000 R11
-9219047.018259 7927978.349126 22430130.671447 32000 R20
-2005434.462405 22569495.932275 11743915.169480 47000 R21
-14711558.121067 39469590.470185 -1303511.496163 44000 C03
-9664130.180968 40475316.841320 -5616462.388685 43000 C06
-6007232.332834 28019976.915449 31076871.838578 43000 C07
-4984843.194189 41376427.594636 3719207.247273 0 C09
2450832.303630 30661532.475739 29381612.824891 35000 C10
-9969886.649841 40210742.860714 -6400424.420029 46000 C16
time 2025/01/17 08:51:12.000
-6215787.541175 25452897.229947 -1904843.608446 50000 G07
9919347.564602 21473845.068578 12270665.921991 34000 G17
2098838.618276 24819912.897733 8978521.372292 39000 G30
-155251.554373 13553923.572336 21609243.509971 51000 R11
-9219326.513607 7924917.133317 22431102.027234 33000 R20
-2005482.632795 22567876.629961 11747017.469267 47000 R21
-14711562.069768 39469588.359046 -1303472.457217 44000 C03
-9662870.435295 40475270.980330 -5618933.660656 43000 C06
-6008018.951909 28019315.510843 31077304.556361 43000 C07
-4983639.606067 41376765.231095 3716695.152141 0 C09
2450223.106572 30660713.718033 29382497.712991 35000 C10
-9968593.612986 40210650.385677 -6402915.910062 46000 C16
time 2025/01/17 08:51:13.000
-6216080.081403 25452525.862183 -1908012.859417 50000 G07
9918113.405341 21472960.140328 12273319.767970 35000 G17
2098290.198564 24820961.313133 8975675.793011 39000 G30
-157479.748472 13555869.734096 21608004.799266 51000 R11
-9219606.283241 7921855.810289 22432072.844721 32000 R20
-2005531.001951 22566256.913522 11750119.487314 46000 R21
-14711566.018649 39469586.248154 -1303433.411329 44000 C03
-9661610.695675 40475224.932930 -5621404.902385 43000 C06
-6008805.667687 28018654.222119 31077737.110157 43000 C07
-4982435.968090 41377102.686882 3714183.036768 0 C09
2449613.790452 30659895.053446 29383382.448919 36000 C10
-9967300.588690 40210557.718298 -6405407.365456 46000 C16
time 2025/01/17 08:51:14.000
-6216372.572188 25452154.112761 -1911182.068419 50000 G07
9916878.960830 21472075.053951 12275973.355344 35000 G17
2097741.897830 24822009.407461 8972830.020944 39000 G30
-159707.655784 13557815.967427 21606765.569684 51000 R11
-9219886.327170 7918794.380155 22433043.123879 32000 R20
-2005579.569932 22564636.783029 11753221.223528 46000 R21
-14711569.967710 39469584.137510 -1303394.358501 43000 C03
-9660350.962143 40475178.699123 -5623876.113840 43000 C06
-6009592.480144 28017993.049296 31078169.499958 43000 C07
-4981232.280298 41377439.961985 3711670.901193 0 C09
2449004.355285 30659076.481997 29384267.032665 35000 C10
-9966007.576991 40210464.858579 -6407898.786181 46000 C16
time 2025/01/17 08:51:15.000
-6216665.013584 25451781.981676 -1914351.235393 50000 G07
9915644.231056 21471189.809498 12278626.684081 35000 G17
2097193.716033 24823057.180686 8969984.056141 39000 G30
-161935.276263 13559762.272257 21605525.821250 51000 R11
-9220166.645409 7915732.842973 22434012.864700 31000 R20
-2005628.336798 22563016.238531 11756322.677855 46000 R21
-14711573.916952 39469582.027113 -1303355.298732 44000 C03
-9659091.234719 40475132.278909 -5626347.295025 43000 C06
-6010379.389268 28017331.992385 31078601.725766 43000 C07
-4980028.542701 41377777.056400 3709158.745400 0 C09
2448394.801082 30658258.003698 29385151.464230 36000 C10
-9964714.577908 40210371.806522 -6410390.172238 46000 C16
time 2025/01/17 08:51:16.000
-6216957.405638 25451409.468923 -1917520.360265 50000 G07
9914409.216021 21470304.407032 12281279.754116 35000 G17
2096645.653136 24824104.632769 8967137.898667 39000 G30
-164162.609858 13561708.648506 21604285.553995 51000 R11
-9220447.237965 7912671.198879 22434982.067146 31000 R20
-2005677.302607 22561395.280093 11759423.850209 46000 R21
-14711577.866375 39469579.916963 -1303316.232022 44000 C03
-9657831.513434 40475085.672288 -5628818.445918 43000 C06
-6011166.395040 28016671.051402 31079033.787575 43000 C07
-4978824.755340 41378113.970115 3706646.569431 0 C09
2447785.127858 30657439.618571 29386035.743605 35000 C10
-9963421.591477 40210278.562128 -6412881.523601 46000 C16
time 2025/01/17 08:51:17.000
-6217249.748400 25451036.574498 -1920689.442960 50000 G07
9913173.915719 21469418.846607 12283932.565402 35000 G17
2096097.709102 24825151.763674 8964291.548584 39000 G30
-166389.656509 13563655.096092 21603044.767951 51000 R11
-9220728.104848 7909609.447955 22435950.731201 31000 R20
-2005726.467421 22559773.907773 11762524.740515 46000 R21
-14711581.815978 39469577.807060 -1303277.158372 44000 C03
-9656571.798320 40475038.879261 -5631289.566496 43000 C06
-6011953.497443 28016010.226360 31079465.685386 43000 C07
-4977620.918231 41378450.703127 3704134.373277 0 C09
2447175.335626 30656621.326631 29386919.870787 35000 C10
-9962128.617723 40210185.125399 -6415372.840261 46000 C16
time 2025/01/17 08:51:18.000
-6217542.041922 25450663.298394 -1923858.483423 50000 G07
9911938.330146 21468533.128280 12286585.117887 35000 G17
2095549.883893 24826198.573366 8961445.005956 39000 G30
-168616.416178 13565601.614946 21601803.463143 51000 R11
-9221009.246073 7906547.590278 22436918.856847 31000 R20
-2005775.831297 22558152.121627 11765625.348708 46000 R21
-14711585.765762 39469575.697404 -1303238.077783 43000 C03
-9655312.089397 40474991.899830 -5633760.656761 43000 C06
-6012740.696461 28015349.517272 31079897.419195 43000 C07
-4976417.031405 41378787.255424 3701622.156963 0 C09
2446565.424398 30655803.127891 29387803.845775 35000 C10
-9960835.656670 40210091.496336 -6417864.122211 46000 C16
time 2025/01/17 08:51:19.000
-6217834.286250 25450289.640610 -1927027.481554 50000 G07
9910702.459316 21467647.252121 12289237.411485 35000 G17
2095002.177474 24827245.061801 8958598.270859 39000 G30
-170842.888792 13567548.204972 21600561.639610 51000 R11
-9221290.661643 7903485.625996 22437886.444045 31000 R20
-2005825.394297 22556529.921727 11768725.674689 46000 R21
-14711589.715726 39469573.587996 -1303198.990253 44000 C03
-9654052.386701 40474944.733995 -5636231.716681 43000 C06
-6013527.992072 28014688.924158 31080328.988996 43000 C07
-4975213.094896 41379123.626999 3699109.920516 0 C09
2445955.394193 30654985.022379 29388687.668555 35000 C10
-9959542.708358 40209997.674941 -6420355.369416 46000 C16
time 2025/01/17 08:51:20.000
-6218126.481438 25449915.601137 -1930196.437321 50000 G07
9909466.303201 21466761.218171 12291889.446192 35000 G17
2094454.589798 24828291.228959 8955751.343314 40000 G30
-173069.074323 13569494.866115 21599319.297368 51000 R11
-9221572.351576 7900423.555148 22438853.492791 31000 R20
-2005875.156479 22554907.308114 11771825.718417 46000 R21
-14711593.665871 39469571.478835 -1303159.895784 44000 C03
-9652792.690246 40474897.381757 -5638702.746270 43000 C06
-6014315.384269 28014028.447023 31080760.394794 43000 C07
-4974009.108714 41379459.817846 3696597.663917 0 C09
2445345.245015 30654167.010098 29389571.339134 35000 C10
-9958249.772799 40209903.661216 -6422846.581895 46000 C16
time 2025/01/17 08:51:21.000
-6218418.627534 25449541.179973 -1933365.350627 50000 G07
9908229.861820 21465875.026501 12294541.221912 35000 G17
2093907.120837 24829337.074789 8952904.223424 40000 G30
-175294.972703 13571441.598280 21598076.436457 51000 R11
-9221854.315878 7897361.377867 22439820.003051 30000 R20
-2005925.117902 22553284.280862 11774925.479791 46000 R21
-14711597.616196 39469569.369921 -1303120.794375 44000 C03
-9651533.000071 40474849.843118 -5641173.745493 43000 C06
-6015102.873028 28013368.085886 31081191.636581 43000 C07
-4972805.072899 41379795.827955 3694085.387210 0 C09
2444734.976889 30653349.091079 29390454.857495 35000 C10
-9956956.850034 40209809.455162 -6425337.759608 46000 C16
time 2025/01/17 08:51:22.000
-6218710.724586 25449166.377115 -1936534.221393 50000 G07
9906993.135167 21464988.677168 12297192.738597 34000 G17
2093359.770550 24830382.599256 8950056.911243 40000 G30
-177520.583872 13573388.401383 21596833.056912 51000 R11
-9222136.554559 7894299.094264 22440785.974797 30000 R20
-2005975.278626 22551660.840033 11778024.958732 46000 R21
-14711601.566701 39469567.261254 -1303081.686028 43000 C03
-9650273.316206 40474802.118077 -5643644.714327 43000 C06
-6015890.458327 28012707.840766 31081622.714354 43000 C07
-4971600.987478 41380131.657319 3691573.090404 0 C09
2444124.589826 30652531.265336 29391338.223634 34000 C10
-9955663.940095 40209715.056782 -6427828.902534 45000 C16
time 2025/01/17 08:51:23.000
-6219002.772645 25448791.192556 -1939703.049560 51000 G07
9905756.123232 21464102.170225 12299843.996208 34000 G17
2092812.538896 24831427.802334 8947209.406812 40000 G30
-179745.907786 13575335.275351 21595589.158756 51000 R11
-9222419.067630 7891236.704409 22441751.408016 30000 R20
-2006025.638710 22550036.985680 11781124.155178 46000 R21
-14711605.517386 39469565.152834 -1303042.570741 43000 C03
-9649013.638673 40474754.206636 -5646115.652773 43000 C06
-6016678.140155 28012047.711672 31082053.628112 43000 C07
-4970396.852476 41380467.305928 3689060.773514 0 C09
2443514.083835 30651713.532883 29392221.437553 35000 C10
-9954371.043001 40209620.466076 -6430320.010677 46000 C16
time 2025/01/17 08:51:24.000
-6219294.771762 25448415.626291 -1942871.835063 51000 G07
9904518.826023 21463215.505737 12302494.994668 33000 G17
2092265.425838 24832472.683981 8944361.710201 40000 G30
-181970.944396 13577282.220110 21594344.742018 51000 R11
-9222701.855103 7888174.208409 22442716.302680 30000 R20
-2006076.198213 22548412.717862 11784223.069055 46000 R21
-14711609.468251 39469563.044662 -1303003.448516 43000 C03
-9647753.967499 40474706.108795 -5648586.560818 43000 C06
-6017465.918496 28011387.698616 31082484.377854 43000 C07
-4969192.667914 41380802.773778 3686548.436541 0 C09
2442903.458932 30650895.893738 29393104.499243 35000 C10
-9953078.158783 40209525.683047 -6432811.084018 46000 C16
time 2025/01/17 08:51:25.000
-6219586.721986 25448039.678314 -1946040.577837 51000 G07
9903281.243531 21462328.683756 12305145.733940 33000 G17
2091718.431338 24833517.244164 8941513.821470 40000 G30
-184195.693653 13579229.235585 21593099.806727 51000 R11
-9222984.916984 7885111.606377 22443680.658764 30000 R20
-2006126.957195 22546788.036633 11787321.700297 46000 R21
-14711613.419297 39469560.936737 -1302964.319352 44000 C03
-9646494.302707 40474657.824556 -5651057.438453 44000 C06
-6018253.793334 28010727.801613 31082914.963578 43000 C07
-4967988.433817 41381138.060860 3684036.079496 0 C09
2442292.715128 30650078.347915 29393987.408704 35000 C10
-9951785.287465 40209430.707695 -6435302.122553 46000 C16
time 2025/01/17 08:51:26.000
-6219878.623369 25447663.348620 -1949209.277827 51000 G07
9902043.375743 21461441.704335 12307796.213990 32000 G17
2091171.555355 24834561.482852 8938665.740660 40000 G30
-186420.155519 13581176.321707 21591854.352904 51000 R11
-9223268.253290 7882048.898357 22444644.476259 30000 R20
-2006177.915715 22545162.942048 11790420.048840 46000 R21
-14711617.370523 39469558.829058 -1302925.183250 43000 C03
-9645234.644319 40474609.353919 -5653528.285680 44000 C06
-6019041.764656 28010068.020673 31083345.385283 43000 C07
-4966784.150213 41381473.167167 3681523.702396 0 C09
2441681.852434 30649260.895427 29394870.165937 34000 C10
-9950492.429068 40209335.540022 -6437793.126280 46000 C16
time 2025/01/17 08:51:27.000
-6220170.475960 25447286.637206 -1952377.934947 51000 G07
9900805.222668 21460554.567538 12310446.434739 32000 G17
2090624.797852 24835605.400006 8935817.467848 40000 G30
-188644.329927 13583123.478385 21590608.380587 51000 R11
-9223551.864029 7878986.084475 22445607.755135 29000 R20
-2006229.073833 22543537.434174 11793518.114597 46000 R21
-14711621.321929 39469556.721628 -1302886.040209 43000 C03
-9643974.992372 40474560.696885 -5655999.102465 44000 C06
-6019829.832441 28009408.355813 31083775.642965 43000 C07
-4965579.817128 41381808.092691 3679011.305253 0 C09
2441070.870867 30648443.536298 29395752.770928 35000 C10
-9949199.583631 40209240.180031 -6440284.095165 46000 C16
time 2025/01/17 08:51:28.000
-6220462.279808 25446909.544067 -1955546.549120 51000 G07
9899566.784299 21459667.273422 12313096.396144 31000 G17
2090078.158793 24836648.995587 8932969.003098 40000 G30
-190868.216820 13585070.705538 21589361.889810 51000 R11
-9223835.749207 7875923.164858 22446570.495359 29000 R20
-2006280.431608 22541911.513074 11796615.897483 46000 R21
-14711625.273514 39469554.614444 -1302846.890231 43000 C03
-9642715.346892 40474511.853455 -5658469.888794 44000 C06
-6020617.996669 28008748.807050 31084205.736620 43000 C07
-4964375.434593 41382142.837423 3676498.888090 0 C09
2440459.770444 30647626.270546 29396635.223671 35000 C10
-9947906.751180 40209144.627722 -6442775.029198 45000 C16
time 2025/01/17 08:51:29.000
-6220754.034962 25446532.069198 -1958715.120278 51000 G07
9898328.060641 21458779.822048 12315746.098136 29000 G17
2089531.638137 24837692.269564 8930120.346459 40000 G30
-193091.816151 13587018.003090 21588114.880599 51000 R11
-9224119.908839 7872860.139567 22447532.696920 29000 R20
-2006331.989099 22540285.178804 11799713.397433 46000 R21
-14711629.225280 39469552.507507 -1302807.733315 43000 C03
-9641455.707907 40474462.823630 -5660940.644656 44000 C06
-6021406.257325 28008089.374396 31084635.666248 43000 C07
-4963171.002629 41382477.401356 3673986.450910 0 C09
2439848.551176 30646809.098188 29397517.524162 35000 C10
-9946613.931745 40209048.883098 -6445265.928364 46000 C16
time 2025/01/17 08:51:30.000
-6221045.741473 25446154.212595 -1961883.648353 51000 G07
9897089.051691 21457892.213475 12318395.540659 29000 G17
2088985.235848 24838735.221897 8927271.498005 40000 G30
-195315.127868 13588965.370964 21586867.352985 51000 R11
-9224404.342933 7869797.008709 22448494.359792 29000 R20
-2006383.746365 22538658.431425 11802810.614370 46000 R21
-14711633.177226 39469550.400818 -1302768.569461 43000 C03
-9640196.075444 40474413.607411 -5663411.370037 44000 C06
-6022194.614392 28007430.057864 31085065.431844 43000 C07
-4961966.521268 41382811.784481 3671473.993739 0 C09
2439237.213074 30645992.019237 29398399.672402 35000 C10
-9945321.125353 40208952.946160 -6447756.792650 45000 C16
time 2025/01/17 08:51:31.000
-6221337.399391 25445775.974253 -1965052.133276 51000 G07
9895849.757411 21457004.447735 12321044.723739 24000 G17
2088438.951886 24839777.852554 8924422.457784 40000 G30
-197538.151919 13590912.809080 21585619.306996 51000 R11
-9224689.051498 7866733.772396 22449455.483947 28000 R20
-2006435.703466 22537031.270994 11805907.548223 46000 R21
-14711637.129351 39469548.294376 -1302729.398670 43000 C03
-9638936.449528 40474364.204798 -5665882.064929 44000 C06
-6022983.067854 28006770.857470 31085495.033408 43000 C07
-4960761.990531 41383145.986792 3668961.516577 0 C09
2438625.756152 30645175.033711 29399281.668383 35000 C10
-9944028.332030 40208856.816910 -6450247.622046 45000 C16
time 2025/01/17 08:51:32.000
-6221629.008765 25445397.354168 -1968220.574979 51000 G07
9894610.177835 21456116.524911 12323693.647242 22000 G17
2087892.786212 24840820.161503 8921573.225852 40000 G30
-199760.888254 13592860.317361 21584370.742663 51000 R11
-9224974.034546 7863670.430721 22450416.069365 29000 R20
-2006487.860461 22535403.697569 11809004.198921 46000 R21
-14711641.081657 39469546.188181 -1302690.220942 43000 C03
-9637676.830186 40474314.615794 -5668352.729316 44000 C06
-6023771.617694 28006111.773226 31085924.470936 43000 C07
-4959557.410448 41383480.008281 3666449.019447 0 C09
2438014.180427 30644358.141629 29400163.512099 34000 C10
-9942735.551805 40208760.495350 -6452738.416537 45000 C16
time 2025/01/17 08:51:33.000
-6221920.569646 25445018.352333 -1971388.973391 51000 G07
2087346.738789 24841862.148704 8918723.802274 40000 G30
-201983.336820 13594807.895729 21583121.660016 51000 R11
-9225259.292088 7860606.983754 22451376.116030 29000 R20
-2006540.217409 22533775.711214 11812100.566383 46000 R21
-14711645.034142 39469544.082233 -1302651.036277 43000 C03
-9636417.217448 40474264.840398 -5670823.363185 44000 C06
-6024560.263896 28005452.805144 31086353.744428 43000 C07
-4958352.781045 41383813.848939 3663936.502360 0 C09
2437402.485908 30643541.343006 29401045.203549 34000 C10
-9941442.784707 40208663.981480 -6455229.176109 45000 C16
time 2025/01/17 08:51:34.000
-6222212.082085 25444638.968744 -1974557.328458 51000 G07
2086800.809574 24842903.814128 8915874.187097 40000 G30
-204205.497579 13596755.544117 21581872.059076 51000 R11
-9225544.824135 7857543.431592 22452335.623920 29000 R20
-2006592.774370 22532147.311978 11815196.650552 46000 R21
-14711648.986806 39469541.976533 -1302611.844675 43000 C03
-9635157.611332 40474214.878611 -5673293.966534 44000 C06
-6025349.006446 28004793.953239 31086782.853882 43000 C07
-4957148.102337 41384147.508762 3661423.965306 0 C09
2436790.672610 30642724.637858 29401926.742727 34000 C10
-9940150.030756 40208567.275303 -6457719.900763 45000 C16
time 2025/01/17 08:51:35.000
-6222503.546129 25444259.203398 -1977725.640085 51000 G07
2086254.998537 24843945.157730 8913024.380410 40000 G30
-206427.370459 13598703.262428 21580621.939885 51000 R11
-9225830.630694 7854479.774368 22453294.593002 28000 R20
-2006645.531403 22530518.499934 11818292.451330 46000 R21
-14711652.939651 39469539.871079 -1302572.646136 43000 C03
-9633898.011876 40474164.730434 -5675764.539333 44000 C06
-6026137.845321 28004135.217527 31087211.799293 43000 C07
-4955943.374370 41384480.987737 3658911.408342 0 C09
2436178.740549 30641908.026206 29402808.129625 34000 C10
-9938857.289991 40208470.376820 -6460210.590466 45000 C16
time 2025/01/17 08:51:36.000
-6222794.961829 25443879.056290 -1980893.908212 51000 G07
2085709.305637 24844986.179473 8910174.382271 40000 G30
-208648.955417 13600651.050591 21579371.302469 51000 R11
-9226116.711776 7851416.012170 22454253.023256 29000 R20
-2006698.488566 22528889.275136 11821387.968653 46000 R21
-14711656.892675 39469537.765873 -1302533.440662 44000 C03
-9632638.419106 40474114.395869 -5678235.081572 44000 C06
-6026926.780505 28003476.598023 31087640.580658 43000 C07
-4954738.597159 41384814.285859 3656398.831455 0 C09
2435566.689734 30641091.508063 29403689.364244 35000 C10
-9937564.562435 40208373.286034 -6462701.245213 45000 C16
time 2025/01/17 08:51:37.000
-6223086.329236 25443498.527415 -1984062.132769 50000 G07
2085163.730834 24846026.879328 8907324.192726 40000 G30
-210870.252400 13602598.908528 21578120.146857 51000 R11
-9226403.067392 7848352.145080 22455210.914662 29000 R20
-2006751.645920 22527259.637644 11824483.202446 46000 R21
-14711660.845879 39469535.660914 -1302494.228251 43000 C03
-9631378.833045 40474063.874916 -5680705.593241 44000 C06
-6027715.811982 28002818.094738 31088069.197977 43000 C07
-4953533.770734 41385147.403119 3653886.234665 0 C09
2434954.520185 30640275.083450 29404570.446572 35000 C10
-9936271.848119 40208276.002945 -6465191.864984 45000 C16
time 2025/01/17 08:51:38.000
-6223377.648398 25443117.616770 -1987230.313679 50000 G07
2084618.274092 24847067.257254 8904473.811849 40000 G30
-213091.261353 13604546.836157 21576868.473081 51000 R11
-9226689.697550 7845288.173210 22456168.267195 29000 R20
-2006805.003522 22525629.587523 11827578.152624 46000 R21
-14711664.799262 39469533.556202 -1302455.008904 43000 C03
-9630119.253725 40474013.167577 -5683176.074323 44000 C06
-6028504.939734 28002159.707689 31088497.651246 42000 C07
-4952328.895121 41385480.339511 3651373.617988 0 C09
2434342.231910 30639458.752382 29405451.376610 35000 C10
-9934979.147073 40208178.527556 -6467682.449763 45000 C16
time 2025/01/17 08:51:39.000
-6223668.919365 25442736.324349 -1990398.450873 50000 G07
2084072.935374 24848107.313215 8901623.239706 40000 G30
-215311.982224 13606494.833399 21575616.281173 51000 R11
-9226976.602262 7842224.096650 22457125.080834 29000 R20
-2006858.561433 22523999.124828 11830672.819122 46000 R21
-14711668.752825 39469531.451737 -1302415.782622 43000 C03
-9628859.681173 40473962.273851 -5685646.524802 44000 C06
-6029294.163745 28001501.436888 31088925.940463 42000 C07
-4951123.970350 41385813.095024 3648860.981442 0 C09
2433729.824927 30638642.514879 29406332.154347 34000 C10
-9933686.459322 40208080.859869 -6470172.999543 45000 C16
time 2025/01/17 08:51:40.000
-6223960.142188 25442354.650148 -1993566.544286 50000 G07
2083527.714638 24849147.047181 8898772.476338 40000 G30
-217532.414965 13608442.900177 21574363.571159 51000 R11
-9227263.781537 7839159.915508 22458081.355553 29000 R20
-2006912.319712 22522368.249618 11833767.201867 46000 R21
-14711672.706567 39469529.347520 -1302376.549404 43000 C03
-9627600.115414 40473911.193741 -5688116.944669 44000 C06
-6030083.483998 28000843.282349 31089354.065625 43000 C07
-4949918.996442 41386145.669654 3646348.325030 0 C09
2433117.299245 30637826.370953 29407212.779786 34000 C10
-9932393.784894 40207982.999885 -6472663.514310 45000 C16
time 2025/01/17 08:51:41.000
-6224251.316916 25441972.594161 -1996734.593853 50000 G07
2082982.611849 24850186.459112 8895921.521822 41000 G30
-219752.559526 13610391.036418 21573110.343068 51000 R11
-9227551.235387 7836095.629850 22459037.091338 30000 R20
-2006966.278418 22520736.961952 11836861.300787 46000 R21
-14711676.660488 39469527.243549 -1302337.309251 43000 C03
-9626340.556475 40473859.927246 -5690587.333914 44000 C06
-6030872.900477 28000185.244085 31089782.026732 43000 C07
-4948713.973422 41386478.063392 3643835.648767 0 C09
2432504.654880 30637010.320624 29408093.252919 34000 C10
-9931101.123816 40207884.947605 -6475153.994053 45000 C16
time 2025/01/17 08:51:42.000
-6224542.443600 25441590.156385 -1999902.599494 50000 G07
2082437.626966 24851225.548974 8893070.376209 40000 G30
-221972.415851 13612339.242035 21571856.596934 51000 R11
-9227838.963819 7833031.239809 22459992.288157 29000 R20
-2007020.437609 22519105.261892 11839955.115801 46000 R21
-14711680.614589 39469525.139826 -1302298.062163 43000 C03
-9625081.004384 40473808.474369 -5693057.692519 44000 C06
-6031662.413165 27999527.322111 31090209.823780 42000 C07
-4947508.901324 41386810.276229 3641322.952674 0 C09
2431891.891847 30636194.363910 29408973.573738 34000 C10
-9929808.476118 40207786.703031 -6477644.438755 45000 C16
time 2025/01/17 08:51:43.000
-6224833.522289 25441207.336816 -2003070.561144 50000 G07
2081892.759954 24852264.316728 8890219.039571 40000 G30
-224191.983890 13614287.516955 21570602.332784 51000 R11
-9228126.966846 7829966.745454 22460946.945995 30000 R20
-2007074.797346 22517473.149498 11843048.646836 46000 R21
-14711684.568869 39469523.036350 -1302258.808140 43000 C03
-9623821.459169 40473756.835109 -5695528.020471 44000 C06
-6032452.022043 27998869.516441 31090637.456767 42000 C07
-4946303.780171 41387142.308158 3638810.236763 0 C09
2431279.010159 30635378.500828 29409853.742240 34000 C10
-9928515.841827 40207688.266166 -6480134.848402 45000 C16
time 2025/01/17 08:51:44.000
-6225124.553033 25440824.135448 -2006238.478729 50000 G07
2081348.010772 24853302.762341 8887367.511965 40000 G30
-226411.263590 13616235.861095 21569347.550651 51000 R11
-9228415.244473 7826902.146931 22461901.064815 29000 R20
-2007129.357687 22515840.624831 11846141.893816 46000 R21
-14711688.523329 39469520.933121 -1302219.547183 43000 C03
-9622561.920856 40473705.009469 -5697998.317758 44000 C06
-6033241.727095 27998211.827090 31091064.925689 42000 C07
-4945098.609986 41387474.159172 3636297.501041 0 C09
2430666.009826 30634562.731391 29410733.758425 34000 C10
-9927223.220975 40207589.637011 -6482625.222978 45000 C16
time 2025/01/17 08:51:45.000
-6225415.535881 25440440.552280 -2009406.352172 50000 G07
2080803.379384 24854340.885776 8884515.793450 40000 G30
-228630.254895 13618184.274375 21568092.250566 51000 R11
-9228703.796715 7823837.444288 22462854.644609 31000 R20
-2007184.118690 22514207.687951 11849234.856664 46000 R21
-14711692.477967 39469518.830139 -1302180.279291 43000 C03
-9621302.389477 40473652.997448 -5700468.584359 44000 C06
-6034031.528303 27997554.254072 31091492.230545 42000 C07
-4943893.390801 41387805.829262 3633784.745531 0 C09
2430052.890869 30633747.055626 29411613.622277 34000 C10
-9925930.613588 40207490.815568 -6485115.562469 45000 C16
time 2025/01/17 08:51:46.000
-6225706.470885 25440056.587301 -2012574.181438 50000 G07
2080258.865746 24855378.687008 8881663.884064 40000 G30
-230848.957777 13620132.756735 21566836.432547 51000 R11
-9228992.623581 7820772.637616 22463807.685356 30000 R20
-2007239.080417 22512574.338903 11852327.535337 46000 R21
-14711696.432785 39469516.727405 -1302141.004465 43000 C03
-9620042.865043 40473600.799047 -5702938.820290 45000 C06
-6034821.425656 27996896.797394 31091919.371335 43000 C07
-4942688.122635 41388137.318423 3631271.970230 0 C09
2429439.653291 30632931.473534 29412493.333808 34000 C10
-9924638.019684 40207391.801837 -6487605.866882 45000 C16
time 2025/01/17 08:51:47.000
-6225997.358096 25439672.240508 -2015741.966446 50000 G07
2079714.469821 24856416.165997 8878811.783877 40000 G30
-233067.372178 13622081.308092 21565580.096626 51000 R11
-9229281.725083 7817707.727012 22464760.187035 31000 R20
-2007294.242925 22510940.577750 11855419.929751 46000 R21
-14711700.387782 39469514.624917 -1302101.722704 43000 C03
-9618783.347592 40473548.414269 -5705409.025521 45000 C06
-6035611.419138 27996239.457072 31092346.348058 43000 C07
-4941482.805511 41388468.626647 3628759.175148 0 C09
2428826.297105 30632115.985133 29413372.893013 34000 C10
-9923345.439294 40207292.595821 -6490096.136199 45000 C16
time 2025/01/17 08:51:48.000
-6226288.197563 25439287.511899 -2018909.707122 50000 G07
9874738.102571 21441888.443902 12366041.076601 35000 G17
2079170.191572 24857453.322706 8875959.492955 40000 G30
-235285.498038 13624029.928361 21564323.242838 51000 R11
-9229571.101228 7814642.712597 22465712.149614 31000 R20
-2007349.606274 22509306.404556 11858512.039828 46000 R21
-14711704.342958 39469512.522677 -1302062.434010 43000 C03
-9617523.837147 40473495.843112 -5707879.200042 44000 C06
-6036401.508727 27995582.233123 31092773.160708 43000 C07
-4940277.439463 41388799.753926 3626246.360309 0 C09
2428212.822329 30631300.590447 29414252.299880 34000 C10
-9922052.872450 40207193.197521 -6492586.370400 45000 C16
time 2025/01/17 08:51:49.000
-6226578.989334 25438902.401469 -2022077.403386 50000 G07
9873493.672576 21440997.859526 12368685.579117 36000 G17
2078626.030963 24858490.157097 8873107.011364 40000 G30
-237503.335305 13625978.617461 21563065.871215 51000 R11
-9229860.752025 7811577.594471 22466663.573072 31000 R20
-2007405.170523 22507671.819386 11861603.865480 46000 R21
-14711708.298313 39469510.420684 -1302023.138382 43000 C03
-9616264.333738 40473443.085580 -5710349.343836 44000 C06
-6037191.694407 27994925.125561 31093199.809283 42000 C07
-4939072.024514 41389130.700251 3623733.525725 0 C09
2427599.228980 30630485.289495 29415131.554402 35000 C10
-9920760.319180 40207093.606940 -6495076.569468 45000 C16
time 2025/01/17 08:51:50.000
-6226869.733459 25438516.909215 -2025245.055170 50000 G07
9872248.957244 21440107.119110 12371329.821087 36000 G17
2078081.987953 24859526.669137 8870254.339159 40000 G30
-239720.883926 13627927.375312 21561807.981787 50000 R11
-9230150.677485 7808512.372721 22467614.457388 31000 R20
-2007460.935730 22506036.822300 11864695.406634 46000 R21
-14711712.253847 39469508.318938 -1301983.835820 43000 C03
-9615004.837398 40473390.141672 -5712819.456882 44000 C06
-6037981.976159 27994268.134399 31093626.293780 43000 C07
-4937866.560695 41389461.465614 3621220.671417 0 C09
2426985.517070 30629670.082293 29416010.656574 35000 C10
-9919467.779515 40206993.824079 -6497566.733387 45000 C16
time 2025/01/17 08:51:51.000
-6227160.429989 25438131.035131 -2028412.662402 50000 G07
9871003.956575 21439216.222717 12373973.802450 37000 G17
2077538.062506 24860562.858785 8867401.476413 39000 G30
-241938.143850 13629876.201838 21560549.574584 50000 R11
-9230440.877617 7805447.047451 22468564.802538 31000 R20
-2007516.901955 22504401.413353 11867786.663224 46000 R21
-14711716.209560 39469506.217439 -1301944.526326 43000 C03
-9613745.348151 40473337.011389 -5715289.539168 45000 C06
-6038772.353967 27993611.259653 31094052.614197 43000 C07
-4936661.048029 41389792.050008 3618707.797391 0 C09
2426371.686612 30628854.968857 29416889.606394 35000 C10
-9918175.253483 40206893.848940 -6500056.862143 46000 C16
time 2025/01/17 08:51:52.000
-6227451.078973 25437744.779213 -2031580.225013 50000 G07
9869758.670562 21438325.170399 12376617.523165 37000 G17
2076994.254582 24861598.726013 8864548.423173 39000 G30
-244155.115025 13631825.096958 21559290.649636 50000 R11
-9230731.352432 7802381.618746 22469514.608503 31000 R20
-2007573.069257 22502765.592608 11870877.635172 46000 R21
-14711720.165452 39469504.116187 -1301905.209898 43000 C03
-9612485.866023 40473283.694733 -5717759.590685 44000 C06
-6039562.827814 27992954.501335 31094478.770532 43000 C07
-4935455.486551 41390122.453425 3616194.903675 0 C09
2425757.737620 30628039.949206 29417768.403855 34000 C10
-9916882.741110 40206793.681525 -6502546.955726 46000 C16
time 2025/01/17 08:51:53.000
-6227741.680462 25437358.141458 -2034747.742935 49000 G07
9868513.099133 21437433.962165 12379260.983325 40000 G17
2076450.564122 24862634.270821 8861695.179397 40000 G30
-246371.797377 13633774.060574 21558031.206986 51000 R11
-9231022.101933 7799316.086785 22470463.875235 0 R20
-2007629.437695 22501129.360093 11873968.322464 46000 R21
-14711724.121522 39469502.015183 -1301865.886538 43000 C03
-9611226.391041 40473230.191705 -5720229.611421 44000 C06
-6040353.397686 27992297.859457 31094904.762785 41000 C07
2425143.670105 30627225.023351 29418647.048958 34000 C10
-9915590.242429 40206693.321836 -6505037.014115 46000 C16
time 2025/01/17 08:51:54.000
-6228032.234502 25436971.121863 -2037915.216069 50000 G07
9867267.242520 21436542.598241 12381904.182377 37000 G17
2075906.991156 24863669.493045 8858841.745501 39000 G30
-248588.190906 13635723.092653 21556771.246635 50000 R11
-9231313.126147 7796250.451476 22471412.602771 30000 R20
-2007686.007325 22499492.715980 11877058.724811 46000 R21
-14711728.077772 39469499.914426 -1301826.556245 43000 C03
-9609966.923246 40473176.502306 -5722699.601335 44000 C06
-6041144.063551 27991641.334046 31095330.590944 43000 C07
-4933044.217249 41390782.717295 3611169.057209 0 C09
2424529.484094 30626410.191330 29419525.541677 34000 C10
-9914297.757466 40206592.769874 -6507527.037296 45000 C16
time 2025/01/17 08:51:56.000
-6228613.200441 25436195.937133 -2044250.027750 50000 G07
9864774.673104 21434759.403103 12387189.798289 37000 G17
2074820.197373 24865738.969941 8853134.306652 39000 G30
-253020.111136 13639621.361749 21554249.773038 50000 R11
-9231895.998702 7790118.871726 22473308.440002 29000 R20
-2007799.750408 22496218.192906 11883238.674939 46000 R21
-14711735.990807 39469495.713652 -1301747.874864 43000 C03
-9607448.009295 40473068.564398 -5727639.488704 44000 C06
-6042725.683227 27990328.632650 31096181.754991 43000 C07
-4930632.753017 41391442.257158 3606143.132160 0 C09
2423300.756602 30624780.808804 29421282.069999 35000 C10
-9911712.828821 40206391.089140 -6512506.977963 45000 C16
time 2025/01/17 08:51:57.000
-6228903.612439 25435807.771991 -2047417.366142 50000 G07
9863527.960381 21433867.572066 12389832.214862 37000 G17
2074276.976505 24866773.224494 8850280.301953 38000 G30
-255235.637747 13641570.598621 21552988.259846 50000 R11
-9232187.847069 7787052.927419 22474255.549671 29000 R20
-2007856.923977 22494580.314104 11886328.222493 46000 R21
-14711739.947592 39469493.613637 -1301708.523775 43000 C03
-9606188.563202 40473014.315891 -5730109.386116 44000 C06
-6043516.636998 27989672.456697 31096607.090871 42000 C07
-4929426.947865 41391771.755569 3603630.140195 0 C09
2422686.215153 30623966.258339 29422160.105586 34000 C10
-9910420.385198 40206289.960373 -6514996.895416 45000 C16
time 2025/01/17 08:51:58.000
-6229193.977190 25435419.224990 -2050584.659482 49000 G07
9862280.962307 21432975.585457 12392474.370449 37000 G17
2073733.872929 24867807.156412 8847426.107129 38000 G30
-257450.875296 13643519.903611 21551726.229092 50000 R11
-9232479.970175 7783986.880293 22475202.120010 29000 R20
-2007914.298976 22492942.023870 11889417.484950 46000 R21
-14711743.904556 39469491.513868 -1301669.165755 43000 C03
-9604929.124396 40472959.881017 -5732579.252671 44000 C06
-6044307.686703 27989016.397259 31097032.262654 42000 C07
-4928221.094064 41392101.072954 3601117.128633 0 C09
2422071.555258 30623151.801768 29423037.988779 34000 C10
-9909127.955406 40206188.639340 -6517486.777608 46000 C16
time 2025/01/17 08:51:59.000
-6229484.294744 25435030.296126 -2053751.907710 49000 G07
9861033.678878 21432083.443333 12395116.265002 37000 G17
2073190.886610 24868840.765654 8844571.722251 37000 G30
-259665.823734 13645469.276644 21550463.680805 50000 R11
-9232772.368030 7780920.730425 22476148.151003 29000 R20
-2007971.875464 22491303.322258 11892506.462243 46000 R21
-14711747.861699 39469489.414346 -1301629.800804 43000 C03
-9603669.692903 40472905.259777 -5735049.088359 44000 C06
-6045098.832328 27988360.454347 31097457.270337 43000 C07
-4927015.191631 41392430.209308 3598604.097468 0 C09
2421456.776923 30622337.439100 29423915.719581 34000 C10
-9907835.539472 40206087.126043 -6519976.624529 45000 C16
time 2025/01/17 08:52:00.000
-6229774.565152 25434640.985395 -2056919.110756 49000 G07
9859786.110096 21431191.145755 12397757.898461 37000 G17
2072648.017507 24869874.052192 8841717.147368 37000 G30
-261880.483012 13647418.717641 21549200.615016 50000 R11
-9233065.040646 7777854.477913 22477093.642629 28000 R20
-2008029.653501 22489664.209326 11895595.154301 46000 R21
-14711751.819020 39469487.315072 -1301590.428921 43000 C03
-9602410.268748 40472850.452172 -5737518.893168 44000 C06
-6045890.073857 27987704.627975 31097882.113920 43000 C07
-4925809.240589 41392759.164625 3596091.046707 0 C09
2420841.880162 30621523.170350 29424793.297989 34000 C10
-9906543.137423 40205985.420484 -6522466.436165 46000 C16
time 2025/01/17 08:52:01.000
-6230064.788463 25434251.292791 -2060086.268552 49000 G07
9858538.255955 21430298.692778 12400399.270777 37000 G17
2072105.265584 24870907.015983 8838862.382555 36000 G30
-264094.853077 13649368.226524 21547937.031754 50000 R11
-9233357.988032 7774788.122838 22478038.594868 28000 R20
-2008087.633145 22488024.685137 11898683.561047 46000 R21
-14711755.776519 39469485.216045 -1301551.050107 43000 C03
-9601150.851958 40472795.458202 -5739988.667087 44000 C06
-6046681.411271 27987048.918156 31098306.793400 42000 C07
-4924603.240969 41393087.938895 3593577.976373 0 C09
2420226.864986 30620708.995534 29425670.724000 34000 C10
-9905250.749288 40205883.522665 -6524956.212504 46000 C16
time 2025/01/17 08:52:02.000
-6230354.964727 25433861.218311 -2063253.381023 49000 G07
9857290.116453 21429406.084461 12403040.381897 37000 G17
2071562.630799 24871939.656999 8836007.427854 36000 G30
-266308.933879 13651317.803215 21546672.931049 50000 R11
-9233651.210197 7771721.665313 22478983.007695 27000 R20
-2008145.814455 22486384.749750 11901771.682408 46000 R21
-14711759.734197 39469483.117264 -1301511.664362 43000 C03
-9599891.442561 40472740.277869 -5742458.410101 44000 C06
-6047472.844554 27986393.324906 31098731.308773 43000 C07
-4923397.192798 41393416.532111 3591064.886481 0 C09
2419611.731416 30619894.914676 29426547.997601 34000 C10
-9903958.375096 40205781.432588 -6527445.953531 46000 C16
time 2025/01/17 08:52:03.000
-6230645.093994 25433470.761951 -2066420.448103 49000 G07
9856041.691594 21428513.320866 12405681.231754 38000 G17
2071020.113115 24872971.975205 8833152.283328 35000 G30
-268522.725366 13653267.447634 21545408.312932 50000 R11
-9233944.707129 7768655.105657 22479926.881018 0 R20
-2008204.197490 22484744.403226 11904859.518309 46000 R21
-14711763.692054 39469481.018731 -1301472.271686 43000 C03
-9598632.040585 40472684.911173 -5744928.122196 44000 C06
-6048264.373688 27985737.848237 31099155.660038 43000 C07
-4922191.096098 41393744.944267 3588551.777035 0 C09
2418996.479460 30619080.927787 29427425.118794 34000 C10
-9902666.014872 40205679.150254 -6529935.659235 46000 C16
time 2025/01/17 08:52:04.000
-6230935.176316 25433079.923704 -2069587.469734 50000 G07
9854792.981366 21427620.402042 12408321.820320 38000 G17
2070477.712494 24874003.970561 8830296.949049 35000 G30
-270736.227496 13655217.159711 21544143.177428 50000 R11
-9234238.478879 7765588.443538 22480870.214948 0 R20
-2008262.782309 22483103.645617 11907947.068688 46000 R21
-14711767.650088 39469478.920446 -1301432.872080 44000 C03
-9597372.646051 40472629.358116 -5747397.803372 44000 C06
-6049055.998661 27985082.488162 31099579.847194 43000 C07
-4920984.950890 41394073.175355 3586038.648037 0 C09
2418381.109133 30618267.034886 29428302.087573 34000 C10
-9901373.668640 40205576.675665 -6532425.329612 46000 C16
time 2025/01/17 08:52:05.000
-6231225.211743 25432688.703564 -2072754.445869 50000 G07
9853543.985754 21426727.328041 12410962.147562 38000 G17
2069935.428890 24875035.643047 8827441.425032 35000 G30
-272949.440234 13657166.939381 21542877.524558 50000 R11
-9234532.525440 7762521.679224 22481813.009409 0 R20
-2008321.568972 22481462.476973 11911034.333492 46000 R21
-14711771.608301 39469476.822407 -1301393.465544 43000 C03
-9596113.258979 40472573.618699 -5749867.453626 44000 C06
-6049847.719461 27984427.244687 31100003.870243 43000 C07
-4919778.757200 41394401.225369 3583525.499499 0 C09
2417765.620440 30617453.235979 29429178.903946 34000 C10
-9900081.336421 40205474.008821 -6534914.964663 46000 C16
time 2025/01/17 08:52:06.000
-6231515.200325 25432297.101530 -2075921.376416 50000 G07
9852294.704764 21425834.098925 12413602.213413 38000 G17
2069393.262269 24876066.992622 8824585.711360 34000 G30
-275162.363515 13659116.786554 21541611.354359 50000 R11
-9234826.846820 7759454.812840 22482755.264371 0 R20
-2008380.557536 22479820.897363 11914121.312631 45000 R21
-14711775.566692 39469474.724615 -1301354.052077 43000 C03
-9594853.879401 40472517.692922 -5752337.072938 44000 C06
-6050639.536065 27983772.117833 31100427.729178 42000 C07
-4918572.515059 41394729.094301 3581012.331444 0 C09
2417150.013400 30616639.531088 29430055.567899 35000 C10
-9898789.018249 40205371.149726 -6537404.564362 46000 C16
time 2025/01/17 08:52:07.000
-6231805.142108 25431905.117601 -2079088.261272 50000 G07
9851045.138420 21424940.714770 12416242.017764 38000 G17
2068851.212606 24877098.019221 8821729.808170 32000 G30
-277374.997266 13661066.701132 21540344.666875 50000 R11
-9235121.443024 7756387.844513 22483696.979802 0 R20
-2008439.748061 22478178.906871 11917208.005984 46000 R21
-14711779.525262 39469472.627071 -1301314.631680 43000 C03
-9593594.507363 40472461.580787 -5754806.661258 44000 C06
-6051431.448447 27983117.107621 31100851.423993 43000 C07
-4917366.224505 41395056.782138 3578499.143912 0 C09
2416534.288034 30615825.920243 29430932.079418 31000 C10
-9897496.714168 40205268.098383 -6539894.128666 46000 C16
time 2025/01/17 08:52:08.000
-6232095.037140 25431512.751776 -2082255.100342 50000 G07
9849795.286726 21424047.175640 12418881.560550 35000 G17
2068309.279855 24878128.722824 8818873.715483 36000 G30
-279587.341411 13663016.683014 21539077.462151 50000 R11
-9235416.314060 7753320.774366 22484638.155672 0 R20
-2008499.140604 22476536.505563 11920294.413468 45000 R21
-14711783.484009 39469470.529774 -1301275.204354 45000 C03
-9592335.142895 40472405.282296 -5757276.218567 44000 C06
-6052223.456587 27982462.214068 31101274.954682 43000 C07
-4916159.885575 41395384.288870 3575985.936936 0 C09
2415918.444357 30615012.403459 29431808.438497 31000 C10
-9896204.424213 40205164.854793 -6542383.657546 45000 C16
time 2025/01/17 08:52:09.000
-6232384.885476 25431120.004043 -2085421.893621 50000 G07
9848545.149656 21423153.481575 12421520.841764 34000 G17
2067767.463971 24879159.103412 8816017.433317 37000 G30
-281799.395946 13664966.732162 21537809.740189 50000 R11
-9235711.459942 7750253.602436 22485578.791977 0 R20
-2008558.735225 22474893.693467 11923380.535067 45000 R21
-14711787.442935 39469468.432723 -1301235.770099 45000 C03
-9591075.786004 40472348.797449 -5759745.744890 44000 C06
-6053015.560481 27981807.437175 31101698.321253 44000 C07
-4914953.498271 41395711.614497 3573472.710481 0 C09
2415302.482373 30614198.980744 29432684.645143 31000 C10
-9894912.148389 40205061.418957 -6544873.151036 46000 C16
time 2025/01/17 08:52:10.000
-6232674.687168 25430726.874397 -2088588.641054 50000 G07
9847294.727191 21422259.632621 12424159.861393 35000 G17
2067225.764913 24880189.160949 8813160.961733 36000 G30
-284011.160835 13666916.848512 21536541.501011 51000 R11
-9236006.880683 7747186.328807 22486518.888700 0 R20
-2008618.531983 22473250.470632 11926466.370729 43000 R21
-14711791.402038 39469466.335920 -1301196.328914 45000 C03
-9589816.436712 40472292.126246 -5762215.240228 44000 C06
-6053807.760118 27981152.776954 31102121.523703 44000 C07
-4913747.062612 41396038.759014 3570959.464541 0 C09
2414686.402096 30613385.652113 29433560.699352 31000 C10
-9893619.886719 40204957.790875 -6547362.609131 46000 C16
time 2025/01/17 08:52:11.000
-6232964.442263 25430333.362835 -2091755.342549 50000 G07
9846044.019327 21421365.628834 12426798.619385 34000 G17
2066684.182644 24881218.895400 8810304.300788 36000 G30
-286222.636010 13668867.031969 21535272.744658 50000 R11
-9236302.576290 7744118.953573 22487458.445818 0 R20
-2008678.530938 22471606.837134 11929551.920351 44000 R21
-14711795.361320 39469464.239364 -1301156.880800 44000 C03
-9588557.095052 40472235.268689 -5764684.704553 44000 C06
-6054600.055471 27980498.233424 31102544.562027 44000 C07
-4912540.578635 41396365.722409 3568446.199154 0 C09
2414070.203544 30612572.417591 29434436.601112 31000 C10
-9892327.639237 40204853.970552 -6549852.031805 47000 C16
time 2025/01/17 08:52:12.000
-6233254.150811 25429939.469356 -2094921.998019 51000 G07
9844793.026079 21420471.470286 12429437.115650 33000 G17
2066142.717134 24882248.306714 8807447.450590 36000 G30
-288433.821411 13670817.282447 21534003.471164 51000 R11
-9236598.546770 7741051.476887 22488397.463293 0 R20
-2008738.732147 22469962.793044 11932637.183838 45000 R21
-14711799.320779 39469462.143055 -1301117.425757 44000 C03
-9587297.761058 40472178.224779 -5767154.137837 44000 C06
-6055392.446525 27979843.806599 31102967.436223 44000 C07
-4911334.046366 41396692.504675 3565932.914335 0 C09
2413453.886731 30611759.277192 29435312.350420 32000 C10
-9891035.405979 40204749.957988 -6552341.419032 48000 C16
time 2025/01/17 08:52:13.000
-6233543.812858 25429545.193959 -2098088.607367 51000 G07
9843541.747476 21419577.157055 12432075.350072 32000 G17
2065601.368344 24883277.394855 8804590.411204 36000 G30
-290644.716963 13672767.599848 21532733.680574 51000 R11
-9236894.792128 7737983.898864 22489335.941097 0 R20
-2008799.135668 22468318.338432 11935722.161097 45000 R21
-14711803.280417 39469460.046994 -1301077.963786 45000 C03
-9586038.434770 40472120.994518 -5769623.540045 44000 C06
-6056184.933253 27979189.496500 31103390.146283 43000 C07
-4910127.465852 41397019.105798 3563419.610136 0 C09
2412837.451673 30610946.230939 29436187.947266 32000 C10
-9889743.186985 40204645.753187 -6554830.770774 47000 C16
time 2025/01/17 08:52:14.000
-6233833.428455 25429150.536641 -2101255.170516 51000 G07
9842290.183486 21418682.689179 12434713.322658 37000 G17
2065060.136237 24884306.159787 8801733.182689 37000 G30
-292855.322611 13674717.984086 21531463.372920 49000 R11
-9237191.312379 7734916.219556 22490273.879221 0 R20
-2008859.741560 22466673.473361 11938806.852051 46000 R21
-14711807.240232 39469457.951179 -1301038.494887 45000 C03
-9584779.116216 40472063.577907 -5772092.911160 44000 C06
-6056977.515636 27978535.303144 31103812.692205 44000 C07
-4908920.837118 41397345.525773 3560906.286567 0 C09
2412220.898388 30610133.278854 29437063.391640 30000 C10
-9888450.982282 40204541.356150 -6557320.087017 47000 C16
time 2025/01/17 08:52:15.000
-6234122.997654 25428755.497391 -2104421.687446 51000 G07
9841038.334110 21417788.066717 12437351.033349 38000 G17
2064519.020767 24885334.601485 8798875.765079 37000 G30
-295065.638339 13676668.435116 21530192.548213 49000 R11
-9237488.107533 7731848.439064 22491211.277643 0 R20
-2008920.549884 22465028.197866 11941891.256669 45000 R21
-14711811.200225 39469455.855612 -1300999.019060 44000 C03
-9583519.805403 40472005.974946 -5774562.251211 43000 C06
-6057770.193671 27977881.226532 31104235.073992 44000 C07
-4907714.160166 41397671.764597 3558392.943598 0 C09
2411604.226882 30609320.420944 29437938.683548 30000 C10
-9887158.791882 40204436.766879 -6559809.367782 47000 C16
time 2025/01/17 08:52:16.000
-6234412.520507 25428360.076207 -2107588.158088 51000 G07
9839786.199352 21416893.289733 12439988.482081 38000 G17
2063978.021900 24886362.719911 8796018.158444 37000 G30
-297275.664098 13678618.952860 21528921.206481 49000 R11
-9237785.177598 7728780.557471 22492148.136344 0 R20
-2008981.560697 22463382.512008 11944975.374880 46000 R21
-14711815.160396 39469453.760292 -1300959.536304 44000 C03
-9582260.502362 40471948.185637 -5777031.560177 43000 C06
-6058562.967340 27977227.266679 31104657.291642 44000 C07
-4906507.435030 41397997.822262 3555879.581248 0 C09
2410987.437165 30608507.657221 29438813.822990 30000 C10
-9885866.615811 40204331.985374 -6562298.613058 47000 C16
time 2025/01/17 08:52:17.000
-6234701.997062 25427964.273084 -2110754.582358 50000 G07
9838533.779213 21415998.358285 12442625.668791 36000 G17
2063437.139591 24887390.515038 8793160.362821 38000 G30
-299485.399828 13680569.537231 21527649.347762 50000 R11
-9238082.522582 7725712.574916 22493084.455290 0 R20
-2009042.774058 22461736.415849 11948059.206604 45000 R21
-14711819.120744 39469451.665219 -1300920.046621 45000 C03
-9581001.207121 40471890.209980 -5779500.838039 42000 C06
-6059355.836623 27976573.423602 31105079.345152 42000 C07
-4905300.661741 41398323.698758 3553366.199550 0 C09
2410370.529251 30607694.987701 29439688.809962 31000 C10
-9884574.454103 40204227.011638 -6564787.822822 46000 C16
time 2025/01/17 08:52:18.000
-6234991.427369 25427568.088020 -2113920.960190 50000 G07
9837281.073680 21415103.272425 12445262.593451 41000 G17
2062896.373812 24888417.986813 8790302.378319 41000 G30
-301694.845455 13682520.188131 21526376.972096 51000 R11
-9238380.142498 7722644.491439 22494020.234476 0 R20
-2009104.190025 22460089.909469 11951142.751732 48000 R21
-14711823.081271 39469449.570392 -1300880.550010 44000 C03
-9579741.919707 40471832.047977 -5781970.084790 44000 C06
-6060148.801505 27975919.697312 31105501.234520 44000 C07
2409753.503154 30606882.412405 29440563.644457 36000 C10
-9883282.306784 40204121.845673 -6567276.997061 45000 C16
time 2025/01/17 08:52:19.000
-6235280.811479 25427171.521007 -2117087.291524 50000 G07
3565911.047727 15228439.591712 21504360.129540 38000 G14
9836028.082765 21414208.032220 12447899.255979 36000 G17
2062355.724505 24889445.135235 8787444.204906 37000 G30
-303904.001003 13684470.905546 21525104.079475 51000 R11
-9238678.037350 7719576.307207 22494955.473857 0 R20
-2009165.808659 22458442.992885 11954226.010268 46000 R21
-14711827.041974 39469447.475813 -1300841.046472 44000 C03
-9578482.640146 40471773.699628 -5784439.300415 43000 C06
-6060941.861966 27975266.087825 31105922.959742 43000 C07
-4902886.970789 41398974.908219 3548339.378100 0 C09
2409136.358885 30606069.931343 29441438.326476 31000 C10
-9881990.173877 40204016.487480 -6569766.135775 45000 C16
time 2025/01/17 08:52:20.000
-6235570.149442 25426774.572045 -2120253.576284 50000 G07
3563313.087794 15229269.172535 21504179.043419 38000 G14
9834774.806451 21413312.637718 12450535.656350 35000 G17
2061815.191650 24890471.960237 8784585.842732 36000 G30
-306112.866353 13686421.689338 21523830.669964 51000 R11
-9238976.207154 7716508.022240 22495890.173437 0 R20
-2009227.630018 22456795.666196 11957308.982069 45000 R21
-14711831.002856 39469445.381482 -1300801.536006 44000 C03
-9577223.368465 40471715.164935 -5786908.484903 42000 C06
-6061735.017995 27974612.595152 31106344.520818 43000 C07
-4901680.053148 41399300.241177 3545825.938314 36000 C09
2408519.096469 30605257.544547 29442312.855998 31000 C10
-9880698.055418 40203910.937062 -6572255.238935 45000 C16
time 2025/01/17 08:52:21.000
-6235859.441304 25426377.241132 -2123419.814366 50000 G07
3560715.192315 15230098.890409 21503997.501399 35000 G14
9833521.244752 21412417.088988 12453171.794480 43000 G17
2061274.775218 24891498.461761 8781727.291917 41000 G30
-308321.441424 13688372.539400 21522556.743614 51000 R11
-9239274.651920 7713439.636628 22496824.333195 0 R20
-2009289.654158 22455147.929479 11960391.667028 48000 R21
-14711834.963915 39469443.287397 -1300762.018614 43000 C03
-9575964.104702 40471656.443899 -5789377.638218 44000 C06
-6062528.269564 27973959.219313 31106765.917742 44000 C07
2407901.715928 30604445.252048 29443187.233004 36000 C10
-9879405.951445 40203805.194421 -6574744.306505 46000 C16
time 2025/01/17 08:52:22.000
-6236148.687119 25425979.528260 -2126586.005732 50000 G07
3558117.361269 15230928.745339 21503815.503478 38000 G14
9832267.397655 21411521.386079 12455807.670338 34000 G17
2060734.475130 24892524.639856 8778868.552293 36000 G30
-310529.726268 13690323.455747 21521282.300395 50000 R11
-9239573.371640 7710371.150640 22497757.953057 0 R20
-2009351.881141 22453499.782733 11963474.065186 46000 R21
-14711838.925151 39469441.193559 -1300722.494295 44000 C03
-9574704.848878 40471597.536522 -5791846.760363 42000 C06
-6063321.616660 27973305.960321 31107187.150512 43000 C07
-4899266.073824 41399950.363470 3540799.001013 35000 C09
2407284.217242 30603633.053816 29444061.457539 30000 C10
-9878113.861970 40203699.259558 -6577233.338505 45000 C16
time 2025/01/17 08:52:23.000
-6236437.886937 25425581.433425 -2129752.150330 50000 G07
3555519.594765 15231758.737285 21503633.049661 38000 G14
9831013.265155 21410625.529049 12458443.283878 35000 G17
2060194.291380 24893550.494418 8776009.624110 36000 G30
-312737.720765 13692274.438236 21520007.340377 50000 R11
-9239872.366345 7707302.564160 22498691.033065 0 R20
-2009414.311023 22451851.226057 11966556.176398 46000 R21
-14711842.886565 39469439.099969 -1300682.963050 44000 C03
-9573445.601009 40471538.442803 -5794315.851341 42000 C06
-6064115.059274 27972652.818182 31107608.219132 44000 C07
-4898059.012147 41400275.152801 3538285.503426 36000 C09
2406666.600450 30602820.949903 29444935.529563 31000 C10
-9876821.787019 40203593.132475 -6579722.334923 45000 C16
time 2025/01/17 08:52:24.000
-6236727.040807 25425182.956623 -2132918.248073 50000 G07
3552921.892861 15232588.866224 21503450.139951 38000 G14
9829758.847254 21409729.517957 12461078.635037 34000 G17
2059654.223922 24894576.025429 8773150.507384 34000 G30
-314945.424878 13694225.486802 21518731.863583 50000 R11
-9240171.636036 7704233.877367 22499623.573173 0 R20
-2009476.943865 22450202.259505 11969638.000599 46000 R21
-14711846.848156 39469437.006625 -1300643.424878 43000 C03
-9572186.361133 40471479.162745 -5796784.911121 42000 C06
-6064908.597385 27971999.792913 31108029.123595 44000 C07
-4896851.902505 41400599.760911 3535771.986584 36000 C09
2406048.865560 30602008.940317 29445809.449078 31000 C10
-9875529.726627 40203486.813174 -6582211.295738 45000 C16
time 2025/01/17 08:52:25.000
-6237016.148779 25424784.097851 -2136084.298885 50000 G07
3550324.255619 15233419.132133 21503266.774352 38000 G14
9828504.143954 21408833.352864 12463713.723754 35000 G17
2059114.272720 24895601.232849 8770291.202186 34000 G30
-317152.838555 13696176.601366 21517455.870043 50000 R11
-9240471.180720 7701165.090371 22500555.573354 0 R20
-2009539.779723 22448552.883139 11972719.537716 46000 R21
-14711850.809925 39469434.913529 -1300603.879780 43000 C03
-9570927.129272 40471419.696347 -5799253.939699 43000 C06
-6065702.230975 27971346.884529 31108449.863900 45000 C07
-4895644.744913 41400924.187793 3533258.450484 36000 C09
2405431.012583 30601197.025072 29446683.216084 31000 C10
-9874237.680820 40203380.301657 -6584700.220933 45000 C16
time 2025/01/17 08:52:26.000
-6237305.210903 25424384.857107 -2139250.302695 50000 G07
3547726.683093 15234249.534992 21503082.952865 38000 G14
9827249.155253 21407937.033829 12466348.549977 35000 G17
2058574.437738 24896626.116640 8767431.708587 34000 G30
-319359.961744 13698127.781846 21516179.359789 50000 R11
-9240771.000407 7698096.203264 22501487.033589 0 R20
-2009602.818658 22446903.097018 11975800.787676 46000 R21
-14711854.771871 39469432.820680 -1300564.327756 44000 C03
-9569667.905459 40471360.043613 -5801722.937052 42000 C06
-6066495.960026 27970694.093045 31108870.440042 44000 C07
-4894437.539408 41401248.433439 3530744.895154 36000 C09
2404813.041534 30600385.204187 29447556.830574 31000 C10
-9872945.649630 40203273.597926 -6587189.110493 45000 C16
time 2025/01/17 08:52:27.000
-6237594.227227 25423985.234386 -2142416.259429 50000 G07
3545129.175356 15235080.074772 21502898.675494 38000 G14
9825993.881157 21407040.560915 12468983.113634 35000 G17
2058034.718936 24897650.676764 8764572.026652 34000 G30
-321566.794389 13700079.028161 21514902.332855 50000 R11
-9241071.095105 7695027.216165 22502417.953848 0 R20
-2009666.060727 22445252.901209 11978881.750391 46000 R21
-14711858.733994 39469430.728078 -1300524.768807 44000 C03
-9568408.689722 40471300.204542 -5804191.903162 41000 C06
-6067289.784519 27970041.418475 31109290.852020 43000 C07
-4893230.286012 41401572.497841 3528231.320600 35000 C09
2404194.952431 30599573.477685 29448430.292538 29000 C10
-9871653.633087 40203166.701983 -6589677.964399 45000 C16
time 2025/01/17 08:52:28.000
-6237883.197800 25423585.229690 -2145582.168983 51000 G07
3542531.732508 15235910.751438 21502713.942245 36000 G14
9824738.321668 21406143.934183 12471617.414665 35000 G17
2057495.116279 24898674.913184 8761712.156454 36000 G30
-323773.336415 13702030.340209 21513624.789285 49000 R11
-9241371.464822 7691958.129173 22503348.334110 0 R20
-2009729.505988 22443602.295786 11981962.425765 46000 R21
-14711862.696294 39469428.635723 -1300485.202932 44000 C03
-9567149.482100 40471240.179136 -5806660.837997 42000 C06
-6068083.704427 27969388.860842 31109711.099827 44000 C07
-4892022.984759 41401896.380989 3525717.726855 35000 C09
2403576.745288 30598761.845582 29449303.601969 30000 C10
-9870361.631234 40203059.613831 -6592166.782608 47000 C16
time 2025/01/17 08:52:29.000
-6238172.122673 25423184.843009 -2148748.031320 51000 G07
3539934.354567 15236741.564981 21502528.753118 35000 G14
9823482.476782 21405247.153688 12474251.453023 35000 G17
2056955.629725 24899698.825870 8758852.098037 35000 G30
-20274999.726820 14242964.090441 -5862947.625756 29000 R09
-325979.587790 13703981.717927 21512346.729099 49000 R11
-9241672.109568 7688888.942374 22504278.174354 0 R20
-2009793.154500 22441951.280796 11985042.813748 47000 R21
-14711866.658772 39469426.543615 -1300445.630133 43000 C03
-9565890.282613 40471179.967397 -5809129.741556 42000 C06
-6068877.719744 27968736.420151 31110131.183463 45000 C07
-4890815.635677 41402220.082877 3523204.113930 34000 C09
2402958.420118 30597950.307895 29450176.758865 30000 C10
-9869069.644082 40202952.333471 -6594655.565140 47000 C16
time 2025/01/17 08:52:30.000
-6238461.001900 25422784.074336 -2151913.846408 51000 G07
3537337.041578 15237572.515382 21502343.108114 35000 G14
9822226.346467 21404350.219469 12476885.228715 34000 G17
2056416.259223 24900722.414809 8755991.851401 35000 G30
-328185.548502 13705933.161273 21511068.152304 49000 R11
-9241973.029358 7685819.655816 22505207.474576 0 R20
-2009857.006323 22440299.856274 11988122.914311 47000 R21
-14711870.621426 39469424.451755 -1300406.050408 44000 C03
-9564631.091266 40471119.569324 -5811598.613867 42000 C06
-6069671.830463 27968084.096407 31110551.102934 45000 C07
-4889608.238773 41402543.603502 3520690.481802 35000 C09
2402339.976925 30597138.864628 29451049.763234 29000 C10
-9867777.671642 40202844.860903 -6597144.312013 48000 C16
time 2025/01/17 08:52:31.000
-6238749.835531 25422382.923668 -2155079.614166 50000 G07
3534739.793576 15238403.602626 21502157.007235 37000 G14
9820969.930734 21403453.131591 12479518.741662 33000 G17
2055877.004739 24901745.679960 8753131.416622 35000 G30
-330391.218487 13707884.670155 21509789.058940 51000 R11
-9242274.224200 7682750.269595 22506136.234753 0 R20
-2009921.061516 22438648.022293 11991202.727362 47000 R21
-14711874.584258 39469422.360141 -1300366.463758 45000 C03
-9563371.908096 40471058.984919 -5814067.454902 42000 C06
-6070466.036562 27967431.889628 31110970.858234 44000 C07
-4888400.794085 41402866.942852 3518176.830508 36000 C09
2401721.415729 30596327.515807 29451922.615063 31000 C10
-9866485.713951 40202737.196131 -6599633.023198 47000 C16
time 2025/01/17 08:52:32.000
-6239038.623611 25421981.391004 -2158245.334492 50000 G07
3532142.610665 15239234.826676 21501970.450486 37000 G14
9819713.229595 21402555.890124 12482151.991781 34000 G17
2055337.866249 24902768.621257 8750270.793847 33000 G30
-332596.597672 13709836.244473 21508509.449048 51000 R11
-9242575.694095 7679680.783885 22507064.454839 0 R20
-2009985.320135 22436995.778928 11994282.252796 47000 R21
-14711878.547267 39469420.268774 -1300326.870183 44000 C03
-9562112.733139 40470998.214184 -5816536.264625 42000 C06
-6071260.338016 27966779.799834 31111390.449357 44000 C07
-4887193.301642 41403190.100920 3515663.160067 37000 C09
2401102.736546 30595516.261451 29452795.314344 31000 C10
-9865193.771048 40202629.339155 -6602121.698661 46000 C16
time 2025/01/17 08:52:33.000
-6239327.366190 25421579.476346 -2161411.007291 50000 G07
3529545.492933 15240066.187500 21501783.437873 37000 G14
9818456.243065 21401658.495136 12484784.978986 33000 G17
2054798.843708 24903791.238681 8747409.983095 33000 G30
-334801.685985 13711787.884131 21507229.322674 51000 R11
-9242877.439059 7676611.198736 22507992.134827 32000 R20
-2010049.782239 22435343.126250 11997361.490519 47000 R21
-14711882.510452 39469418.177655 -1300287.269685 45000 C03
-9560853.566436 40470937.257120 -5819005.043001 42000 C06
-6072054.734803 27966127.827044 31111809.876298 44000 C07
-4885985.761485 41403513.077695 3513149.470519 37000 C09
2400483.939393 30594705.101581 29453667.861067 31000 C10
-9863901.842973 40202521.289981 -6604610.338364 46000 C16
time 2025/01/17 08:52:34.000
-6239616.063319 25421177.179685 -2164576.632518 50000 G07
3526948.440416 15240897.685083 21501595.969397 37000 G14
9817198.971123 21400760.946673 12487417.703261 33000 G17
2054259.937067 24904813.532213 8744548.984382 34000 G30
-337006.483393 13713739.589065 21505948.679836 51000 R11
-9243179.459086 7673541.514376 22508919.274656 31000 R20
-2010114.447887 22433690.064306 12000440.440486 47000 R21
-14711886.473815 39469416.086783 -1300247.662262 45000 C03
-9559594.407999 40470876.113727 -5821473.790045 41000 C06
-6072849.226911 27965475.971266 31112229.139056 43000 C07
-4884778.173621 41403835.873174 3510635.761842 37000 C09
2399865.024279 30593894.036210 29454540.255235 31000 C10
-9862609.929742 40202413.048608 -6607098.942317 46000 C16
time 2025/01/17 08:52:35.000
-6239904.715052 25420774.501013 -2167742.210149 50000 G07
3524351.453140 15241729.319411 21501408.045057 36000 G14
9815941.413752 21399863.244780 12490050.164588 34000 G17
2053721.146289 24905835.501816 8741687.797770 34000 G30
-339210.989882 13715691.359229 21504667.520545 51000 R11
-9243481.754204 7670471.730721 22509845.874359 31000 R20
-2010179.317138 22432036.593136 12003519.102659 46000 R21
-14711890.437354 39469413.996157 -1300208.047915 45000 C03
-9558335.257840 40470814.784007 -5823942.505771 42000 C06
-6073643.814337 27964824.232504 31112648.237637 43000 C07
-4883570.538065 41404158.487352 3508122.034023 37000 C09
2399245.991213 30593083.065346 29455412.496849 32000 C10
-9861318.031364 40202304.615037 -6609587.510543 46000 C16
time 2025/01/17 08:52:36.000
-6240193.321438 25420371.440326 -2170907.740102 50000 G07
3521754.531178 15242561.090460 21501219.664858 36000 G14
9814683.570955 21398965.389521 12492682.362900 35000 G17
2053182.471343 24906857.147442 8738826.423361 34000 G30
-341415.205390 13717643.194534 21503385.844837 51000 R11
-9243784.324418 7667401.847904 22510771.933903 31000 R20
-2010244.390050 22430382.712810 12006597.476947 46000 R21
-14711894.401070 39469411.905779 -1300168.426644 45000 C03
-9557076.115994 40470753.267961 -5826411.190154 42000 C06
-6074438.497058 27964172.610776 31113067.172037 43000 C07
-4882362.854851 41404480.920221 3505608.287090 37000 C09
2398626.840208 30592272.189006 29456284.585906 31000 C10
-9860026.147876 40202195.989271 -6612076.043013 46000 C16
time 2025/01/17 08:52:37.000
-6240481.882525 25419967.997624 -2174073.222291 51000 G07
3519157.674604 15243392.998199 21501030.828804 34000 G14
9813425.442739 21398067.380958 12495314.298128 36000 G17
2052643.912186 24907878.469062 8735964.861199 34000 G30
-343619.129854 13719595.094891 21502103.652749 50000 R11
-9244087.169740 7664331.865992 22511697.453275 0 R20
-2010309.666683 22428728.423393 12009675.563266 46000 R21
-14711898.364963 39469409.815648 -1300128.798450 45000 C03
-9555816.982492 40470691.565589 -5828879.843171 43000 C06
-6075233.275052 27963521.106098 31113485.942249 45000 C07
-4881155.124000 41404803.171774 3503094.521050 35000 C09
2398007.571280 30591461.407211 29457156.522397 30000 C10
-9858734.279311 40202087.171311 -6614564.539703 47000 C16
time 2025/01/17 08:52:38.000
-6240770.398361 25419564.172907 -2177238.656605 51000 G07
3516560.883523 15244225.042592 21500841.536902 34000 G14
9812167.029113 21397169.219159 12497945.970193 37000 G17
2052105.468783 24908899.466636 8733103.111357 33000 G30
-345822.763199 13721547.060196 21500820.944328 50000 R11
-9244390.290163 7661261.785237 22512622.432407 0 R20
-2010375.147092 22427073.724968 12012753.361504 46000 R21
-14711902.329033 39469407.725764 -1300089.163332 45000 C03
-9554557.857378 40470629.676895 -5831348.464776 43000 C06
-6076028.148294 27962869.718493 31113904.548268 46000 C07
-4879947.345569 41405125.241995 3500580.735973 34000 C09
2397388.184453 30590650.719991 29458028.306303 29000 C10
-9857442.425713 40201978.161162 -6617053.000568 48000 C16
time 2025/01/17 08:52:39.000
-6241058.868994 25419159.966174 -2180404.042966 51000 G07
3513964.157997 15245057.223615 21500651.789153 33000 G14
9810908.330086 21396270.904188 12500577.379026 38000 G17
2051567.141103 24909920.140114 8730241.173941 34000 G30
-348026.105366 13723499.090366 21499537.719609 50000 R11
-9244693.685705 7658191.605655 22513546.871300 0 R20
-2010440.831337 22425418.617596 12015830.871586 46000 R21
-14711906.293279 39469405.636127 -1300049.521292 44000 C03
-9553298.740680 40470567.601878 -5833817.054955 43000 C06
-6076823.116766 27962218.447974 31114322.990090 45000 C07
-4878739.519583 41405447.130878 3498066.931877 35000 C09
2396768.679740 30589840.127361 29458899.937623 29000 C10
-9856150.587111 40201868.958825 -6619541.425593 48000 C16
time 2025/01/17 08:52:40.000
-6241347.294476 25418755.377416 -2183569.381329 50000 G07
3511367.498057 15245889.541254 21500461.585559 33000 G14
9809649.345642 21395372.436093 12503208.524596 37000 G17
2051028.929095 24910940.489481 8727379.048951 34000 G30
-350229.156320 13725451.185336 21498253.978612 50000 R11
-9244997.356375 7655121.327343 22514470.769935 0 R20
-2010506.719476 22423763.101325 12018908.093460 46000 R21
-14711910.257703 39469403.546737 -1300009.872329 44000 C03
-9552039.632416 40470505.340541 -5836285.613715 42000 C06
-6077618.180456 27961567.294552 31114741.267715 45000 C07
-4877531.646062 41405768.838417 3495553.108758 35000 C09
2396149.057151 30589029.629334 29459771.416354 30000 C10
-9854858.763524 40201759.564301 -6622029.814784 48000 C16
time 2025/01/17 08:52:41.000
-6241635.674858 25418350.406630 -2186734.671639 50000 G07
3508770.903743 15246721.995493 21500270.926122 32000 G14
9808390.075777 21394473.814931 12505839.406861 37000 G17
2050490.832726 24911960.514698 8724516.736466 35000 G30
-352431.916024 13727403.345036 21496969.721361 50000 R11
-9245301.302182 7652050.950378 22515394.128294 0 R20
-2010572.811569 22422107.176212 12021985.027058 46000 R21
-14711914.222302 39469401.457595 -1299970.216444 44000 C03
-9550780.532610 40470442.892884 -5838754.141045 42000 C06
-6078413.339349 27960916.258236 31115159.381144 45000 C07
-4876323.725021 41406090.364606 3493039.266605 35000 C09
2395529.316699 30588219.225926 29460642.742493 29000 C10
-9853566.954977 40201649.977593 -6624518.168132 48000 C16
time 2025/01/17 08:52:42.000
-6241924.010191 25417945.053811 -2189899.913823 50000 G07
3506174.375133 15247554.586302 21500079.810845 33000 G14
9807130.520491 21393575.040761 12508470.025759 37000 G17
2049952.851951 24912980.215736 8721654.236527 35000 G30
-354634.384427 13729355.569389 21495684.947888 49000 R11
-9245605.523135 7648980.474873 22516316.946352 0 R20
-2010639.107673 22420450.842317 12025061.672311 46000 R21
-14711918.187078 39469399.368699 -1299930.553636 44000 C03
-9549521.441287 40470380.258907 -5841222.636937 43000 C06
-6079208.593431 27960265.339042 31115577.330374 45000 C07
-4875115.756489 41406411.709439 3490525.405436 34000 C09
2394909.458393 30587408.917147 29461513.916044 28000 C10
-9852275.161496 40201540.198702 -6627006.485627 48000 C16
time 2025/01/17 08:52:43.000
-6242212.300525 25417539.318955 -2193065.107817 50000 G07
3503577.912274 15248387.313662 21499888.239731 33000 G14
9805870.679782 21392676.113641 12511100.381241 37000 G17
2049414.986738 24913999.592551 8718791.549218 35000 G30
-356836.561477 13731307.858314 21494399.658222 50000 R11
-9245910.019244 7645909.900909 22517239.224091 0 R20
-2010705.607847 22418794.099697 12028138.029149 46000 R21
-14711922.152031 39469397.280051 -1299890.883906 44000 C03
-9548262.358474 40470317.438613 -5843691.101380 43000 C06
-6080003.942682 27959614.536981 31115995.115403 45000 C07
-4873907.740491 41406732.872908 3488011.525266 34000 C09
2394289.482248 30586598.703016 29462384.936999 28000 C10
-9850983.383109 40201430.227629 -6629494.767256 48000 C16
time 2025/01/17 08:52:44.000
-6242500.545909 25417133.202058 -2196230.253553 50000 G07
3500981.515244 15249220.177545 21499696.212784 32000 G14
9804610.553647 21391777.033628 12513730.473254 36000 G17
2048877.237041 24915018.645120 8715928.674573 37000 G30
-359038.447126 13733260.211734 21493113.852395 50000 R11
-9246214.790517 7642839.228597 22518160.961486 0 R20
-2010772.312149 22417136.948414 12031214.097496 46000 R21
-14711926.117160 39469395.191649 -1299851.207253 44000 C03
-9547003.284199 40470254.432003 -5846159.534358 43000 C06
-6080799.387087 27958963.852069 31116412.736229 45000 C07
-4872699.677059 41407053.855004 3485497.626115 34000 C09
2393669.388277 30585788.583550 29463255.805354 28000 C10
-9849691.619844 40201320.064377 -6631983.013008 48000 C16
time 2025/01/17 08:52:45.000
-6242788.746394 25416726.703117 -2199395.350953 50000 G07
3498385.184099 15250053.177928 21499503.730006 32000 G14
9803350.142076 21390877.800774 12516360.301765 35000 G17
2048339.602826 24916037.373399 8713065.612671 37000 G30
-361240.041322 13735212.629570 21491827.530436 49000 R11
-9246519.836962 7639768.458030 22519082.158516 0 R20
-2010839.220638 22415479.388529 12034289.877280 46000 R21
-14711930.082465 39469393.103495 -1299811.523679 44000 C03
-9545744.218488 40470191.239077 -5848627.935862 43000 C06
-6081594.926628 27958313.284319 31116830.192849 45000 C07
-4871491.566210 41407374.655722 3482983.707982 35000 C09
2393049.176498 30584978.558769 29464126.521100 27000 C10
-9848399.871726 40201209.708948 -6634471.222871 48000 C16
time 2025/01/17 08:52:46.000
-6243076.902030 25416319.822129 -2202560.399954 50000 G07
3495788.918881 15250886.314794 21499310.791400 35000 G14
9802089.445077 21389978.415143 12518989.866700 33000 G17
2047802.084053 24917055.777358 8710202.363565 40000 G30
-363441.344014 13737165.111741 21490540.692379 49000 R11
-9246825.158589 7636697.589297 22520002.815161 0 R20
-2010906.333372 22413821.420099 12037365.368433 46000 R21
-14711934.047947 39469391.015588 -1299771.833183 44000 C03
-9544485.161368 40470127.859837 -5851096.305877 42000 C06
-6082390.561291 27957662.833743 31117247.485261 45000 C07
-4870283.407985 41407695.275050 3480469.770905 36000 C09
2392428.846924 30584168.628692 29464997.084230 29000 C10
-9847108.138786 40201099.161344 -6636959.396829 47000 C16
time 2025/01/17 08:52:47.000
-6243365.012869 25415912.559085 -2205725.400519 50000 G07
3493192.719627 15251719.588128 21499117.396967 33000 G14
9800828.462632 21389078.876783 12521619.168040 31000 G17
2047264.680676 24918073.856973 8707338.927285 40000 G30
-365642.355177 13739117.658191 21489253.338237 51000 R11
-2010973.650410 22412163.043168 12040440.570911 45000 R21
-14711938.013605 39469388.927928 -1299732.135765 44000 C03
-9543226.112853 40470064.294283 -5853564.644415 42000 C06
-6083186.291066 27957012.500347 31117664.613469 43000 C07
-4869075.202381 41408015.712990 3477955.814840 38000 C09
2391808.399560 30583358.793322 29465867.494756 31000 C10
-9845816.421037 40200988.421565 -6639447.534897 47000 C16
time 2025/01/17 08:52:48.000
-6243653.078963 25415504.913981 -2208890.352585 50000 G07
3490596.586403 15252552.997903 21498923.546709 34000 G14
9799567.194731 21388179.185745 12524248.205748 29000 G17
2046727.392657 24919091.612210 8704475.303888 41000 G30
-367843.074763 13741070.268844 21487965.468040 51000 R11
-2011041.171811 22410504.257799 12043515.484637 45000 R21
-14711941.979440 39469386.840514 -1299692.431426 43000 C03
-9541967.072970 40470000.542417 -5856032.951464 42000 C06
-6083982.115934 27956362.284148 31118081.577469 43000 C07
-4867866.949430 41408335.969532 3475441.839811 38000 C09
2391187.834413 30582549.052669 29466737.752679 30000 C10
-9844524.718506 40200877.489614 -6641935.637061 46000 C16
time 2025/01/17 08:52:49.000
-6243941.100356 25415096.886820 -2212055.256026 50000 G07
3488000.519323 15253386.544079 21498729.240635 34000 G14
9798305.641433 21387279.342132 12526876.979644 26000 G17
2046190.219966 24920109.043015 8701611.493487 42000 G30
-370043.502688 13743022.943589 21486677.081840 51000 R11
-2011108.897631 22408845.064081 12046590.109485 45000 R21
-14711945.945451 39469384.753348 -1299652.720165 43000 C03
-9540708.041767 40469936.604241 -5858501.226972 42000 C06
-6084778.035867 27955712.185169 31118498.377252 43000 C07
-4866658.649175 41408656.044665 3472927.845863 38000 C09
2390567.151516 30581739.406775 29467607.857969 31000 C10
-9843233.031243 40200766.365494 -6644423.703271 46000 C16
time 2025/01/17 08:52:50.000
-6244229.077096 25414688.477602 -2215220.110745 50000 G07
3485404.518472 15254220.226625 21498534.478749 33000 G14
9797043.802664 21386379.345949 12529505.489827 21000 G17
2045653.162571 24921126.149344 8698747.496175 41000 G30
-372243.638881 13744975.682331 21485388.179679 51000 R11
-2011176.827928 22407185.462082 12049664.445367 45000 R21
-14711949.911637 39469382.666429 -1299613.001985 43000 C03
-9539449.019279 40469872.479756 -5860969.470909 42000 C06
-6085574.050842 27955062.203427 31118915.012813 43000 C07
-4865450.301655 41408975.938377 3470413.833042 38000 C09
2389946.350885 30580929.855659 29468477.810618 31000 C10
-9841941.359285 40200655.049207 -6646911.733491 46000 C16
time 2025/01/17 08:52:51.000
-6244517.009236 25414279.686320 -2218384.916706 50000 G07
3482808.583874 15255054.045530 21498339.261051 33000 G14
2045116.220424 24922142.931177 8695883.311964 42000 G30
-374443.483313 13746928.485009 21484098.761574 51000 R11
-2011244.962762 22405525.451852 12052738.492231 45000 R21
-14711953.878000 39469380.579757 -1299573.276884 44000 C03
-9538190.005520 40469808.168963 -5863437.683285 42000 C06
-6086370.160848 27954412.338932 31119331.484153 44000 C07
-4864241.906884 41409295.650665 3467899.801329 38000 C09
2389325.432530 30580120.399333 29469347.610626 31000 C10
-9840649.702649 40200543.540756 -6649399.727731 47000 C16
time 2025/01/17 08:52:52.000
-6244804.896829 25413870.512965 -2221549.673878 50000 G07
3480212.715570 15255888.000775 21498143.587544 35000 G14
2044579.393480 24923159.388491 8693018.940888 41000 G30
-376643.035961 13748881.351568 21482808.827541 51000 R11
-2011313.302191 22403865.033424 12055812.250052 45000 R21
-14711957.844540 39469378.493333 -1299533.544862 45000 C03
-9536931.000505 40469743.671862 -5865905.864117 42000 C06
-6087166.365880 27953762.591688 31119747.791276 44000 C07
-4863033.464872 41409615.181525 3465385.750709 36000 C09
2388704.396451 30579311.037796 29470217.258009 30000 C10
-9839358.061348 40200431.840141 -6651887.686007 46000 C16
time 2025/01/17 08:52:53.000
-6245092.739924 25413460.957536 -2224714.382177 50000 G07
3477616.913620 15256722.092339 21497947.458229 36000 G14
2044042.681706 24924175.521242 8690154.383028 41000 G30
-378842.296771 13750834.281925 21481518.377613 49000 R11
-2011381.846273 22402204.206875 12058885.718730 46000 R21
-14711961.811255 39469376.407155 -1299493.805919 45000 C03
-9535672.004265 40469678.988456 -5868374.013377 43000 C06
-6087962.665917 27953112.961711 31120163.934178 45000 C07
-4861824.975654 41409934.530948 3462871.681207 35000 C09
2388083.242661 30578501.771063 29471086.752763 27000 C10
-9838066.435413 40200319.947364 -6654375.608300 47000 C16
time 2025/01/17 08:52:54.000
-6245380.538567 25413051.020034 -2227879.041486 50000 G07
3475021.178122 15257556.320184 21497750.873114 36000 G14
2043506.085068 24925191.329384 8687289.638482 41000 G30
-381041.265650 13752787.275965 21480227.411846 49000 R11
-2011450.595066 22400542.972287 12061958.898149 46000 R21
-14711965.778146 39469374.321224 -1299454.060057 44000 C03
-9534413.016849 40469614.118746 -5870842.131017 43000 C06
-6088759.060928 27952463.449027 31120579.912849 46000 C07
-4860616.439271 41410253.698922 3460357.592872 34000 C09
2387461.971193 30577692.599179 29471956.094855 27000 C10
-9836774.824891 40200207.862428 -6656863.494557 47000 C16
time 2025/01/17 08:52:55.000
-6245668.292810 25412640.700453 -2231043.651757 50000 G07
3472425.509103 15258390.684298 21497553.832198 36000 G14
2042969.603524 24926206.812890 8684424.707286 42000 G30
-383239.942566 13754740.333624 21478935.930259 49000 R11
-2011519.548629 22398881.329708 12065031.788261 47000 R21
6302620.173070 23827533.344043 -6516045.615966 38000 R22
-14711969.745213 39469372.235540 -1299414.307275 44000 C03
-9533154.038271 40469549.062733 -5873310.217042 43000 C06
-6089555.550904 27951814.053643 31120995.727290 46000 C07
-4859407.855748 41410572.685441 3457843.485713 35000 C09
2386840.582057 30576883.522154 29472825.284285 27000 C10
-9835483.229803 40200095.585336 -6659351.344781 47000 C16
time 2025/01/17 08:52:56.000
-6245956.002706 25412229.998786 -2234208.212959 50000 G07
3469829.906605 15259225.184665 21497356.335483 36000 G14
2042433.237028 24927221.971736 8681559.589472 41000 G30
-385438.327497 13756693.454849 21477643.932867 49000 R11
-2011588.707020 22397219.279178 12068104.389031 47000 R21
6302893.268858 23828401.711824 -6512619.725179 37000 R22
-14711973.712456 39469370.150104 -1299374.547574 44000 C03
-9531895.068544 40469483.820417 -5875778.271471 43000 C06
-6090352.135836 27951164.775564 31121411.377506 45000 C07
-4858199.225091 41410891.490502 3455329.359699 35000 C09
2386219.075252 30576074.539986 29473694.321072 27000 C10
-9834191.650161 40199983.116087 -6661839.158990 47000 C16
time 2025/01/17 08:52:57.000
-6246243.668304 25411818.915031 -2237372.725005 50000 G07
3467234.370718 15260059.821250 21497158.382976 36000 G14
2041896.985547 24928236.805882 8678694.285118 41000 G30
-387636.420381 13758646.639549 21476351.419708 49000 R11
-2011658.070297 22395556.820765 12071176.700370 47000 R21
6303166.373139 23829269.593227 -6509193.677633 37000 R22
-14711977.679875 39469368.064914 -1299334.780953 44000 C03
-9530636.107702 40469418.391800 -5878246.294276 43000 C06
-6091148.815705 27950515.614809 31121826.863490 45000 C07
-4856990.547338 41411210.114095 3452815.214869 35000 C09
2385597.450800 30575265.652702 29474563.205197 27000 C10
-9832900.085999 40199870.454684 -6664326.937158 47000 C16
time 2025/01/17 08:52:58.000
-6246531.289652 25411407.449185 -2240537.187816 50000 G07
3464638.901503 15260894.594030 21496959.974678 36000 G14
2041360.849041 24929251.315290 8675828.794288 41000 G30
-389834.221161 13760599.887638 21475058.390817 48000 R11
-2011727.638518 22393893.954539 12074248.722190 47000 R21
6303439.485834 23830136.988227 -6505767.473443 36000 R22
-14711981.647469 39469365.979972 -1299295.007412 44000 C03
-9529377.155778 40469352.776884 -5880714.285432 43000 C06
-6091945.590489 27949866.571394 31122242.185239 45000 C07
-4855781.822513 41411528.556214 3450301.051230 35000 C09
2384975.708715 30574456.860320 29475431.936657 27000 C10
-9831608.537350 40199757.601130 -6666814.679263 47000 C16
time 2025/01/17 08:52:59.000
-6246818.866802 25410995.601246 -2243701.601317 50000 G07
3462043.499014 15261729.502984 21496761.110593 36000 G14
2040824.827475 24930265.499921 8672963.117060 40000 G30
-392031.729784 13762553.199037 21473764.846226 48000 R11
-2011797.411741 22392230.680560 12077320.454418 47000 R21
6303712.606866 23831003.896804 -6502341.112697 37000 R22
-14711985.615240 39469363.895276 -1299255.226953 44000 C03
-9528118.212800 40469286.975669 -5883182.244927 43000 C06
-6092742.460170 27949217.645332 31122657.342751 45000 C07
-4854573.050645 41411846.816849 3447786.868804 35000 C09
2384353.849011 30573648.162857 29476300.515446 27000 C10
-9830317.004242 40199644.555427 -6669302.385288 47000 C16
time 2025/01/17 08:53:00.000
-6247106.399801 25410583.371211 -2246865.965433 50000 G07
3459448.163315 15262564.548086 21496561.790723 34000 G14
2040288.920805 24931279.359749 8670097.253473 40000 G30
-394228.946198 13764506.573665 21472470.785966 50000 R11
-2011867.390025 22390566.998889 12080391.896979 45000 R21
6303985.736161 23831870.318946 -6498914.595464 32000 R22
-14711989.583186 39469361.810828 -1299215.439575 44000 C03
-9526859.278795 40469220.988158 -5885650.172746 42000 C06
-6093539.424732 27948568.836638 31123072.336023 43000 C07
-4853364.231769 41412164.895992 3445272.667618 36000 C09
2383731.871707 30572839.560336 29477168.941553 30000 C10
-9829025.486708 40199531.317577 -6671790.055216 46000 C16
time 2025/01/17 08:53:01.000
-6247393.888699 25410170.759078 -2250030.280086 50000 G07
3456852.894490 15263399.729306 21496362.015075 32000 G14
2039753.129001 24932292.894722 8667231.203628 39000 G30
-396425.870342 13766460.011432 21471176.210076 50000 R11
-2011937.573427 22388902.909596 12083463.049786 45000 R21
6304258.873640 23832736.254629 -6495487.921848 30000 R22
-14711993.551308 39469359.726626 -1299175.645279 44000 C03
-9525600.353797 40469154.814351 -5888118.068863 42000 C06
-6094336.484152 27947920.145329 31123487.165050 43000 C07
-4852155.365909 41412482.793636 3442758.447682 36000 C09
2383109.776814 30572031.052773 29478037.214974 31000 C10
-9827733.984778 40199417.887582 -6674277.689024 46000 C16
time 2025/01/17 08:53:02.000
-6247681.333545 25409757.764845 -2253194.545191 50000 G07
3454257.692599 15264235.046620 21496161.783651 34000 G14
2039217.452022 24933306.104811 8664364.967578 39000 G30
-398622.502159 13768413.512254 21469881.118590 49000 R11
-2012007.962005 22387238.412755 12086533.912737 46000 R21
6304532.019223 23833601.703816 -6492061.092013 32000 R22
-14711997.519605 39469357.642672 -1299135.844064 44000 C03
-9524341.437835 40469088.454251 -5890585.933259 42000 C06
-6095133.638413 27947271.571420 31123901.829830 44000 C07
-4850946.453094 41412800.509772 3440244.209018 36000 C09
2382487.564341 30571222.640175 29478905.335715 30000 C10
-9826442.498486 40199304.265446 -6676765.286692 46000 C16
time 2025/01/17 08:53:03.000
-6247968.734390 25409344.388507 -2256358.760694 50000 G07
3451662.557703 15265070.500005 21495961.096455 34000 G14
2038681.889827 24934318.989985 8661498.545371 39000 G30
-400818.841605 13770367.076056 21468585.511535 50000 R11
-2012078.555818 22385573.508414 12089604.485785 45000 R21
6304805.172838 23834466.666511 -6488634.105956 28000 R22
-14712001.488078 39469355.558965 -1299096.035932 44000 C03
-9523082.530933 40469021.907858 -5893053.765929 42000 C06
-6095930.887499 27946623.114922 31124316.330360 44000 C07
-4849737.493354 41413118.044393 3437729.951641 36000 C09
2381865.234311 30570414.322574 29479773.303756 31000 C10
-9825151.027853 40199190.451168 -6679252.848216 46000 C16
time 2025/01/17 08:53:04.000
-6248256.091286 25408930.630059 -2259522.926534 50000 G07
3449067.489836 15265906.089445 21495759.953487 31000 G14
2038146.442375 24935331.550212 8658631.937059 39000 G30
-403014.888640 13772320.702769 21467289.388937 50000 R11
-2012149.354923 22383908.196624 12092674.768876 45000 R21
-14712005.456726 39469353.475505 -1299056.220882 44000 C03
-9521823.633117 40468955.175173 -5895521.566865 42000 C06
-6096728.231397 27945974.775848 31124730.666642 43000 C07
-4848528.486705 41413435.397494 3435215.675547 38000 C09
2381242.786732 30569606.099977 29480641.119102 31000 C10
-9823859.572905 40199076.444752 -6681740.373589 46000 C16
time 2025/01/17 08:53:05.000
-6248543.404281 25408516.489499 -2262687.042641 50000 G07
3446472.489074 15266741.814912 21495558.354752 32000 G14
2037611.109629 24936343.785455 8655765.142713 39000 G30
-405210.643214 13774274.392314 21465992.750826 51000 R11
-2012220.359379 22382242.477451 12095744.761924 45000 R21
-14712009.425550 39469351.392292 -1299016.398915 44000 C03
-9520564.744408 40468888.256197 -5897989.336059 42000 C06
-6097525.670090 27945326.554209 31125144.838672 44000 C07
-4847319.433178 41413752.569065 3432701.380755 38000 C09
2380620.221615 30568797.972398 29481508.781751 32000 C10
-9822568.133668 40198962.246200 -6684227.862800 46000 C16
time 2025/01/17 08:53:06.000
-6248830.673427 25408101.966822 -2265851.108950 50000 G07
3443877.555478 15267577.676382 21495356.300254 33000 G14
2037075.891549 24937355.695681 8652898.162389 38000 G30
-407406.105280 13776228.144612 21464695.597233 51000 R11
-2012291.569245 22380576.350955 12098814.464858 46000 R21
-14712013.394549 39469349.309326 -1298976.570030 44000 C03
-9519305.864835 40468821.150932 -5900457.073502 43000 C06
-6098323.203559 27944678.450021 31125558.846448 44000 C07
-4846110.332793 41414069.559103 3430187.067269 37000 C09
2379997.538977 30567989.939860 29482376.291693 32000 C10
-9821276.710170 40198847.855512 -6686715.315838 46000 C16
time 2025/01/17 08:53:07.000
-6249117.898773 25407687.062025 -2269015.125385 50000 G07
3441282.689098 15268413.673834 21495153.789994 36000 G14
2036540.788097 24938367.280854 8650030.996148 38000 G30
-409601.274782 13778181.959583 21463397.928189 50000 R11
-2012362.984577 22378909.817201 12101883.877600 47000 R21
-14712017.363724 39469347.226607 -1298936.734227 44000 C03
-9518046.994426 40468753.859379 -5902924.779173 42000 C06
-6099120.831790 27944030.463297 31125972.689968 45000 C07
-4844901.185580 41414386.367597 3427672.735108 36000 C09
2379374.738824 30567182.002367 29483243.648936 30000 C10
-9819985.302440 40198733.272692 -6689202.732684 46000 C16
time 2025/01/17 08:53:08.000
-6249405.080370 25407271.775105 -2272179.091882 50000 G07
3438687.890006 15269249.807241 21494950.823977 36000 G14
2036005.799234 24939378.540941 8647163.644050 38000 G30
-411796.151675 13780135.837149 21462099.743725 49000 R11
-2012434.605435 22377242.876243 12104953.000086 47000 R21
-14712021.333074 39469345.144135 -1298896.891508 44000 C03
-9516788.133211 40468686.381540 -5905392.453058 43000 C06
-6099918.554763 27943382.594051 31126386.369230 45000 C07
-4843691.991561 41414702.994542 3425158.384276 36000 C09
2378751.821180 30566374.159950 29484110.853461 29000 C10
-9818693.910506 40198618.497741 -6691690.113329 46000 C16
time 2025/01/17 08:53:09.000
-6249692.218266 25406856.106058 -2275343.008367 50000 G07
3436093.158258 15270086.076582 21494747.402206 36000 G14
2035470.924920 24940389.475907 8644296.106155 37000 G30
-413990.735910 13782089.777232 21460801.043871 49000 R11
-2012506.431876 22375575.528142 12108021.832244 47000 R21
-14712025.302599 39469343.061910 -1298857.041872 44000 C03
-9515529.281215 40468618.717415 -5907860.095144 43000 C06
-6100716.372463 27942734.842295 31126799.884231 45000 C07
-4842482.750770 41415019.439929 3422644.014803 36000 C09
2378128.786059 30565566.412628 29484977.905261 29000 C10
-9817402.534395 40198503.530661 -6694177.457759 46000 C16
time 2025/01/17 08:53:10.000
-6249979.312513 25406440.054883 -2278506.874771 50000 G07
3433498.493910 15270922.481833 21494543.524683 33000 G14
2034936.165116 24941400.085718 8641428.382526 37000 G30
-416185.027434 13784043.779753 21459501.828658 50000 R11
-2012578.463958 22373907.772957 12111090.374004 45000 R21
-14712029.272300 39469340.979932 -1298817.185319 44000 C03
-9514270.438461 40468550.867006 -5910327.705428 43000 C06
-6101514.284872 27942087.208043 31127213.234970 44000 C07
-4841273.463232 41415335.703751 3420129.626697 37000 C09
2377505.633470 30564758.760408 29485844.804341 32000 C10
-9816111.174137 40198388.371455 -6696664.765956 46000 C16
time 2025/01/17 08:53:11.000
-6250266.363162 25406023.621572 -2281670.691035 50000 G07
3430903.897005 15271759.022977 21494339.191411 33000 G14
2034401.519781 24942410.370345 8638560.473204 37000 G30
-418379.026202 13785997.844633 21458202.098115 51000 R11
-2012650.701740 22372239.610751 12114158.625291 46000 R21
-14712033.242175 39469338.898201 -1298777.321850 44000 C03
-9513011.604979 40468482.830314 -5912795.283893 43000 C06
-6102312.291976 27941439.691309 31127626.421445 43000 C07
-4840064.128968 41415651.786001 3417615.219964 37000 C09
2376882.363426 30563951.203310 29486711.550696 32000 C10
-9814819.829754 40198273.020125 -6699152.037921 45000 C16
time 2025/01/17 08:53:12.000
-6250553.370260 25405606.806126 -2284834.457078 50000 G07
3428309.367627 15272595.699982 21494134.402395 33000 G14
2033866.988877 24943420.329749 8635692.378266 37000 G30
-420572.732157 13787951.971790 21456901.852278 51000 R11
-2012723.145279 22370571.041589 12117226.586020 46000 R21
-14712037.212227 39469336.816717 -1298737.451464 44000 C03
-9511752.780795 40468414.607340 -5915262.830525 43000 C06
-6103110.393754 27940792.292107 31128039.443652 43000 C07
-4838854.748009 41415967.686672 3415100.794624 37000 C09
2376258.975941 30563143.741349 29487578.144319 31000 C10
-9813528.501279 40198157.476672 -6701639.273629 46000 C16
time 2025/01/17 08:53:13.000
-6250840.333858 25405189.608541 -2287998.172829 50000 G07
3425714.905829 15273432.512826 21493929.157638 35000 G14
2033332.572370 24944429.963891 8632824.097785 36000 G30
-422766.145247 13789906.161142 21455601.091179 51000 R11
-2012795.794633 22368902.065536 12120294.256114 47000 R21
-14712041.182452 39469334.735480 -1298697.574163 42000 C03
-9510493.965942 40468346.198087 -5917730.345301 44000 C06
-6103908.590190 27940145.010451 31128452.301589 44000 C07
-4837645.320383 41416283.405755 3412586.350694 37000 C09
2375635.471029 30562336.374542 29488444.585208 31000 C10
-9812237.188739 40198041.741098 -6704126.473069 45000 C16
time 2025/01/17 08:53:14.000
-6251127.254006 25404772.028814 -2291161.838213 49000 G07
3423120.511694 15274269.461481 21493723.457144 31000 G14
2032798.270213 24945439.272746 8629955.631792 36000 G30
-424959.265422 13791860.412609 21454299.814848 51000 R11
-2012868.649860 22367232.682651 12123361.635502 48000 R21
-14712045.152854 39469332.654491 -1298657.689946 43000 C03
-9509235.160445 40468277.602554 -5920197.828213 44000 C06
-6104706.881264 27939497.846356 31128864.995253 44000 C07
-4836435.846118 41416598.943243 3410071.888190 38000 C09
2375011.848708 30561529.102910 29489310.873353 29000 C10
-9810945.892168 40197925.813407 -6706613.636217 45000 C16
time 2025/01/17 08:53:15.000
-6251414.130754 25404354.066943 -2294325.453161 50000 G07
3420526.185276 15275106.545922 21493517.300916 31000 G14
2032264.082376 24946448.256267 8627086.980388 36000 G30
-427152.092639 13793814.726118 21452998.023313 51000 R11
-2012941.711018 22365562.892990 12126428.724119 48000 R21
-14712049.123430 39469330.573748 -1298617.798813 43000 C03
-9507976.364328 40468208.820745 -5922665.279251 44000 C06
-6105505.266963 27938850.799834 31129277.524644 43000 C07
-4835226.325238 41416914.299129 3407557.407123 37000 C09
2374388.108987 30560721.926467 29490177.008753 28000 C10
-9809654.611589 40197809.693600 -6709100.763067 46000 C16
time 2025/01/17 08:53:16.000
-6251700.964153 25403935.722921 -2297489.017613 50000 G07
3417931.926593 15275943.766141 21493310.688955 33000 G14
2031730.008817 24947456.914421 8624218.143624 35000 G30
-429344.626845 13795769.101589 21451695.716606 51000 R11
-2013014.978166 22363892.696617 12129495.521890 48000 R21
-14712053.094181 39469328.493252 -1298577.900765 43000 C03
-9506717.577620 40468139.852658 -5925132.698401 44000 C06
-6106303.747268 27938203.870898 31129689.889757 43000 C07
-4834016.757764 41417229.473407 3405042.907492 37000 C09
2373764.251883 30559914.845232 29491042.991401 28000 C10
-9808363.347032 40197693.381679 -6711587.853605 46000 C16
time 2025/01/17 08:53:17.000
-6251987.754252 25403516.996748 -2300652.531494 49000 G07
3415337.735763 15276781.122094 21493103.621268 32000 G14
2031196.049497 24948465.247178 8621349.121555 34000 G30
-431536.867988 13797723.538938 21450392.894760 51000 R11
-2013088.451361 22362222.093592 12132562.028739 48000 R21
-14712057.065107 39469326.413003 -1298537.995802 43000 C03
-9505458.800349 40468070.698297 -5927600.085647 44000 C06
-6107102.322160 27937557.059565 31130102.090592 43000 C07
-4832807.143727 41417544.466069 3402528.389320 37000 C09
2373140.277409 30559107.859222 29491908.821291 28000 C10
-9807072.098522 40197576.877647 -6714074.907820 46000 C16
time 2025/01/17 08:53:18.000
-6252274.501100 25403097.888421 -2303815.994731 49000 G07
3412743.612836 15277618.613762 21492896.097857 31000 G14
2030662.204377 24949473.254500 8618479.914248 34000 G30
-433728.816020 13799678.038089 21449089.557805 51000 R11
-2013162.130661 22360551.083978 12135628.244592 48000 R21
-14712061.036207 39469324.333002 -1298498.083924 43000 C03
-9504200.032543 40468001.357663 -5930067.440975 44000 C06
-6107900.991624 27936910.365846 31130514.127145 43000 C07
-4831597.483158 41417859.277106 3400013.852632 37000 C09
2372516.185576 30558300.968448 29492774.498426 28000 C10
-9805780.866087 40197460.181504 -6716561.925701 46000 C16
time 2025/01/17 08:53:19.000
-6252561.204749 25402678.397935 -2306979.407256 50000 G07
3410149.557845 15278456.241130 21492688.118725 32000 G14
2030128.473417 24950480.936359 8615610.521746 33000 G30
-435920.470893 13801632.598964 21447785.705772 51000 R11
-2013236.016124 22358879.667835 12138694.169377 48000 R21
-14712065.007483 39469322.253247 -1298458.165132 43000 C03
-9502941.274228 40467931.830756 -5932534.764374 44000 C06
-6108699.755645 27936263.789754 31130925.999415 43000 C07
-4830387.776077 41418173.906512 3397499.297429 37000 C09
2371891.976400 30557494.172932 29493640.022796 28000 C10
-9804489.649758 40197343.293254 -6719048.907228 46000 C16
time 2025/01/17 08:53:20.000
-6252847.865249 25402258.525287 -2310142.769004 50000 G07
3407555.570882 15279294.004163 21492479.683876 32000 G14
2029594.856576 24951488.292719 8612740.944115 33000 G30
-438111.832555 13803587.221482 21446481.338692 51000 R11
-2013310.107809 22357207.845224 12141759.803021 48000 R21
-14712068.978934 39469320.173739 -1298418.239425 43000 C03
-9501682.525430 40467862.117579 -5935002.055833 44000 C06
-6109498.614202 27935617.331305 31131337.707399 43000 C07
-4829178.022515 41418488.354279 3394984.723730 36000 C09
2371267.649894 30556687.472687 29494505.394398 28000 C10
-9803198.449562 40197226.212899 -6721535.852392 46000 C16
time 2025/01/17 08:53:21.000
-6253134.482649 25401838.270475 -2313306.079899 50000 G07
3404961.651982 15280131.902846 21492270.793313 32000 G14
2029061.353819 24952495.323540 8609871.181433 33000 G30
-440302.900957 13805541.905564 21445176.456596 51000 R11
-2013384.405773 22355535.616207 12144825.145448 48000 R21
-14712072.950559 39469318.094479 -1298378.306803 43000 C03
-9500423.786177 40467792.218132 -5937469.315336 44000 C06
-6110297.567280 27934970.990511 31131749.251095 43000 C07
-4827968.222497 41418802.620400 3392470.131546 37000 C09
2370643.206072 30555880.867734 29495370.613227 28000 C10
-9801907.265527 40197108.940440 -6724022.761175 46000 C16
time 2025/01/17 08:53:22.000
-6253421.056999 25401417.633496 -2316469.339877 50000 G07
3402367.801232 15280969.937146 21492061.447040 33000 G14
2028527.965105 24953502.028794 8607001.233741 33000 G30
-442493.676047 13807496.651130 21443871.059516 51000 R11
-2013458.910073 22353862.980844 12147890.196589 48000 R21
-14712076.922358 39469316.015465 -1298338.367268 43000 C03
-9499165.056498 40467722.132416 -5939936.542868 44000 C06
-6111096.614862 27934324.767386 31132160.630501 44000 C07
-4826758.376051 41419116.704868 3389955.520894 37000 C09
2370018.644953 30555074.358094 29496235.679270 28000 C10
-9800616.097679 40196991.475880 -6726509.633570 46000 C16
time 2025/01/17 08:53:23.000
-6253707.588350 25400996.614346 -2319632.548861 50000 G07
3399774.018673 15281808.107046 21491851.645060 33000 G14
2027994.690395 24954508.408443 8604131.101109 33000 G30
-444684.157776 13809451.458101 21442565.147484 51000 R11
-2013533.620768 22352189.939197 12150954.956367 48000 R21
-14712080.894333 39469313.936699 -1298298.420818 43000 C03
-9497906.336417 40467651.860434 -5942403.738420 44000 C06
-6111895.756930 27933678.661943 31132571.845615 43000 C07
-4825548.483201 41419430.607675 3387440.891785 37000 C09
2369393.966542 30554267.943774 29497100.592535 28000 C10
-9799324.946050 40196873.819221 -6728996.469558 45000 C16
time 2025/01/17 08:53:24.000
-6253994.076751 25400575.213023 -2322795.706787 50000 G07
3397180.304360 15282646.412525 21491641.387375 33000 G14
2027461.529648 24955514.462457 8601260.783587 33000 G30
-446874.346096 13811406.326397 21441258.720529 51000 R11
-2013608.537916 22350516.491328 12154019.424710 49000 R21
-14712084.866482 39469311.858179 -1298258.467455 43000 C03
-9496647.625964 40467581.402187 -5944870.901978 44000 C06
-6112694.993467 27933032.674197 31132982.896434 44000 C07
-4824338.543974 41419744.328815 3384926.244230 37000 C09
2368769.170859 30553461.624796 29497965.353012 28000 C10
-9798033.810665 40196755.970465 -6731483.269127 46000 C16
time 2025/01/17 08:53:25.000
-6254280.522252 25400153.429522 -2325958.813582 50000 G07
3394586.658373 15283484.853551 21491430.673990 34000 G14
2026928.482829 24956520.190795 8598390.281256 34000 G30
-449064.240953 13813361.255939 21439951.778684 51000 R11
-2013683.661574 22348842.637299 12157083.601540 49000 R21
-14712088.838805 39469309.779907 -1298218.507179 43000 C03
-9495388.925165 40467510.757675 -5947338.033524 44000 C06
-6113494.324457 27932386.804160 31133393.782956 43000 C07
-4823128.558398 41420057.868279 3382411.578248 37000 C09
2368144.257913 30552655.401173 29498829.960699 28000 C10
-9796742.691553 40196637.929614 -6733970.032264 46000 C16
time 2025/01/17 08:53:26.000
-6254566.924903 25399731.263843 -2329121.869175 50000 G07
3391993.080755 15284323.430106 21491219.504908 35000 G14
2026395.549897 24957525.593427 8595519.594165 34000 G30
-451253.842300 13815316.246647 21438644.321980 51000 R11
-2013758.991799 22347168.377170 12160147.486789 49000 R21
-14712092.811304 39469307.701881 -1298178.539990 43000 C03
-9494130.234047 40467439.926900 -5949805.133052 43000 C06
-6114293.749881 27931741.051847 31133804.505180 43000 C07
-4821918.526496 41420371.226061 3379896.893845 37000 C09
2367519.227723 30551849.272928 29499694.415586 28000 C10
-9795451.588743 40196519.696671 -6736456.758956 46000 C16
time 2025/01/17 08:53:27.000
-6254853.284755 25399308.715980 -2332284.873498 50000 G07
3389399.571579 15285162.142162 21491007.880133 35000 G14
2025862.730811 24958530.670321 8592648.722367 34000 G30
-453443.150087 13817271.298443 21437336.350448 51000 R11
-2013834.528651 22345493.711004 12163211.080381 49000 R21
6311363.071806 23855079.779081 -6406339.789811 37000 R22
-14712096.783976 39469305.624103 -1298138.565887 43000 C03
-9492871.552638 40467368.909864 -5952272.200542 44000 C06
-6115093.269723 27931095.417272 31134215.063101 43000 C07
-4820708.448301 41420684.402153 3377382.191045 37000 C09
2366894.080298 30551043.240072 29500558.717675 28000 C10
-9794160.502260 40196401.271637 -6738943.449191 46000 C16
time 2025/01/17 08:53:28.000
-6255139.601859 25398885.785930 -2335447.826493 51000 G07
3386806.130896 15286000.989700 21490795.799668 35000 G14
2025330.025534 24959535.421440 8589777.665928 35000 G30
-455632.164271 13819226.411252 21436027.864116 51000 R11
-2013910.272187 22343818.638855 12166274.382252 49000 R21
6311636.401537 23855932.573950 -6402908.925079 37000 R22
-14712100.756823 39469303.546571 -1298098.584872 43000 C03
-9491612.880962 40467297.706568 -5954739.235992 44000 C06
-6115892.883967 27930449.900446 31134625.456719 44000 C07
-4819498.323830 41420997.396548 3374867.469845 37000 C09
2366268.815652 30550237.302622 29501422.866959 28000 C10
-9792869.432131 40196282.654514 -6741430.102961 46000 C16
time 2025/01/17 08:53:29.000
-6255425.876264 25398462.473689 -2338610.728096 51000 G07
3384212.758747 15286839.972700 21490583.263514 35000 G14
2024797.434022 24960539.846756 8586906.424893 35000 G30
-457820.884809 13821181.585003 21434718.863009 50000 R11
-2013986.222464 22342143.160779 12169337.392341 49000 R21
6311909.737323 23856784.881887 -6399477.906281 36000 R22
-14712104.729845 39469301.469287 -1298058.596943 43000 C03
-9490354.219040 40467226.317013 -5957206.239396 44000 C06
-6116692.592601 27929804.501380 31135035.686035 44000 C07
-4818288.153106 41421310.209242 3372352.730250 37000 C09
2365643.433799 30549431.460594 29502286.863437 28000 C10
-9791578.378378 40196163.845304 -6743916.720263 46000 C16
time 2025/01/17 08:53:30.000
-6255712.108021 25398038.779256 -2341773.578228 50000 G07
3381619.455216 15287679.091132 21490370.271677 36000 G14
2024264.956243 24961543.946226 8584034.999351 35000 G30
-460009.311644 13823136.819608 21433409.347165 50000 R11
-2014062.379542 22340467.276844 12172400.110563 49000 R21
6312183.079090 23857636.702876 -6396046.733491 35000 R22
-14712108.703040 39469299.392249 -1298018.602102 43000 C03
-9489095.566904 40467154.741200 -5959673.210733 44000 C06
-6117492.395604 27929159.220089 31135445.751044 43000 C07
-4817077.936163 41421622.840224 3369837.972291 37000 C09
2365017.934755 30548625.714009 29503150.707098 29000 C10
-9790287.341036 40196044.844010 -6746403.301071 46000 C16
time 2025/01/17 08:53:31.000
-6255998.297179 25397614.702628 -2344936.376806 50000 G07
3379026.220373 15288518.344967 21490156.824161 37000 G14
9745062.641658 21349348.883035 12637046.618428 36000 G17
2023732.592155 24962547.719818 8581163.389353 37000 G30
-462197.444715 13825092.114979 21432099.316620 50000 R11
-2014138.743476 22338790.987120 12175462.536828 49000 R21
6312456.426761 23858488.036902 -6392615.406788 32000 R22
-14712112.676410 39469297.315459 -1297978.600350 43000 C03
-9487836.924588 40467082.979131 -5962140.149978 44000 C06
-6118292.292953 27928514.056593 31135855.651741 45000 C07
-4815867.673033 41421935.289487 3367323.195988 37000 C09
2364392.318533 30547820.062882 29504014.397940 32000 C10
-9788996.320138 40195925.650635 -6748889.845360 46000 C16
time 2025/01/17 08:53:32.000
-6256284.443785 25397190.243804 -2348099.123750 50000 G07
3376433.054289 15289357.734180 21489942.920971 37000 G14
9743788.813721 21348442.532724 12639664.000833 38000 G17
2023200.341723 24963551.167489 8578291.594983 34000 G30
-464385.283969 13827047.471033 21430788.771409 50000 R11
-2014215.314324 22337114.291673 12178524.671055 49000 R21
6312729.780257 23859338.883940 -6389183.926284 30000 R22
-14712116.649954 39469295.238915 -1297938.591685 42000 C03
-9486578.292124 40467011.030809 -5964607.057107 43000 C06
-6119092.284631 27927869.010905 31136265.388123 44000 C07
-4814657.363743 41422247.557022 3364808.401361 37000 C09
2363766.585148 30547014.507231 29504877.935957 31000 C10
-9787705.315714 40195806.265180 -6751376.353115 46000 C16
time 2025/01/17 08:53:33.000
-6256570.547890 25396765.402782 -2351261.818986 51000 G07
3373839.957010 15290197.258751 21489728.562108 36000 G14
9742514.700315 21347536.032383 12642281.117125 39000 G17
2022668.204905 24964554.289213 8575419.616282 34000 G30
-466572.829353 13829002.887687 21429477.711564 50000 R11
-2014292.092145 22335437.190561 12181586.513175 49000 R21
-14712120.623672 39469293.162619 -1297898.576109 41000 C03
-9485319.669536 40466938.896233 -5967073.932114 44000 C06
-6119892.370621 27927224.083039 31136674.960188 44000 C07
-4813447.008324 41422559.642821 3362293.588428 38000 C09
2363140.734616 30546209.047078 29505741.321139 31000 C10
-9786414.327794 40195686.687648 -6753862.824317 46000 C16
time 2025/01/17 08:53:34.000
-6256856.609545 25396340.179559 -2354424.462451 50000 G07
3371246.928612 15291036.918650 21489513.747578 37000 G14
9741240.301437 21346629.382070 12644897.967255 39000 G17
2022136.181668 24965557.084943 8572547.453346 35000 G30
-468760.080815 13830958.364860 21428166.137119 51000 R11
-2014369.076996 22333759.683851 12184648.063107 49000 R21
-14712124.597565 39469291.086569 -1297858.553621 42000 C03
-9484061.056854 40466866.575406 -5969540.774979 44000 C06
-6120692.550904 27926579.273008 31137084.367935 44000 C07
-4812236.606799 41422871.546878 3359778.757199 37000 C09
2362514.766954 30545403.682439 29506604.553482 33000 C10
-9785123.356405 40195566.918041 -6756349.258954 45000 C16
time 2025/01/17 08:53:35.000
-6257142.628800 25395914.574129 -2357587.054081 49000 G07
3368653.969144 15291876.713857 21489298.477383 38000 G14
9739965.617079 21345722.581838 12647514.551182 39000 G17
2021604.271965 24966559.554662 8569675.106189 36000 G30
-470947.038317 13832913.902484 21426854.048098 50000 R11
-2014446.268934 22332081.771595 12187709.320794 49000 R21
-14712128.571631 39469289.010767 -1297818.524222 43000 C03
-9482802.454100 40466794.068329 -5972007.585700 44000 C06
-6121492.825466 27925934.580826 31137493.611360 44000 C07
-4811026.159190 41423183.269187 3357263.907676 37000 C09
2361888.682169 30544598.413327 29507467.632985 34000 C10
-9783832.401571 40195446.956361 -6758835.657023 45000 C16
time 2025/01/17 08:53:36.000
-6257428.605706 25395488.586490 -2360749.593815 50000 G07
3366061.078652 15292716.644354 21489082.751526 31000 G14
2021072.475735 24967561.698372 8566802.574763 34000 G30
-473133.701792 13834869.500462 21425541.444542 51000 R11
-9262442.283907 7483031.155710 22565346.176415 0 R20
-2014523.668019 22330403.453852 12190770.286167 48000 R21
-14712132.545872 39469286.935211 -1297778.487913 42000 C03
-9481543.861297 40466721.375003 -5974474.364272 44000 C06
-6122293.194293 27925290.006501 31137902.690465 45000 C07
-4809815.665547 41423494.809735 3354749.039921 35000 C09
2361262.480280 30543793.239763 29508330.559640 36000 C10
-9782541.463316 40195326.802610 -6761322.018517 45000 C16
time 2025/01/17 08:53:37.000
-6257714.540312 25395062.216641 -2363912.081563 49000 G07
3363468.257217 15293556.710108 21488866.570011 38000 G14
9737415.391940 21343908.531863 12652746.920179 41000 G17
2020540.793010 24968563.515909 8563929.859506 36000 G30
-475320.071243 13836825.158764 21424228.326451 50000 R11
-2014601.274306 22328724.730694 12193830.959134 50000 R21
-14712136.520286 39469284.859903 -1297738.444692 44000 C03
-9480285.278485 40466648.495430 -5976941.110656 44000 C06
-6123093.657362 27924645.550054 31138311.605244 45000 C07
-4808605.125832 41423806.168530 3352234.153816 37000 C09
2360636.161285 30542988.161743 29509193.333464 32000 C10
-9781250.541681 40195206.456792 -6763808.343399 46000 C16
time 2025/01/17 08:53:38.000
-6258000.432669 25394635.464576 -2367074.517280 50000 G07
3360875.504871 15294396.911106 21488649.932841 39000 G14
9736139.851149 21343001.282231 12655362.705158 41000 G17
2020009.223679 24969565.007372 8561056.960094 36000 G30
-477506.146570 13838780.877264 21422914.693887 50000 R11
-2014679.087855 22327045.602168 12196891.339645 50000 R21
-14712140.494875 39469282.784841 -1297698.394560 44000 C03
-9479026.705674 40466575.429610 -5979407.824872 45000 C06
-6123894.214662 27924001.211493 31138720.355697 45000 C07
-4807394.540134 41424117.345549 3349719.249501 37000 C09
2360009.725214 30542183.179306 29510055.954428 32000 C10
-9779959.636678 40195085.918906 -6766294.631684 46000 C16
time 2025/01/17 08:53:39.000
-6258286.282829 25394208.330290 -2370236.900917 50000 G07
3358282.821678 15295237.247323 21488432.840018 39000 G14
9734864.024868 21342093.882908 12657978.223738 42000 G17
2019477.767725 24970566.172687 8558183.876702 36000 G30
-14797215.960692 18694615.180140 9165306.473106 38000 R10
-479691.927759 13840736.655913 21421600.546861 50000 R11
-2014757.108723 22325366.068328 12199951.427647 50000 R21
-14712144.469637 39469280.710027 -1297658.337518 44000 C03
-9477768.142888 40466502.177545 -5981874.506915 44000 C06
-6124694.866182 27923356.990826 31139128.941826 45000 C07
-4806183.908442 41424428.340796 3347204.326913 36000 C09
2359383.172073 30541378.292458 29510918.422540 32000 C10
-9778668.748329 40194965.188954 -6768780.883371 46000 C16
time 2025/01/17 08:53:40.000
-6258572.090840 25393780.813782 -2373399.232378 50000 G07
3355690.207707 15296077.718730 21488215.291547 39000 G14
9733587.913103 21341186.333958 12660593.475849 41000 G17
2018946.425109 24971567.011817 8555310.609401 36000 G30
-14798072.003834 18695542.860514 9162045.176057 37000 R10
-481877.414744 13842692.494620 21420285.885412 50000 R11
-2014835.336968 22323686.129245 12203011.223043 50000 R21
-14712148.444573 39469278.635459 -1297618.273566 43000 C03
-9476509.590162 40466428.739236 -5984341.156754 44000 C06
-6125495.611897 27922712.888073 31139537.363624 45000 C07
-4804973.230801 41424739.154257 3344689.386105 37000 C09
2358756.501879 30540573.501221 29511780.737790 33000 C10
-9777377.876673 40194844.266940 -6771267.098426 46000 C16
time 2025/01/17 08:53:41.000
-6258857.856751 25393352.915053 -2376561.511571 49000 G07
3353097.663041 15296918.325299 21487997.287433 39000 G14
9732311.515861 21340278.635443 12663208.461425 41000 G17
2018415.195797 24972567.524721 8552437.158272 36000 G30
-14798927.636427 18696470.317941 9158783.659860 37000 R10
-484062.607461 13844648.393290 21418970.709582 50000 R11
-2014913.772646 22322005.784994 12206070.725737 50000 R21
-14712152.419683 39469276.561138 -1297578.202703 43000 C03
-9475251.047535 40466355.114687 -5986807.774356 44000 C06
-6126296.451785 27922068.903252 31139945.621087 45000 C07
-4803762.507242 41425049.785924 3342174.427099 36000 C09
2358129.714649 30539768.805615 29512642.900170 33000 C10
-9776087.021746 40194723.152867 -6773753.276821 46000 C16
time 2025/01/17 08:53:42.000
-6259143.580614 25392924.634097 -2379723.738455 49000 G07
3350505.187725 15297759.067007 21487778.827680 40000 G14
9731034.833135 21339370.787419 12665823.180421 41000 G17
2017884.079748 24973567.711367 8549563.523367 35000 G30
-14799782.858499 18697397.552355 9155521.924555 37000 R10
-486247.505879 13846604.351861 21417655.019390 48000 R11
-2014992.415816 22320325.035621 12209129.935686 50000 R21
-14712156.394967 39469274.487065 -1297538.124931 44000 C03
-9473992.515019 40466281.303896 -5989274.359733 44000 C06
-6127097.385836 27921425.036370 31140353.714216 45000 C07
-4802551.737783 41425360.235794 3339659.449889 37000 C09
2357502.810388 30538964.205644 29513504.909687 31000 C10
-9774796.183565 40194601.846736 -6776239.418560 46000 C16
time 2025/01/17 08:53:43.000
-6259429.262476 25392495.970912 -2382885.912943 50000 G07
3347912.781816 15298599.943834 21487559.912289 38000 G14
9729757.864923 21338462.789942 12668437.632791 39000 G17
2017353.076918 24974567.571728 8546689.704728 37000 G30
-14800637.670065 18698324.563678 9152259.970222 35000 R10
-488432.109936 13848560.370243 21416338.814876 50000 R11
-2015071.266535 22318643.881198 12212188.852797 48000 R21
-14712160.370424 39469272.413238 -1297498.040249 44000 C03
-9472733.992648 40466207.306867 -5991740.912864 44000 C06
-6127898.414028 27920781.287444 31140761.643007 45000 C07
-4801340.922448 41425670.503857 3337144.454488 35000 C09
2356875.789121 30538159.701342 29514366.766320 33000 C10
-9773505.362165 40194480.348549 -6778725.523623 46000 C16
time 2025/01/17 08:53:44.000
-6259714.902390 25392066.925496 -2386048.034972 50000 G07
3345320.445381 15299440.955753 21487340.541266 38000 G14
9728480.611227 21337554.643072 12671051.818474 38000 G17
2016822.187274 24975567.105762 8543815.702439 37000 G30
-14801492.071142 18699251.351832 9148997.796947 35000 R10
-490616.419591 13850516.448363 21415022.096067 49000 R11
-2015150.324861 22316962.321784 12215247.477001 49000 R21
-14712164.346055 39469270.339658 -1297457.948658 43000 C03
-9471475.480448 40466133.123600 -5994207.433733 44000 C06
-6128699.536346 27920137.656489 31141169.407457 45000 C07
-4800130.061277 41425980.590105 3334629.440931 34000 C09
2356248.650853 30537355.292712 29515228.470079 32000 C10
-9772214.557570 40194358.658309 -6781211.591998 45000 C16
time 2025/01/17 08:53:45.000
-6260000.500404 25391637.497847 -2389210.104456 50000 G07
3342728.178482 15300282.102738 21487120.714614 37000 G14
9727203.072059 21336646.346877 12673665.737393 38000 G17
2016291.410778 24976566.313429 8540941.516575 36000 G30
-14802346.061744 18700177.916739 9145735.404810 35000 R10
-492800.434780 13852472.586129 21413704.863000 48000 R11
-2015229.590851 22315280.357444 12218305.808217 49000 R21
-14712168.321860 39469268.266326 -1297417.850158 42000 C03
-9470216.978455 40466058.754097 -5996673.922314 44000 C06
-6129500.752769 27919494.143519 31141577.007563 44000 C07
-4798919.154288 41426290.494532 3332114.409219 34000 C09
2355621.395607 30536550.979783 29516090.020945 33000 C10
-9770923.769814 40194236.776019 -6783697.623662 46000 C16
time 2025/01/17 08:53:46.000
-6260286.056569 25391207.687960 -2392372.121352 49000 G07
3340135.981172 15301123.384770 21486900.432335 38000 G14
9725925.247402 21335737.901405 12676279.389524 37000 G17
2015760.747384 24977565.194710 8538067.147157 36000 G30
-14803199.641897 18701104.258330 9142472.793863 35000 R10
-494984.155470 13854428.783475 21412387.115701 49000 R11
-2015309.064563 22313597.988233 12221363.846387 50000 R21
-14712172.297838 39469266.193240 -1297377.744749 45000 C03
-9468958.486684 40465984.198359 -5999140.378613 42000 C06
-6130302.063284 27918850.748543 31141984.443326 46000 C07
-4797708.201507 41426600.217131 3329599.359362 34000 C09
2354994.023386 30535746.762559 29516951.418929 32000 C10
-9769632.998921 40194114.701679 -6786183.618611 45000 C16
time 2025/01/17 08:53:47.000
-6260571.570936 25390777.495832 -2395534.085579 49000 G07
3337543.853513 15301964.801821 21486679.694435 39000 G14
9724647.137257 21334829.306713 12678892.774814 36000 G17
2015230.197056 24978563.749564 8535192.594266 35000 G30
-14804052.811616 18702030.376528 9139209.964185 34000 R10
-497167.581613 13856385.040326 21411068.854197 48000 R11
-2015388.746055 22311915.214210 12224421.591440 50000 R21
-14712176.273990 39469264.120401 -1297337.632430 45000 C03
-9467700.005165 40465909.456388 -6001606.802614 42000 C06
-6131103.467877 27918207.471576 31142391.714744 45000 C07
-4796497.202955 41426909.757896 3327084.291361 34000 C09
2354366.534210 30534942.641063 29517812.664018 31000 C10
-9768342.244915 40193992.435292 -6788669.576837 45000 C16
time 2025/01/17 08:53:48.000
-6260857.043554 25390346.921461 -2398695.997071 49000 G07
3334951.795566 15302806.353870 21486458.500916 38000 G14
9723368.741621 21333920.562859 12681505.893213 34000 G17
2014699.759757 24979561.977954 8532317.857970 33000 G30
-14804905.570910 18702956.271247 9135946.915883 34000 R10
-499350.713156 13858341.356595 21409750.078524 47000 R11
-2015468.635384 22310232.035440 12227479.043297 50000 R21
-14712180.250316 39469262.047810 -1297297.513204 44000 C03
-9466441.533926 40465834.528185 -6004073.194304 42000 C06
-6131904.966527 27917564.312632 31142798.821812 45000 C07
-4795286.158669 41427219.116818 3324569.205254 34000 C09
2353738.928091 30534138.615310 29518673.756210 31000 C10
-9767051.507826 40193869.976861 -6791155.498326 45000 C16
time 2025/01/17 08:53:49.000
-6261142.474472 25389915.964847 -2401857.855740 49000 G07
3332359.807393 15303648.040890 21486236.851782 37000 G14
9722090.060514 21333011.669917 12684118.744625 36000 G17
2014169.435447 24980559.879847 8529442.938326 35000 G30
-14805757.919797 18703881.942410 9132683.649036 35000 R10
-501533.550025 13860297.732184 21408430.788726 51000 R11
-2015548.732608 22308548.451990 12230536.201877 49000 R21
-14712184.226814 39469259.975465 -1297257.387069 43000 C03
-9465183.073000 40465759.413753 -6006539.553654 43000 C06
-6132706.559213 27916921.271727 31143205.764528 46000 C07
-4794075.068681 41427528.293887 3322054.101064 35000 C09
2353111.205049 30533334.685327 29519534.695491 32000 C10
-9765760.787688 40193747.326388 -6793641.383049 45000 C16
time 2025/01/17 08:53:50.000
-6261427.863740 25389484.625985 -2405019.661518 51000 G07
3329767.889059 15304489.862856 21486014.747038 40000 G14
9720811.093925 21332102.627936 12686731.329020 35000 G17
2013639.224086 24981557.455209 8526567.835396 37000 G30
-14806609.858297 18704807.389945 9129420.163709 35000 R10
-503716.092195 13862254.167033 21407110.984822 49000 R11
-2015629.037783 22306864.463924 12233593.067101 50000 R21
-14712188.203486 39469257.903367 -1297217.254026 43000 C03
-9463924.622412 40465684.113091 -6009005.880659 44000 C06
-6133508.245920 27916278.348874 31143612.542890 44000 C07
-4792863.933011 41427837.289098 3319538.978790 37000 C09
2352483.365089 30532530.851115 29520395.481869 29000 C10
-9764470.084529 40193624.483876 -6796127.230995 46000 C16
time 2025/01/17 08:53:51.000
-6261713.211410 25389052.904872 -2408181.414357 50000 G07
3327176.040627 15305331.819742 21485792.186686 41000 G14
9719531.841844 21331193.436968 12689343.646362 36000 G17
2013109.125633 24982554.704009 8523692.549232 36000 G30
-14807461.386427 18705732.613775 9126156.459979 35000 R10
-505898.339618 13864210.661064 21405790.666842 49000 R11
-2015709.550968 22305180.071293 12236649.638914 50000 R21
-14712192.180332 39469255.831516 -1297177.114075 43000 C03
-9462666.182183 40465608.626202 -6011472.175313 44000 C06
-6134310.026634 27915635.544085 31144019.156896 44000 C07
-4791652.751677 41428146.102447 3317023.838432 36000 C09
2351855.408232 30531727.112704 29521256.115330 30000 C10
-9763179.398370 40193501.449325 -6798613.042165 46000 C16
time 2025/01/17 08:53:52.000
-6261998.517533 25388620.801505 -2411343.114186 50000 G07
3324584.262144 15306173.911530 21485569.170731 41000 G14
9718252.304280 21330284.097079 12691955.696581 35000 G17
2012579.140052 24983551.626210 8520817.079902 34000 G30
-14808312.504210 18706657.613828 9122892.537904 35000 R10
-508080.292245 13866167.214199 21404469.834817 49000 R11
-2015790.272221 22303495.274161 12239705.917242 50000 R21
-14712196.157350 39469253.759912 -1297136.967216 43000 C03
-9461407.752340 40465532.953087 -6013938.437611 43000 C06
-6135111.901338 27914992.857372 31144425.606546 44000 C07
-4790441.524708 41428454.733924 3314508.680004 36000 C09
2351227.334486 30530923.470102 29522116.595876 30000 C10
-9761888.729239 40193378.222739 -6801098.816544 46000 C16
time 2025/01/17 08:53:53.000
-6262283.782157 25388188.315880 -2414504.760930 50000 G07
3321992.553675 15307016.138194 21485345.699175 41000 G14
9716972.481222 21329374.608320 12694567.479641 36000 G17
2012049.267298 24984548.221785 8517941.427452 34000 G30
-14809163.211661 18707582.390028 9119628.397566 35000 R10
-510261.950025 13868123.826356 21403148.488780 50000 R11
-2015871.201598 22301810.072588 12242761.902013 50000 R21
-14712200.134542 39469251.688555 -1297096.813450 43000 C03
-9460149.332911 40465457.093747 -6016404.667531 43000 C06
-6135913.870014 27914350.288749 31144831.891836 44000 C07
-4789230.252128 41428763.183525 3311993.503515 36000 C09
2350599.143867 30530119.923327 29522976.923503 30000 C10
-9760598.077163 40193254.804119 -6803584.554119 46000 C16
time 2025/01/17 08:53:54.000
-6262569.005332 25387755.447998 -2417666.354507 50000 G07
3319400.915286 15307858.499707 21485121.772023 41000 G14
9715692.372685 21328464.970760 12697178.995461 37000 G17
2011519.507341 24985544.490685 8515065.591979 34000 G30
-14810013.508789 18708506.942287 9116364.039077 35000 R10
-512443.312901 13870080.497449 21401826.628766 49000 R11
-2015952.339157 22300124.466643 12245817.593140 50000 R21
-14712204.111907 39469249.617445 -1297056.652777 42000 C03
-9458890.923927 40465381.048184 -6018870.865055 43000 C06
-6136715.932644 27913707.838232 31145238.012764 44000 C07
-4788018.933972 41429071.451239 3309478.308999 36000 C09
2349970.836390 30529316.472398 29523837.098201 31000 C10
-9759307.442178 40193131.193469 -6806070.254866 46000 C16
time 2025/01/17 08:53:55.000
-6262854.187109 25387322.197853 -2420827.894867 50000 G07
3316809.347029 15308700.996048 21484897.389279 40000 G14
9714411.978656 21327555.184449 12699790.244010 37000 G17
2010989.860135 24986540.432889 8512189.573509 34000 G30
-14810863.395623 18709431.270542 9113099.462467 34000 R10
-514624.380835 13872037.227407 21400504.254802 50000 R11
-2016033.684956 22298438.456378 12248872.990567 50000 R21
-14712208.089445 39469247.546582 -1297016.485196 42000 C03
-9457632.525413 40465304.816400 -6021337.030174 43000 C06
-6137518.089212 27913065.505832 31145643.969328 44000 C07
-4786807.570264 41429379.537060 3306963.096460 36000 C09
2349342.412062 30528513.117324 29524697.119977 31000 C10
-9758016.824303 40193007.390790 -6808555.918784 46000 C16
time 2025/01/17 08:53:56.000
-6263139.327538 25386888.565445 -2423989.381924 50000 G07
3314217.848966 15309543.627192 21484672.550945 40000 G14
9713131.299143 21326645.249450 12702401.225219 37000 G17
2010460.325640 24987536.048363 8509313.372107 33000 G30
-14811712.872172 18710355.374708 9109834.667847 34000 R10
-516805.153769 13873994.016145 21399181.366923 50000 R11
-2016115.239052 22296752.041864 12251928.094208 50000 R21
-14712212.067157 39469245.475966 -1296976.310709 42000 C03
-9456374.137397 40465228.398395 -6023803.162874 43000 C06
-6138320.339699 27912423.291564 31146049.761525 44000 C07
-4785596.161029 41429687.440980 3304447.865913 36000 C09
2348713.870906 30527709.858132 29525556.988813 31000 C10
-9756726.223572 40192883.396084 -6811041.545851 46000 C16
time 2025/01/17 08:53:57.000
-6263424.426668 25386454.550770 -2427150.815610 50000 G07
3311626.421171 15310386.393110 21484447.257027 40000 G14
9711850.334144 21325735.165822 12705011.939038 38000 G17
2009930.903823 24988531.337062 8506436.987861 34000 G30
-14812561.938450 18711279.254705 9106569.655302 34000 R10
-518985.631654 13875950.863581 21397857.965162 50000 R11
-2016197.001503 22295065.223160 12254982.903990 50000 R21
-14712216.045041 39469243.405597 -1296936.129315 42000 C03
-9455115.759908 40465151.794173 -6026269.263137 43000 C06
-6139122.684087 27911781.195443 31146455.389352 44000 C07
-4784384.706298 41429995.162993 3301932.617376 36000 C09
2348085.212934 30526906.694837 29526416.704709 31000 C10
-9755435.640014 40192759.209354 -6813527.136052 46000 C16
time 2025/01/17 08:53:58.000
-6263709.484549 25386020.153827 -2430312.195856 50000 G07
3309035.063692 15311229.293783 21484221.507527 41000 G14
9710569.083658 21324824.933623 12707622.385414 38000 G17
2009401.594642 24989526.298956 8503560.420820 33000 G30
-14813410.594479 18712202.910461 9103304.424898 34000 R10
-521165.814442 13877907.769638 21396534.049549 51000 R11
-2016278.972365 22293378.000330 12258037.419840 50000 R21
-14712220.023099 39469241.335475 -1296895.941014 43000 C03
-9453857.392971 40465075.003733 -6028735.330954 43000 C06
-6139925.122360 27911139.217481 31146860.852808 44000 C07
-4783173.206092 41430302.703091 3299417.350856 36000 C09
2347456.438155 30526103.627450 29527276.267663 31000 C10
-9754145.073655 40192634.830603 -6816012.689375 46000 C16
time 2025/01/17 08:53:59.000
-6263994.501233 25385585.374611 -2433473.522599 48000 G07
3306443.776666 15312072.329160 21483995.302456 32000 G14
2008872.398045 24990520.934036 8500683.670979 40000 G30
-14814258.840276 18713126.341898 9100038.976714 38000 R10
-523345.702080 13879864.734234 21395209.620117 51000 R11
-2016361.151697 22291690.373424 12261091.641702 46000 R21
6320112.249328 23882127.614658 -6296476.110360 32000 R22
-14712224.001329 39469239.265600 -1296855.745807 43000 C03
-9452599.036611 40464998.027077 -6031201.366318 44000 C06
-6140727.654501 27910497.357692 31147266.151891 46000 C07
-4781961.660466 41430610.061261 3296902.066421 34000 C09
2346827.546591 30525300.655998 29528135.677662 38000 C10
-9752854.524521 40192510.259831 -6818498.205814 46000 C16
time 2025/01/17 08:54:00.000
-6264279.476767 25385150.213123 -2436634.795747 50000 G07
3303852.559944 15312915.499287 21483768.641800 40000 G14
9708005.726213 21323004.023735 12712842.475646 38000 G17
2008343.314026 24991515.242205 8497806.738575 33000 G30
-14815106.675855 18714049.548937 9096773.310834 33000 R10
-525525.294529 13881821.757297 21393884.676893 51000 R11
-2016443.539555 22290002.342534 12264145.569453 50000 R21
-14712227.979732 39469237.195971 -1296815.543695 43000 C03
-9451340.690865 40464920.864208 -6033667.369195 43000 C06
-6141530.280491 27909855.616091 31147671.286596 44000 C07
-4780750.069376 41430917.237513 3294386.763940 36000 C09
2346198.538243 30524497.780480 29528994.934720 30000 C10
-9751563.992649 40192385.497043 -6820983.685332 46000 C16
time 2025/01/17 08:54:02.000
-6264849.304592 25384278.743312 -2442957.181041 50000 G07
3298670.338208 15314602.243509 21483313.953793 40000 G14
9705441.226797 21321182.520249 12718061.495504 39000 G17
2007285.483481 24993502.877834 8492052.325868 34000 G30
-14816801.116440 18715895.289529 9090241.326264 32000 R10
-529883.593637 13885735.978483 21391233.249209 51000 R11
-2016608.941080 22286625.068971 12270252.542464 50000 R21
-14712235.937057 39469233.057456 -1296735.118753 43000 C03
-9448824.031299 40464765.979832 -6038599.277485 43000 C06
-6143135.813956 27908572.487499 31148481.062873 44000 C07
-4778326.751093 41431531.044190 3289356.105272 36000 C09
2344940.171288 30522892.317364 29530712.989938 32000 C10
-9748982.980778 40192135.395424 -6825954.533620 46000 C16
time 2025/01/17 08:54:03.000
-6265134.156982 25383842.434986 -2446118.293040 50000 G07
3296079.333241 15315445.817579 21483085.926444 39000 G14
9704158.548854 21320271.546056 12720670.603899 39000 G17
2006756.736888 24994496.205204 8489174.845752 33000 G30
-14817647.721481 18716817.822928 9086975.007724 31000 R10
-532062.300199 13887693.176447 21389906.764812 51000 R11
-2016691.954862 22284935.826433 12273305.587557 50000 R21
-14712239.915979 39469230.988568 -1296694.895923 43000 C03
-9447565.717536 40464688.258330 -6041065.182866 43000 C06
-6143938.721395 27907931.100538 31148885.704439 44000 C07
-4777115.023929 41431837.674606 3286840.749063 35000 C09
2344310.812702 30522089.729791 29531571.788099 31000 C10
-9747692.500837 40192010.056598 -6828439.902354 46000 C16
time 2025/01/17 08:54:04.000
-6265418.968424 25383405.744375 -2449279.351178 50000 G07
3293488.398956 15316289.526257 21482857.443537 39000 G14
9702875.585415 21319360.423638 12723279.444546 38000 G17
2006228.102692 24995489.205571 8486297.183191 33000 G30
-14818493.916370 18717740.131620 9083708.471815 30000 R10
-534240.711368 13889650.432555 21388579.766753 51000 R11
-2016775.177400 22283246.180139 12276358.338280 50000 R21
-14712243.895074 39469228.919928 -1296654.666189 43000 C03
-9446307.414487 40464610.350619 -6043531.055723 43000 C06
-6144741.722615 27907289.831818 31149290.181619 45000 C07
-4775903.251451 41432144.123065 3284325.374953 36000 C09
2343681.337398 30521287.238234 29532430.433284 31000 C10
-9746402.038265 40191884.525763 -6830925.234129 46000 C16
time 2025/01/17 08:54:05.000
-6265703.738968 25382968.671479 -2452440.355385 50000 G07
3290897.535418 15317133.369516 21482628.505075 40000 G14
9701592.336485 21318449.153056 12725888.017378 37000 G17
2005699.580859 24996481.878893 8483419.338271 34000 G30
-14819339.701129 18718662.215531 9080441.718600 30000 R10
-536418.827098 13891607.746726 21387252.255064 51000 R11
-2016858.608752 22281556.130150 12279410.794561 50000 R21
-14712247.874341 39469226.851534 -1296614.429549 43000 C03
-9445049.122183 40464532.256702 -6045996.896039 43000 C06
-6145544.817599 27906648.681352 31149694.494413 44000 C07
-4774691.433691 41432450.389557 3281809.982966 36000 C09
2343051.745386 30520484.842702 29533288.925496 30000 C10
-9745111.593088 40191758.802923 -6833410.528932 46000 C16
time 2025/01/17 08:54:06.000
-6265988.468664 25382531.216293 -2455601.305595 50000 G07
3288306.742694 15317977.347330 21482399.111063 39000 G14
9700308.802064 21317537.734369 12728496.322344 37000 G17
2005171.171349 24997474.225138 8480541.311050 33000 G30
-14820185.075776 18719584.074587 9077174.748149 30000 R10
-538596.647334 13893565.118879 21385924.229777 51000 R11
-2016942.248974 22279865.676530 12282462.956323 50000 R21
-14712251.853781 39469224.783388 -1296574.186005 43000 C03
-9443790.840650 40464453.976579 -6048462.703800 43000 C06
-6146348.006330 27906007.649154 31150098.642817 45000 C07
-4773479.570669 41432756.474078 3279294.573103 36000 C09
2342422.036682 30519682.543218 29534147.264726 31000 C10
-9743821.165335 40191632.888079 -6835895.786752 46000 C16
time 2025/01/17 08:54:07.000
-6266273.157562 25382093.378815 -2458762.201734 50000 G07
3285716.020822 15318821.459681 21482169.261503 39000 G14
9699024.982150 21316626.167634 12731104.359394 37000 G17
2004642.874117 24998466.244281 8477663.101562 32000 G30
-14821030.040322 18720505.708704 9073907.560567 30000 R10
-540774.172032 13895522.548936 21384595.690923 51000 R11
-9272470.853669 7387640.204215 22592779.399466 0 R20
-2017026.098124 22278174.819340 12285514.823495 50000 R21
-14712255.833393 39469222.715488 -1296533.935557 43000 C03
-9442532.569915 40464375.510254 -6050928.478993 43000 C06
-6147151.288791 27905366.735237 31150502.626830 45000 C07
-4772267.662417 41433062.376620 3276779.145386 36000 C09
2341792.211298 30518880.339794 29535005.450973 31000 C10
-9742530.755033 40191506.781234 -6838381.007573 46000 C16
time 2025/01/17 08:54:08.000
-6266557.805712 25381655.159044 -2461923.043735 50000 G07
3283125.369889 15319665.706537 21481938.956401 39000 G14
9697740.876732 21315714.452903 12733712.128494 36000 G17
2004114.689129 24999457.936277 8474784.709900 33000 G30
-14821874.594792 18721427.117814 9070640.155899 29000 R10
-542951.401140 13897480.036817 21383266.638534 51000 R11
-9272798.768067 7384561.618693 22593655.671366 0 R20
-2017110.156260 22276483.558641 12288566.396005 50000 R21
-14712259.813178 39469220.647835 -1296493.678204 43000 C03
-9441274.310006 40464296.857726 -6053394.221606 43000 C06
-6147954.664965 27904725.939616 31150906.446449 45000 C07
-4771055.708958 41433368.097174 3274263.699826 36000 C09
2341162.269253 30518078.232454 29535863.484224 31000 C10
-9741240.362212 40191380.482391 -6840866.191380 46000 C16
time 2025/01/17 08:54:09.000
-6266842.413164 25381216.556977 -2465083.831522 50000 G07
3280534.789950 15320510.087875 21481708.195761 39000 G14
9696456.485826 21314802.590245 12736319.629559 36000 G17
2003586.616345 25000449.301097 8471906.136110 32000 G30
-14822718.739207 18722348.301844 9067372.534215 30000 R10
-545128.334606 13899437.582438 21381937.072645 51000 R11
-9273126.958301 7381482.943139 22594531.401107 0 R20
-2017194.423438 22274791.894500 12291617.673772 50000 R21
-14712263.793136 39469218.580429 -1296453.413947 43000 C03
-9440016.060951 40464218.018998 -6055859.931622 43000 C06
-6148758.134832 27904085.262304 31151310.101671 45000 C07
-4769843.710324 41433673.635735 3271748.236444 36000 C09
2340532.210556 30517276.221209 29536721.364481 31000 C10
-9739949.986902 40191253.991551 -6843351.338157 46000 C16
time 2025/01/17 08:54:10.000
-6267126.979968 25380777.572611 -2468244.565025 49000 G07
3277944.281057 15321354.603673 21481476.979585 38000 G14
9695171.809427 21313890.579715 12738926.862546 36000 G17
2003058.655726 25001440.338704 8469027.380262 32000 G30
-14823562.473569 18723269.260701 9064104.695649 30000 R10
-547304.972381 13901395.185720 21380606.993287 51000 R11
-9273455.424382 7378404.177631 22595406.588673 0 R20
-2017278.899715 22273099.826977 12294668.656727 50000 R21
-14712267.773265 39469216.513270 -1296413.142786 43000 C03
-9438757.822776 40464138.994072 -6058325.609032 43000 C06
-6149561.698377 27903444.703315 31151713.592495 45000 C07
-4768631.666538 41433978.992294 3269232.755249 36000 C09
2339902.035227 30516474.306083 29537579.091733 31000 C10
-9738659.629130 40191127.308717 -6845836.447892 46000 C16
time 2025/01/17 08:54:11.000
-6267411.506174 25380338.205945 -2471405.244180 49000 G07
3275353.843271 15322199.253907 21481245.307877 38000 G14
9693886.847545 21312978.421380 12741533.827380 36000 G17
2002530.807233 25002431.049063 8466148.442421 31000 G30
-14824405.797910 18724189.994323 9060836.640222 30000 R10
-549481.314420 13903352.846587 21379276.400489 51000 R11
-9273784.166315 7375325.322286 22596281.234039 0 R20
-2017363.585150 22271407.356132 12297719.344798 50000 R21
-14712271.753568 39469214.446358 -1296372.864722 43000 C03
-9437499.595509 40464059.782948 -6060791.253819 43000 C06
-6150365.355583 27902804.262661 31152116.918919 45000 C07
-4767419.577626 41434284.166845 3266717.256247 36000 C09
2339271.743271 30515672.487081 29538436.665987 31000 C10
-9737369.288921 40191000.433891 -6848321.520574 46000 C16
time 2025/01/17 08:54:12.000
-6267695.991832 25379898.456976 -2474565.868910 49000 G07
3272763.476657 15323044.038550 21481013.180643 37000 G14
9692601.600170 21312066.115290 12744140.524027 37000 G17
2002003.070824 25003421.432146 8463269.322634 30000 G30
-14825248.712237 18725110.502624 9057568.368055 29000 R10
-551657.360670 13905310.564955 21377945.294286 51000 R11
-9274113.184107 7372246.377189 22597155.337188 0 R20
-2017448.479799 22269714.482030 12300769.737910 50000 R21
-14712275.734042 39469212.379693 -1296332.579754 43000 C03
-9436241.379178 40463980.385628 -6063256.865969 43000 C06
-6151169.106431 27902163.940358 31152520.080939 45000 C07
-4766207.443620 41434589.159380 3264201.739472 36000 C09
2338641.334710 30514870.764230 29539294.087227 31000 C10
-9736078.966308 40190873.367076 -6850806.556186 46000 C16
time 2025/01/17 08:54:13.000
-6267980.436993 25379458.325701 -2477726.439151 49000 G07
3270173.181265 15323888.957582 21480780.597884 37000 G14
9691316.067304 21311153.661506 12746746.952430 37000 G17
2001475.446462 25004411.487917 8460390.020966 30000 G30
-14826091.216574 18726030.785533 9054299.879195 30000 R10
-553833.111086 13907268.340748 21376613.674708 51000 R11
-9274442.477765 7369167.342439 22598028.898099 0 R20
-2017533.583719 22268021.204729 12303819.835994 50000 R21
-14712279.714689 39469210.313275 -1296292.287883 43000 C03
-9434983.173808 40463900.802114 -6065722.445473 43000 C06
-6151972.950906 27901523.736417 31152923.078555 45000 C07
-4764995.264541 41434893.969892 3261686.204919 36000 C09
2338010.809553 30514069.137542 29540151.355454 31000 C10
-9734788.661313 40190746.108273 -6853291.554721 46000 C16
time 2025/01/17 08:54:14.000
-6268264.841707 25379017.812117 -2480886.954839 49000 G07
3267582.957165 15324734.010975 21480547.559605 37000 G14
9690030.248943 21310241.060083 12749353.112544 37000 G17
2000947.934107 25005401.216339 8457510.537487 28000 G30
-14826933.310940 18726950.842976 9051031.173721 30000 R10
-556008.565620 13909226.173887 21375281.541784 51000 R11
-9274772.047298 7366088.218125 22598901.916752 0 R20
-2017618.896968 22266327.524290 12306869.638980 50000 R21
-14712283.695509 39469208.247104 -1296251.989109 43000 C03
-9433724.979424 40463821.032408 -6068187.992322 43000 C06
-6152776.888991 27900883.650852 31153325.911763 45000 C07
-4763783.040412 41435198.598377 3259170.652597 36000 C09
2337380.167814 30513267.607032 29541008.470665 31000 C10
-9733498.373965 40190618.657486 -6855776.516166 46000 C16
time 2025/01/17 08:54:15.000
-6268549.206024 25378576.916221 -2484047.415907 49000 G07
3264992.804414 15325579.198705 21480314.065811 36000 G14
9688744.145090 21309328.311083 12751959.004309 38000 G17
2000420.533725 25006390.617372 8454630.872276 27000 G30
-14827774.995351 18727870.674874 9047762.251713 29000 R10
-558183.724229 13911184.064298 21373948.895544 51000 R11
-9275101.892714 7363009.004332 22599774.393132 0 R20
-2017704.419603 22264633.440771 12309919.146803 50000 R21
-14712287.676500 39469206.181180 -1296211.683433 43000 C03
-9432466.796052 40463741.076510 -6070653.506505 43000 C06
-6153580.920671 27900243.683674 31153728.580564 45000 C07
-4762570.771262 41435503.044825 3256655.082525 36000 C09
2336749.409507 30512466.172717 29541865.432854 31000 C10
-9732208.104290 40190491.014716 -6858261.440511 46000 C16
time 2025/01/17 08:54:16.000
-6268833.529995 25378135.638011 -2487207.822287 48000 G07
3262402.723070 15326424.520750 21480080.116504 36000 G14
9687457.755740 21308415.414560 12754564.627678 38000 G17
1999893.245265 25007379.691001 8451751.025339 27000 G30
-14828616.269824 18728790.281150 9044493.113251 29000 R10
-560358.586860 13913142.011898 21372615.736022 50000 R11
-9275432.014019 7359929.701168 22600646.327215 0 R20
-2017790.151682 22262938.954237 12312968.359385 50000 R21
-14712291.657664 39469204.115502 -1296171.370853 43000 C03
-9431208.623720 40463660.934422 -6073118.988009 43000 C06
-6154385.045927 27899603.834898 31154131.084955 45000 C07
-4761358.457114 41435807.309231 3254139.494705 36000 C09
2336118.534646 30511664.834614 29542722.242018 31000 C10
-9730917.852315 40190363.179965 -6860746.327743 46000 C16
time 2025/01/17 08:54:17.000
-6269117.813669 25377693.977486 -2490368.173899 48000 G07
3259812.713186 15327269.977086 21479845.711689 35000 G14
9686171.080894 21307502.370573 12757169.982602 39000 G17
1999366.068691 25008368.437188 8448870.996751 25000 G30
-14829457.134379 18729709.661731 9041223.758407 29000 R10
-562533.153462 13915100.016605 21371282.063251 50000 R11
-9275762.411220 7356850.308732 22601517.718979 0 R20
-2017876.093261 22261244.064754 12316017.276646 51000 R21
-14712295.638999 39469202.050072 -1296131.051371 43000 C03
-9429950.462458 40463580.606147 -6075584.436813 43000 C06
-6155189.264740 27898964.104539 31154533.424932 45000 C07
-4760146.098001 41436111.391585 3251623.889169 37000 C09
2335487.543244 30510863.592740 29543578.898152 32000 C10
-9729627.618073 40190235.153236 -6863231.177842 46000 C16
time 2025/01/17 08:54:18.000
-6269402.057095 25377251.934643 -2493528.470670 48000 G07
3257222.774844 15328115.567682 21479610.851370 34000 G14
9684884.120551 21306589.179181 12759775.069025 39000 G17
1998839.003966 25009356.855895 8445990.786589 25000 G30
-14830297.589025 18730628.816531 9037954.187284 29000 R10
-564707.423984 13917058.078337 21369947.877263 50000 R11
-9276093.084324 7353770.827119 22602388.568406 0 R20
-2017962.244398 22259548.772381 12319065.898515 50000 R21
-14712299.620507 39469199.984888 -1296090.724987 43000 C03
-9428692.312291 40463500.091684 -6078049.852909 43000 C06
-6155993.577095 27898324.492609 31154935.600493 45000 C07
-4758933.693948 41436415.291882 3249108.265926 37000 C09
2334856.435317 30510062.447113 29544435.401249 32000 C10
-9728337.401591 40190106.934532 -6865715.990797 46000 C16
time 2025/01/17 08:54:19.000
-6269686.260325 25376809.509481 -2496688.712536 48000 G07
3254632.908088 15328961.292519 21479375.535551 33000 G14
9683596.874714 21305675.840444 12762379.886886 39000 G17
1998312.051048 25010344.947089 8443110.394904 22000 G30
-14831137.633788 18731547.745479 9034684.399940 30000 R10
-566881.398381 13919016.197017 21368613.178091 50000 R11
-9276424.033336 7350691.256435 22603258.875471 0 R20
-2018048.605150 22257853.077184 12322114.224917 50000 R21
-14712303.602187 39469197.919952 -1296050.391701 43000 C03
-9427434.173251 40463419.391037 -6080515.236275 43000 C06
-6156797.982972 27897684.999124 31155337.611636 45000 C07
-4757721.244981 41436719.010115 3246592.624987 37000 C09
2334225.210880 30509261.397750 29545291.751304 32000 C10
-9727047.202898 40189978.523855 -6868200.766588 46000 C16
time 2025/01/17 08:54:20.000
-6269970.423407 25376366.701996 -2499848.899420 48000 G07
3252043.112992 15329807.151569 21479139.764236 32000 G14
9682309.343384 21304762.354422 12764984.436133 39000 G17
1997785.209925 25011332.710689 8440229.821899 22000 G30
-14831977.268683 18732466.448499 9031414.396458 30000 R10
-569055.076599 13920974.372561 21367277.965766 50000 R11
-9276755.258264 7347611.596788 22604128.640151 0 R20
-2018135.175574 22256156.979224 12325162.255778 50000 R21
-14712307.584039 39469195.855262 -1296010.051513 44000 C03
-9426176.045363 40463338.504207 -6082980.586900 43000 C06
-6157602.482354 27897045.624096 31155739.458358 46000 C07
-4756508.751127 41437022.546275 3244076.966367 37000 C09
2333593.869942 30508460.444664 29546147.948318 31000 C10
-9725757.022022 40189849.921207 -6870685.505206 46000 C16
time 2025/01/17 08:54:21.000
-6270254.546393 25375923.512188 -2503009.031257 48000 G07
3249453.389601 15330653.144811 21478903.537429 32000 G14
9681021.526560 21303848.721171 12767588.716713 38000 G17
1997258.480524 25012320.146725 8437349.067450 23000 G30
-14832816.493722 18733384.925509 9028144.176932 30000 R10
-571228.458591 13922932.604892 21365942.240321 50000 R11
-9277086.759115 7344531.848264 22604997.862430 0 R20
-2018221.955727 22254460.478564 12328209.991024 50000 R21
-14712311.566063 39469193.790819 -1295969.704424 43000 C03
-9424917.928650 40463257.431195 -6085445.904781 42000 C06
-6158407.075225 27896406.367539 31156141.140658 45000 C07
-4755296.212417 41437325.900355 3241561.290087 37000 C09
2332962.412525 30507659.587880 29547003.992277 32000 C10
-9724466.858991 40189721.126591 -6873170.206637 46000 C16
time 2025/01/17 08:54:22.000
-6270538.629330 25375479.940055 -2506169.107957 48000 G07
3246863.738011 15331499.272209 21478666.855136 32000 G14
9679733.424244 21302934.940754 12770192.728568 38000 G17
-14833655.308920 18734303.176429 9024873.741455 32000 R10
-573401.544297 13924890.893920 21364606.001794 50000 R11
-9277418.535896 7341452.010958 22605866.542287 0 R20
-2018308.945665 22252763.575276 12331257.430566 49000 R21
-14712315.548258 39469191.726623 -1295929.350434 43000 C03
-9423659.823155 40463176.172004 -6087911.189874 43000 C06
-6159211.761562 27895767.229471 31156542.658530 45000 C07
-4754083.628882 41437629.072347 3239045.596171 37000 C09
2332330.838641 30506858.827414 29547859.883176 31000 C10
-9723176.713839 40189592.140010 -6875654.870853 46000 C16
time 2025/01/17 08:54:23.000
-6270822.672270 25375035.985595 -2509329.129461 49000 G07
3244274.158423 15332345.533693 21478429.717374 36000 G14
9678445.036446 21302021.013234 12772796.471626 33000 G17
1996205.356703 25014294.036013 8431587.014336 34000 G30
-14834493.714285 18735221.201171 9021603.090141 36000 R10
-575574.333658 13926849.239554 21363269.250224 51000 R11
-2018396.145448 22251066.269392 12334304.574383 45000 R21
-14712319.530626 39469189.662674 -1295888.989542 43000 C03
-9422401.728893 40463094.726634 -6090376.442188 43000 C06
-6160016.541353 27895128.209900 31156944.011975 46000 C07
-4752871.000551 41437932.062243 3236529.884640 34000 C09
2331699.148310 30506058.163288 29548715.621005 37000 C10
-9721886.586585 40189462.961465 -6878139.497862 46000 C16
time 2025/01/17 08:54:24.000
-6271106.675265 25374591.648802 -2512489.095725 48000 G07
3241684.650382 15333191.929406 21478192.124101 32000 G14
9677156.363132 21301106.938647 12775399.945900 36000 G17
-14835331.709888 18736138.999716 9018332.222863 33000 R10
-577746.826688 13928807.641773 21361931.985604 50000 R11
-9278082.917272 7335292.070421 22607602.274645 0 R20
-2018483.555129 22249368.561032 12337351.422302 49000 R21
-14712323.513165 39469187.598972 -1295848.621750 43000 C03
-9421143.645891 40463013.095087 -6092841.661710 43000 C06
-6160821.414581 27894489.308840 31157345.200992 45000 C07
-4751658.327415 41438234.870045 3234014.155429 37000 C09
2331067.341518 30505257.595485 29549571.205796 31000 C10
-9720596.477267 40189333.590959 -6880624.087629 46000 C16
time 2025/01/17 08:54:26.000
-6271674.561612 25373701.828218 -2518808.862166 48000 G07
3236505.850598 15334885.122961 21477715.571164 32000 G14
9674578.160032 21299278.348557 12780606.087735 33000 G17
-14837006.471730 18737973.917754 9011789.841295 33000 R10
-582090.923382 13932724.615484 21359255.917449 50000 R11
-9278748.402451 7329131.775939 22609335.837068 0 R20
-2018659.004420 22245971.936991 12343444.230397 49000 R21
-14712331.478759 39469183.472308 -1295767.865464 43000 C03
-9418627.513781 40462849.273469 -6097772.002320 43000 C06
-6162431.441274 27893211.862312 31158147.085727 45000 C07
-4749232.846943 41438839.939311 3228982.644258 37000 C09
2329803.378689 30503656.749017 29551281.916136 32000 C10
-9718016.312526 40189074.274073 -6885593.155433 46000 C16
time 2025/01/17 08:54:27.000
-6271958.445064 25373256.344423 -2521968.662202 48000 G07
3233916.558813 15335731.920806 21477476.611493 32000 G14
9673288.630245 21298363.833171 12783208.755189 31000 G17
-14837843.238019 18738891.037107 9008518.327108 34000 R10
-584262.526963 13934683.186828 21357917.113970 49000 R11
-9279081.558981 7326051.496222 22610201.804499 0 R20
-2018747.044144 22244273.021459 12346490.190386 49000 R21
-14712335.461813 39469181.409347 -1295727.476970 43000 C03
-9417369.464732 40462767.083402 -6100237.123372 43000 C06
-6163236.594702 27892573.316872 31158547.781439 46000 C07
-4748020.039651 41439142.200763 3226466.862302 37000 C09
2329171.222673 30502856.470377 29552137.041685 32000 C10
-9716726.257169 40188944.327699 -6888077.633423 46000 C16
time 2025/01/17 08:54:28.000
-6272242.288771 25372810.478287 -2525128.406713 48000 G07
3231327.339142 15336578.852676 21477237.196357 32000 G14
9671998.814972 21297449.170974 12785811.153587 31000 G17
-14838679.594582 18739807.929921 9005246.597403 34000 R10
-586433.833985 13936641.814408 21356577.797589 49000 R11
-9279414.991484 7322971.128304 22611067.229388 0 R20
-2018835.293997 22242573.703655 12349535.854262 49000 R21
-14712339.445039 39469179.346632 -1295687.081577 43000 C03
-9416111.427048 40462684.707164 -6102702.211587 43000 C06
-6164041.841501 27891934.889996 31158948.312715 45000 C07
-4746807.187680 41439444.280088 3223951.062764 37000 C09
2328538.950268 30502056.288146 29552992.014158 32000 C10
-9715436.219847 40188814.189372 -6890562.074144 46000 C16
time 2025/01/17 08:54:29.000
-6272526.092782 25372364.229811 -2528288.095607 48000 G07
3228738.191676 15337425.918536 21476997.325761 33000 G14
9670708.714214 21296534.362023 12788413.282873 30000 G17
-14839515.541433 18740724.596114 9001974.652275 35000 R10
-588604.844384 13938600.498129 21355237.968348 49000 R11
-9279748.699962 7319890.672306 22611932.111706 0 R20
-2018923.754035 22240873.983655 12352581.221931 49000 R21
-14712343.428437 39469177.284165 -1295646.679284 43000 C03
-9414853.400764 40462602.144757 -6105167.266937 43000 C06
-6164847.181647 27891296.581700 31159348.679549 45000 C07
-4745594.291067 41439746.177276 3221435.245679 37000 C09
2327906.561492 30501256.202349 29553846.833540 32000 C10
-9714146.200597 40188683.859097 -6893046.477564 46000 C16
time 2025/01/17 08:54:30.000
-6272809.857147 25371917.598989 -2531447.728831 48000 G07
3226149.116464 15338273.118365 21476756.999710 33000 G14
9669418.327948 21295619.406361 12791015.143041 31000 G17
-14840351.078592 18741641.035614 8998702.491785 35000 R10
-590775.558120 13940559.237920 21353897.626272 49000 R11
-9280082.684427 7316810.128296 22612796.451442 0 R20
-2019012.424315 22239173.861511 12355626.293336 49000 R21
-14712347.412006 39469175.221944 -1295606.270091 43000 C03
-9413595.385902 40462519.396183 -6107632.289418 43000 C06
-6165652.615128 27890658.391995 31159748.881942 46000 C07
-4744381.349832 41440047.892321 3218919.411047 37000 C09
2327274.056358 30500456.212998 29554701.499832 32000 C10
-9712856.199443 40188553.336874 -6895530.843679 46000 C16
time 2025/01/17 08:54:31.000
-6273093.581915 25371470.585823 -2534607.306300 48000 G07
3223560.113574 15339120.452136 21476516.218207 34000 G14
9668127.656189 21294704.304058 12793616.734007 33000 G17
-14841186.206077 18742557.248341 8995430.116022 35000 R10
-592945.975140 13942518.033696 21352556.771397 49000 R11
-2019101.304895 22237473.337293 12358671.068391 49000 R21
-14712351.395747 39469173.159970 -1295565.853999 43000 C03
-9412337.382492 40462436.461443 -6110097.279015 44000 C06
-6166458.141924 27890020.320897 31160148.919889 46000 C07
-4743168.364004 41440349.425216 3216403.558884 38000 C09
2326641.434881 30499656.320112 29555556.013027 33000 C10
-9711566.216416 40188422.622707 -6898015.172468 46000 C16
time 2025/01/17 08:54:32.000
-6273377.267136 25371023.190309 -2537766.827946 48000 G07
3220971.183077 15339967.919821 21476274.981257 34000 G14
9666836.698942 21293789.055175 12796218.055708 34000 G17
-14842020.923901 18743473.234217 8992157.525075 35000 R10
-595116.095389 13944476.885372 21351215.403758 49000 R11
-2019190.395830 22235772.411064 12361715.547022 50000 R21
-14712355.379659 39469171.098243 -1295525.431007 43000 C03
-9411079.390564 40462353.340539 -6112562.235704 43000 C06
-6167263.762016 27889382.368420 31160548.793388 46000 C07
-4741955.333614 41440650.775953 3213887.689216 38000 C09
2326008.697075 30498856.523707 29556410.373121 32000 C10
-9710276.251544 40188291.716599 -6900499.463917 46000 C16
time 2025/01/17 08:54:33.000
-6273660.912863 25370575.412444 -2540926.293715 48000 G07
3218382.325014 15340815.521401 21476033.288864 35000 G14
9665545.456194 21292873.659761 12798819.108116 35000 G17
-14842855.232088 18744388.993172 8988884.718996 36000 R10
-597285.918837 13946435.792885 21349873.523377 49000 R11
-2019279.697180 22234071.082875 12364759.729175 50000 R21
-14712359.363742 39469169.036763 -1295485.001117 43000 C03
-9409821.410137 40462270.033473 -6115027.159491 43000 C06
-6168069.475393 27888744.534573 31160948.502440 46000 C07
-4740742.258680 41440951.944527 3211371.802036 38000 C09
2325375.842951 30498056.823798 29557264.580111 32000 C10
-9708986.304849 40188160.618551 -6902983.718027 46000 C16
time 2025/01/17 08:54:34.000
-6273944.519143 25370127.252228 -2544085.703515 48000 G07
3215793.539455 15341663.256849 21475791.141032 35000 G14
9664253.927951 21291958.117881 12801419.891166 35000 G17
-14843689.130649 18745304.525120 8985611.697900 36000 R10
-599455.445414 13948394.756135 21348531.130298 48000 R11
-2019369.208999 22232369.352805 12367803.614752 50000 R21
-14712363.347997 39469166.975530 -1295444.564328 44000 C03
-9408563.441247 40462186.540246 -6117492.050344 43000 C06
-6168875.282031 27888106.819375 31161348.047039 46000 C07
-4739529.139237 41441252.930929 3208855.897377 38000 C09
2324742.872528 30497257.220406 29558118.633989 33000 C10
-9707696.376369 40188029.328566 -6905467.934762 46000 C16
time 2025/01/17 08:54:35.000
-6274228.086028 25369678.709657 -2547245.057299 48000 G07
3213204.826449 15342511.126143 21475548.537763 35000 G14
9662962.114211 21291042.429589 12804020.404811 35000 G17
-14844522.619610 18746219.829995 8982338.461822 37000 R10
-601624.675090 13950353.775060 21347188.224543 48000 R11
-2019458.931346 22230667.220900 12370847.203704 50000 R21
-14712367.332423 39469164.914543 -1295404.120640 44000 C03
-9407305.483912 40462102.860860 -6119956.908269 43000 C06
-6169681.181917 27887469.222835 31161747.427186 46000 C07
-4738315.975305 41441553.735153 3206339.975238 38000 C09
2324109.785813 30496457.713541 29558972.534757 33000 C10
-9706406.466122 40187897.846646 -6907952.114131 46000 C16
time 2025/01/17 08:54:36.000
-6274511.613567 25369229.784731 -2550404.354973 48000 G07
3210616.186067 15343359.129255 21475305.479064 36000 G14
9661670.014984 21290126.594953 12806620.648976 35000 G17
-14845355.698981 18747134.907710 8979065.010880 37000 R10
-603793.607799 13952312.849563 21345844.806153 48000 R11
-2019548.864276 22228964.687236 12373890.495935 50000 R21
-14712371.317020 39469162.853804 -1295363.670055 43000 C03
-9406047.538171 40462018.995317 -6122421.733230 43000 C06
-6170487.175029 27886831.744971 31162146.642875 46000 C07
-4737102.766915 41441854.357191 3203824.035641 38000 C09
2323476.582829 30495658.303229 29559826.282399 33000 C10
-9705116.574145 40187766.172794 -6910436.256102 46000 C16
time 2025/01/17 08:54:37.000
-6274795.101811 25368780.477446 -2553563.596487 48000 G07
3208027.618371 15344207.266161 21475061.964939 36000 G14
9660377.630254 21289210.614019 12809220.623640 36000 G17
-14846188.368784 18748049.758196 8975791.345129 37000 R10
-605962.243505 13954271.979577 21344500.875154 48000 R11
-2019639.007848 22227261.751866 12376933.491391 50000 R21
-14712375.301788 39469160.793311 -1295323.212571 44000 C03
-9404789.604042 40461934.943618 -6124886.525231 44000 C06
-6171293.261355 27886194.385792 31162545.694108 46000 C07
-4735889.514092 41442154.797037 3201308.078597 38000 C09
2322843.263582 30494858.989478 29560679.876922 33000 C10
-9703826.700459 40187634.307012 -6912920.360674 46000 C16
time 2025/01/17 08:54:38.000
-6275078.550809 25368330.787801 -2556722.781755 48000 G07
3205439.123414 15345055.536837 21474817.995390 37000 G14
9659084.960035 21288294.486856 12811820.328722 36000 G17
-14847020.629038 18748964.381375 8972517.464650 37000 R10
-608130.582153 13956231.165016 21343156.431580 48000 R11
-2019729.362118 22225558.414858 12379976.189988 50000 R21
-14712379.286728 39469158.733065 -1295282.748189 43000 C03
-9403531.681555 40461850.705764 -6127351.284253 43000 C06
-6172099.440876 27885557.145314 31162944.580879 46000 C07
-4734676.216865 41442455.054683 3198792.104122 38000 C09
2322209.828090 30494059.772309 29561533.318315 33000 C10
-9702536.845096 40187502.249303 -6915404.427828 46000 C16
time 2025/01/17 08:54:39.000
-6275361.960612 25367880.715794 -2559881.910721 47000 G07
3202850.701265 15345903.941256 21474573.570423 37000 G14
9657792.004318 21287378.213515 12814419.764189 35000 G17
-14847852.479758 18749878.777170 8969243.369524 38000 R10
-610298.623700 13958190.405804 21341811.475462 48000 R11
-2019819.927143 22223854.676270 12383018.591661 50000 R21
-14712383.271838 39469156.673066 -1295242.276910 43000 C03
-9402273.770737 40461766.281759 -6129816.010284 43000 C06
-6172905.713573 27884920.023550 31163343.303189 46000 C07
-4733462.875257 41442755.130123 3196276.112227 38000 C09
2321576.276366 30493260.651738 29562386.606576 33000 C10
-9701247.008081 40187369.999668 -6917888.457553 46000 C16
time 2025/01/17 08:54:40.000
-6275645.331269 25367430.261423 -2563040.983304 47000 G07
3200262.351982 15346752.479394 21474328.690042 37000 G14
9656498.763115 21286461.794064 12817018.929961 35000 G17
-14848683.920960 18750792.945500 8965969.059844 38000 R10
-612466.368088 13960149.701853 21340466.006837 48000 R11
-2019910.702979 22222150.536170 12386060.696326 50000 R21
-14712387.257120 39469154.613314 -1295201.798733 43000 C03
-9401015.871617 40461681.671602 -6132280.703306 43000 C06
-6173712.079429 27884283.020514 31163741.861033 46000 C07
-4732249.489298 41443055.023349 3193760.102930 38000 C09
2320942.608427 30492461.627784 29563239.741697 33000 C10
-9699957.189448 40187237.558112 -6920372.449829 46000 C16
time 2025/01/17 08:54:41.000
-6275928.662831 25366979.424686 -2566199.999440 47000 G07
3197674.075623 15347601.151227 21474083.354250 37000 G14
9655205.236418 21285545.228554 12819617.826005 35000 G17
-14849514.952667 18751706.886295 8962694.535668 38000 R10
-614633.815277 13962109.053089 21339120.025732 48000 R11
-2020001.689683 22220445.994617 12389102.503921 50000 R21
-14712391.242573 39469152.553809 -1295161.313659 43000 C03
-9399757.984217 40461596.875296 -6134745.363315 43000 C06
-6174518.538429 27883646.136218 31164140.254410 46000 C07
-4731036.059010 41443354.734355 3191244.076233 38000 C09
2320308.824283 30491662.700460 29564092.723676 33000 C10
-9698667.389218 40187104.924635 -6922856.404652 46000 C16
time 2025/01/17 08:54:42.000
-6276211.955350 25366528.205578 -2569358.959077 47000 G07
3195085.872237 15348449.956734 21473837.563052 37000 G14
9653911.424213 21284628.517037 12822216.452292 34000 G17
-14850345.574899 18752620.599481 8959419.797061 38000 R10
-616800.965226 13964068.459443 21337773.532174 48000 R11
-2020092.887314 22218741.051665 12392144.014382 50000 R21
-14712395.228197 39469150.494551 -1295120.821688 43000 C03
-9398500.108563 40461511.892842 -6137209.990304 43000 C06
-6175325.090558 27883009.370673 31164538.483321 46000 C07
-4729822.584417 41443654.263134 3188728.032148 38000 C09
2319674.923944 30490863.869778 29564945.552515 33000 C10
-9697377.607417 40186972.099241 -6925340.322013 46000 C16
time 2025/01/17 08:54:43.000
-6276495.208872 25366076.604103 -2572517.862108 47000 G07
3192497.741896 15349298.895887 21473591.316451 38000 G14
9652617.326528 21283711.659588 12824814.808716 34000 G17
-14851175.787667 18753534.084973 8956144.844135 38000 R10
-618967.817866 13966027.920813 21336426.526209 49000 R11
-2020184.295927 22217035.707394 12395185.227610 49000 R21
-14712399.213991 39469148.435539 -1295080.322820 43000 C03
-9397242.244694 40461426.724243 -6139674.584234 43000 C06
-6176131.735791 27882372.723900 31164936.547758 46000 C07
-4728609.065557 41443953.609678 3186211.970710 38000 C09
2319040.907434 30490065.135766 29565798.228198 33000 C10
-9696087.844084 40186839.081931 -6927824.201880 46000 C16
time 2025/01/17 08:54:44.000
-6276778.423451 25365624.620255 -2575676.708491 47000 G07
3189909.684664 15350147.968659 21473344.614454 38000 G14
9651322.943347 21282794.656254 12827412.895257 34000 G17
-14852005.590992 18754447.342701 8952869.676948 39000 R10
-621134.373165 13967987.437134 21335079.007858 49000 R11
-2020275.915578 22215329.961854 12398226.143553 49000 R21
-14712403.199957 39469146.376775 -1295039.817055 43000 C03
-9395984.392625 40461341.369500 -6142139.145117 43000 C06
-6176938.474117 27881736.195906 31165334.447723 46000 C07
-4727395.502448 41444252.773980 3183695.891914 38000 C09
2318406.774758 30489266.498431 29566650.750729 33000 C10
-9694798.099237 40186705.872709 -6930308.044258 46000 C16
time 2025/01/17 08:54:45.000
-6277061.599133 25365172.254034 -2578835.498140 47000 G07
3187321.700608 15350997.175023 21473097.457063 38000 G14
9650028.274677 21281877.507101 12830010.711844 34000 G17
-14852834.984891 18755360.372583 8949594.295592 39000 R10
-623300.631065 13969947.008319 21333730.977159 49000 R11
-2020367.746326 22213623.815116 12401266.762123 49000 R21
-14712407.186093 39469144.318257 -1294999.304395 43000 C03
-9394726.552392 40461255.828614 -6144603.672921 43000 C06
-6177745.305514 27881099.786708 31165732.183211 46000 C07
-4726181.895123 41444551.756033 3181179.795787 38000 C09
2317772.525936 30488467.957795 29567503.120098 33000 C10
-9693508.372911 40186572.471577 -6932791.849118 46000 C16
time 2025/01/17 08:54:46.000
-6277344.735972 25364719.505437 -2581994.230992 47000 G07
3184733.789774 15351846.514958 21472849.844283 38000 G14
9648733.320512 21280960.212182 12832608.258441 34000 G17
-14853663.969384 18756273.174548 8946318.700132 38000 R10
-625466.591522 13971906.634291 21332382.434143 49000 R11
-2020459.788226 22211917.267236 12404307.083256 49000 R21
-14712411.172400 39469142.259986 -1294958.784838 43000 C03
-9393468.724017 40461170.101587 -6147068.167642 43000 C06
-6178552.229969 27880463.496316 31166129.754222 46000 C07
-4724968.243603 41444850.555831 3178663.682332 38000 C09
2317138.160980 30487669.513875 29568355.336301 33000 C10
-9692218.665130 40186438.878537 -6935275.616454 46000 C16
time 2025/01/17 08:54:47.000
-6277627.834016 25364266.374461 -2585152.906985 47000 G07
3182145.952218 15352695.988443 21472601.776118 38000 G14
9647438.080852 21280042.771553 12835205.534993 35000 G17
-14854492.544489 18757185.748518 8943042.890649 38000 R10
-627632.254490 13973866.314972 21331033.378839 50000 R11
-2020552.041336 22210210.318278 12407347.106882 49000 R21
-14712415.158878 39469140.201962 -1294918.258385 43000 C03
-9392210.907527 40461084.188421 -6149532.629270 43000 C06
-6179359.247463 27879827.324746 31166527.160754 46000 C07
-4723754.547914 41445149.173367 3176147.551563 39000 C09
2316503.679903 30486871.166682 29569207.399339 33000 C10
-9690928.975921 40186305.093592 -6937759.346259 46000 C16
time 2025/01/17 08:54:48.000
-6277910.893316 25363812.861105 -2588311.526040 48000 G07
3179558.188008 15353545.595449 21472353.252571 39000 G14
9646142.555698 21279125.185277 12837802.541445 36000 G17
-14855320.710222 18758098.094415 8939766.867228 38000 R10
-629797.619917 13975826.050280 21329683.811282 50000 R11
-2020644.505711 22208502.968305 12410386.832924 49000 R21
-14712419.145526 39469138.144185 -1294877.725036 43000 C03
-9390953.102952 40460998.089118 -6151997.057785 43000 C06
-6180166.357980 27879191.272011 31166924.402803 46000 C07
-4722540.808087 41445447.608633 3173631.403498 39000 C09
2315869.082720 30486072.916240 29570059.309200 33000 C10
-9689639.305315 40186171.116744 -6940243.038510 46000 C16
time 2025/01/17 08:54:50.000
-6278476.895884 25362904.687250 -2594628.593057 48000 G07
3174382.879883 15355245.209919 21471854.839354 39000 G14
9643550.648916 21277289.576017 12842995.743825 37000 G17
-14856975.813648 18759922.101687 8933214.178872 38000 R10
-634127.457954 13979745.684452 21326983.139539 50000 R11
-2020830.068489 22205087.065568 12416465.391961 48000 R21
-14712427.119335 39469134.029371 -1294796.637652 44000 C03
-9388437.529652 40460825.332105 -6156925.815430 43000 C06
-6181780.858006 27877919.523099 31167718.393446 46000 C07
-4720113.196122 41446043.932328 3168599.055535 39000 C09
2314599.540093 30484476.705663 29571762.669384 34000 C10
-9687060.020023 40185902.587350 -6945210.310302 46000 C16
time 2025/01/17 08:54:51.000
-6278759.839250 25362450.026747 -2597787.040867 48000 G07
3171795.336087 15356095.217335 21471604.949692 40000 G14
9642254.267291 21276371.553152 12845591.939642 37000 G17
-14857802.751372 18760833.762904 8929937.514114 38000 R10
-636291.930462 13981705.583151 21325632.035421 50000 R11
-2020923.167003 22203378.512934 12419504.224801 48000 R21
-14712431.106496 39469131.972334 -1294756.083618 43000 C03
-9387179.760986 40460738.674400 -6159390.144524 43000 C06
-6182588.247481 27877283.826951 31168115.142034 46000 C07
-4718899.324040 41446341.820743 3166082.855668 39000 C09
2313964.594678 30483678.745565 29572614.119695 33000 C10
-9685770.405394 40185768.034809 -6947693.889813 46000 C16
time 2025/01/17 08:54:52.000
-6279042.744073 25361994.983857 -2600945.431465 48000 G07
3169207.865877 15356945.358172 21471354.604665 40000 G14
9640957.600175 21275453.384873 12848187.865144 37000 G17
-14858629.279799 18761745.195745 8926660.635720 38000 R10
-638456.105235 13983665.536156 21324280.419179 50000 R11
-2021016.477011 22201669.559537 12422542.759767 48000 R21
-14712435.093826 39469129.915544 -1294715.522688 43000 C03
-9385922.004341 40460651.830564 -6161854.440458 43000 C06
-6183395.729907 27876648.249692 31168511.726132 46000 C07
-4717685.407922 41446639.526860 3163566.638555 39000 C09
2313329.533212 30482880.882280 29573465.416815 33000 C10
-9684480.809481 40185633.290376 -6950177.431718 46000 C16
time 2025/01/17 08:54:53.000
-6279325.610402 25361539.558577 -2604103.764780 48000 G07
3166620.469317 15357795.632406 21471103.804280 40000 G14
9639660.647558 21274535.071233 12850783.520296 37000 G17
-14859455.398948 18762656.400134 8923383.543769 37000 R10
-640619.982230 13985625.543391 21322928.290844 51000 R11
-2021109.998569 22199960.205436 12425580.996788 48000 R21
-14712439.081327 39469127.859001 -1294674.954864 43000 C03
-9384664.259744 40460564.800599 -6164318.703220 43000 C06
-6184203.305270 27876012.791334 31168908.145736 46000 C07
-4716471.447799 41446937.050672 3161050.404213 39000 C09
2312694.355711 30482083.115826 29574316.560738 34000 C10
-9683191.232306 40185498.354052 -6952660.936009 46000 C16
time 2025/01/17 08:54:54.000
-6279608.438287 25361083.750908 -2607262.040738 48000 G07
3164033.146468 15358646.040010 21470852.548539 41000 G14
9638363.409453 21273616.612298 12853378.905024 37000 G17
-14860281.108832 18763567.375990 8920106.238356 37000 R10
-642783.561395 13987585.604772 21321575.650448 51000 R11
-2021203.731734 22198250.450696 12428618.935789 48000 R21
-14712443.068999 39469125.802705 -1294634.380146 43000 C03
-9383406.527224 40460477.584507 -6166782.932790 42000 C06
-6185010.973550 27875377.451892 31169304.400846 46000 C07
-4715257.443697 41447234.392173 3158534.152659 39000 C09
2312059.062187 30481285.446220 29575167.551460 33000 C10
-9681901.673904 40185363.225840 -6955144.402665 46000 C16
time 2025/01/17 08:54:55.000
-6279891.227779 25360627.560847 -2610420.259264 48000 G07
3161445.897391 15359496.580959 21470600.837448 41000 G14
9637065.885862 21272698.008128 12855974.019269 36000 G17
-14861106.409469 18764478.123237 8916828.719559 37000 R10
-644946.842675 13989545.720214 21320222.498029 51000 R11
-2021297.676561 22196540.295385 12431656.576688 48000 R21
-14712447.056841 39469123.746656 -1294593.798533 43000 C03
-9382148.806810 40460390.182289 -6169247.129152 42000 C06
-6185818.734729 27874742.231379 31169700.491457 46000 C07
-4714043.395643 41447531.551355 3156017.883907 38000 C09
2311423.652658 30480487.873481 29576018.388973 33000 C10
-9680612.134302 40185227.905743 -6957627.831673 46000 C16
time 2025/01/17 08:54:56.000
-6280173.978926 25360170.988393 -2613578.420286 48000 G07
3158858.722154 15360347.255227 21470348.671012 41000 G14
9635768.076782 21271779.258780 12858568.862983 36000 G17
-14861931.300883 18765388.641803 8913550.987440 35000 R10
-647109.826024 13991505.889638 21318868.833618 51000 R11
-2021391.833108 22194829.739565 12434693.919414 47000 R21
-14712451.044853 39469121.690853 -1294553.210026 43000 C03
-9380891.098531 40460302.593948 -6171711.292294 42000 C06
-6186626.588790 27874107.129811 31170096.417567 46000 C07
-4712829.303667 41447828.528211 3153501.597973 39000 C09
2310788.127136 30479690.397623 29576869.073275 33000 C10
-9679322.613530 40185092.393764 -6960111.223015 46000 C16
time 2025/01/17 08:54:57.000
-6280456.691779 25359714.033544 -2616736.523738 48000 G07
3156271.620805 15361198.062792 21470096.049233 41000 G14
9634469.982213 21270860.364312 12861163.436116 35000 G17
-14862755.783085 18766298.931604 8910273.042104 35000 R10
-649272.511396 13993466.112966 21317514.657246 51000 R11
-2021486.201432 22193118.783295 12437730.963899 47000 R21
-14712455.033036 39469119.635298 -1294512.614626 43000 C03
-9379633.402411 40460214.819485 -6174175.422202 42000 C06
-6187434.535715 27873472.147199 31170492.179176 47000 C07
-4711615.167790 41448125.322734 3150985.294864 39000 C09
2310152.485633 30478893.018663 29577719.604363 33000 C10
-9678033.111611 40184956.689905 -6962594.576686 46000 C16
time 2025/01/17 08:54:58.000
-6280739.366389 25359256.696299 -2619894.569548 49000 G07
3153684.593414 15362049.003625 21469842.972117 41000 G14
9633171.602157 21269941.324783 12863757.738611 34000 G17
-14863579.856095 18767208.992567 8906994.883617 35000 R10
-651434.898740 13995426.390115 21316159.968946 51000 R11
-2021580.781588 22191407.426645 12440767.710061 47000 R21
-14712459.021388 39469117.579989 -1294472.012332 43000 C03
-9378375.718480 40460126.858901 -6176639.518862 41000 C06
-6188242.575488 27872837.283557 31170887.776279 46000 C07
-4710400.988044 41448421.934917 3148468.974602 38000 C09
2309516.728168 30478095.736620 29578569.982227 33000 C10
-9676743.628579 40184820.794168 -6965077.892663 46000 C16
time 2025/01/17 08:54:59.000
-6281022.002806 25358798.976653 -2623052.557662 49000 G07
3151097.640027 15362900.077707 21469589.439667 41000 G14
9631872.936603 21269022.140245 12866351.770438 33000 G17
-14864403.519934 18768118.824617 8903716.512053 35000 R10
-653596.988016 13997386.721014 21314804.768746 51000 R11
-2021675.573635 22189695.669662 12443804.157852 47000 R21
-14712463.009912 39469115.524927 -1294431.403145 44000 C03
-9377118.046760 40460038.712199 -6179103.582270 42000 C06
-6189050.708093 27872202.538896 31171283.208877 47000 C07
-4709186.764444 41448718.364756 3145952.637176 39000 C09
2308880.854747 30477298.551504 29579420.206872 34000 C10
-9675454.164455 40184684.706556 -6967561.170947 47000 C16
time 2025/01/17 08:55:00.000
-6281304.601081 25358340.874605 -2626210.488008 48000 G07
3148510.760709 15363751.285011 21469335.451887 41000 G14
9630573.985563 21268102.810763 12868945.531521 31000 G17
-14865226.774621 18769028.427680 8900437.927482 35000 R10
-655758.779178 13999347.105583 21313449.056678 51000 R11
-2021770.577628 22187983.512416 12446840.307188 46000 R21
-14712466.998605 39469113.470112 -1294390.787064 44000 C03
-9375860.387277 40459950.379380 -6181567.612413 42000 C06
-6189858.933514 27871567.913230 31171678.476968 47000 C07
-4707972.497026 41449014.612241 3143436.282619 38000 C09
2308244.865387 30476501.463333 29580270.278291 34000 C10
-9674164.719266 40184548.427071 -6970044.411523 47000 C16
time 2025/01/17 08:55:01.000
-6281587.161262 25357882.390157 -2629368.360493 48000 G07
3145923.955531 15364602.625509 21469081.008784 42000 G14
9629274.749045 21267183.336402 12871539.021789 32000 G17
1976280.470946 25051548.583536 8321970.854551 39000 G30
-14866049.620171 18769937.801676 8897159.129999 35000 R10
-657920.272164 14001307.543730 21312092.832782 51000 R11
-2021865.793624 22186270.954974 12449876.157988 46000 R21
-14712470.987468 39469111.415543 -1294350.164091 44000 C03
-9374602.740067 40459861.860446 -6184031.609265 42000 C06
-6190667.251728 27870933.406576 31172073.580546 47000 C07
-4706758.185818 41449310.677365 3140919.910951 38000 C09
2307608.760105 30475704.472129 29581120.196474 34000 C10
-9672875.293048 40184411.955717 -6972527.614365 47000 C16
time 2025/01/17 08:55:02.000
-6281869.683399 25357423.523306 -2632526.175055 48000 G07
3143337.224550 15365454.099176 21468826.110361 42000 G14
9627975.227049 21266263.717220 12874132.241193 33000 G17
1975758.288537 25052522.559684 8319082.716054 40000 G30
-14866872.056603 18770846.946527 8893880.119681 35000 R10
-660081.466926 14003268.035375 21310736.097089 51000 R11
-2021961.221679 22184557.997405 12452911.710168 46000 R21
-14712474.976501 39469109.361222 -1294309.534225 44000 C03
-9373345.105152 40459773.155399 -6186495.572818 42000 C06
-6191475.662719 27870299.018947 31172468.519611 47000 C07
-4705543.830849 41449606.560121 3138403.522186 38000 C09
2306972.538916 30474907.577908 29581969.961416 34000 C10
-9671585.885829 40184275.292495 -6975010.779460 47000 C16
time 2025/01/17 08:55:03.000
-6282152.167542 25356964.274051 -2635683.931614 48000 G07
3140750.567836 15366305.705985 21468570.756623 42000 G14
9626675.419572 21265343.953273 12876725.189688 33000 G17
1975236.216201 25053496.206835 8316194.398764 40000 G30
-14867694.083931 18771755.862155 8890600.896620 34000 R10
-662242.363411 14005228.580434 21309378.849637 51000 R11
-2022056.861850 22182844.639772 12455946.963656 45000 R21
-14712478.965704 39469107.307147 -1294268.897467 44000 C03
-9372087.482568 40459684.264241 -6188959.503043 41000 C06
-6192284.166467 27869664.750358 31172863.294158 47000 C07
-4704329.432146 41449902.260501 3135887.116342 39000 C09
2306336.201835 30474110.780690 29582819.573110 34000 C10
-9670296.497638 40184138.437409 -6977493.906790 47000 C16
time 2025/01/17 08:55:04.000
-6282434.613742 25356504.642390 -2638841.630109 48000 G07
3138163.985443 15367157.445911 21468314.947574 41000 G14
9625375.326614 21264424.044621 12879317.867217 32000 G17
1974714.253898 25054469.524957 8313305.902735 40000 G30
-14868515.702176 18772664.548486 8887321.460885 34000 R10
-664402.961578 14007189.178832 21308021.090453 51000 R11
-2022152.714193 22181130.882133 12458981.918389 45000 R21
-14712482.955077 39469105.253319 -1294228.253817 44000 C03
-9370829.872335 40459595.186973 -6191423.399943 41000 C06
-6193092.762958 27869030.600819 31173257.904187 47000 C07
-4703114.989734 41450197.778499 3133370.693424 39000 C09
2305699.748874 30473314.080487 29583669.031557 34000 C10
-9669007.128502 40184001.390461 -6979976.996347 47000 C16
time 2025/01/17 08:55:05.000
-6282717.022050 25356044.628319 -2641999.270490 48000 G07
3135577.477415 15368009.318937 21468058.683218 42000 G14
9624074.948166 21263503.991313 12881910.273750 31000 G17
1974192.401586 25055442.514022 8310417.228010 40000 G30
-14869336.911364 18773573.005451 8884041.812526 34000 R10
-666563.261390 14009149.830500 21306662.819562 51000 R11
-2022248.778766 22179416.724541 12462016.574309 45000 R21
-14712486.944620 39469103.199738 -1294187.603274 44000 C03
-9369572.274475 40459505.923597 -6193887.263512 42000 C06
-6193901.452178 27868396.570342 31173652.349699 47000 C07
-4701900.503632 41450493.114110 3130854.253435 39000 C09
2305063.180042 30472517.477311 29584518.336756 34000 C10
-9667717.778441 40183864.151653 -6982460.048130 47000 C16
time 2025/01/17 08:55:06.000
-6282999.392519 25355584.231832 -2645156.852709 48000 G07
3132991.043794 15368861.325041 21467801.963556 42000 G14
9622774.284205 21262583.793393 12884502.409278 31000 G17
1973670.659221 25056415.174003 8307528.374638 40000 G30
-14870157.711516 18774481.232977 8880761.951608 33000 R10
-668723.262816 14011110.535373 21305304.036987 51000 R11
-2022345.055625 22177702.167048 12465050.931365 45000 R21
-14712490.934333 39469101.146403 -1294146.945839 44000 C03
-9368314.689005 40459416.474113 -6196351.093759 41000 C06
-6194710.234115 27867762.658935 31174046.630692 47000 C07
-4700685.973856 41450788.267330 3128337.796364 39000 C09
2304426.495353 30471720.971177 29585367.488705 34000 C10
-9666428.447472 40183726.720985 -6984943.062147 47000 C16
time 2025/01/17 08:55:07.000
-6283281.725196 25355123.452933 -2648314.376663 48000 G07
3130404.684662 15369713.464193 21467544.788595 42000 G14
9621473.334772 21261663.450947 12887094.273671 30000 G17
1973149.026769 25057387.504855 8304639.342711 40000 G30
-14870978.102643 18775389.230979 8877481.878243 34000 R10
-670882.965787 14013071.293352 21303944.742772 51000 R11
-2022441.544827 22175987.209731 12468084.989457 44000 R21
-14712494.924215 39469099.093316 -1294106.281512 44000 C03
-9367057.115965 40459326.838525 -6198814.890644 42000 C06
-6195519.108747 27867128.866617 31174440.747162 47000 C07
-4699471.400448 41451083.238148 3125821.322257 39000 C09
2303789.694824 30470924.562106 29586216.487393 34000 C10
-9665139.135637 40183589.098463 -6987426.038359 47000 C16
time 2025/01/17 08:55:09.000
-6283846.277367 25354200.747903 -2654629.249415 48000 G07
3125232.190190 15371418.141511 21467029.072804 42000 G14
9618870.579518 21259822.332732 12892277.188779 30000 G17
1972106.091457 25059331.179025 8298860.743482 40000 G30
-14872617.657876 18777204.538086 8870921.094559 34000 R10
-675201.476108 14016992.968247 21301224.619594 51000 R11
-2022635.160481 22172556.095940 12474152.208353 44000 R21
-14712502.904490 39469094.987881 -1294024.932186 44000 C03
-9364542.007318 40459147.009044 -6203742.384213 41000 C06
-6197137.135997 27865861.639319 31175228.486514 47000 C07
-4697042.122870 41451672.632543 3120788.323045 39000 C09
2302515.746313 30469332.035234 29587914.024959 34000 C10
-9662560.569517 40183313.277869 -6992391.877244 47000 C16
time 2025/01/17 08:55:10.000
-6284128.496964 25353738.821764 -2657786.598110 48000 G07
3122646.054940 15372270.679636 21466770.531979 42000 G14
9617568.773653 21258901.557049 12894868.239477 29000 G17
1971584.788512 25060302.522286 8295971.176276 40000 G30
-14873436.822026 18778111.847047 8867640.384365 34000 R10
-677360.283386 14018953.885026 21299863.790681 51000 R11
-2022732.287047 22170839.939568 12477185.369053 44000 R21
-14712506.894881 39469092.935534 -1293984.247187 44000 C03
-9363284.471750 40459056.815154 -6206206.080899 40000 C06
-6197946.288590 27865228.204360 31175622.109395 47000 C07
-4695827.418739 41451967.056109 3118271.797938 39000 C09
2301878.598357 30468535.917463 29588762.563830 34000 C10
-9661271.315272 40183175.079799 -6994874.739923 46000 C16
time 2025/01/17 08:55:11.000
-6284410.678970 25353276.513206 -2660943.888263 48000 G07
3120059.994421 15373123.350708 21466511.535873 42000 G14
9616266.682300 21257980.637061 12897459.018864 26000 G17
1971063.595320 25061273.536287 8293081.430755 40000 G30
-14874255.577227 18779018.926181 8864359.462033 34000 R10
-679518.792015 14020914.854587 21298502.450260 51000 R11
-2022829.626182 22169123.383623 12480218.230502 44000 R21
-14712510.885443 39469090.883434 -1293943.555296 44000 C03
-9362026.948722 40458966.435167 -6208669.744169 40000 C06
-6198755.533806 27864594.888544 31176015.567743 47000 C07
-4694612.671082 41452261.297247 3115755.255848 39000 C09
2301241.334618 30467739.896824 29589610.949421 34000 C10
-9659982.080275 40183036.689886 -6997357.564737 47000 C16
time 2025/01/17 08:55:12.000
-6284692.823433 25352813.822229 -2664101.119795 48000 G07
3117474.008703 15373976.154698 21466252.084491 42000 G14
9614964.305447 21257059.572820 12900049.526907 24000 G17
1970542.511841 25062244.220997 8290191.506973 40000 G30
-14875073.923494 18779925.775409 8861078.327646 34000 R10
-681677.001947 14022875.876851 21297140.598364 51000 R11
-2022927.177941 22167406.428174 12483250.792615 44000 R21
-14712514.876174 39469088.831580 -1293902.856515 44000 C03
-9360769.438261 40458875.869083 -6211133.374008 41000 C06
-6199564.871628 27863961.691885 31176408.861557 47000 C07
-4693397.879926 41452555.355948 3113238.696789 39000 C09
2300603.955108 30466943.973328 29590459.181732 35000 C10
-9658692.864553 40182898.108130 -6999840.351677 47000 C16
time 2025/01/17 08:55:13.000
-6284974.930407 25352350.748828 -2667258.292660 48000 G07
3114888.097829 15374829.091586 21465992.177837 42000 G14
9613661.643147 21256138.364420 12902639.763453 22000 G17
1970021.538034 25063214.576387 8287301.404983 40000 G30
-14875891.860850 18780832.394661 8857796.981267 34000 R10
-683834.913143 14024836.951747 21295778.235020 51000 R11
-2023024.942381 22165689.073277 12486283.055332 44000 R21
-14712518.867074 39469086.779974 -1293862.150844 44000 C03
-9359511.940388 40458785.116906 -6213596.970419 40000 C06
-6200374.302041 27863328.614394 31176801.990835 47000 C07
-4692183.045289 41452849.232207 3110722.120758 39000 C09
2299966.459842 30466148.146994 29591307.260759 34000 C10
-9657403.668127 40182759.334535 -7002323.100742 46000 C16
time 2025/01/17 08:55:14.000
-6285256.999939 25351887.293005 -2670415.406759 48000 G07
3112302.261883 15375682.161340 21465731.815917 42000 G14
1969500.673864 25064184.602412 8284411.124880 39000 G30
-14876709.389309 18781738.783852 8854515.422998 34000 R10
-685992.525534 14026798.079174 21294415.360272 51000 R11
-2023122.919559 22163971.319007 12489315.018560 45000 R21
-14712522.858144 39469084.728614 -1293821.438282 43000 C03
-9358254.455141 40458694.178637 -6216060.533362 41000 C06
-6201183.825021 27862695.656088 31177194.955574 47000 C07
-4690968.167214 41453142.926015 3108205.527799 39000 C09
2299328.848837 30465352.417843 29592155.186488 34000 C10
-9656114.491038 40182620.369103 -7004805.811895 46000 C16
time 2025/01/17 08:55:16.000
-6285821.026880 25350959.234082 -2676729.458435 48000 G07
3107130.814954 15377388.699364 21465209.726291 42000 G14
1968459.274265 25066123.666259 8278630.030507 40000 G30
-14878343.219618 18783550.871764 8847951.671054 34000 R10
-690306.853763 14030720.491349 21291688.076665 51000 R11
-2023319.512354 22160534.612563 12495378.046325 45000 R21
-14712530.840792 39469080.626634 -1293739.992489 44000 C03
-9355739.522609 40458511.743828 -6220987.558853 40000 C06
-6202803.148633 27861430.097077 31177980.391428 47000 C07
-4688538.280823 41453729.766254 3103172.291090 39000 C09
2298053.279657 30463761.251144 29593850.578058 34000 C10
-9653536.194954 40182341.862739 -7009771.120465 46000 C16
time 2025/01/17 08:55:17.000
-6286102.984388 25350494.630983 -2679886.395841 49000 G07
3104545.204121 15378242.167574 21464947.998598 42000 G14
1967938.738761 25067092.704006 8275739.216385 39000 G30
-14879159.521498 18784456.570323 8844669.477568 34000 R10
-692463.569480 14032681.775915 21290323.667886 51000 R11
-2023418.128082 22158815.660536 12498409.110679 45000 R21
-14712534.832370 39469078.576014 -1293699.259258 44000 C03
-9354482.075392 40458420.247293 -6223451.021346 41000 C06
-6203612.949220 27860797.496404 31178372.862536 47000 C07
-4687323.272572 41454022.912669 3100655.647390 39000 C09
2297415.321513 30462965.813632 29594698.043885 34000 C10
-9652247.076028 40182202.321813 -7012253.717829 47000 C16
time 2025/01/17 08:55:18.000
-6286384.904656 25350029.645453 -2683043.274226 49000 G07
3101959.668432 15379095.768558 21464685.815654 42000 G14
1967418.312732 25068061.412261 8272848.224379 39000 G30
-14879975.414559 18785362.038522 8841387.072491 35000 R10
-694619.986224 14034643.112712 21288958.747821 51000 R11
-2023516.956774 22157096.309370 12501439.875285 45000 R21
-14712538.824117 39469076.525642 -1293658.519138 43000 C03
-9353224.640897 40458328.564673 -6225914.450346 41000 C06
-6204422.842313 27860165.014965 31178765.169097 48000 C07
-4686108.220975 41454315.876608 3098138.986789 39000 C09
2296777.247681 30462170.473364 29595545.356405 34000 C10
-9650957.976540 40182062.589060 -7014736.277250 47000 C16
time 2025/01/17 08:55:19.000
-6286666.787732 25349564.277494 -2686200.093497 49000 G07
3099374.207972 15379949.502280 21464423.177466 42000 G14
1966897.996140 25069029.790989 8269957.054555 39000 G30
-14880790.898816 18786267.276280 8838104.455915 35000 R10
-696776.103926 14036604.501641 21287593.316515 51000 R11
-2023615.998487 22155376.559145 12504470.340042 44000 R21
-14712542.816034 39469074.475516 -1293617.772129 43000 C03
-9351967.219165 40458236.695971 -6228377.845811 41000 C06
-6205232.827886 27859532.652779 31179157.311108 48000 C07
-4684893.126075 41454608.658060 3095622.309332 39000 C09
2296139.058183 30461375.230364 29596392.515604 35000 C10
-9649668.896528 40181922.664484 -7017218.798691 47000 C16
time 2025/01/17 08:55:20.000
-6286948.633669 25349098.527103 -2689356.853599 49000 G07
3096788.822783 15380803.368723 21464160.084039 42000 G14
1966377.788942 25069997.840162 8267065.706960 38000 G30
-14881605.974291 18787172.283525 8834821.627902 35000 R10
-698931.922551 14038565.942634 21286227.373991 51000 R11
-2023715.253275 22153656.409915 12507500.504891 44000 R21
-14712546.808120 39469072.425636 -1293577.018232 43000 C03
-9350709.810213 40458144.641187 -6230841.207751 40000 C06
-6206042.905929 27858900.409856 31179549.288568 47000 C07
-4683677.987882 41454901.257023 3093105.615000 39000 C09
2295500.753026 30460580.084641 29597239.521487 34000 C10
-9648379.836013 40181782.548087 -7019701.282156 47000 C16
time 2025/01/17 08:55:21.000
-6287230.442515 25348632.394280 -2692513.554451 50000 G07
3094203.512936 15381657.367858 21463896.535376 42000 G14
1965857.691102 25070965.559741 8264174.181673 38000 G30
-14882420.640998 18788077.060177 8831538.588549 34000 R10
-701087.442045 14040527.435604 21284860.920288 51000 R11
-2023814.721196 22151935.861749 12510530.369752 45000 R21
-14712550.800375 39469070.376004 -1293536.257445 44000 C03
-9349452.414076 40458052.400323 -6233304.536136 41000 C06
-6206853.076418 27858268.286211 31179941.101472 48000 C07
-4682462.806431 41455193.673487 3090588.903825 39000 C09
2294862.332227 30459785.036214 29598086.374046 35000 C10
-9647090.795025 40181642.239871 -7022183.727625 47000 C16
time 2025/01/17 08:55:22.000
-6287512.214319 25348165.879023 -2695670.195982 50000 G07
3091618.278485 15382511.499661 21463632.531482 31000 G14
-20155851.436014 14156343.490069 -6453757.945126 33000 R09
-14883234.898957 18788981.606160 8828255.337931 34000 R10
-703242.662356 14042488.980468 21283493.955441 50000 R11
-9297830.342637 7156503.009938 22656993.929255 0 R20
-2023914.402305 22150214.914708 12513559.934554 46000 R21
-14712554.792799 39469068.326618 -1293495.489770 42000 C03
-9348195.030779 40457959.973382 -6235767.830958 43000 C06
-6207663.339343 27857636.281854 31180332.749822 47000 C07
-4681247.581743 41455485.907446 3088072.175805 32000 C09
2294223.795802 30458990.085103 29598933.073273 39000 C10
-9645801.773591 40181501.739839 -7024666.135088 46000 C16
time 2025/01/17 08:55:23.000
-6287793.949136 25347698.981328 -2698826.778147 50000 G07
3089033.119497 15383365.764104 21463368.072363 42000 G14
1964817.823332 25072900.009990 8258390.598256 38000 G30
-14884048.748194 18789885.921407 8824971.876098 34000 R10
-705397.583455 14044450.577162 21282126.479469 51000 R11
-2024014.296659 22148493.568861 12516589.199214 45000 R21
-14712558.785392 39469066.277479 -1293454.715207 44000 C03
-9346937.660345 40457867.360365 -6238231.092212 41000 C06
-6208473.694676 27857004.396806 31180724.233611 48000 C07
-4680032.313866 41455777.958890 3085555.431001 39000 C09
2293585.143757 30458195.231314 29599779.619175 34000 C10
-9644512.771746 40181361.047995 -7027148.504518 47000 C16
time 2025/01/17 08:55:24.000
-6288075.647009 25347231.701201 -2701983.300821 50000 G07
3086448.036050 15384220.161158 21463103.158024 42000 G14
1964298.053327 25073866.740586 8255498.540273 37000 G30
-14884862.188712 18790790.005823 8821688.203193 35000 R10
-707552.205253 14046412.225570 21280758.492431 51000 R11
-2024114.404314 22146771.824274 12519618.163657 45000 R21
-14712562.778154 39469064.228587 -1293413.933757 44000 C03
-9345680.302816 40457774.561275 -6240694.319852 41000 C06
-6209284.142402 27856372.631078 31181115.552837 48000 C07
-4678817.002809 41456069.827815 3083038.669390 39000 C09
2292946.376123 30457400.474885 29600626.011725 34000 C10
-9643223.789520 40181220.164340 -7029630.835897 47000 C16
time 2025/01/17 08:55:25.000
-6288357.307994 25346764.038632 -2705139.763994 51000 G07
3083863.028159 15385074.690810 21462837.788466 42000 G14
1963778.392516 25074833.141464 8252606.304816 37000 G30
-14885675.220544 18791693.859348 8818404.319232 36000 R10
-709706.527749 14048373.925651 21279389.994332 51000 R11
-2024214.725326 22145049.680993 12522646.827839 45000 R21
-14712566.771085 39469062.179941 -1293373.145418 44000 C03
-9344422.958199 40457681.576112 -6243157.513909 41000 C06
-6210094.682515 27855740.984675 31181506.707503 48000 C07
-4677601.648591 41456361.514216 3080521.890966 39000 C09
2292307.492895 30456605.815809 29601472.250942 34000 C10
-9641934.826924 40181079.088877 -7032113.129244 48000 C16
time 2025/01/17 08:55:26.000
-6288638.932139 25346295.993624 -2708296.167568 51000 G07
3081278.095912 15385929.353027 21462571.963696 42000 G14
1963258.840863 25075799.212584 8249713.891973 37000 G30
-14886487.843704 18792597.481902 8815120.224314 35000 R10
-711860.550873 14050335.677307 21278020.985217 51000 R11
-2024315.259752 22143327.139087 12525675.191676 45000 R21
-14712570.764185 39469060.131543 -1293332.350191 44000 C03
-9343165.626529 40457588.404879 -6245620.674352 41000 C06
-6210905.314988 27855109.457619 31181897.697604 48000 C07
-4676386.251247 41456653.018084 3078005.095765 40000 C09
2291668.494097 30455811.254115 29602318.336810 35000 C10
-9640645.883997 40180937.821609 -7034595.384526 47000 C16
time 2025/01/17 08:55:27.000
-6288920.519493 25345827.566177 -2711452.511466 50000 G07
3078693.239376 15386784.147782 21462305.683720 42000 G14
1962739.398328 25076764.953913 8246821.301804 36000 G30
-14887300.058208 18793500.873404 8811835.918535 36000 R10
-714014.274572 14052297.480452 21276651.465122 51000 R11
-2024416.007648 22141604.198633 12528703.255074 45000 R21
-14712574.757454 39469058.083391 -1293291.548078 44000 C03
-9341908.307841 40457495.047578 -6248083.801154 40000 C06
-6211716.039802 27854478.049922 31182288.523136 48000 C07
-4675170.810812 41456944.339412 3075488.283815 40000 C09
2291029.379745 30455016.789822 29603164.269321 35000 C10
-9639356.960771 40180796.362538 -7037077.601721 46000 C16
time 2025/01/17 08:55:28.000
-6289202.070109 25345358.756286 -2714608.795636 50000 G07
3076108.458593 15387639.075054 21462038.948540 41000 G14
1962220.064869 25077730.365420 8243928.534363 35000 G30
-14888111.864078 18794404.033784 8808551.401949 36000 R10
-716167.698814 14054259.335020 21275281.434072 51000 R11
-2024516.969070 22139880.859676 12531731.017991 45000 R21
-14712578.750891 39469056.035486 -1293250.739077 44000 C03
-9340651.002150 40457401.504210 -6250546.894324 39000 C06
-6212526.856948 27853846.761593 31182679.184100 48000 C07
-4673955.327300 41457235.478194 3072971.455103 39000 C09
2290390.149846 30454222.422937 29604010.048481 35000 C10
-9638068.057265 40180654.711667 -7039559.780834 46000 C16
time 2025/01/17 08:55:29.000
-6289483.584035 25344889.563951 -2717765.020005 50000 G07
3073523.753634 15388494.134816 21461771.758161 41000 G14
1961700.840450 25078695.447068 8241035.589723 35000 G30
-14888923.261334 18795306.962963 8805266.674644 37000 R10
-718320.823542 14056221.240922 21273910.892103 51000 R11
-2024618.144074 22138157.122288 12534758.480338 44000 R21
-14712582.744498 39469053.987827 -1293209.923190 44000 C03
-9339393.709491 40457307.774778 -6253009.953833 39000 C06
-6213337.766402 27853215.592649 31183069.680493 48000 C07
-4672739.800743 41457526.434423 3070454.609655 40000 C09
2289750.804416 30453428.153479 29604855.674283 35000 C10
-9636779.173510 40180512.868999 -7042041.921844 46000 C16
time 2025/01/17 08:55:30.000
-6289765.061323 25344419.989171 -2720921.184503 51000 G07
3070939.124544 15389349.327045 21461504.112588 41000 G14
1961181.725026 25079660.198832 8238142.467921 35000 G30
-14889734.249995 18796209.660868 8801981.736689 37000 R10
-720473.648714 14058183.198083 21272539.839246 51000 R11
-2024719.532717 22136432.986530 12537785.642049 44000 R21
-14712586.738273 39469051.940416 -1293169.100416 45000 C03
-9338136.429884 40457213.859283 -6255472.979685 39000 C06
-6214148.768150 27852584.543102 31183460.012312 48000 C07
-4671524.231167 41457817.208091 3067937.747482 40000 C09
2289111.343472 30452633.981469 29605701.146717 35000 C10
-9635490.309534 40180370.834536 -7044524.024738 45000 C16
time 2025/01/17 08:55:31.000
-6290046.502020 25343950.031947 -2724077.289042 51000 G07
3068354.571415 15390204.651708 21461236.011828 41000 G14
9590164.904585 21239532.024414 12949217.547451 39000 G17
1960662.718566 25080624.620661 8235249.169076 36000 G30
-14890544.830072 18797112.127414 8798696.588193 37000 R10
-722626.174266 14060145.206408 21271168.275542 51000 R11
-2024821.135055 22134708.452476 12540812.503032 44000 R21
-14712590.732217 39469049.893251 -1293128.270755 43000 C03
-9336879.163371 40457119.757727 -6257935.971836 41000 C06
-6214959.862169 27851953.612969 31183850.179553 48000 C07
-4670308.618606 41458107.799192 3065420.868612 40000 C09
2288471.767028 30451839.906922 29606546.465781 35000 C10
-9634201.465371 40180228.608281 -7047006.089491 46000 C16
time 2025/01/17 08:55:32.000
-6290327.906180 25343479.692274 -2727233.333580 51000 G07
3065770.094273 15391060.108789 21460967.455882 41000 G14
9588856.818239 21238608.087664 12951802.616809 40000 G17
1960143.821021 25081588.712544 8232355.693185 35000 G30
-14891355.001594 18798014.362536 8795411.229200 36000 R10
-724778.400173 14062107.265836 21269796.201012 51000 R11
-2024922.951144 22132983.520167 12543839.063251 43000 R21
-14712594.726329 39469047.846332 -1293087.434208 43000 C03
-9335621.909962 40457025.470111 -6260398.930305 40000 C06
-6215771.048450 27851322.802257 31184240.182218 48000 C07
-4669092.963072 41458398.207720 3062903.973031 39000 C09
2287832.075096 30451045.929853 29607391.631472 35000 C10
-9632912.641040 40180086.190237 -7049488.116109 46000 C16
time 2025/01/17 08:55:33.000
-6290609.273851 25343008.970151 -2730389.318045 51000 G07
3063185.693190 15391915.698259 21460698.444756 41000 G14
9587548.446418 21237684.007899 12954387.413695 41000 G17
1959625.032351 25082552.474444 8229462.040314 33000 G30
-14892164.764580 18798916.366157 8792125.659783 36000 R10
-726930.326384 14064069.376285 21268423.615690 51000 R11
-2025024.981040 22131258.189684 12546865.322607 44000 R21
-14712598.720610 39469045.799661 -1293046.590775 43000 C03
-9334364.669685 40456930.996438 -6262861.855080 40000 C06
-6216582.326975 27850692.110980 31184630.020305 48000 C07
-4667877.264599 41458688.433669 3060387.060764 40000 C09
2287192.267686 30450252.050274 29608236.643790 35000 C10
-9631623.836567 40179943.580405 -7051970.104579 46000 C16
time 2025/01/17 08:55:34.000
-6290890.605084 25342537.865577 -2733545.242359 51000 G07
3060601.368224 15392771.420095 21460428.978454 40000 G14
9586239.789126 21236759.785179 12956971.938048 41000 G17
1959106.352522 25083515.906317 8226568.210564 34000 G30
-14892974.119044 18799818.138197 8788839.880041 36000 R10
-729081.952848 14066031.537670 21267050.519610 51000 R11
-2025127.224800 22129532.461081 12549891.281039 44000 R21
-14712602.715060 39469043.753236 -1293005.740456 44000 C03
-9333107.442572 40456836.336709 -6265324.746136 40000 C06
-6217393.697721 27850061.539155 31185019.693809 48000 C07
-4666661.523212 41458978.477030 3057870.131825 40000 C09
2286552.344818 30449458.268207 29609081.502724 34000 C10
-9630335.051986 40179800.778790 -7054452.054878 46000 C16
time 2025/01/17 08:55:35.000
-6291171.899929 25342066.378553 -2736701.106449 51000 G07
3058017.119434 15393627.274270 21460159.056981 40000 G14
9584930.846367 21235835.419566 12959556.189807 42000 G17
1958587.781491 25084479.008137 8223674.203974 34000 G30
-14893783.065005 18800719.678578 8785553.890057 36000 R10
-731233.279513 14067993.749908 21265676.912809 51000 R11
-2025229.682479 22127806.334426 12552916.938471 44000 R21
-14712606.709678 39469041.707058 -1292964.883252 43000 C03
-9331850.228652 40456741.490927 -6267787.603457 40000 C06
-6218205.160675 27849431.086793 31185409.202729 48000 C07
-4665445.738941 41459268.337797 3055353.186231 40000 C09
2285912.306506 30448664.583671 29609926.208269 35000 C10
-9629046.287325 40179657.785393 -7056933.966993 46000 C16
time 2025/01/17 08:55:36.000
-6291453.158436 25341594.509076 -2739856.910242 51000 G07
3055432.946890 15394483.260755 21459888.680344 40000 G14
9583621.618142 21234910.911118 12962140.168921 42000 G17
1958069.319219 25085441.779868 8220780.020613 33000 G30
-14894591.602484 18801620.987228 8782267.689897 36000 R10
-733384.306331 14069956.012918 21264302.795319 51000 R11
-2025332.354134 22126079.809782 12555942.294827 44000 R21
-14712610.704465 39469039.661127 -1292924.019162 43000 C03
-9330593.027954 40456646.459094 -6270250.427025 40000 C06
-6219016.715816 27848800.753908 31185798.547063 48000 C07
-4664229.911811 41459558.015963 3052836.223995 40000 C09
2285272.152762 30447870.996678 29610770.760423 35000 C10
-9627757.542612 40179514.600217 -7059415.840910 46000 C16
time 2025/01/17 08:55:37.000
-6291734.380654 25341122.257147 -2743012.653672 51000 G07
3052848.850648 15395339.379528 21459617.848545 39000 G14
9582312.104453 21233986.259893 12964723.875338 43000 G17
1957550.965668 25086404.221477 8217885.660546 34000 G30
-14895399.731495 18802522.064065 8778981.279660 36000 R10
-735535.033255 14071918.326619 21262928.167173 51000 R11
-2025435.239821 22124352.887218 12558967.350028 44000 R21
-14712614.699420 39469037.615443 -1292883.148187 44000 C03
-9329335.840501 40456551.241210 -6272713.216836 40000 C06
-6219828.363127 27848170.540516 31186187.726807 48000 C07
-4663014.041849 41459847.511521 3050319.245130 40000 C09
2284631.883603 30447077.507248 29611615.159179 34000 C10
-9626468.817875 40179371.223265 -7061897.676616 46000 C16
time 2025/01/17 08:55:38.000
-6292015.566634 25340649.622763 -2746168.336666 51000 G07
3050264.830775 15396195.630560 21459346.561590 39000 G14
9581002.305299 21233061.465951 12967307.309004 44000 G17
1957032.720795 25087366.332935 8214991.123820 33000 G30
-14896207.452060 18803422.909014 8775694.659418 37000 R10
-737685.460237 14073880.690931 21261553.028404 51000 R11
-2025538.339595 22122625.566794 12561992.104006 45000 R21
-14712618.694543 39469035.570005 -1292842.270327 44000 C03
-9328078.666326 40456455.837279 -6275175.972869 40000 C06
-6220640.102591 27847540.446627 31186576.741960 48000 C07
-4661798.129085 41460136.824465 3047802.249658 40000 C09
2283991.499041 30446284.115397 29612459.404533 34000 C10
-9625180.113143 40179227.654541 -7064379.474094 46000 C16
time 2025/01/17 08:55:39.000
-6292296.716424 25340176.605926 -2749323.959138 51000 G07
3047680.887338 15397052.013823 21459074.819486 39000 G14
9579692.220690 21232136.529356 12969890.469849 44000 G17
1956514.584565 25088328.114198 8212096.410532 32000 G30
-14897014.764195 18804323.521999 8772407.829252 35000 R10
-739835.587217 14075843.105762 21260177.379053 51000 R11
-2025641.653513 22120897.848580 12565016.556675 45000 R21
-14712622.689835 39469033.524814 -1292801.385582 44000 C03
-9326821.505459 40456360.247303 -6277638.695100 40000 C06
-6221451.934186 27846910.472260 31186965.592518 48000 C07
-4660582.173548 41460425.954785 3045285.237593 40000 C09
2283350.999093 30445490.821143 29613303.496479 34000 C10
-9623891.428451 40179083.894046 -7066861.233320 46000 C16
time 2025/01/17 08:55:41.000
-6292858.907639 25339229.424886 -2755635.022263 51000 G07
3042513.230002 15398765.176946 21458529.969845 39000 G14
9577071.195098 21230286.228432 12975055.972893 44000 G17
1955478.637868 25090250.686026 8206306.454457 32000 G30
-14898628.163253 18806124.051770 8765833.539477 35000 R10
-744134.940999 14079768.086676 21257424.548726 51000 R11
-2025848.924004 22117441.219028 12571064.557820 44000 R21
-14712630.680923 39469029.435172 -1292719.595440 43000 C03
-9324307.223749 40456168.509221 -6282564.038124 41000 C06
-6223075.873707 27845650.882138 31187742.799842 48000 C07
-4658150.134261 41461003.667532 3040251.163747 40000 C09
2282069.653096 30443904.525495 29614991.220125 35000 C10
-9621314.119287 40178795.797757 -7071824.636978 46000 C16
time 2025/01/17 08:55:42.000
-6293139.949164 25338755.260679 -2758790.462780 51000 G07
3039929.516206 15399621.956760 21458256.862316 38000 G14
9575760.254115 21229360.864219 12977638.314991 44000 G17
1954960.827318 25091211.476530 8203411.211779 31000 G30
-14899434.250215 18807023.968405 8762546.080017 35000 R10
-746284.167711 14081730.652602 21256047.367812 51000 R11
-2025952.880689 22115712.307812 12574088.106156 45000 R21
-14712634.676719 39469027.390721 -1292678.690043 44000 C03
-9323050.102959 40456072.361118 -6285026.658894 41000 C06
-6223887.981599 27845021.266408 31188131.156605 48000 C07
-4656934.050560 41461292.249945 3037734.101984 40000 C09
2281428.807072 30443111.524130 29615834.851821 35000 C10
-9620025.494869 40178651.461968 -7074306.281390 46000 C16
time 2025/01/17 08:55:43.000
-6293420.954704 25338280.714011 -2761945.842526 51000 G07
3037345.879072 15400478.868708 21457983.299654 38000 G14
9574449.027669 21228435.357579 12980220.384081 44000 G17
1954443.125251 25092171.936709 8200515.792780 31000 G30
-14900239.928830 18807923.652779 8759258.410923 35000 R10
-748433.094253 14083693.268745 21254669.676433 51000 R11
-2026057.051743 22113982.999047 12577111.352921 45000 R21
-14712638.672684 39469025.346517 -1292637.777762 43000 C03
-9321792.995574 40455976.026977 -6287489.245834 41000 C06
-6224700.181562 27844391.770246 31188519.348768 48000 C07
-4655717.924184 41461580.649711 3035217.023665 40000 C09
2280787.845716 30442318.620425 29616678.330094 35000 C10
-9618736.890590 40178506.934419 -7076787.887519 46000 C16
time 2025/01/17 08:55:44.000
-6293701.924304 25337805.784885 -2765101.161399 51000 G07
3034762.318681 15401335.912758 21457709.281867 38000 G14
9573137.515773 21227509.708580 12982802.180085 44000 G17
1953925.531626 25093132.066532 8197620.197516 31000 G30
-14901045.199109 18808823.104805 8755970.532312 35000 R10
-750581.720556 14085655.935004 21253291.474637 51000 R11
-2026161.437221 22112253.292810 12580134.298013 44000 R21
-14712642.668816 39469023.302559 -1292596.858598 43000 C03
-9320535.901633 40455879.506801 -6289951.798908 41000 C06
-6225512.473567 27843762.393672 31188907.376324 48000 C07
-4654501.755171 41461868.866820 3032699.928830 40000 C09
2280146.769047 30441525.814403 29617521.654932 35000 C10
-9617448.306491 40178362.215113 -7079269.455326 46000 C16
time 2025/01/17 08:55:45.000
-6293982.858017 25337330.473297 -2768256.419340 51000 G07
3032178.835071 15402193.088892 21457434.808957 37000 G14
9571825.718423 21226583.917276 12985383.702963 43000 G17
1953408.046401 25094091.865973 8194724.426029 31000 G30
-14901850.061071 18809722.324408 8752682.444261 35000 R10
-752730.046577 14087618.651305 21251912.762453 51000 R11
-2026266.037178 22110523.189163 12583156.941366 44000 R21
-14712646.665117 39469021.258849 -1292555.932550 43000 C03
-9319278.821162 40455782.800590 -6292414.318104 41000 C06
-6226324.857601 27843133.136698 31189295.239273 48000 C07
-4653285.543544 41462156.901266 3030182.817484 40000 C09
2279505.577073 30440733.106075 29618364.826338 35000 C10
-9616159.742597 40178217.304054 -7081750.984805 46000 C16
time 2025/01/17 08:55:46.000
-6294263.755893 25336854.779246 -2771411.616297 51000 G07
3029595.428304 15403050.397083 21457159.880928 37000 G14
9570513.635614 21225657.983722 12987964.952670 43000 G17
1952890.669536 25095051.334996 8191828.478388 31000 G30
-14902654.514744 18810621.311520 8749394.146813 36000 R10
-754878.072284 14089581.417579 21250533.539905 51000 R11
-2026370.851672 22108792.688155 12586179.282930 45000 R21
-14712650.661585 39469019.215385 -1292514.999619 43000 C03
-9318021.754178 40455685.908346 -6294876.803431 41000 C06
-6227137.333652 27842503.999333 31189682.937616 48000 C07
-4652069.289322 41462444.753043 3027665.689625 40000 C09
2278864.269812 30439940.495459 29619207.844304 35000 C10
-9614871.198927 40178072.201242 -7084232.475961 46000 C16
time 2025/01/17 08:55:47.000
-6294544.617983 25336378.702729 -2774566.752193 51000 G07
3027012.098438 15403907.837308 21456884.497786 37000 G14
9569201.267347 21224731.907977 12990545.929157 42000 G17
1952373.400988 25096010.473573 8188932.354641 30000 G30
-14903458.560143 18811520.066064 8746105.640059 36000 R10
-757025.797625 14091544.233743 21249153.807029 51000 R11
-2026475.880759 22107061.789857 12589201.322623 45000 R21
-14712654.658222 39469017.172168 -1292474.059805 44000 C03
-9316764.700712 40455588.830071 -6297339.254866 41000 C06
-6227949.901700 27841874.981591 31190070.471348 48000 C07
-4650852.992535 41462732.422146 3025148.545271 40000 C09
2278222.847271 30439147.982565 29620050.708834 35000 C10
-9613582.675513 40177926.906682 -7086713.928771 46000 C16
time 2025/01/17 08:55:49.000
-6295106.235004 25335425.402300 -2780876.840519 51000 G07
3021845.669664 15405623.113747 21456332.366182 37000 G14
9566575.674454 21222879.330155 12995707.062235 42000 G17
1951339.188713 25097927.759212 8183139.579217 28000 G30
-14905065.426194 18813316.877134 8739527.998967 36000 R10
-761320.347011 14095470.015408 21246392.810427 51000 R11
-2026686.582932 22103598.801648 12595244.496097 45000 R21
-14712662.651998 39469013.086473 -1292392.159528 44000 C03
-9314250.634447 40455394.115438 -6302264.056000 40000 C06
-6229575.313715 27840617.305032 31190845.044973 49000 C07
-4648420.271380 41463307.212296 3020114.207157 41000 C09
2276939.656419 30437563.250023 29621735.977552 35000 C10
-9611005.689564 40177635.742325 -7091676.719301 46000 C16
time 2025/01/17 08:55:50.000
-6295386.990037 25334948.178382 -2784031.792829 51000 G07
3019262.570857 15406480.949917 21456055.617728 36000 G14
9565262.449819 21221952.828187 12998287.218740 40000 G17
1950822.244895 25098885.906225 8180242.927613 27000 G30
-14905868.246890 18814214.933515 8736238.864762 37000 R10
-763467.170977 14097432.980762 21245011.546758 51000 R11
-2026792.256132 22101866.711853 12598265.629752 45000 R21
-14712666.649138 39469011.043996 -1292351.199066 44000 C03
-9312993.621693 40455296.479083 -6304726.405691 40000 C06
-6230388.157654 27839988.646238 31191232.084865 48000 C07
-4647203.847053 41463594.333332 3017597.013395 41000 C09
2276297.888135 30436771.030406 29622578.381733 35000 C10
-9609717.227077 40177489.872533 -7094158.057010 46000 C16
time 2025/01/17 08:55:51.000
-6295667.709482 25334470.571999 -2787186.683775 51000 G07
3016679.549208 15407338.918012 21455778.414181 36000 G14
9563948.939745 21221026.184273 13000867.101786 40000 G17
1950305.409235 25099843.722663 8177346.100142 27000 G30
-14906670.659384 18815112.757018 8732949.521586 37000 R10
-765613.694371 14099395.995668 21243629.772904 51000 R11
-2026898.144146 22100134.225035 12601286.461224 45000 R21
-14712670.646446 39469009.001765 -1292310.231722 44000 C03
-9311736.622574 40455198.656705 -6307188.721421 40000 C06
-6231201.093513 27839360.107125 31191618.960135 49000 C07
-4645987.380277 41463881.271664 3015079.803216 41000 C09
2275656.004638 30435978.908590 29623420.632446 35000 C10
-9608428.784967 40177343.811004 -7096639.356302 46000 C16
time 2025/01/17 08:55:52.000
-6295948.393389 25333992.583150 -2790341.513292 51000 G07
3014096.604775 15408197.018007 21455500.755547 35000 G14
9562635.144222 21220099.398465 13003446.711337 39000 G17
1949788.681693 25100801.208489 8174449.096878 28000 G30
-14907472.663696 18816010.347565 8729659.969521 37000 R10
-767759.917146 14101359.060047 21242247.488896 51000 R11
-2027004.247033 22098401.341253 12604306.990446 45000 R21
-14712674.643922 39469006.959782 -1292269.257497 44000 C03
-9310479.637118 40455100.648307 -6309651.003176 40000 C06
-6232014.121278 27838731.687705 31192005.670782 49000 C07
-4644770.871078 41464168.027285 3012562.576627 41000 C09
2275014.005935 30435186.884582 29624262.729696 35000 C10
-9607140.363261 40177197.557741 -7099120.617168 46000 C16
time 2025/01/17 08:55:53.000
-6296229.041813 25333514.211826 -2793496.281350 51000 G07
3011513.737596 15409055.249884 21455222.641827 35000 G14
9561321.063247 21219172.470816 13006026.047352 36000 G17
1949272.062223 25101758.363685 8171551.917843 29000 G30
-14908274.259854 18816907.705091 8726370.208606 37000 R10
-769905.839286 14103322.173844 21240864.694749 51000 R11
-2027110.564848 22096668.060552 12607327.217380 45000 R21
-14712678.641565 39469004.918044 -1292228.276389 44000 C03
-9309222.665337 40455002.453889 -6312113.250974 40000 C06
-6232827.240941 27838103.387985 31192392.216808 49000 C07
-4643554.319465 41464454.600193 3010045.333609 41000 C09
2274371.892040 30434394.958398 29625104.673480 35000 C10
-9605851.961970 40177051.112745 -7101601.839625 46000 C16
time 2025/01/17 08:55:54.000
-6296509.654800 25333035.458035 -2796650.987837 51000 G07
3008930.947749 15409913.613611 21454944.073029 35000 G14
9560006.696826 21218245.401390 13008605.109768 35000 G17
1948755.550800 25102715.188189 8168654.563181 30000 G30
-14909075.447869 18817804.829512 8723080.238955 37000 R10
-772051.460713 14105285.336953 21239481.390514 51000 R11
-2027217.097646 22094934.383018 12610347.141915 44000 R21
-14712682.639376 39469002.876554 -1292187.288400 43000 C03
-9307965.707271 40454904.073454 -6314575.464774 41000 C06
-6233640.452473 27837475.207986 31192778.598208 49000 C07
-4642337.725484 41464740.990375 3007528.074212 40000 C09
2273729.662973 30433603.130061 29625946.463784 35000 C10
-9604563.581139 40176904.476019 -7104083.023626 46000 C16
time 2025/01/17 08:55:55.000
-6296790.232400 25332556.321774 -2799805.632690 51000 G07
3006348.235300 15410772.109161 21454665.049158 33000 G14
9558692.044945 21217318.190236 13011183.898559 31000 G17
1948239.147341 25103671.682047 8165757.032720 0 G30
-14909876.227760 18818701.720750 8719790.060646 37000 R10
-774196.781386 14107248.549298 21238097.576221 51000 R11
-2027323.845483 22093200.308709 12613366.763986 45000 R21
-14712686.637354 39469000.835310 -1292146.293530 44000 C03
-9306708.762946 40454805.507005 -6317037.644565 41000 C06
-6234453.755860 27836847.147718 31193164.814978 49000 C07
-4641121.089154 41465027.197827 3005010.798438 40000 C09
2273087.318745 30432811.399586 29626788.100610 35000 C10
-9603275.220793 40176757.647567 -7106564.169166 46000 C16
time 2025/01/17 08:55:56.000
-6297070.774665 25332076.803039 -2802960.215852 51000 G07
3003765.600308 15411630.736508 21454385.570219 33000 G14
9557377.107607 21216390.837412 13013762.413670 30000 G17
1947722.851878 25104627.845095 8162859.326918 0 G30
-14910676.599551 18819598.378735 8716499.673740 37000 R10
-776341.801266 14109211.810805 21236713.251898 51000 R11
-2027430.808416 22091465.837682 12616386.083536 45000 R21
-14712690.635500 39468998.794313 -1292105.291779 43000 C03
-9305451.832384 40454706.754543 -6319499.790344 41000 C06
-6235267.151086 27836219.207195 31193550.867119 49000 C07
-4639904.410502 41465313.222543 3002493.506296 40000 C09
2272444.859369 30432019.766986 29627629.583952 35000 C10
-9601986.880955 40176610.627391 -7109045.276238 46000 C16
time 2025/01/17 08:55:57.000
-6297351.281645 25331596.901832 -2806114.737251 51000 G07
3001183.042812 15412489.495633 21454105.636214 33000 G14
9556061.884819 21215463.342981 13016340.655039 30000 G17
1947206.664335 25105583.677364 8159961.445640 0 G30
-14911476.563260 18820494.803390 8713209.078320 37000 R10
-778486.520302 14111175.121391 21235328.417580 51000 R11
-2027537.986501 22089730.970003 12619405.100486 45000 R21
-14712694.633813 39468996.753563 -1292064.283148 44000 C03
-9304194.915615 40454607.816070 -6321961.902095 41000 C06
-6236080.638134 27835591.386429 31193936.754628 49000 C07
-4638687.689555 41465599.064515 2999976.197804 40000 C09
2271802.284861 30431228.232281 29628470.913805 35000 C10
-9600698.561653 40176463.415494 -7111526.344830 46000 C16
time 2025/01/17 08:55:58.000
-6297631.753390 25331116.618150 -2809269.196817 51000 G07
2998600.562881 15413348.386508 21453825.247149 33000 G14
9554746.376596 21214535.707012 13018918.622585 30000 G17
1946690.584672 25106539.178823 8157063.388948 0 G30
-14912276.118906 18821390.994638 8709918.274466 37000 R10
-780630.938448 14113138.480978 21233943.073299 51000 R11
-2027645.379792 22087995.705736 12622423.814763 45000 R21
-14712698.632294 39468994.713059 -1292023.267635 44000 C03
-9302938.012662 40454508.691587 -6324423.979810 41000 C06
-6236894.216986 27834963.685433 31194322.477503 49000 C07
-4637470.926335 41465884.723737 2997458.872967 40000 C09
2271159.595232 30430436.795481 29629312.090170 35000 C10
-9599410.262917 40176316.011878 -7114007.374926 46000 C16
time 2025/01/17 08:55:59.000
-6297912.189950 25330635.951992 -2812423.594479 51000 G07
2996018.160573 15414207.409109 21453544.403030 33000 G14
9553430.582942 21213607.929565 13021496.316249 25000 G17
1946174.612849 25107494.349438 8154165.156903 0 G30
-14913075.266509 18822286.952404 8706627.262257 37000 R10
-782775.055657 14115101.889482 21232557.219090 51000 R11
-2027752.988347 22086260.044944 12625442.226299 46000 R21
-14712702.630942 39468992.672802 -1291982.245242 44000 C03
-9301681.123558 40454409.381097 -6326886.023466 41000 C06
-6237707.887625 27834336.104220 31194708.035743 49000 C07
-4636254.120873 41466170.200203 2994941.531803 40000 C09
2270516.790498 30429645.456609 29630153.113037 35000 C10
-9598121.984775 40176168.416546 -7116488.366513 46000 C16
time 2025/01/17 08:56:00.000
-6298192.591376 25330154.903359 -2815577.930166 51000 G07
2993435.835959 15415066.563404 21453263.103861 33000 G14
9552114.503860 21212680.010702 13024073.735975 25000 G17
1945658.748827 25108449.189177 8151266.749569 0 G30
-14913874.006088 18823182.676611 8703336.041774 37000 R10
-784918.871882 14117065.346826 21231170.854983 51000 R11
-2027860.812221 22084523.987690 12628460.335020 45000 R21
-14712706.629758 39468990.632792 -1291941.215969 44000 C03
-9300424.248325 40454309.884602 -6329348.033060 41000 C06
-6238521.650034 27833708.642805 31195093.429344 49000 C07
-4635037.273198 41466455.493905 2992424.174334 40000 C09
2269873.870675 30428854.215680 29630993.982401 35000 C10
-9596833.727254 40176020.629501 -7118969.319576 46000 C16
time 2025/01/17 08:56:01.000
-6298472.957717 25329673.472250 -2818732.203812 51000 G07
2990853.589101 15415925.849369 21452981.349649 34000 G14
9550798.139312 21211751.950453 13026650.881785 22000 G17
1945142.992566 25109403.698007 8148368.167007 0 G30
-14914672.337661 18824078.167184 8700044.613093 37000 R10
-787062.387075 14119028.852926 21229783.981014 51000 R11
-2027968.851469 22082787.534038 12631478.140853 45000 R21
-14712710.628740 39468988.593029 -1291900.179817 44000 C03
-9299167.386994 40454210.202104 -6331810.008569 41000 C06
-6239335.504194 27833081.301200 31195478.658304 49000 C07
-4633820.383332 41466740.604837 2989906.800561 40000 C09
2269230.835772 30428063.072707 29631834.698264 35000 C10
-9595545.490381 40175872.650746 -7121450.234105 47000 C16
time 2025/01/17 08:56:02.000
-6298753.289023 25329191.658662 -2821886.415345 51000 G07
2988271.420034 15416785.266986 21452699.140396 34000 G14
1944627.344025 25110357.875894 8145469.409280 0 G30
-14915470.261250 18824973.424047 8696752.976292 38000 R10
-789205.601189 14120992.407703 21228396.597216 51000 R11
-2028077.106147 22081050.684052 12634495.643726 45000 R21
-14712714.627890 39468986.553511 -1291859.136784 44000 C03
-9297910.539589 40454110.333605 -6334271.949990 41000 C06
-6240149.450089 27832454.079418 31195863.722622 49000 C07
-4632603.451305 41467025.532993 2987389.410506 40000 C09
2268587.685810 30427272.027713 29632675.260612 35000 C10
-9594257.274186 40175724.480284 -7123931.110085 46000 C16
time 2025/01/17 08:56:03.000
-6299033.585345 25328709.462596 -2825040.564692 51000 G07
2985689.328842 15417644.816222 21452416.476108 34000 G14
1944111.803181 25111311.722776 8142570.476542 35000 G30
-14916267.776873 18825868.447123 8693461.131454 37000 R10
-791348.514176 14122956.011076 21227008.703621 51000 R11
-2028185.576312 22079313.437798 12637512.843564 45000 R21
-14712718.627208 39468984.514241 -1291818.086872 44000 C03
-9296653.706139 40454010.279106 -6336733.857302 41000 C06
-6240963.487701 27831826.977473 31196248.622295 49000 C07
-4631386.477140 41467310.278365 2984872.004176 40000 C09
2267944.420797 30426481.080707 29633515.669450 35000 C10
-9592969.078696 40175576.118117 -7126411.947503 46000 C16
time 2025/01/17 08:56:05.000
-6299594.073237 25327743.923027 -2831348.676558 51000 G07
2980525.380299 15419364.309451 21451849.782449 35000 G14
1943081.044321 25113218.423584 8136772.085706 35000 G30
-14917861.584298 18827657.791614 8686876.817974 37000 R10
-795633.436583 14126883.363285 21224231.387175 51000 R11
-2028403.163323 22075837.756736 12643546.333853 45000 R21
-14712726.626343 39468980.436441 -1291735.966410 44000 C03
-9294140.081214 40453809.612119 -6341657.569550 41000 C06
-6242591.838006 27830573.133147 31197017.927700 49000 C07
-4628952.402514 41467879.220730 2979837.142762 40000 C09
2266657.545685 30424899.480739 29635196.026561 35000 C10
-9590392.749945 40175278.818680 -7131373.506593 46000 C16
time 2025/01/17 08:56:07.000
-6300154.421794 25326776.853535 -2837656.538853 51000 G07
2975361.743942 15421084.328857 21451281.268711 36000 G14
1942050.715717 25115123.800072 8130972.995283 36000 G30
-14919453.760096 18829446.200050 8680291.673276 38000 R10
-799917.153921 14130810.908910 21221452.031942 51000 R11
-2028621.612949 22072360.491361 12649578.611145 45000 R21
-14712734.626147 39468976.359627 -1291653.818433 44000 C03
-9291626.512432 40453608.201159 -6346581.145217 41000 C06
-6244220.554968 27829319.768327 31197786.574499 49000 C07
-4626518.159663 41468447.431882 2974802.216422 40000 C09
2265370.210552 30423318.272939 29636875.769556 36000 C10
-9587816.504351 40174980.752459 -7136334.911271 47000 C16
time 2025/01/17 08:56:08.000
-6300434.543947 25326292.745066 -2840810.376236 50000 G07
2972780.042991 15421944.535808 21450996.329325 36000 G14
1941535.712655 25116075.991625 8128073.187849 36000 G30
-14920249.236181 18830340.053056 8676998.789424 38000 R10
-802058.560571 14132774.754051 21220061.589863 51000 R11
-2028731.161381 22070621.264718 12652594.294731 45000 R21
-14712738.626300 39468974.321590 -1291612.734127 44000 C03
-9290369.749165 40453507.216694 -6349042.881794 41000 C06
-6245035.050903 27828693.265764 31198170.650918 49000 C07
-4625300.975224 41468731.263236 2972284.728945 40000 C09
2264726.370513 30422527.816143 29637715.410751 36000 C10
-9586528.412807 40174831.431811 -7138815.555674 47000 C16
time 2025/01/17 08:56:09.000
-6300714.631417 25325808.254114 -2843964.151017 50000 G07
2970198.420265 15422804.874226 21450710.934934 37000 G14
1941020.817034 25117027.852006 8125173.205686 36000 G30
-14921044.304420 18831233.671823 8673705.697997 38000 R10
-804199.665812 14134738.647304 21218670.638187 51000 R11
-2028840.925633 22068881.642187 12655609.674855 45000 R21
-14712742.626619 39468972.283799 -1291571.642942 44000 C03
-9289113.000015 40453406.046242 -6351504.584188 41000 C06
-6245849.638450 27828066.883118 31198554.562678 49000 C07
-4624083.748808 41469014.911765 2969767.225275 40000 C09
2264082.415509 30421737.457435 29638554.898406 36000 C10
-9585240.342138 40174681.919475 -7141296.161429 47000 C16
time 2025/01/17 08:56:10.000
-6300994.684254 25325323.380679 -2847117.863125 50000 G07
2967616.875823 15423665.344086 21450425.085543 37000 G14
1940506.028812 25117979.381186 8122273.048847 37000 G30
-14921838.964827 18832127.056271 8670412.399091 38000 R10
-806340.469597 14136702.588588 21217279.176948 51000 R11
-2028950.905762 22067141.623831 12658624.751442 44000 R21
-14712746.627106 39468970.246256 -1291530.544880 44000 C03
-9287856.265009 40453304.689805 -6353966.252384 41000 C06
-6246664.317591 27827440.620402 31198938.309779 49000 C07
-4622866.480446 41469298.377465 2967249.705435 41000 C09
2263438.345555 30420947.196834 29639394.232515 36000 C10
-9583952.292370 40174532.215454 -7143776.728529 47000 C16
time 2025/01/17 08:56:11.000
-6301274.702508 25324838.124760 -2850271.512489 50000 G07
2965035.409728 15424525.945361 21450138.781158 37000 G14
1939991.347951 25118930.579128 8119372.717407 36000 G30
-14922633.217426 18833020.206326 8667118.892771 38000 R10
-808480.971878 14138666.577820 21215887.206179 51000 R11
-2029061.101824 22065401.209714 12661639.524423 43000 R21
-14712750.627759 39468968.208959 -1291489.439940 43000 C03
-9286599.544180 40453203.147385 -6356427.886359 41000 C06
-6247479.088310 27826814.477629 31199321.892219 50000 C07
-4621649.170160 41469581.660327 2964732.169427 40000 C09
2262794.160670 30420157.034359 29640233.413071 36000 C10
-9582664.263532 40174382.319752 -7146257.256957 47000 C16
time 2025/01/17 08:56:12.000
-6301554.686230 25324352.486356 -2853425.099042 50000 G07
2962454.022038 15425386.678025 21449852.021783 37000 G14
1939476.774411 25119881.445800 8116472.211424 35000 G30
-14923427.062233 18833913.121911 8663825.179126 37000 R10
-810621.172609 14140630.614922 21214494.725913 51000 R11
-2029171.513872 22063660.399902 12664653.993721 43000 R21
-14712754.628579 39468966.171908 -1291448.328122 43000 C03
-9285342.837549 40453101.418983 -6358889.486110 41000 C06
-6248293.950588 27826188.454811 31199705.309994 49000 C07
-4620431.817980 41469864.760346 2962214.617271 40000 C09
2262149.860864 30419366.970026 29641072.440071 36000 C10
-9581376.255652 40174232.232369 -7148737.746702 47000 C16
time 2025/01/17 08:56:13.000
-6301834.635469 25323866.465466 -2856578.622712 50000 G07
2959872.712822 15426247.542050 21449564.807423 38000 G14
1938962.308146 25120831.981177 8113571.530937 37000 G30
-14924220.499273 18834805.802955 8660531.258218 37000 R10
-812761.071744 14142594.699812 21213101.736183 51000 R11
-2029282.141964 22061919.194466 12667668.159251 43000 R21
-14712758.629566 39468964.135104 -1291407.209427 44000 C03
-9284086.145142 40452999.504602 -6361351.051627 40000 C06
-6249108.904409 27825562.551963 31200088.563104 49000 C07
-4619214.423932 41470147.677514 2959697.048982 40000 C09
2261505.446151 30418577.003848 29641911.313513 36000 C10
-9580088.268756 40174081.953311 -7151218.197750 47000 C16
time 2025/01/17 08:56:14.000
-6302114.550275 25323380.062090 -2859732.083429 51000 G07
2957291.482141 15427108.537409 21449277.138085 39000 G14
1938447.949123 25121782.185218 8110670.676031 37000 G30
-14925013.528558 18835698.249373 8657237.130156 37000 R10
-814900.669235 14144558.832410 21211708.237023 51000 R11
-2029392.986155 22060177.593457 12670682.020964 42000 R21
-14712762.630719 39468962.098547 -1291366.083855 43000 C03
-9282829.466990 40452897.404244 -6363812.582891 41000 C06
-6249923.949753 27824936.769097 31200471.651545 50000 C07
-4617996.988040 41470430.411826 2957179.464567 40000 C09
2260860.916544 30417787.135840 29642750.033394 35000 C10
-9578800.302874 40173931.482579 -7153698.610087 46000 C16
time 2025/01/17 08:56:16.000
-6302674.276793 25322406.107875 -2866038.815742 51000 G07
2952129.256575 15428830.922045 21448700.434489 39000 G14
1937419.552630 25123681.599176 8104868.443184 38000 G30
-14926598.363965 18837482.438055 8650648.252787 37000 R10
-819178.959106 14148487.240414 21208919.710540 51000 R11
-2029615.323056 22056693.204990 12676708.832626 40000 R21
-14712770.633526 39468958.026173 -1291283.812080 44000 C03
-9280316.153552 40452692.645605 -6368735.542613 42000 C06
-6251554.314952 27823685.563363 31201237.334418 50000 C07
-4615561.990836 41470995.331853 2952144.247422 40000 C09
2259571.512713 30416207.694414 29644427.012441 36000 C10
-9576224.434257 40173629.966104 -7158659.318585 47000 C16
time 2025/01/17 08:56:17.000
-6302954.088605 25321918.557035 -2869192.087201 49000 G07
2949548.261818 15429692.311266 21448411.400241 40000 G14
1936905.515079 25124630.809032 8101967.065349 39000 G30
-14927390.170122 18838374.180163 8647353.503653 37000 R10
-821317.651397 14150451.515663 21207524.683280 51000 R11
-2029726.815878 22054950.417659 12679721.782433 39000 R21
-14712774.635179 39468955.990356 -1291242.665877 44000 C03
-9279059.518317 40452589.987328 -6371196.971055 39000 C06
-6252369.634771 27823060.140520 31201619.928845 50000 C07
-4614344.429577 41471277.517555 2949626.614717 41000 C09
2258926.638512 30415418.121020 29645265.271607 36000 C10
-9574936.531576 40173478.920367 -7161139.614722 46000 C16
time 2025/01/17 08:56:18.000
-6303233.866185 25321430.623706 -2872345.295421 51000 G07
2946967.345830 15430553.831721 21448121.911034 40000 G14
1936391.584610 25125579.687418 8099065.513356 39000 G30
-14928181.568607 18839265.687348 8644058.547662 36000 R10
-823456.041851 14152415.838291 21206129.146727 51000 R11
-2029838.525020 22053207.235027 12682734.428105 39000 R21
-14712778.636998 39468953.954785 -1291201.512799 44000 C03
-9277802.897449 40452487.143082 -6373658.365183 41000 C06
-6253185.046044 27822434.837714 31202002.358594 50000 C07
-4613126.826585 41471559.520372 2947108.965948 41000 C09
2258281.649478 30414628.645869 29646103.377187 36000 C10
-9573648.650025 40173327.682968 -7163619.872089 46000 C16
time 2025/01/17 08:56:19.000
-6303513.609584 25320942.307887 -2875498.440351 51000 G07
2944386.508659 15431415.483387 21447831.966872 40000 G14
1935877.761175 25126528.234316 8096163.787229 38000 G30
-14928972.559441 18840156.959531 8640763.384897 36000 R10
-825594.130435 14154380.208230 21204733.100906 51000 R11
-2029950.450540 22051463.657140 12685746.769601 38000 R21
-14712782.638984 39468951.919461 -1291160.352844 44000 C03
-9276546.290965 40452384.112869 -6376119.725001 42000 C06
-6254000.548756 27821809.654955 31202384.623666 50000 C07
-4611909.181882 41471841.340301 2944591.301121 40000 C09
2257636.545622 30413839.268973 29646941.329182 35000 C10
-9572360.789622 40173176.253910 -7166100.090685 47000 C16
time 2025/01/17 08:56:20.000
-6303793.318852 25320453.609578 -2878651.521911 51000 G07
2941805.750373 15432277.266235 21447541.567761 40000 G14
1935364.044741 25127476.449682 8093261.887054 38000 G30
-14929763.142645 18841047.996642 8637468.015420 36000 R10
-827731.917097 14156344.625395 21203336.545852 51000 R11
-2030062.592494 22049719.684071 12688758.806836 38000 R21
-14712786.641137 39468949.884384 -1291119.186013 44000 C03
-9275289.698900 40452280.896691 -6378581.050486 42000 C06
-6254816.142889 27821184.592257 31202766.724058 49000 C07
-4610691.495497 41472122.977332 2942073.620252 41000 C09
2256991.326957 30413049.990346 29647779.127589 35000 C10
-9571072.950399 40173024.633195 -7168580.270494 47000 C16
time 2025/01/17 08:56:21.000
-6304072.994038 25319964.528780 -2881804.540023 51000 G07
2939225.071050 15433139.180234 21447250.713709 41000 G14
1934850.435265 25128424.333487 8090359.812892 38000 G30
-14930553.318234 18841938.798599 8634172.439334 36000 R10
-829869.401783 14158309.089698 21201939.481605 51000 R11
-2030174.950934 22047975.315889 12691770.539728 39000 R21
-14712790.643456 39468947.849553 -1291078.012307 44000 C03
-9274033.121281 40452177.494550 -6381042.341620 42000 C06
-6255631.828422 27820559.649635 31203148.659766 50000 C07
-4609473.767459 41472404.431460 2939555.923359 41000 C09
2256345.993503 30412260.810012 29648616.772396 36000 C10
-9569785.132390 40172872.820826 -7171060.411490 48000 C16
time 2025/01/17 08:56:22.000
-6304352.635193 25319475.065492 -2884957.494618 51000 G07
2936644.470737 15434001.225361 21446959.404717 41000 G14
1934336.932709 25129371.885696 8087457.564808 38000 G30
-14931343.086229 18842829.365328 8630876.656710 36000 R10
-832006.584444 14160273.601057 21200541.908198 51000 R11
-2030287.525918 22046230.552658 12694781.968204 39000 R21
6359221.089904 23996891.518011 -5803665.411014 34000 R22
-14712794.645941 39468945.814969 -1291036.831726 44000 C03
-9272776.558134 40452073.906449 -6383503.598396 42000 C06
-6256447.605339 27819934.827102 31203530.430789 49000 C07
-4608255.997797 41472685.702677 2937038.210461 40000 C09
2255700.545271 30411471.727983 29649454.263602 35000 C10
-9568497.335619 40172720.816807 -7173540.513665 47000 C16
time 2025/01/17 08:56:24.000
-6304911.815612 25318494.991439 -2891263.213007 50000 G07
2931483.507357 15435725.708908 21446375.421938 41000 G14
1933310.248186 25131265.995213 8081652.547076 36000 G30
-14932921.399520 18844609.792802 8624284.472154 36000 R10
-836280.043533 14164202.764644 21197745.234022 51000 R11
-2030513.325738 22042739.841292 12700803.911648 40000 R21
6359767.540949 23998425.721714 -5796752.139171 32000 R22
-14712802.651410 39468941.746541 -1290954.449938 43000 C03
-9270263.475358 40451866.172372 -6388426.008828 42000 C06
-6258079.433261 27818685.542352 31204293.478772 50000 C07
-4605820.333695 41473247.696355 2932002.736676 41000 C09
2254409.304527 30409893.858902 29651128.785201 35000 C10
-9565921.805900 40172416.233828 -7178500.601512 47000 C16
time 2025/01/17 08:56:25.000
-6305191.354976 25318004.380674 -2894415.976660 50000 G07
2928903.144412 15436588.147274 21446082.748161 41000 G14
1932797.066141 25132212.552451 8078749.777564 35000 G30
-14933709.944859 18845499.653398 8620988.070369 36000 R10
-838416.319867 14166167.416711 21196346.133319 51000 R11
-2030626.550686 22040993.893281 12703814.426477 40000 R21
6360040.755456 23999192.089256 -5793295.293996 32000 R22
-14712806.654394 39468939.712696 -1290913.248732 44000 C03
-9269006.955786 40451762.026401 -6390887.162453 41000 C06
-6258895.484230 27818061.080161 31204674.755728 50000 C07
-4604602.439308 41473528.418802 2929484.975816 41000 C09
2253763.512043 30409105.071883 29651965.815584 36000 C10
-9564634.073004 40172263.654873 -7180980.587163 47000 C16
time 2025/01/17 08:56:26.000
-6305470.860510 25317513.387415 -2897568.676523 50000 G07
2926322.860708 15437450.716669 21445789.619465 41000 G14
1932283.990849 25133158.777974 8075846.834349 36000 G30
-14934498.082684 18846389.278464 8617691.462356 36000 R10
-840552.293994 14168132.115515 21194946.523588 51000 R11
-2030739.992398 22039247.550483 12706824.636594 41000 R21
6360313.962519 23999957.967243 -5789838.309423 29000 R22
-14712810.657544 39468937.679099 -1290872.040651 44000 C03
-9267750.450795 40451657.694478 -6393348.281664 42000 C06
-6259711.626514 27817436.738112 31205055.867990 49000 C07
-4603384.503401 41473808.958313 2926967.199000 41000 C09
2253117.604837 30408316.383235 29652802.692350 36000 C10
-9563346.361458 40172110.884279 -7183460.533939 46000 C16
time 2025/01/17 08:56:27.000
-6305750.332263 25317022.011667 -2900721.312506 50000 G07
2923742.656334 15438313.417055 21445496.035859 41000 G14
1931771.022274 25134104.671743 8072943.717505 33000 G30
-14935285.813009 18847278.667917 8614394.648223 36000 R10
-842687.965860 14170096.860968 21193546.404867 51000 R11
-2030853.650932 22037500.812947 12709834.541951 41000 R21
6360587.162058 24000723.355656 -5786381.185559 29000 R22
-14712814.660860 39468935.645748 -1290830.825696 44000 C03
-9266493.960414 40451553.176604 -6395809.366447 42000 C06
-6260527.860091 27816812.516219 31205436.815555 50000 C07
-4602166.526005 41474089.314880 2924449.406250 42000 C09
2252471.582929 30407527.792980 29653639.415486 36000 C10
-9562058.671300 40171957.922049 -7185940.441812 47000 C16
time 2025/01/17 08:56:28.000
-6306029.770284 25316530.253428 -2903873.884539 51000 G07
2921162.531350 15439176.248409 21445201.997348 40000 G14
1931258.160379 25135050.233718 8070040.427126 35000 G30
-14936073.135857 18848167.821685 8611097.628037 35000 R10
-844823.335411 14172061.652983 21192145.777193 51000 R11
-2030967.526341 22035753.680759 12712844.142441 44000 R21
6360860.353996 24001488.254474 -5782923.922522 31000 R22
-14712818.664342 39468933.612643 -1290789.603868 44000 C03
-9265237.484677 40451448.472784 -6398270.416772 43000 C06
-6261344.184943 27816188.414498 31205817.598420 50000 C07
-4600948.507152 41474369.488495 2921931.597588 41000 C09
2251825.446332 30406739.301132 29654475.984992 36000 C10
-9560771.002554 40171804.768188 -7188420.310771 47000 C16
time 2025/01/17 08:56:29.000
-6306309.174627 25316038.112691 -2907026.392597 51000 G07
9513824.049796 21185709.107345 13098699.518501 31000 G17
1930745.405187 25135995.463751 8067136.963624 39000 G30
-14936860.051267 18849056.739713 8607800.401799 34000 R10
-846958.402628 14174026.491504 21190744.640582 50000 R11
-2031081.618682 22034006.153950 12715853.438045 46000 R21
-14712822.667990 39468931.579786 -1290748.375165 42000 C03
-9263981.023589 40451343.583016 -6400731.432672 38000 C06
-6262160.601065 27815564.432952 31206198.216589 49000 C07
-4599730.446844 41474649.479156 2919413.772980 38000 C09
2251179.195045 30405950.907692 29655312.400880 37000 C10
-9559483.355229 40171651.422694 -7190900.140845 47000 C16
time 2025/01/17 08:56:30.000
-6306588.545342 25315545.589458 -2910178.836596 51000 G07
2916002.519659 15440902.303954 21444612.555618 38000 G14
1930232.756450 25136940.362193 8064233.325884 38000 G30
-14937646.559237 18849945.421900 8604502.969677 30000 R10
-849093.167479 14175991.376464 21189342.995059 50000 R11
-2031195.928011 22032258.232606 12718862.428656 47000 R21
-14712826.671805 39468929.547174 -1290707.139588 45000 C03
-9262724.577189 40451238.507304 -6403192.414108 42000 C06
-6262977.108434 27814940.571598 31206578.670057 50000 C07
-4598512.345126 41474929.286854 2916895.932475 39000 C09
2250532.829099 30405162.612695 29656148.663125 35000 C10
-9558195.729362 40171497.885572 -7193379.931997 47000 C16
time 2025/01/17 08:56:31.000
-6306867.882478 25315052.683728 -2913331.216464 51000 G07
2913422.633093 15441765.528088 21444317.152411 39000 G14
9511174.481102 21183844.699107 13103837.598477 31000 G17
1929720.214344 25137884.928611 8061329.515197 38000 G30
-14938432.659789 18850833.868176 8601205.331737 32000 R10
-851227.629887 14177956.307754 21187940.840676 50000 R11
-2031310.454383 22030509.916768 12721871.114244 46000 R21
-14712830.675785 39468927.514810 -1290665.897138 45000 C03
-9261468.145500 40451133.245649 -6405653.361076 42000 C06
-6263793.707032 27814316.830449 31206958.958822 50000 C07
-4597294.202014 41475208.911584 2914378.076067 40000 C09
2249886.348500 30404374.416148 29656984.771733 36000 C10
-9556908.124982 40171344.156825 -7195859.684215 47000 C16
time 2025/01/17 08:56:33.000
-6307426.456212 25314065.724786 -2919635.783476 51000 G07
2908263.098847 15443492.368936 21443724.981344 42000 G14
9508523.770732 21181979.732617 13108974.576241 30000 G17
1928695.449652 25139773.065643 8055521.374018 36000 G30
-14940003.638731 18852610.052695 8594609.438690 35000 R10
-855495.647173 14181886.308988 21185135.005475 51000 R11
-2031540.158476 22027012.101930 12727887.569944 43000 R21
-14712838.684242 39468923.450820 -1290583.391619 44000 C03
-9258955.326391 40450922.164524 -6410575.151504 42000 C06
-6265427.177833 27813069.708831 31207719.042229 50000 C07
-4594857.791750 41475767.612106 2909342.315661 40000 C09
2248593.043413 30402798.318482 29658656.528006 36000 C10
-9554332.980815 40171036.124469 -7200819.071757 47000 C16
time 2025/01/17 08:56:34.000
-6307705.692909 25313571.671574 -2922787.970475 51000 G07
9507197.987405 21181047.040163 13111542.651695 42000 G17
1928183.227058 25140716.636057 8052617.044066 37000 G30
-14940788.517159 18853497.790786 8591311.183745 35000 R10
-857629.201958 14183851.378770 21183731.324725 50000 R11
-2031655.336308 22025262.603051 12730895.339925 47000 R21
-14712842.688720 39468921.419195 -1290542.128551 43000 C03
-9257698.939024 40450816.345058 -6413035.994938 39000 C06
-6266244.050002 27812446.328387 31208098.836866 49000 C07
-4593639.524652 41476046.687884 2906824.411691 37000 C09
2247946.218953 30402010.417396 29659492.175663 38000 C10
-9553045.441082 40170881.820867 -7203298.707056 47000 C16
time 2025/01/17 08:56:35.000
-6307984.896226 25313077.235869 -2925940.093033 51000 G07
2903103.883570 15445219.733034 21443130.990780 41000 G14
9505871.918724 21180114.208364 13114110.451324 28000 G17
1927671.110709 25141659.874734 8049712.540135 38000 G30
-14941572.988248 18854385.292661 8588012.723304 34000 R10
-859762.454112 14185816.494557 21182327.135250 51000 R11
-2031770.731402 22023512.709982 12733902.804515 43000 R21
-14712846.693363 39468919.387817 -1290500.858610 44000 C03
-9256442.566490 40450710.339658 -6415496.803826 42000 C06
-6267061.013322 27811823.068207 31208478.466788 50000 C07
-4592421.216282 41476325.580665 2904306.491903 41000 C09
2247299.279907 30401222.614838 29660327.669651 35000 C10
-9551757.922960 40170727.325652 -7205778.303344 47000 C16
time 2025/01/17 08:56:36.000
-6308264.066216 25312582.417665 -2929092.151119 51000 G07
2900524.395672 15446083.611245 21442833.313197 41000 G14
9504545.564641 21179181.237245 13116677.975168 29000 G17
1927159.100785 25142602.781235 8046807.863538 40000 G30
-14942357.052028 18855272.558253 8584714.057410 34000 R10
-861895.403600 14187781.656279 21180922.437077 51000 R11
-2031886.343817 22021762.422741 12736909.963714 43000 R21
-14712850.698171 39468917.356685 -1290459.581797 45000 C03
-9255186.208801 40450604.148327 -6417957.578183 41000 C06
-6267878.067786 27811199.928298 31208857.931998 50000 C07
-4591202.866654 41476604.290445 2901788.556284 42000 C09
2246652.226276 30400434.910808 29661163.009984 34000 C10
-9550470.426461 40170572.638826 -7208257.860639 47000 C16
time 2025/01/17 08:56:37.000
-6308543.202928 25312087.216964 -2932244.144643 50000 G07
2897944.987676 15446947.620196 21442535.180754 41000 G14
9503218.925202 21178248.126895 13119245.223090 30000 G17
1926647.197175 25143545.355659 8043903.013936 39000 G30
-14943140.708512 18856159.587479 8581415.186170 35000 R10
-864028.050368 14189746.863848 21179517.230244 51000 R11
-2032002.173606 22020011.741416 12739916.817417 44000 R21
-14712854.703146 39468915.325800 -1290418.298111 45000 C03
-9253929.865994 40450497.771067 -6420418.317979 41000 C06
-6268695.213371 27810576.908674 31209237.232491 50000 C07
-4589984.475801 41476882.817215 2899270.604859 42000 C09
2246005.058082 30399647.305331 29661998.196649 34000 C10
-9549182.951622 40170417.760394 -7210737.378909 47000 C16
time 2025/01/17 08:56:38.000
-6308822.306411 25311591.633767 -2935396.073527 51000 G07
2895365.659650 15447811.759859 21442236.593456 41000 G14
9501892.000390 21177314.877360 13121812.195074 29000 G17
1926135.399844 25144487.597964 8040997.991419 39000 G30
-14943923.957722 18857046.380267 8578116.109653 35000 R10
-866160.394365 14191712.117179 21178111.514788 51000 R11
-2032118.220825 22018260.666070 12742923.365549 44000 R21
-14712858.708286 39468913.295161 -1290377.007554 45000 C03
-9252673.538095 40450391.207880 -6422879.023201 41000 C06
-6269512.450059 27809954.009352 31209616.368264 50000 C07
-4588766.043753 41477161.160969 2896752.637647 42000 C09
2245357.775340 30398859.798426 29662833.229638 35000 C10
-9547895.498471 40170262.690358 -7213216.858140 47000 C16
time 2025/01/17 08:56:39.000
-6309101.376716 25311095.668073 -2938547.937712 50000 G07
2892786.411652 15448676.030210 21441937.551309 41000 G14
9500564.790198 21176381.488693 13124378.891085 29000 G17
1925623.708750 25145429.508122 8038092.796040 39000 G30
-14944706.799678 18857932.936541 8574816.827935 35000 R10
-868292.435549 14193677.416195 21176705.290740 51000 R11
-2032234.485530 22016509.196759 12745929.608053 44000 R21
-14712862.713591 39468911.264769 -1290335.710126 45000 C03
-9251417.225131 40450284.458768 -6425339.693834 41000 C06
-6270329.777834 27809331.230342 31209995.339316 50000 C07
-4587547.570533 41477439.321701 2894234.654656 42000 C09
2244710.378066 30398072.390109 29663668.108947 34000 C10
-9546608.067034 40170107.428720 -7215696.298324 47000 C16
time 2025/01/17 08:56:40.000
-6309380.413893 25310599.319882 -2941699.737126 51000 G07
2890207.243741 15449540.431220 21441638.054318 41000 G14
9499237.294627 21175447.960953 13126945.311069 31000 G17
1925112.123849 25146371.086104 8035187.427841 39000 G30
-14945489.234400 18858819.256224 8571517.341102 35000 R10
-870424.173875 14195642.760816 21175298.558132 51000 R11
-2032350.967774 22014757.333555 12748935.544847 45000 R21
-14712866.719062 39468909.234624 -1290294.405825 45000 C03
-9250160.927128 40450177.523733 -6427800.329873 41000 C06
-6271147.196678 27808708.571658 31210374.145646 50000 C07
-4586329.056168 41477717.299404 2891716.655900 42000 C09
2244062.866264 30397285.080386 29664502.834583 34000 C10
-9545320.657339 40169951.975484 -7218175.699445 47000 C16
time 2025/01/17 08:56:41.000
-6309659.417995 25310102.589189 -2944851.471716 51000 G07
2887628.155968 15450404.962869 21441338.102487 41000 G14
9497909.513668 21174514.294189 13129511.454997 33000 G17
1924600.645098 25147312.331884 8032281.886874 39000 G30
-14946271.261913 18859705.339246 8568217.649212 35000 R10
-872555.609305 14197608.150970 21173891.316992 51000 R11
-2032467.667616 22013005.076510 12751941.175876 45000 R21
-14712870.724699 39468907.204725 -1290253.094654 45000 C03
-9248904.644106 40450070.402777 -6430260.931313 41000 C06
-6271964.706577 27808086.033310 31210752.787251 50000 C07
-4585110.500679 41477995.094073 2889198.641380 42000 C09
2243415.239953 30396497.869278 29665337.406535 34000 C10
-9544033.269408 40169796.330652 -7220655.061505 47000 C16
time 2025/01/17 08:56:43.000
-6310217.327166 25309107.980309 -2951154.746103 50000 G07
2882470.221094 15452134.417968 21440736.834330 41000 G14
9495253.095590 21172646.543827 13134642.914481 35000 G17
1923578.005896 25149193.826695 8026470.286919 39000 G30
-14947834.095380 18861476.794990 8561617.650626 35000 R10
-876817.571271 14201539.067531 21171075.309266 51000 R11
-2032701.720307 22009499.381175 12757951.520323 45000 R21
-14712878.736468 39468903.145667 -1290170.451698 45000 C03
-9246392.123135 40449855.603111 -6435182.030309 41000 C06
-6273599.999465 27806841.317681 31211509.576281 50000 C07
-4582673.266448 41478550.134278 2884162.565131 42000 C09
2242119.643865 30394923.742980 29667006.089368 34000 C10
-9541458.558964 40169484.466212 -7225613.668352 47000 C16
time 2025/01/17 08:56:44.000
-6310496.232336 25308610.102123 -2954306.285748 50000 G07
2879891.374121 15452999.341363 21440435.518015 41000 G14
9493924.458476 21171712.460347 13137208.229928 36000 G17
1923066.845366 25150134.075657 8023564.228068 38000 G30
-14948614.901372 18862362.167560 8558317.344095 35000 R10
-878948.097703 14203504.593768 21169666.542753 51000 R11
-2032819.073267 22007745.943021 12760956.233584 45000 R21
-14712882.742600 39468901.116508 -1290129.119914 45000 C03
-9245135.885242 40449747.924406 -6437642.527835 41000 C06
-6274417.782414 27806219.140429 31211887.723698 50000 C07
-4581454.587768 41478827.379801 2881644.503445 42000 C09
2241471.674119 30394136.827825 29667840.200236 34000 C10
-9540171.236512 40169328.246612 -7228092.913103 47000 C16
time 2025/01/17 08:56:45.000
-6310775.104627 25308111.841441 -2957457.760256 50000 G07
2877312.607554 15453864.395282 21440133.746885 41000 G14
9492595.535990 21170778.238086 13139773.269090 36000 G17
1922555.790831 25151073.992276 8020657.996730 38000 G30
-14949395.300227 18863247.303155 8555016.832863 35000 R10
-881078.321034 14205470.165195 21168257.267857 51000 R11
-2032936.644043 22005992.111305 12763960.640758 44000 R21
-14712886.748898 39468899.087595 -1290087.781260 45000 C03
-9243879.662456 40449640.059790 -6440102.990678 41000 C06
-6275235.656341 27805597.083572 31212265.706380 50000 C07
-4580235.868081 41479104.442261 2879126.426069 41000 C09
2240823.589928 30393350.011360 29668674.157394 36000 C10
-9538883.935949 40169171.835429 -7230572.118713 47000 C16
time 2025/01/17 08:56:46.000
-6311053.944091 25307613.198260 -2960609.169572 50000 G07
2874733.921432 15454729.579705 21439831.520943 41000 G14
9491266.328136 21169843.877104 13142338.031912 38000 G17
1922044.842249 25152013.576525 8017751.592952 38000 G30
-14950175.291967 18864132.201705 8551716.116993 35000 R10
-883208.241223 14207435.781736 21166847.484606 51000 R11
-2033054.432691 22004237.886080 12766964.741791 44000 R21
-14712890.755361 39468897.058929 -1290046.435736 44000 C03
-9242623.454793 40449532.009264 -6442563.418846 41000 C06
-6276053.621230 27804975.147121 31212643.524326 49000 C07
-4579017.107410 41479381.321652 2876608.333012 41000 C09
2240175.391303 30392563.293597 29669507.960841 36000 C10
-9537596.657298 40169015.232665 -7233051.285178 46000 C16
time 2025/01/17 08:56:47.000
-6311332.750780 25307114.172580 -2963760.513624 50000 G07
2872155.315822 15455594.894603 21439528.840194 40000 G14
9489936.834913 21168909.377458 13144902.518343 38000 G17
1921533.999578 25152952.828374 8014845.016788 37000 G30
-14950954.876615 18865016.863136 8548415.196555 35000 R10
-885337.858226 14209401.443314 21165437.193033 51000 R11
-2033172.439266 22002483.267413 12769968.536610 46000 R21
-14712894.761989 39468895.030509 -1290005.083342 44000 C03
-9241367.262284 40449423.772831 -6445023.812318 41000 C06
-6276871.677065 27804353.331088 31213021.177534 49000 C07
-4577798.305786 41479658.017968 2874090.224294 42000 C09
2239527.078255 30391776.674548 29670341.610579 34000 C10
-9536309.400586 40168858.438324 -7235530.412485 47000 C16
time 2025/01/17 08:56:49.000
-6311890.266029 25306114.973720 -2970063.005692 51000 G07
2866998.346351 15457325.915730 21438922.114300 40000 G14
9487276.992359 21167039.962404 13150030.661853 38000 G17
1920512.631807 25154830.334747 8009031.347548 36000 G30
-14952512.824721 18866785.474341 8541812.742282 35000 R10
-889596.182513 14213332.901274 21162615.085041 51000 R11
-2033409.106420 21998972.849981 12775975.207360 44000 R21
-14712902.775740 39468890.974410 -1289922.357946 45000 C03
-9238854.922820 40449206.742248 -6449944.495156 42000 C06
-6278508.061512 27803110.060323 31213775.989732 50000 C07
-4575360.579762 41480210.861353 2869053.959881 41000 C09
2238230.108951 30390203.732664 29672008.448899 36000 C10
-9533734.953079 40168544.274920 -7240488.549596 46000 C16
time 2025/01/17 08:56:51.000
-6312447.650778 25305114.244858 -2976365.235904 49000 G07
2861841.699586 15459057.458465 21438313.569239 41000 G14
9484616.008336 21165169.993388 13155157.699209 38000 G17
1919491.687194 25156706.511137 8003216.989499 35000 G30
-14954069.144705 18868553.136167 8535209.470678 36000 R10
-893853.293519 14217264.538423 21159790.944154 51000 R11
-2033646.645944 21995460.859541 12781980.652404 46000 R21
-14712910.790152 39468886.919297 -1289839.605072 44000 C03
-9236342.644277 40448988.968060 -6454865.039094 41000 C06
-6280144.809539 27801867.271383 31214530.142955 50000 C07
-4572922.690220 41480762.972362 2864017.632933 40000 C09
2236932.682123 30388631.185829 29673674.672329 35000 C10
-9531160.593654 40168229.345241 -7245446.529935 45000 C16
time 2025/01/17 08:56:52.000
-6312726.294339 25304613.306677 -2979516.252636 50000 G07
2859263.497384 15459923.425364 21438008.614537 41000 G14
9483285.088277 21164234.801291 13157720.802951 37000 G17
1918981.373474 25157644.100503 8000309.552345 35000 G30
-14954846.694204 18869436.610874 8531907.528571 36000 R10
-895981.393924 14219230.423988 21158378.111460 51000 R11
-2033765.742983 21993704.274602 12784982.915113 46000 R21
-14712914.797605 39468884.892110 -1289798.218332 44000 C03
-9235086.527923 40448879.802120 -6457325.258933 42000 C06
-6280963.319850 27801246.057631 31214906.972446 50000 C07
-4571703.684202 41481038.753209 2861499.446054 40000 C09
2236283.797177 30387845.060600 29674507.553444 35000 C10
-9529873.447042 40168071.593056 -7247925.461283 46000 C16
time 2025/01/17 08:56:53.000
-6313004.905424 25304111.985999 -2982667.203672 50000 G07
2856685.376068 15460789.522576 21437703.205063 41000 G14
9481953.882859 21163299.470882 13160283.629994 37000 G17
1918471.165424 25158581.357275 7997401.943181 36000 G30
-14955623.836728 18870319.848005 8528605.382389 37000 R10
-898109.190858 14221196.354097 21156964.770652 51000 R11
-2033885.058279 21991947.296612 12787984.871165 47000 R21
-14712918.805223 39468882.865170 -1289756.824723 45000 C03
-9233830.426888 40448770.450285 -6459785.443995 41000 C06
-6281781.920999 27800624.964379 31215283.637185 50000 C07
-4570484.637392 41481314.350941 2858981.243596 40000 C09
2235634.797899 30387059.034192 29675340.280816 35000 C10
-9528586.322545 40167913.649311 -7250404.353377 46000 C16
time 2025/01/17 08:56:54.000
-6313283.484085 25303610.282819 -2985818.088972 50000 G07
2854107.335665 15461655.750086 21437397.340820 42000 G14
9480622.392082 21162364.002219 13162846.180286 37000 G17
1917961.063003 25159518.281419 7994494.162074 34000 G30
-14956400.572304 18871202.847488 8525303.032189 36000 R10
-900236.684290 14223162.328681 21155550.921753 51000 R11
-2034004.591889 21990189.925624 12790986.520513 46000 R21
-14712922.813006 39468880.838476 -1289715.424246 44000 C03
-9232574.341188 40448660.912558 -6462245.594285 41000 C06
-6282600.612974 27800003.991635 31215660.137174 50000 C07
-4569265.549808 41481589.765553 2856463.025556 41000 C09
2234985.684293 30386273.106607 29676172.854450 34000 C10
-9527299.220176 40167755.514010 -7252883.206234 46000 C16
time 2025/01/17 08:56:55.000
-6313562.030372 25303108.197138 -2988968.908459 50000 G07
2851529.376236 15462522.107867 21437091.021812 41000 G14
9479290.615947 21161428.395359 13165408.453778 37000 G17
1917451.066171 25160454.872908 7991586.209074 33000 G30
-14957176.900955 18872085.609253 8522000.478036 34000 R10
-902363.874175 14225128.347661 21154136.564796 51000 R11
-2034124.343868 21988432.161699 12793987.863086 46000 R21
-14712926.820953 39468878.812029 -1289674.016901 45000 C03
-9231318.270857 40448551.188940 -6464705.709779 41000 C06
-6283419.395757 27799383.139412 31216036.472408 50000 C07
-4568046.421479 41481864.997040 2853944.791952 41000 C09
2234336.456383 30385487.277872 29677005.274334 36000 C10
-9526012.139965 40167597.187154 -7255362.019833 46000 C16
time 2025/01/17 08:56:56.000
-6313840.544332 25302605.728961 -2992119.662035 50000 G07
2848951.497871 15463388.595882 21436784.248049 41000 G14
9477958.554462 21160492.650366 13167970.450407 38000 G17
1916941.174889 25161391.131703 7988678.084261 34000 G30
-14957952.822692 18872968.133213 8518697.720049 32000 R10
-904490.760445 14227094.410937 21152721.699829 51000 R11
-2034244.314269 21986674.004920 12796988.898784 47000 R21
-14712930.829066 39468876.785828 -1289632.602688 45000 C03
-9230062.215931 40448441.279435 -6467165.790447 42000 C06
-6284238.269324 27798762.407728 31216412.642884 50000 C07
-4566827.252441 41482140.045391 2851426.542816 41000 C09
2233687.114187 30384701.548009 29677837.540457 37000 C10
-9524725.081952 40167438.668749 -7257840.794141 46000 C16
time 2025/01/17 08:56:57.000
-6314119.026020 25302102.878280 -2995270.349675 51000 G07
2846373.700597 15464255.214117 21436477.019533 41000 G14
9476626.207619 21159556.767292 13170532.170136 36000 G17
1916431.389116 25162327.057774 7985769.787694 30000 G30
-14958728.337541 18873850.419299 8515394.758284 34000 R10
-906617.343079 14229060.518449 21151306.326870 51000 R11
-2034364.503149 21984915.455338 12799989.627558 47000 R21
-14712934.837343 39468874.759874 -1289591.181607 44000 C03
-9228806.176420 40448331.184043 -6469625.836307 42000 C06
-6285057.233666 27798141.796592 31216788.648603 50000 C07
-4565608.042707 41482414.910604 2848908.278135 41000 C09
2233037.657705 30383915.917018 29678669.652832 35000 C10
-9523438.046152 40167279.958796 -7260319.529170 46000 C16
time 2025/01/17 08:56:58.000
-6314397.475483 25301599.645100 -2998420.971278 51000 G07
2843795.984492 15465121.962539 21436169.336270 40000 G14
9475293.575429 21158620.746202 13173093.612899 36000 G17
1915921.708806 25163262.651099 7982861.319401 31000 G30
-14959503.445521 18874732.467432 8512091.592830 35000 R10
-908743.622012 14231026.670101 21149890.445965 51000 R11
-2034484.910562 21983156.513023 12802990.049327 46000 R21
-14712938.845785 39468872.734166 -1289549.753658 43000 C03
-9227550.152362 40448220.902768 -6472085.847326 41000 C06
-6285876.288760 27797521.306018 31217164.489561 50000 C07
-4564388.792311 41482689.592670 2846389.997935 41000 C09
2232388.086963 30383130.384927 29679501.611441 34000 C10
-9522151.032601 40167121.057298 -7262798.224890 47000 C16
time 2025/01/17 08:56:59.000
-6314675.892774 25301096.029419 -3001571.526796 51000 G07
2841218.349599 15465988.841127 21435861.198265 40000 G14
9473960.657875 21157684.587140 13175654.778680 35000 G17
1915412.133926 25164197.911632 7979952.679486 30000 G30
-14960278.146659 18875614.277547 8508788.223732 34000 R10
-910869.597217 14232992.865827 21148474.057135 51000 R11
-2034605.536564 21981397.178031 12805990.164033 46000 R21
-14712942.854391 39468870.708705 -1289508.318843 43000 C03
-9226294.143778 40448110.435612 -6474545.823502 42000 C06
-6286695.434593 27796900.936017 31217540.165757 50000 C07
-4563169.501274 41482964.091585 2843871.702220 41000 C09
2231738.401967 30382344.951745 29680333.416289 35000 C10
-9520864.041316 40166961.964257 -7265276.881306 46000 C16
time 2025/01/17 08:57:00.000
-6314954.277941 25300592.031236 -3004722.016153 51000 G07
2838640.795990 15466855.849850 21435552.605524 41000 G14
9472627.454981 21156748.290183 13178215.667381 34000 G17
1914902.664448 25165132.839319 7977043.868084 31000 G30
-14961052.440971 18876495.849562 8505484.651091 34000 R10
-912995.268642 14234959.105542 21147057.160418 51000 R11
-2034726.381209 21979637.450430 12808989.971599 45000 R21
-14712946.863162 39468868.683490 -1289466.877160 44000 C03
-9225038.150694 40447999.782575 -6477005.764825 42000 C06
-6287514.671147 27796280.686602 31217915.677190 50000 C07
-4561950.169626 41483238.407342 2841353.391007 42000 C09
2231088.602736 30381559.617494 29681165.067365 35000 C10
-9519577.072332 40166802.679678 -7267755.498396 46000 C16
time 2025/01/17 08:57:01.000
-6315232.631033 25300087.650557 -3007872.439251 51000 G07
2836063.323738 15467722.988678 21435243.558054 40000 G14
9471293.966745 21155811.855384 13180776.278961 33000 G17
1914393.300283 25166067.434218 7974134.884971 0 G30
-14961826.328471 18877377.183394 8502180.875014 32000 R10
-915120.636222 14236925.389147 21145639.755859 51000 R11
-2034847.444552 21977877.330302 12811989.471923 45000 R21
-14712950.872097 39468866.658522 -1289425.428610 43000 C03
-9223782.173149 40447888.943663 -6479465.671257 42000 C06
-6288333.998396 27795660.557794 31218291.023853 50000 C07
-4560730.797404 41483512.539930 2838835.064334 41000 C09
2230438.689285 30380774.382188 29681996.564666 34000 C10
-9518290.125687 40166643.203565 -7270234.076124 47000 C16
time 2025/01/17 08:57:02.000
-6315510.952101 25299582.887378 -3011022.796038 51000 G07
2833485.932893 15468590.257588 21434934.055861 40000 G14
9469960.193153 21154875.282794 13183336.613395 31000 G17
1913884.041444 25167001.696198 7971225.730525 0 G30
-14962599.809183 18878258.278971 8498876.895568 32000 R10
-917245.699922 14238891.716571 21144221.843487 50000 R11
-2034968.726648 21976116.817702 12814988.664950 45000 R21
-14712954.881197 39468864.633801 -1289383.973195 43000 C03
-9222526.211164 40447777.918875 -6481925.542798 42000 C06
-6289153.416328 27795040.549601 31218666.205747 50000 C07
-4559511.384627 41483786.489347 2836316.722197 41000 C09
2229788.661628 30379989.245848 29682827.908185 35000 C10
-9517003.201400 40166483.535919 -7272712.614494 46000 C16
time 2025/01/17 08:57:03.000
-6315789.241199 25299077.741695 -3014173.086475 51000 G07
2830908.623486 15469457.656563 21434624.098946 39000 G14
9468626.134187 21153938.572455 13185896.670671 30000 G17
-14963372.883136 18879139.136227 8495572.712793 32000 R10
-919370.459716 14240858.087752 21142803.423321 50000 R11
-2035090.227553 21974355.912672 12817987.550647 45000 R21
-14712958.890461 39468862.609325 -1289342.510912 43000 C03
-9221270.264755 40447666.708215 -6484385.379458 42000 C06
-6289972.924931 27794420.662030 31219041.222874 50000 C07
-4558291.931311 41484060.255587 2833798.364589 41000 C09
2229138.519775 30379204.208480 29683659.097926 35000 C10
-9515716.299487 40166323.676742 -7275191.113517 46000 C16
time 2025/01/17 08:57:05.000
-6316345.723677 25298066.302825 -3020473.467962 51000 G07
2825754.249291 15471192.844581 21434002.820979 39000 G14
1912356.896412 25169802.484423 7962497.239403 28000 G30
-14964917.810832 18880900.135460 8488963.737639 33000 R10
-923619.067366 14244790.961027 21139965.059768 50000 R11
-2035333.886010 21970832.925621 12823984.399696 44000 R21
-14712966.909483 39468858.561115 -1289259.565748 43000 C03
-9218758.418794 40447443.729284 -6489304.948037 42000 C06
-6291612.214072 27793181.248820 31219790.762807 50000 C07
-4555852.903191 41484607.238508 2828761.603052 41000 C09
2227837.893540 30377634.430736 29685321.016049 35000 C10
-9513142.562924 40166003.383812 -7280147.993410 47000 C16
time 2025/01/17 08:57:06.000
-6316623.917156 25297560.009644 -3023623.558842 51000 G07
2823177.184637 15472060.633566 21433691.499941 39000 G14
1911848.058400 25170735.414538 7959587.399817 25000 G30
-14965689.664609 18881780.277276 8485658.945450 33000 R10
-925742.915111 14246757.462940 21138545.116461 50000 R11
-2035456.043671 21969070.843746 12826982.362877 44000 R21
-14712970.919241 39468856.537379 -1289218.082867 43000 C03
-9217502.519309 40447331.961019 -6491764.679907 42000 C06
-6292431.994566 27792561.723213 31220165.285607 50000 C07
-4554633.328452 41484880.455173 2826243.199178 41000 C09
2227187.409194 30376849.690400 29686151.744414 34000 C10
-9511855.728341 40165842.950065 -7282626.374233 47000 C16
time 2025/01/17 08:57:07.000
-6316902.078861 25297053.333967 -3026773.583044 51000 G07
2820600.201707 15472928.552494 21433379.724209 39000 G14
1911339.325483 25171668.011629 7956677.389033 24000 G30
-14966461.111695 18882660.180456 8482353.950306 33000 R10
-927866.458731 14248724.008254 21137124.665519 50000 R11
-2035578.420358 21967308.369736 12829980.018378 45000 R21
-14712974.929162 39468854.513890 -1289176.593122 43000 C03
-9216246.635526 40447220.006892 -6494224.376805 42000 C06
-6293251.865650 27791942.318290 31220539.643625 50000 C07
-4553413.713302 41485153.488631 2823724.779927 41000 C09
2226536.810717 30376065.049115 29686982.318970 34000 C10
-9510568.916263 40165682.324802 -7285104.715617 47000 C16
time 2025/01/17 08:57:09.000
-6317458.307157 25296038.835111 -3033073.431214 51000 G07
2815446.481181 15474664.780102 21432754.808675 39000 G14
1910322.174778 25173532.206593 7950856.854177 20000 G30
-14968002.785909 18884419.270632 8475743.351352 33000 R10
-932112.633476 14252657.228814 21134282.240826 50000 R11
-2035823.831037 21963782.245507 12835974.406165 45000 R21
-14712982.949498 39468850.467651 -1289093.593035 43000 C03
-9213734.915152 40446995.541055 -6499143.665687 42000 C06
-6294891.879537 27790703.870533 31221287.865317 50000 C07
-4550974.361835 41485699.005911 2818687.895270 41000 C09
2225235.271416 30374496.063740 29688643.006661 35000 C10
-9507995.359707 40165360.499737 -7290061.280069 47000 C16
time 2025/01/17 08:57:10.000
-6317736.373847 25295531.011934 -3036223.255036 51000 G07
2812869.743707 15475533.088728 21432441.668885 39000 G14
-14968773.013074 18885298.457474 8472437.747715 33000 R10
-934235.264505 14254623.903895 21132860.267144 50000 R11
-2035946.865138 21962018.595421 12838971.138302 45000 R21
-14712986.959912 39468848.444901 -1289052.082694 43000 C03
-9212479.078611 40446883.029349 -6501603.257652 42000 C06
-6295712.022305 27790084.827727 31221661.728986 50000 C07
-4549754.625575 41485971.489718 2816169.429900 41000 C09
2224584.330618 30373711.719683 29689473.119788 34000 C10
-9506708.615288 40165199.299940 -7292539.503106 47000 C16
time 2025/01/17 08:57:11.000
-6318014.408964 25295022.806261 -3039373.011906 51000 G07
2810293.088186 15476401.527195 21432128.074422 39000 G14
-14969542.833635 18886177.405380 8469131.941426 33000 R10
-936357.591229 14256590.622056 21131437.785961 50000 R11
-2036070.118486 21960254.553453 12841967.562482 46000 R21
-14712990.970490 39468846.422398 -1289010.565488 43000 C03
-9211223.257883 40446770.331790 -6504062.814591 42000 C06
-6296532.255592 27789465.905657 31222035.427865 50000 C07
-4548534.849008 41486243.790294 2813650.949203 41000 C09
2223933.275747 30372927.474740 29690303.079090 34000 C10
-9505421.893485 40165037.908639 -7295017.686652 47000 C16
time 2025/01/17 08:57:12.000
-6318292.412561 25294514.218088 -3042522.701780 51000 G07
2807716.514660 15477270.095482 21431814.025290 39000 G14
-14970312.247617 18887056.114280 8465825.932547 33000 R10
-938479.613621 14258557.383231 21130014.797299 49000 R11
-2036193.591137 21958490.119655 12844963.678658 46000 R21
-14712994.981231 39468844.400141 -1288969.041418 43000 C03
-9209967.452981 40446657.448379 -6506522.336518 42000 C06
-6297352.579389 27788847.104330 31222408.961955 50000 C07
-4547315.032150 41486515.907634 2811132.453170 41000 C09
2223282.106811 30372143.328922 29691132.884570 35000 C10
-9504135.194315 40164876.325836 -7297495.830714 47000 C16
time 2025/01/17 08:57:13.000
-6318570.384686 25294005.247417 -3045672.324566 51000 G07
2805140.023204 15478138.793559 21431499.521496 39000 G14
-14971081.255038 18887934.584096 8462519.721166 33000 R10
-940601.331624 14260524.187330 21128591.301197 49000 R11
-2036317.283144 21956725.294096 12847959.486751 46000 R21
-14712998.992137 39468842.378131 -1288927.510485 43000 C03
-9208711.663940 40446544.379117 -6508981.823403 42000 C06
-6298172.993675 27788228.423764 31222782.331253 50000 C07
-4546095.175033 41486787.841731 2808613.941824 41000 C09
2222630.823826 30371359.282245 29691962.536222 35000 C10
-9502848.517815 40164714.551535 -7299973.935264 47000 C16
time 2025/01/17 08:57:14.000
-6318848.325391 25293495.894248 -3048821.880212 51000 G07
2802563.613862 15479007.621403 21431184.563044 40000 G14
-14971849.855924 18888812.814758 8459213.307344 33000 R10
-942722.745201 14262491.034279 21127167.297686 49000 R11
-2036441.194564 21954960.076838 12850954.986693 46000 R21
-14713003.003207 39468840.356367 -1288885.972687 43000 C03
-9207455.890782 40446431.124008 -6511441.275245 42000 C06
-6298993.498434 27787609.863968 31223155.535758 50000 C07
-4544875.277681 41487059.592578 2806095.415177 41000 C09
2221979.426806 30370575.334727 29692792.034041 35000 C10
-9501561.864008 40164552.585737 -7302452.000298 47000 C16
time 2025/01/17 08:57:15.000
-6319126.234725 25292986.158581 -3051971.368640 51000 G07
2799987.286710 15479876.578983 21430869.149941 40000 G14
-14972618.050290 18889690.806185 8455906.691178 33000 R10
-944843.854300 14264457.923992 21125742.786803 49000 R11
-2036565.325451 21953194.467945 12853950.178412 46000 R21
-14713007.014441 39468838.334850 -1288844.428025 43000 C03
-9206200.133539 40446317.683054 -6513900.692020 42000 C06
-6299814.093646 27786991.424958 31223528.575466 50000 C07
-4543655.340128 41487331.160168 2803576.873255 41000 C09
2221327.915767 30369791.486386 29693621.378021 34000 C10
-9500275.232922 40164390.428447 -7304930.025800 47000 C16
time 2025/01/17 08:57:16.000
-6319404.112739 25292476.040415 -3055120.789786 51000 G07
2797411.041789 15480745.666279 21430553.282191 40000 G14
-14973385.838160 18890568.558303 8452599.872740 34000 R10
-946964.658878 14266424.856391 21124317.768579 49000 R11
-2036689.675860 21951428.467485 12856945.061835 46000 R21
-14713011.025838 39468836.313579 -1288802.876500 43000 C03
-9204944.392232 40446204.056256 -6516360.073727 42000 C06
-6300634.779296 27786373.106745 31223901.450377 50000 C07
-4542435.362390 41487602.544497 2801058.316048 41000 C09
2220676.290720 30369007.737233 29694450.568162 35000 C10
-9498988.624587 40164228.079668 -7307408.011756 47000 C16
time 2025/01/17 08:57:17.000
-6319681.959482 25291965.539752 -3058270.143574 51000 G07
2794834.879170 15481614.883260 21430236.959802 40000 G14
-14974153.219553 18891446.071037 8449292.852112 34000 R10
-949085.158890 14268391.831394 21122892.243050 49000 R11
-2036814.245845 21949662.075523 12859939.636887 46000 R21
-14713015.037400 39468834.292555 -1288761.318111 43000 C03
-9203688.666892 40446090.243617 -6518819.420346 42000 C06
-6301455.555366 27785754.909344 31224274.160487 50000 C07
-4541215.344499 41487873.745557 2798539.743583 41000 C09
2220024.551681 30368224.087288 29695279.604457 35000 C10
-9497702.039029 40164065.539402 -7309885.958154 47000 C16
time 2025/01/17 08:57:19.000
-6320237.559359 25290943.390936 -3064568.648800 51000 G07
2789682.801070 15483353.706173 21429602.951124 40000 G14
-14975686.762997 18893200.378052 8442678.204598 35000 R10
-953325.245027 14272325.908883 21120039.670212 49000 R11
-2037064.044764 21946128.117352 12865927.861596 47000 R21
-14713023.061013 39468830.251245 -1288678.180745 43000 C03
-9201177.264223 40445862.060826 -6523738.008262 42000 C06
-6303097.378691 27784518.877027 31225019.086299 50000 C07
-4538775.188365 41488415.597846 2793502.552931 41000 C09
2218720.731687 30366657.085088 29696937.215489 35000 C10
-9495128.936359 40163739.884423 -7314841.732217 47000 C16
time 2025/01/17 08:57:20.000
-6320515.312593 25290431.742783 -3067717.800096 51000 G07
2787106.885711 15484223.312052 21429285.264848 40000 G14
-14976452.925089 18894077.172182 8439370.577870 35000 R10
-955444.831060 14274293.011206 21118612.622972 49000 R11
-2037189.273808 21944360.551272 12868921.511109 47000 R21
-14713027.073066 39468828.230961 -1288636.601768 43000 C03
-9199921.586948 40445747.690678 -6526197.249535 42000 C06
-6303918.425911 27783901.042138 31225391.301996 50000 C07
-4537555.050177 41488686.249061 2790983.934773 41000 C09
2218068.650761 30365873.732866 29697765.790216 35000 C10
-9493842.419305 40163576.769716 -7317319.559854 47000 C16
time 2025/01/17 08:57:23.000
-6321348.386080 25288894.503347 -3077164.847902 51000 G07
2779379.635108 15486832.907058 21428329.478338 41000 G14
-14978748.973095 18896706.116161 8429446.486741 34000 R10
-961801.760476 14280194.571525 21114328.438374 49000 R11
-2037566.279933 21939055.505830 12877900.607440 46000 R21
-14713039.110204 39468822.171584 -1288511.823663 44000 C03
-9196154.651682 40445403.465254 -6533574.762457 42000 C06
-6306382.109598 27782048.262701 31226506.960231 50000 C07
-4533894.395442 41489497.102915 2783427.989118 41000 C09
2216111.724435 30363524.271901 29700250.591198 35000 C10
-9489983.005589 40163086.276765 -7324752.805039 47000 C16
time 2025/01/17 08:57:24.000
-6321626.015339 25288381.325208 -3080313.728252 51000 G07
2776804.050250 15487703.031099 21428009.973625 41000 G14
-14979513.509745 18897581.951100 8426138.052978 34000 R10
-963920.127243 14282161.842483 21112899.362656 49000 R11
-2037692.388488 21937286.375159 12880893.021918 46000 R21
-14713043.122910 39468820.152285 -1288470.217238 43000 C03
-9194899.038865 40445288.351793 -6536033.863100 42000 C06
-6307203.518113 27781430.911340 31226878.516684 50000 C07
-4532674.097227 41489767.020915 2780909.310213 41000 C09
2215459.187856 30362741.316866 29701078.550446 35000 C10
-9488696.580256 40162922.396181 -7327230.474154 47000 C16
time 2025/01/17 08:57:25.000
-6321903.613728 25287867.764577 -3083462.540673 51000 G07
2774228.548188 15488573.284607 21427690.014320 41000 G14
-14980277.640083 18898457.546050 8422829.417669 34000 R10
-966038.189063 14284129.155383 21111469.779915 49000 R11
-2037818.717056 21935516.853515 12883885.127436 46000 R21
-14713047.135780 39468818.133232 -1288428.603951 43000 C03
-9193643.442237 40445173.052510 -6538492.928538 42000 C06
-6308025.016901 27780813.680898 31227249.908319 50000 C07
-4531453.759079 41490036.755594 2778390.616171 41000 C09
2214806.537404 30361958.461173 29701906.355808 35000 C10
-9487410.177930 40162758.324135 -7329708.103593 47000 C16
time 2025/01/17 08:57:26.000
-6322181.181299 25287353.821451 -3086611.285112 51000 G07
2771653.128957 15489443.667564 21427369.600426 41000 G14
-14981041.364135 18899332.900939 8419520.580874 34000 R10
-968155.945909 14286096.510159 21110039.690173 50000 R11
-2037945.265694 21933746.940949 12886876.923948 46000 R21
-14713051.148813 39468816.114426 -1288386.983803 43000 C03
-9192387.861820 40445057.567407 -6540951.958769 42000 C06
-6308846.605952 27780196.571384 31227621.135136 50000 C07
-4530233.381017 41490306.306948 2775871.906987 41000 C09
2214153.773089 30361175.704835 29702734.007284 35000 C10
-9486123.798633 40162594.060631 -7332185.693354 47000 C16
time 2025/01/17 08:57:27.000
-6322458.718102 25286839.495831 -3089759.961493 51000 G07
2769077.792628 15490314.179939 21427048.731949 41000 G14
9436523.123094 21131416.360508 13247254.740848 38000 G17
-14981804.681918 18900208.015688 8416211.542691 34000 R10
-970273.397725 14288063.906722 21108609.093470 50000 R11
-2038072.034455 21931976.637535 12889868.411366 46000 R21
-14713055.162010 39468814.095866 -1288345.356793 44000 C03
-9191132.297643 40444941.896486 -6543410.953779 42000 C06
-6309668.285245 27779579.582812 31227992.197131 50000 C07
-4529012.963073 41490575.674968 2773353.182685 41000 C09
2213500.894928 30360393.047869 29703561.504868 35000 C10
-9484837.442395 40162429.605672 -7334663.243418 47000 C16
time 2025/01/17 08:57:28.000
-6322736.224190 25286324.787713 -3092908.569778 51000 G07
2766502.539275 15491184.821701 21426727.408897 38000 G14
9435181.931308 21130476.226181 13249807.850544 36000 G17
1900680.141594 25191175.561074 7895527.739586 39000 G30
-14982567.593480 18901082.890254 8412902.303079 32000 R10
-972390.544475 14290031.344997 21107177.989834 50000 R11
-2038199.023396 21930205.943309 12892859.589668 47000 R21
-14713059.175369 39468812.077552 -1288303.722923 43000 C03
-9189876.749704 40444826.039747 -6545869.913607 37000 C06
-6310490.054770 27778962.715190 31228363.094307 49000 C07
-4527792.505255 41490844.859652 2770834.443244 40000 C09
2212847.902928 30359610.490285 29704388.848563 40000 C10
-9483551.109230 40162264.959260 -7337140.753800 45000 C16
time 2025/01/17 08:57:29.000
-6323013.699609 25285809.697102 -3096057.109870 51000 G07
2763927.368847 15492055.592860 21426405.631263 42000 G14
9433840.454192 21129535.955628 13252360.681745 38000 G17
-14983330.098784 18901957.524493 8409592.862371 34000 R10
-974507.386140 14291998.824930 21105746.379282 50000 R11
-2038326.232569 21928434.858374 12895850.458718 45000 R21
-14713063.188892 39468810.059485 -1288262.082192 43000 C03
-9188621.218091 40444709.997198 -6548328.838125 42000 C06
-6311311.914505 27778345.968533 31228733.826659 50000 C07
-4526572.007611 41491113.860990 2768315.688717 41000 C09
2212194.797103 30358828.032096 29705216.038366 35000 C10
-9482264.799181 40162100.121399 -7339618.224457 47000 C16
time 2025/01/17 08:57:31.000
-6323568.558648 25284778.368399 -3102353.985204 51000 G07
2758777.277357 15493797.523145 21425760.712313 42000 G14
9431156.644152 21127655.006197 13257465.508124 38000 G17
-14984853.890841 18903706.071852 8402973.377378 35000 R10
-978740.153917 14295933.909334 21102881.637644 50000 R11
-2038581.311834 21924891.516575 12901831.268882 45000 R21
-14713071.216427 39468806.024090 -1288178.780148 43000 C03
-9186110.203811 40444477.354666 -6553246.581447 42000 C06
-6312955.904529 27777112.838176 31229474.796880 50000 C07
-4524130.892926 41491651.313607 2763278.134409 41000 C09
2210888.244059 30357263.414003 29706869.956249 34000 C10
-9479692.248529 40161769.871341 -7344573.046571 47000 C16
time 2025/01/17 08:57:33.000
-6324123.295614 25283745.509739 -3108650.586860 51000 G07
2753627.518700 15495539.970557 21425113.975155 41000 G14
9428471.693047 21125773.512723 13262569.219468 37000 G17
1898149.028410 25195798.533656 7880957.241699 39000 G30
-14986376.058234 18905453.657137 8396353.088446 34000 R10
-982971.700634 14299869.159228 21100014.868867 51000 R11
-2038837.272683 21921346.612703 12907810.841210 44000 R21
-14713079.244615 39468801.989681 -1288095.450665 43000 C03
-9183599.255050 40444243.968912 -6558164.183577 41000 C06
-6314600.255158 27775880.191858 31230215.107770 50000 C07
-4521689.619264 41492188.032760 2758240.519938 40000 C09
2209581.235925 30355699.193737 29708523.258463 36000 C10
-9477119.790694 40161438.855529 -7349527.709590 47000 C16
