<?xml version="1.0" encoding="UTF-8"?>
<kml xmlns="http://www.opengis.net/kml/2.2" xmlns:gx="http://www.google.com/kml/ext/2.2">
    <Document id="1">
        <Style id="4">
            <IconStyle id="6">
                <colorMode>normal</colorMode>
                <scale>1</scale>
                <heading>0</heading>
                <Icon id="7">
                    <href>icons/green16.png</href>
                </Icon>
            </IconStyle>
            <LabelStyle id="5">
                <colorMode>normal</colorMode>
                <scale>1</scale>
            </LabelStyle>
        </Style>
        <Style id="10">
            <IconStyle id="12">
                <colorMode>normal</colorMode>
                <scale>1</scale>
                <heading>0</heading>
                <Icon id="13">
                    <href>icons/green16.png</href>
                </Icon>
            </IconStyle>
            <LabelStyle id="11">
                <colorMode>normal</colorMode>
                <scale>1</scale>
            </LabelStyle>
        </Style>
        <Style id="16">
            <IconStyle id="18">
                <colorMode>normal</colorMode>
                <scale>1</scale>
                <heading>0</heading>
                <Icon id="19">
                    <href>icons/green16.png</href>
                </Icon>
            </IconStyle>
            <LabelStyle id="17">
                <colorMode>normal</colorMode>
                <scale>1</scale>
            </LabelStyle>
        </Style>
        <Style id="22">
            <IconStyle id="24">
                <colorMode>normal</colorMode>
                <scale>1</scale>
                <heading>0</heading>
                <Icon id="25">
                    <href>icons/green16.png</href>
                </Icon>
            </IconStyle>
            <LabelStyle id="23">
                <colorMode>normal</colorMode>
                <scale>1</scale>
            </LabelStyle>
        </Style>
        <Style id="28">
            <IconStyle id="30">
                <colorMode>normal</colorMode>
                <scale>1</scale>
                <heading>0</heading>
                <Icon id="31">
                    <href>icons/green16.png</href>
                </Icon>
            </IconStyle>
            <LabelStyle id="29">
                <colorMode>normal</colorMode>
                <scale>1</scale>
            </LabelStyle>
        </Style>
        <Style id="34">
            <IconStyle id="36">
                <colorMode>normal</colorMode>
                <scale>1</scale>
                <heading>0</heading>
                <Icon id="37">
                    <href>icons/green16.png</href>
                </Icon>
            </IconStyle>
            <LabelStyle id="35">
                <colorMode>normal</colorMode>
                <scale>1</scale>
            </LabelStyle>
        </Style>
        <Style id="40">
            <IconStyle id="42">
                <colorMode>normal</colorMode>
                <scale>1</scale>
                <heading>0</heading>
                <Icon id="43">
                    <href>icons/green16.png</href>
                </Icon>
            </IconStyle>
            <LabelStyle id="41">
                <colorMode>normal</colorMode>
                <scale>1</scale>
            </LabelStyle>
        </Style>
        <Style id="46">
            <IconStyle id="48">
                <colorMode>normal</colorMode>
                <scale>1</scale>
                <heading>0</heading>
                <Icon id="49">
                    <href>icons/green16.png</href>
                </Icon>
            </IconStyle>
            <LabelStyle id="47">
                <colorMode>normal</colorMode>
                <scale>1</scale>
            </LabelStyle>
        </Style>
        <Style id="52">
            <IconStyle id="54">
                <colorMode>normal</colorMode>
                <scale>1</scale>
                <heading>0</heading>
                <Icon id="55">
                    <href>icons/green16.png</href>
                </Icon>
            </IconStyle>
            <LabelStyle id="53">
                <colorMode>normal</colorMode>
                <scale>1</scale>
            </LabelStyle>
        </Style>
        <Style id="58">
            <IconStyle id="60">
                <colorMode>normal</colorMode>
                <scale>1</scale>
                <heading>0</heading>
                <Icon id="61">
                    <href>icons/green16.png</href>
                </Icon>
            </IconStyle>
            <LabelStyle id="59">
                <colorMode>normal</colorMode>
                <scale>1</scale>
            </LabelStyle>
        </Style>
        <Style id="64">
            <IconStyle id="66">
                <colorMode>normal</colorMode>
                <scale>1</scale>
                <heading>0</heading>
                <Icon id="67">
                    <href>icons/green16.png</href>
                </Icon>
            </IconStyle>
            <LabelStyle id="65">
                <colorMode>normal</colorMode>
                <scale>1</scale>
            </LabelStyle>
        </Style>
        <Style id="70">
            <IconStyle id="72">
                <colorMode>normal</colorMode>
                <scale>1</scale>
                <heading>0</heading>
                <Icon id="73">
                    <href>icons/green16.png</href>
                </Icon>
            </IconStyle>
            <LabelStyle id="71">
                <colorMode>normal</colorMode>
                <scale>1</scale>
            </LabelStyle>
        </Style>
        <Style id="76">
            <IconStyle id="78">
                <colorMode>normal</colorMode>
                <scale>1</scale>
                <heading>0</heading>
                <Icon id="79">
                    <href>icons/green16.png</href>
                </Icon>
            </IconStyle>
            <LabelStyle id="77">
                <colorMode>normal</colorMode>
                <scale>1</scale>
            </LabelStyle>
        </Style>
        <Style id="82">
            <IconStyle id="84">
                <colorMode>normal</colorMode>
                <scale>1</scale>
                <heading>0</heading>
                <Icon id="85">
                    <href>icons/green16.png</href>
                </Icon>
            </IconStyle>
            <LabelStyle id="83">
                <colorMode>normal</colorMode>
                <scale>1</scale>
            </LabelStyle>
        </Style>
        <Style id="88">
            <IconStyle id="90">
                <colorMode>normal</colorMode>
                <scale>1</scale>
                <heading>0</heading>
                <Icon id="91">
                    <href>icons/green16.png</href>
                </Icon>
            </IconStyle>
            <LabelStyle id="89">
                <colorMode>normal</colorMode>
                <scale>1</scale>
            </LabelStyle>
        </Style>
        <Style id="94">
            <IconStyle id="96">
                <colorMode>normal</colorMode>
                <scale>1</scale>
                <heading>0</heading>
                <Icon id="97">
                    <href>icons/green16.png</href>
                </Icon>
            </IconStyle>
            <LabelStyle id="95">
                <colorMode>normal</colorMode>
                <scale>1</scale>
            </LabelStyle>
        </Style>
        <Style id="100">
            <IconStyle id="102">
                <colorMode>normal</colorMode>
                <scale>1</scale>
                <heading>0</heading>
                <Icon id="103">
                    <href>icons/green16.png</href>
                </Icon>
            </IconStyle>
            <LabelStyle id="101">
                <colorMode>normal</colorMode>
                <scale>1</scale>
            </LabelStyle>
        </Style>
        <Style id="106">
            <IconStyle id="108">
                <colorMode>normal</colorMode>
                <scale>1</scale>
                <heading>0</heading>
                <Icon id="109">
                    <href>icons/green16.png</href>
                </Icon>
            </IconStyle>
            <LabelStyle id="107">
                <colorMode>normal</colorMode>
                <scale>1</scale>
            </LabelStyle>
        </Style>
        <Style id="112">
            <IconStyle id="114">
                <colorMode>normal</colorMode>
                <scale>1</scale>
                <heading>0</heading>
                <Icon id="115">
                    <href>icons/green16.png</href>
                </Icon>
            </IconStyle>
            <LabelStyle id="113">
                <colorMode>normal</colorMode>
                <scale>1</scale>
            </LabelStyle>
        </Style>
        <Style id="118">
            <IconStyle id="120">
                <colorMode>normal</colorMode>
                <scale>1</scale>
                <heading>0</heading>
                <Icon id="121">
                    <href>icons/green16.png</href>
                </Icon>
            </IconStyle>
            <LabelStyle id="119">
                <colorMode>normal</colorMode>
                <scale>1</scale>
            </LabelStyle>
        </Style>
        <Style id="124">
            <IconStyle id="126">
                <colorMode>normal</colorMode>
                <scale>1</scale>
                <heading>0</heading>
                <Icon id="127">
                    <href>icons/green16.png</href>
                </Icon>
            </IconStyle>
            <LabelStyle id="125">
                <colorMode>normal</colorMode>
                <scale>1</scale>
            </LabelStyle>
        </Style>
        <Style id="130">
            <IconStyle id="132">
                <colorMode>normal</colorMode>
                <scale>1</scale>
                <heading>0</heading>
                <Icon id="133">
                    <href>icons/green16.png</href>
                </Icon>
            </IconStyle>
            <LabelStyle id="131">
                <colorMode>normal</colorMode>
                <scale>1</scale>
            </LabelStyle>
        </Style>
        <Style id="136">
            <IconStyle id="138">
                <colorMode>normal</colorMode>
                <scale>1</scale>
                <heading>0</heading>
                <Icon id="139">
                    <href>icons/green16.png</href>
                </Icon>
            </IconStyle>
            <LabelStyle id="137">
                <colorMode>normal</colorMode>
                <scale>1</scale>
            </LabelStyle>
        </Style>
        <Style id="142">
            <IconStyle id="144">
                <colorMode>normal</colorMode>
                <scale>1</scale>
                <heading>0</heading>
                <Icon id="145">
                    <href>icons/green16.png</href>
                </Icon>
            </IconStyle>
            <LabelStyle id="143">
                <colorMode>normal</colorMode>
                <scale>1</scale>
            </LabelStyle>
        </Style>
        <Style id="148">
            <IconStyle id="150">
                <colorMode>normal</colorMode>
                <scale>1</scale>
                <heading>0</heading>
                <Icon id="151">
                    <href>icons/green16.png</href>
                </Icon>
            </IconStyle>
            <LabelStyle id="149">
                <colorMode>normal</colorMode>
                <scale>1</scale>
            </LabelStyle>
        </Style>
        <Style id="154">
            <IconStyle id="156">
                <colorMode>normal</colorMode>
                <scale>1</scale>
                <heading>0</heading>
                <Icon id="157">
                    <href>icons/green16.png</href>
                </Icon>
            </IconStyle>
            <LabelStyle id="155">
                <colorMode>normal</colorMode>
                <scale>1</scale>
            </LabelStyle>
        </Style>
        <Style id="160">
            <IconStyle id="162">
                <colorMode>normal</colorMode>
                <scale>1</scale>
                <heading>0</heading>
                <Icon id="163">
                    <href>icons/green16.png</href>
                </Icon>
            </IconStyle>
            <LabelStyle id="161">
                <colorMode>normal</colorMode>
                <scale>1</scale>
            </LabelStyle>
        </Style>
        <Style id="166">
            <IconStyle id="168">
                <colorMode>normal</colorMode>
                <scale>1</scale>
                <heading>0</heading>
                <Icon id="169">
                    <href>icons/green16.png</href>
                </Icon>
            </IconStyle>
            <LabelStyle id="167">
                <colorMode>normal</colorMode>
                <scale>1</scale>
            </LabelStyle>
        </Style>
        <Style id="172">
            <IconStyle id="174">
                <colorMode>normal</colorMode>
                <scale>1</scale>
                <heading>0</heading>
                <Icon id="175">
                    <href>icons/green16.png</href>
                </Icon>
            </IconStyle>
            <LabelStyle id="173">
                <colorMode>normal</colorMode>
                <scale>1</scale>
            </LabelStyle>
        </Style>
        <Style id="178">
            <IconStyle id="180">
                <colorMode>normal</colorMode>
                <scale>1</scale>
                <heading>0</heading>
                <Icon id="181">
                    <href>icons/green16.png</href>
                </Icon>
            </IconStyle>
            <LabelStyle id="179">
                <colorMode>normal</colorMode>
                <scale>1</scale>
            </LabelStyle>
        </Style>
        <Style id="184">
            <IconStyle id="186">
                <colorMode>normal</colorMode>
                <scale>1</scale>
                <heading>0</heading>
                <Icon id="187">
                    <href>icons/green16.png</href>
                </Icon>
            </IconStyle>
            <LabelStyle id="185">
                <colorMode>normal</colorMode>
                <scale>1</scale>
            </LabelStyle>
        </Style>
        <Style id="190">
            <IconStyle id="192">
                <colorMode>normal</colorMode>
                <scale>1</scale>
                <heading>0</heading>
                <Icon id="193">
                    <href>icons/green16.png</href>
                </Icon>
            </IconStyle>
            <LabelStyle id="191">
                <colorMode>normal</colorMode>
                <scale>1</scale>
            </LabelStyle>
        </Style>
        <Style id="196">
            <IconStyle id="198">
                <colorMode>normal</colorMode>
                <scale>1</scale>
                <heading>0</heading>
                <Icon id="199">
                    <href>icons/green16.png</href>
                </Icon>
            </IconStyle>
            <LabelStyle id="197">
                <colorMode>normal</colorMode>
                <scale>1</scale>
            </LabelStyle>
        </Style>
        <Style id="202">
            <IconStyle id="204">
                <colorMode>normal</colorMode>
                <scale>1</scale>
                <heading>0</heading>
                <Icon id="205">
                    <href>icons/green16.png</href>
                </Icon>
            </IconStyle>
            <LabelStyle id="203">
                <colorMode>normal</colorMode>
                <scale>1</scale>
            </LabelStyle>
        </Style>
        <Style id="208">
            <IconStyle id="210">
                <colorMode>normal</colorMode>
                <scale>1</scale>
                <heading>0</heading>
                <Icon id="211">
                    <href>icons/green16.png</href>
                </Icon>
            </IconStyle>
            <LabelStyle id="209">
                <colorMode>normal</colorMode>
                <scale>1</scale>
            </LabelStyle>
        </Style>
        <Style id="214">
            <IconStyle id="216">
                <colorMode>normal</colorMode>
                <scale>1</scale>
                <heading>0</heading>
                <Icon id="217">
                    <href>icons/green16.png</href>
                </Icon>
            </IconStyle>
            <LabelStyle id="215">
                <colorMode>normal</colorMode>
                <scale>1</scale>
            </LabelStyle>
        </Style>
        <Style id="220">
            <IconStyle id="222">
                <colorMode>normal</colorMode>
                <scale>1</scale>
                <heading>0</heading>
                <Icon id="223">
                    <href>icons/green16.png</href>
                </Icon>
            </IconStyle>
            <LabelStyle id="221">
                <colorMode>normal</colorMode>
                <scale>1</scale>
            </LabelStyle>
        </Style>
        <Style id="226">
            <IconStyle id="228">
                <colorMode>normal</colorMode>
                <scale>1</scale>
                <heading>0</heading>
                <Icon id="229">
                    <href>icons/green16.png</href>
                </Icon>
            </IconStyle>
            <LabelStyle id="227">
                <colorMode>normal</colorMode>
                <scale>1</scale>
            </LabelStyle>
        </Style>
        <Style id="232">
            <IconStyle id="234">
                <colorMode>normal</colorMode>
                <scale>1</scale>
                <heading>0</heading>
                <Icon id="235">
                    <href>icons/green16.png</href>
                </Icon>
            </IconStyle>
            <LabelStyle id="233">
                <colorMode>normal</colorMode>
                <scale>1</scale>
            </LabelStyle>
        </Style>
        <Style id="238">
            <IconStyle id="240">
                <colorMode>normal</colorMode>
                <scale>1</scale>
                <heading>0</heading>
                <Icon id="241">
                    <href>icons/green16.png</href>
                </Icon>
            </IconStyle>
            <LabelStyle id="239">
                <colorMode>normal</colorMode>
                <scale>1</scale>
            </LabelStyle>
        </Style>
        <Style id="244">
            <IconStyle id="246">
                <colorMode>normal</colorMode>
                <scale>1</scale>
                <heading>0</heading>
                <Icon id="247">
                    <href>icons/green16.png</href>
                </Icon>
            </IconStyle>
            <LabelStyle id="245">
                <colorMode>normal</colorMode>
                <scale>1</scale>
            </LabelStyle>
        </Style>
        <Style id="250">
            <IconStyle id="252">
                <colorMode>normal</colorMode>
                <scale>1</scale>
                <heading>0</heading>
                <Icon id="253">
                    <href>icons/green16.png</href>
                </Icon>
            </IconStyle>
            <LabelStyle id="251">
                <colorMode>normal</colorMode>
                <scale>1</scale>
            </LabelStyle>
        </Style>
        <Style id="256">
            <IconStyle id="258">
                <colorMode>normal</colorMode>
                <scale>1</scale>
                <heading>0</heading>
                <Icon id="259">
                    <href>icons/green16.png</href>
                </Icon>
            </IconStyle>
            <LabelStyle id="257">
                <colorMode>normal</colorMode>
                <scale>1</scale>
            </LabelStyle>
        </Style>
        <Style id="262">
            <IconStyle id="264">
                <colorMode>normal</colorMode>
                <scale>1</scale>
                <heading>0</heading>
                <Icon id="265">
                    <href>icons/green16.png</href>
                </Icon>
            </IconStyle>
            <LabelStyle id="263">
                <colorMode>normal</colorMode>
                <scale>1</scale>
            </LabelStyle>
        </Style>
        <Style id="268">
            <IconStyle id="270">
                <colorMode>normal</colorMode>
                <scale>1</scale>
                <heading>0</heading>
                <Icon id="271">
                    <href>icons/green16.png</href>
                </Icon>
            </IconStyle>
            <LabelStyle id="269">
                <colorMode>normal</colorMode>
                <scale>1</scale>
            </LabelStyle>
        </Style>
        <Style id="274">
            <IconStyle id="276">
                <colorMode>normal</colorMode>
                <scale>1</scale>
                <heading>0</heading>
                <Icon id="277">
                    <href>icons/green16.png</href>
                </Icon>
            </IconStyle>
            <LabelStyle id="275">
                <colorMode>normal</colorMode>
                <scale>1</scale>
            </LabelStyle>
        </Style>
        <Style id="280">
            <IconStyle id="282">
                <colorMode>normal</colorMode>
                <scale>1</scale>
                <heading>0</heading>
                <Icon id="283">
                    <href>icons/green16.png</href>
                </Icon>
            </IconStyle>
            <LabelStyle id="281">
                <colorMode>normal</colorMode>
                <scale>1</scale>
            </LabelStyle>
        </Style>
        <Style id="286">
            <IconStyle id="288">
                <colorMode>normal</colorMode>
                <scale>1</scale>
                <heading>0</heading>
                <Icon id="289">
                    <href>icons/green16.png</href>
                </Icon>
            </IconStyle>
            <LabelStyle id="287">
                <colorMode>normal</colorMode>
                <scale>1</scale>
            </LabelStyle>
        </Style>
        <Style id="292">
            <IconStyle id="294">
                <colorMode>normal</colorMode>
                <scale>1</scale>
                <heading>0</heading>
                <Icon id="295">
                    <href>icons/green16.png</href>
                </Icon>
            </IconStyle>
            <LabelStyle id="293">
                <colorMode>normal</colorMode>
                <scale>1</scale>
            </LabelStyle>
        </Style>
        <Style id="298">
            <IconStyle id="300">
                <colorMode>normal</colorMode>
                <scale>1</scale>
                <heading>0</heading>
                <Icon id="301">
                    <href>icons/green16.png</href>
                </Icon>
            </IconStyle>
            <LabelStyle id="299">
                <colorMode>normal</colorMode>
                <scale>1</scale>
            </LabelStyle>
        </Style>
        <Style id="304">
            <IconStyle id="306">
                <colorMode>normal</colorMode>
                <scale>1</scale>
                <heading>0</heading>
                <Icon id="307">
                    <href>icons/green16.png</href>
                </Icon>
            </IconStyle>
            <LabelStyle id="305">
                <colorMode>normal</colorMode>
                <scale>1</scale>
            </LabelStyle>
        </Style>
        <Style id="310">
            <IconStyle id="312">
                <colorMode>normal</colorMode>
                <scale>1</scale>
                <heading>0</heading>
                <Icon id="313">
                    <href>icons/green16.png</href>
                </Icon>
            </IconStyle>
            <LabelStyle id="311">
                <colorMode>normal</colorMode>
                <scale>1</scale>
            </LabelStyle>
        </Style>
        <Style id="316">
            <IconStyle id="318">
                <colorMode>normal</colorMode>
                <scale>1</scale>
                <heading>0</heading>
                <Icon id="319">
                    <href>icons/green16.png</href>
                </Icon>
            </IconStyle>
            <LabelStyle id="317">
                <colorMode>normal</colorMode>
                <scale>1</scale>
            </LabelStyle>
        </Style>
        <Style id="322">
            <IconStyle id="324">
                <colorMode>normal</colorMode>
                <scale>1</scale>
                <heading>0</heading>
                <Icon id="325">
                    <href>icons/green16.png</href>
                </Icon>
            </IconStyle>
            <LabelStyle id="323">
                <colorMode>normal</colorMode>
                <scale>1</scale>
            </LabelStyle>
        </Style>
        <Style id="328">
            <IconStyle id="330">
                <colorMode>normal</colorMode>
                <scale>1</scale>
                <heading>0</heading>
                <Icon id="331">
                    <href>icons/green16.png</href>
                </Icon>
            </IconStyle>
            <LabelStyle id="329">
                <colorMode>normal</colorMode>
                <scale>1</scale>
            </LabelStyle>
        </Style>
        <Style id="334">
            <IconStyle id="336">
                <colorMode>normal</colorMode>
                <scale>1</scale>
                <heading>0</heading>
                <Icon id="337">
                    <href>icons/green16.png</href>
                </Icon>
            </IconStyle>
            <LabelStyle id="335">
                <colorMode>normal</colorMode>
                <scale>1</scale>
            </LabelStyle>
        </Style>
        <Style id="340">
            <IconStyle id="342">
                <colorMode>normal</colorMode>
                <scale>1</scale>
                <heading>0</heading>
                <Icon id="343">
                    <href>icons/green16.png</href>
                </Icon>
            </IconStyle>
            <LabelStyle id="341">
                <colorMode>normal</colorMode>
                <scale>1</scale>
            </LabelStyle>
        </Style>
        <Style id="346">
            <IconStyle id="348">
                <colorMode>normal</colorMode>
                <scale>1</scale>
                <heading>0</heading>
                <Icon id="349">
                    <href>icons/green16.png</href>
                </Icon>
            </IconStyle>
            <LabelStyle id="347">
                <colorMode>normal</colorMode>
                <scale>1</scale>
            </LabelStyle>
        </Style>
        <Style id="352">
            <IconStyle id="354">
                <colorMode>normal</colorMode>
                <scale>1</scale>
                <heading>0</heading>
                <Icon id="355">
                    <href>icons/green16.png</href>
                </Icon>
            </IconStyle>
            <LabelStyle id="353">
                <colorMode>normal</colorMode>
                <scale>1</scale>
            </LabelStyle>
        </Style>
        <Style id="358">
            <IconStyle id="360">
                <colorMode>normal</colorMode>
                <scale>1</scale>
                <heading>0</heading>
                <Icon id="361">
                    <href>icons/green16.png</href>
                </Icon>
            </IconStyle>
            <LabelStyle id="359">
                <colorMode>normal</colorMode>
                <scale>1</scale>
            </LabelStyle>
        </Style>
        <Style id="364">
            <IconStyle id="366">
                <colorMode>normal</colorMode>
                <scale>1</scale>
                <heading>0</heading>
                <Icon id="367">
                    <href>icons/green16.png</href>
                </Icon>
            </IconStyle>
            <LabelStyle id="365">
                <colorMode>normal</colorMode>
                <scale>1</scale>
            </LabelStyle>
        </Style>
        <Style id="370">
            <IconStyle id="372">
                <colorMode>normal</colorMode>
                <scale>1</scale>
                <heading>0</heading>
                <Icon id="373">
                    <href>icons/green16.png</href>
                </Icon>
            </IconStyle>
            <LabelStyle id="371">
                <colorMode>normal</colorMode>
                <scale>1</scale>
            </LabelStyle>
        </Style>
        <Style id="376">
            <IconStyle id="378">
                <colorMode>normal</colorMode>
                <scale>1</scale>
                <heading>0</heading>
                <Icon id="379">
                    <href>icons/green16.png</href>
                </Icon>
            </IconStyle>
            <LabelStyle id="377">
                <colorMode>normal</colorMode>
                <scale>1</scale>
            </LabelStyle>
        </Style>
        <Style id="382">
            <IconStyle id="384">
                <colorMode>normal</colorMode>
                <scale>1</scale>
                <heading>0</heading>
                <Icon id="385">
                    <href>icons/green16.png</href>
                </Icon>
            </IconStyle>
            <LabelStyle id="383">
                <colorMode>normal</colorMode>
                <scale>1</scale>
            </LabelStyle>
        </Style>
        <Style id="388">
            <IconStyle id="390">
                <colorMode>normal</colorMode>
                <scale>1</scale>
                <heading>0</heading>
                <Icon id="391">
                    <href>icons/green16.png</href>
                </Icon>
            </IconStyle>
            <LabelStyle id="389">
                <colorMode>normal</colorMode>
                <scale>1</scale>
            </LabelStyle>
        </Style>
        <Style id="394">
            <IconStyle id="396">
                <colorMode>normal</colorMode>
                <scale>1</scale>
                <heading>0</heading>
                <Icon id="397">
                    <href>icons/green16.png</href>
                </Icon>
            </IconStyle>
            <LabelStyle id="395">
                <colorMode>normal</colorMode>
                <scale>1</scale>
            </LabelStyle>
        </Style>
        <Style id="400">
            <IconStyle id="402">
                <colorMode>normal</colorMode>
                <scale>1</scale>
                <heading>0</heading>
                <Icon id="403">
                    <href>icons/green16.png</href>
                </Icon>
            </IconStyle>
            <LabelStyle id="401">
                <colorMode>normal</colorMode>
                <scale>1</scale>
            </LabelStyle>
        </Style>
        <Style id="406">
            <IconStyle id="408">
                <colorMode>normal</colorMode>
                <scale>1</scale>
                <heading>0</heading>
                <Icon id="409">
                    <href>icons/green16.png</href>
                </Icon>
            </IconStyle>
            <LabelStyle id="407">
                <colorMode>normal</colorMode>
                <scale>1</scale>
            </LabelStyle>
        </Style>
        <Style id="412">
            <IconStyle id="414">
                <colorMode>normal</colorMode>
                <scale>1</scale>
                <heading>0</heading>
                <Icon id="415">
                    <href>icons/green16.png</href>
                </Icon>
            </IconStyle>
            <LabelStyle id="413">
                <colorMode>normal</colorMode>
                <scale>1</scale>
            </LabelStyle>
        </Style>
        <Style id="418">
            <IconStyle id="420">
                <colorMode>normal</colorMode>
                <scale>1</scale>
                <heading>0</heading>
                <Icon id="421">
                    <href>icons/green16.png</href>
                </Icon>
            </IconStyle>
            <LabelStyle id="419">
                <colorMode>normal</colorMode>
                <scale>1</scale>
            </LabelStyle>
        </Style>
        <Style id="424">
            <IconStyle id="426">
                <colorMode>normal</colorMode>
                <scale>1</scale>
                <heading>0</heading>
                <Icon id="427">
                    <href>icons/green16.png</href>
                </Icon>
            </IconStyle>
            <LabelStyle id="425">
                <colorMode>normal</colorMode>
                <scale>1</scale>
            </LabelStyle>
        </Style>
        <Style id="430">
            <IconStyle id="432">
                <colorMode>normal</colorMode>
                <scale>1</scale>
                <heading>0</heading>
                <Icon id="433">
                    <href>icons/green16.png</href>
                </Icon>
            </IconStyle>
            <LabelStyle id="431">
                <colorMode>normal</colorMode>
                <scale>1</scale>
            </LabelStyle>
        </Style>
        <Style id="436">
            <IconStyle id="438">
                <colorMode>normal</colorMode>
                <scale>1</scale>
                <heading>0</heading>
                <Icon id="439">
                    <href>icons/green16.png</href>
                </Icon>
            </IconStyle>
            <LabelStyle id="437">
                <colorMode>normal</colorMode>
                <scale>1</scale>
            </LabelStyle>
        </Style>
        <Style id="442">
            <IconStyle id="444">
                <colorMode>normal</colorMode>
                <scale>1</scale>
                <heading>0</heading>
                <Icon id="445">
                    <href>icons/green16.png</href>
                </Icon>
            </IconStyle>
            <LabelStyle id="443">
                <colorMode>normal</colorMode>
                <scale>1</scale>
            </LabelStyle>
        </Style>
        <Style id="448">
            <IconStyle id="450">
                <colorMode>normal</colorMode>
                <scale>1</scale>
                <heading>0</heading>
                <Icon id="451">
                    <href>icons/green16.png</href>
                </Icon>
            </IconStyle>
            <LabelStyle id="449">
                <colorMode>normal</colorMode>
                <scale>1</scale>
            </LabelStyle>
        </Style>
        <Style id="454">
            <IconStyle id="456">
                <colorMode>normal</colorMode>
                <scale>1</scale>
                <heading>0</heading>
                <Icon id="457">
                    <href>icons/green16.png</href>
                </Icon>
            </IconStyle>
            <LabelStyle id="455">
                <colorMode>normal</colorMode>
                <scale>1</scale>
            </LabelStyle>
        </Style>
        <Style id="460">
            <IconStyle id="462">
                <colorMode>normal</colorMode>
                <scale>1</scale>
                <heading>0</heading>
                <Icon id="463">
                    <href>icons/green16.png</href>
                </Icon>
            </IconStyle>
            <LabelStyle id="461">
                <colorMode>normal</colorMode>
                <scale>1</scale>
            </LabelStyle>
        </Style>
        <Style id="466">
            <IconStyle id="468">
                <colorMode>normal</colorMode>
                <scale>1</scale>
                <heading>0</heading>
                <Icon id="469">
                    <href>icons/green16.png</href>
                </Icon>
            </IconStyle>
            <LabelStyle id="467">
                <colorMode>normal</colorMode>
                <scale>1</scale>
            </LabelStyle>
        </Style>
        <Style id="472">
            <IconStyle id="474">
                <colorMode>normal</colorMode>
                <scale>1</scale>
                <heading>0</heading>
                <Icon id="475">
                    <href>icons/green16.png</href>
                </Icon>
            </IconStyle>
            <LabelStyle id="473">
                <colorMode>normal</colorMode>
                <scale>1</scale>
            </LabelStyle>
        </Style>
        <Style id="478">
            <IconStyle id="480">
                <colorMode>normal</colorMode>
                <scale>1</scale>
                <heading>0</heading>
                <Icon id="481">
                    <href>icons/green16.png</href>
                </Icon>
            </IconStyle>
            <LabelStyle id="479">
                <colorMode>normal</colorMode>
                <scale>1</scale>
            </LabelStyle>
        </Style>
        <Style id="484">
            <IconStyle id="486">
                <colorMode>normal</colorMode>
                <scale>1</scale>
                <heading>0</heading>
                <Icon id="487">
                    <href>icons/green16.png</href>
                </Icon>
            </IconStyle>
            <LabelStyle id="485">
                <colorMode>normal</colorMode>
                <scale>1</scale>
            </LabelStyle>
        </Style>
        <Style id="490">
            <IconStyle id="492">
                <colorMode>normal</colorMode>
                <scale>1</scale>
                <heading>0</heading>
                <Icon id="493">
                    <href>icons/green16.png</href>
                </Icon>
            </IconStyle>
            <LabelStyle id="491">
                <colorMode>normal</colorMode>
                <scale>1</scale>
            </LabelStyle>
        </Style>
        <Style id="496">
            <IconStyle id="498">
                <colorMode>normal</colorMode>
                <scale>1</scale>
                <heading>0</heading>
                <Icon id="499">
                    <href>icons/green16.png</href>
                </Icon>
            </IconStyle>
            <LabelStyle id="497">
                <colorMode>normal</colorMode>
                <scale>1</scale>
            </LabelStyle>
        </Style>
        <Style id="502">
            <IconStyle id="504">
                <colorMode>normal</colorMode>
                <scale>1</scale>
                <heading>0</heading>
                <Icon id="505">
                    <href>icons/green16.png</href>
                </Icon>
            </IconStyle>
            <LabelStyle id="503">
                <colorMode>normal</colorMode>
                <scale>1</scale>
            </LabelStyle>
        </Style>
        <Style id="508">
            <IconStyle id="510">
                <colorMode>normal</colorMode>
                <scale>1</scale>
                <heading>0</heading>
                <Icon id="511">
                    <href>icons/green16.png</href>
                </Icon>
            </IconStyle>
            <LabelStyle id="509">
                <colorMode>normal</colorMode>
                <scale>1</scale>
            </LabelStyle>
        </Style>
        <Style id="514">
            <IconStyle id="516">
                <colorMode>normal</colorMode>
                <scale>1</scale>
                <heading>0</heading>
                <Icon id="517">
                    <href>icons/green16.png</href>
                </Icon>
            </IconStyle>
            <LabelStyle id="515">
                <colorMode>normal</colorMode>
                <scale>1</scale>
            </LabelStyle>
        </Style>
        <Style id="520">
            <IconStyle id="522">
                <colorMode>normal</colorMode>
                <scale>1</scale>
                <heading>0</heading>
                <Icon id="523">
                    <href>icons/green16.png</href>
                </Icon>
            </IconStyle>
            <LabelStyle id="521">
                <colorMode>normal</colorMode>
                <scale>1</scale>
            </LabelStyle>
        </Style>
        <Style id="526">
            <IconStyle id="528">
                <colorMode>normal</colorMode>
                <scale>1</scale>
                <heading>0</heading>
                <Icon id="529">
                    <href>icons/green16.png</href>
                </Icon>
            </IconStyle>
            <LabelStyle id="527">
                <colorMode>normal</colorMode>
                <scale>1</scale>
            </LabelStyle>
        </Style>
        <Style id="532">
            <IconStyle id="534">
                <colorMode>normal</colorMode>
                <scale>1</scale>
                <heading>0</heading>
                <Icon id="535">
                    <href>icons/green16.png</href>
                </Icon>
            </IconStyle>
            <LabelStyle id="533">
                <colorMode>normal</colorMode>
                <scale>1</scale>
            </LabelStyle>
        </Style>
        <Style id="538">
            <IconStyle id="540">
                <colorMode>normal</colorMode>
                <scale>1</scale>
                <heading>0</heading>
                <Icon id="541">
                    <href>icons/green16.png</href>
                </Icon>
            </IconStyle>
            <LabelStyle id="539">
                <colorMode>normal</colorMode>
                <scale>1</scale>
            </LabelStyle>
        </Style>
        <Style id="544">
            <IconStyle id="546">
                <colorMode>normal</colorMode>
                <scale>1</scale>
                <heading>0</heading>
                <Icon id="547">
                    <href>icons/green16.png</href>
                </Icon>
            </IconStyle>
            <LabelStyle id="545">
                <colorMode>normal</colorMode>
                <scale>1</scale>
            </LabelStyle>
        </Style>
        <Style id="550">
            <IconStyle id="552">
                <colorMode>normal</colorMode>
                <scale>1</scale>
                <heading>0</heading>
                <Icon id="553">
                    <href>icons/green16.png</href>
                </Icon>
            </IconStyle>
            <LabelStyle id="551">
                <colorMode>normal</colorMode>
                <scale>1</scale>
            </LabelStyle>
        </Style>
        <Style id="556">
            <IconStyle id="558">
                <colorMode>normal</colorMode>
                <scale>1</scale>
                <heading>0</heading>
                <Icon id="559">
                    <href>icons/green16.png</href>
                </Icon>
            </IconStyle>
            <LabelStyle id="557">
                <colorMode>normal</colorMode>
                <scale>1</scale>
            </LabelStyle>
        </Style>
        <Style id="562">
            <IconStyle id="564">
                <colorMode>normal</colorMode>
                <scale>1</scale>
                <heading>0</heading>
                <Icon id="565">
                    <href>icons/green16.png</href>
                </Icon>
            </IconStyle>
            <LabelStyle id="563">
                <colorMode>normal</colorMode>
                <scale>1</scale>
            </LabelStyle>
        </Style>
        <Style id="568">
            <IconStyle id="570">
                <colorMode>normal</colorMode>
                <scale>1</scale>
                <heading>0</heading>
                <Icon id="571">
                    <href>icons/green16.png</href>
                </Icon>
            </IconStyle>
            <LabelStyle id="569">
                <colorMode>normal</colorMode>
                <scale>1</scale>
            </LabelStyle>
        </Style>
        <Style id="574">
            <IconStyle id="576">
                <colorMode>normal</colorMode>
                <scale>1</scale>
                <heading>0</heading>
                <Icon id="577">
                    <href>icons/green16.png</href>
                </Icon>
            </IconStyle>
            <LabelStyle id="575">
                <colorMode>normal</colorMode>
                <scale>1</scale>
            </LabelStyle>
        </Style>
        <Style id="580">
            <IconStyle id="582">
                <colorMode>normal</colorMode>
                <scale>1</scale>
                <heading>0</heading>
                <Icon id="583">
                    <href>icons/green16.png</href>
                </Icon>
            </IconStyle>
            <LabelStyle id="581">
                <colorMode>normal</colorMode>
                <scale>1</scale>
            </LabelStyle>
        </Style>
        <Style id="586">
            <IconStyle id="588">
                <colorMode>normal</colorMode>
                <scale>1</scale>
                <heading>0</heading>
                <Icon id="589">
                    <href>icons/green16.png</href>
                </Icon>
            </IconStyle>
            <LabelStyle id="587">
                <colorMode>normal</colorMode>
                <scale>1</scale>
            </LabelStyle>
        </Style>
        <Style id="592">
            <IconStyle id="594">
                <colorMode>normal</colorMode>
                <scale>1</scale>
                <heading>0</heading>
                <Icon id="595">
                    <href>icons/green16.png</href>
                </Icon>
            </IconStyle>
            <LabelStyle id="593">
                <colorMode>normal</colorMode>
                <scale>1</scale>
            </LabelStyle>
        </Style>
        <Style id="598">
            <IconStyle id="600">
                <colorMode>normal</colorMode>
                <scale>1</scale>
                <heading>0</heading>
                <Icon id="601">
                    <href>icons/green16.png</href>
                </Icon>
            </IconStyle>
            <LabelStyle id="599">
                <colorMode>normal</colorMode>
                <scale>1</scale>
            </LabelStyle>
        </Style>
        <Style id="604">
            <IconStyle id="606">
                <colorMode>normal</colorMode>
                <scale>1</scale>
                <heading>0</heading>
                <Icon id="607">
                    <href>icons/green16.png</href>
                </Icon>
            </IconStyle>
            <LabelStyle id="605">
                <colorMode>normal</colorMode>
                <scale>1</scale>
            </LabelStyle>
        </Style>
        <Style id="610">
            <IconStyle id="612">
                <colorMode>normal</colorMode>
                <scale>1</scale>
                <heading>0</heading>
                <Icon id="613">
                    <href>icons/green16.png</href>
                </Icon>
            </IconStyle>
            <LabelStyle id="611">
                <colorMode>normal</colorMode>
                <scale>1</scale>
            </LabelStyle>
        </Style>
        <Style id="616">
            <IconStyle id="618">
                <colorMode>normal</colorMode>
                <scale>1</scale>
                <heading>0</heading>
                <Icon id="619">
                    <href>icons/green16.png</href>
                </Icon>
            </IconStyle>
            <LabelStyle id="617">
                <colorMode>normal</colorMode>
                <scale>1</scale>
            </LabelStyle>
        </Style>
        <Style id="622">
            <IconStyle id="624">
                <colorMode>normal</colorMode>
                <scale>1</scale>
                <heading>0</heading>
                <Icon id="625">
                    <href>icons/green16.png</href>
                </Icon>
            </IconStyle>
            <LabelStyle id="623">
                <colorMode>normal</colorMode>
                <scale>1</scale>
            </LabelStyle>
        </Style>
        <Style id="628">
            <IconStyle id="630">
                <colorMode>normal</colorMode>
                <scale>1</scale>
                <heading>0</heading>
                <Icon id="631">
                    <href>icons/green16.png</href>
                </Icon>
            </IconStyle>
            <LabelStyle id="629">
                <colorMode>normal</colorMode>
                <scale>1</scale>
            </LabelStyle>
        </Style>
        <Style id="634">
            <IconStyle id="636">
                <colorMode>normal</colorMode>
                <scale>1</scale>
                <heading>0</heading>
                <Icon id="637">
                    <href>icons/green16.png</href>
                </Icon>
            </IconStyle>
            <LabelStyle id="635">
                <colorMode>normal</colorMode>
                <scale>1</scale>
            </LabelStyle>
        </Style>
        <Style id="640">
            <IconStyle id="642">
                <colorMode>normal</colorMode>
                <scale>1</scale>
                <heading>0</heading>
                <Icon id="643">
                    <href>icons/green16.png</href>
                </Icon>
            </IconStyle>
            <LabelStyle id="641">
                <colorMode>normal</colorMode>
                <scale>1</scale>
            </LabelStyle>
        </Style>
        <Style id="646">
            <IconStyle id="648">
                <colorMode>normal</colorMode>
                <scale>1</scale>
                <heading>0</heading>
                <Icon id="649">
                    <href>icons/green16.png</href>
                </Icon>
            </IconStyle>
            <LabelStyle id="647">
                <colorMode>normal</colorMode>
                <scale>1</scale>
            </LabelStyle>
        </Style>
        <Style id="652">
            <IconStyle id="654">
                <colorMode>normal</colorMode>
                <scale>1</scale>
                <heading>0</heading>
                <Icon id="655">
                    <href>icons/green16.png</href>
                </Icon>
            </IconStyle>
            <LabelStyle id="653">
                <colorMode>normal</colorMode>
                <scale>1</scale>
            </LabelStyle>
        </Style>
        <Style id="658">
            <IconStyle id="660">
                <colorMode>normal</colorMode>
                <scale>1</scale>
                <heading>0</heading>
                <Icon id="661">
                    <href>icons/green16.png</href>
                </Icon>
            </IconStyle>
            <LabelStyle id="659">
                <colorMode>normal</colorMode>
                <scale>1</scale>
            </LabelStyle>
        </Style>
        <Style id="664">
            <IconStyle id="666">
                <colorMode>normal</colorMode>
                <scale>1</scale>
                <heading>0</heading>
                <Icon id="667">
                    <href>icons/green16.png</href>
                </Icon>
            </IconStyle>
            <LabelStyle id="665">
                <colorMode>normal</colorMode>
                <scale>1</scale>
            </LabelStyle>
        </Style>
        <Style id="670">
            <IconStyle id="672">
                <colorMode>normal</colorMode>
                <scale>1</scale>
                <heading>0</heading>
                <Icon id="673">
                    <href>icons/green16.png</href>
                </Icon>
            </IconStyle>
            <LabelStyle id="671">
                <colorMode>normal</colorMode>
                <scale>1</scale>
            </LabelStyle>
        </Style>
        <Style id="676">
            <IconStyle id="678">
                <colorMode>normal</colorMode>
                <scale>1</scale>
                <heading>0</heading>
                <Icon id="679">
                    <href>icons/green16.png</href>
                </Icon>
            </IconStyle>
            <LabelStyle id="677">
                <colorMode>normal</colorMode>
                <scale>1</scale>
            </LabelStyle>
        </Style>
        <Style id="682">
            <IconStyle id="684">
                <colorMode>normal</colorMode>
                <scale>1</scale>
                <heading>0</heading>
                <Icon id="685">
                    <href>icons/green16.png</href>
                </Icon>
            </IconStyle>
            <LabelStyle id="683">
                <colorMode>normal</colorMode>
                <scale>1</scale>
            </LabelStyle>
        </Style>
        <Style id="688">
            <IconStyle id="690">
                <colorMode>normal</colorMode>
                <scale>1</scale>
                <heading>0</heading>
                <Icon id="691">
                    <href>icons/green16.png</href>
                </Icon>
            </IconStyle>
            <LabelStyle id="689">
                <colorMode>normal</colorMode>
                <scale>1</scale>
            </LabelStyle>
        </Style>
        <Style id="694">
            <IconStyle id="696">
                <colorMode>normal</colorMode>
                <scale>1</scale>
                <heading>0</heading>
                <Icon id="697">
                    <href>icons/green16.png</href>
                </Icon>
            </IconStyle>
            <LabelStyle id="695">
                <colorMode>normal</colorMode>
                <scale>1</scale>
            </LabelStyle>
        </Style>
        <Style id="700">
            <IconStyle id="702">
                <colorMode>normal</colorMode>
                <scale>1</scale>
                <heading>0</heading>
                <Icon id="703">
                    <href>icons/green16.png</href>
                </Icon>
            </IconStyle>
            <LabelStyle id="701">
                <colorMode>normal</colorMode>
                <scale>1</scale>
            </LabelStyle>
        </Style>
        <Style id="706">
            <IconStyle id="708">
                <colorMode>normal</colorMode>
                <scale>1</scale>
                <heading>0</heading>
                <Icon id="709">
                    <href>icons/green16.png</href>
                </Icon>
            </IconStyle>
            <LabelStyle id="707">
                <colorMode>normal</colorMode>
                <scale>1</scale>
            </LabelStyle>
        </Style>
        <Style id="712">
            <IconStyle id="714">
                <colorMode>normal</colorMode>
                <scale>1</scale>
                <heading>0</heading>
                <Icon id="715">
                    <href>icons/green16.png</href>
                </Icon>
            </IconStyle>
            <LabelStyle id="713">
                <colorMode>normal</colorMode>
                <scale>1</scale>
            </LabelStyle>
        </Style>
        <Style id="718">
            <IconStyle id="720">
                <colorMode>normal</colorMode>
                <scale>1</scale>
                <heading>0</heading>
                <Icon id="721">
                    <href>icons/green16.png</href>
                </Icon>
            </IconStyle>
            <LabelStyle id="719">
                <colorMode>normal</colorMode>
                <scale>1</scale>
            </LabelStyle>
        </Style>
        <Style id="724">
            <IconStyle id="726">
                <colorMode>normal</colorMode>
                <scale>1</scale>
                <heading>0</heading>
                <Icon id="727">
                    <href>icons/green16.png</href>
                </Icon>
            </IconStyle>
            <LabelStyle id="725">
                <colorMode>normal</colorMode>
                <scale>1</scale>
            </LabelStyle>
        </Style>
        <Style id="730">
            <IconStyle id="732">
                <colorMode>normal</colorMode>
                <scale>1</scale>
                <heading>0</heading>
                <Icon id="733">
                    <href>icons/green16.png</href>
                </Icon>
            </IconStyle>
            <LabelStyle id="731">
                <colorMode>normal</colorMode>
                <scale>1</scale>
            </LabelStyle>
        </Style>
        <Style id="736">
            <IconStyle id="738">
                <colorMode>normal</colorMode>
                <scale>1</scale>
                <heading>0</heading>
                <Icon id="739">
                    <href>icons/green16.png</href>
                </Icon>
            </IconStyle>
            <LabelStyle id="737">
                <colorMode>normal</colorMode>
                <scale>1</scale>
            </LabelStyle>
        </Style>
        <Style id="742">
            <IconStyle id="744">
                <colorMode>normal</colorMode>
                <scale>1</scale>
                <heading>0</heading>
                <Icon id="745">
                    <href>icons/green16.png</href>
                </Icon>
            </IconStyle>
            <LabelStyle id="743">
                <colorMode>normal</colorMode>
                <scale>1</scale>
            </LabelStyle>
        </Style>
        <Style id="748">
            <IconStyle id="750">
                <colorMode>normal</colorMode>
                <scale>1</scale>
                <heading>0</heading>
                <Icon id="751">
                    <href>icons/green16.png</href>
                </Icon>
            </IconStyle>
            <LabelStyle id="749">
                <colorMode>normal</colorMode>
                <scale>1</scale>
            </LabelStyle>
        </Style>
        <Style id="754">
            <IconStyle id="756">
                <colorMode>normal</colorMode>
                <scale>1</scale>
                <heading>0</heading>
                <Icon id="757">
                    <href>icons/green16.png</href>
                </Icon>
            </IconStyle>
            <LabelStyle id="755">
                <colorMode>normal</colorMode>
                <scale>1</scale>
            </LabelStyle>
        </Style>
        <Style id="760">
            <IconStyle id="762">
                <colorMode>normal</colorMode>
                <scale>1</scale>
                <heading>0</heading>
                <Icon id="763">
                    <href>icons/green16.png</href>
                </Icon>
            </IconStyle>
            <LabelStyle id="761">
                <colorMode>normal</colorMode>
                <scale>1</scale>
            </LabelStyle>
        </Style>
        <Style id="766">
            <IconStyle id="768">
                <colorMode>normal</colorMode>
                <scale>1</scale>
                <heading>0</heading>
                <Icon id="769">
                    <href>icons/green16.png</href>
                </Icon>
            </IconStyle>
            <LabelStyle id="767">
                <colorMode>normal</colorMode>
                <scale>1</scale>
            </LabelStyle>
        </Style>
        <Style id="772">
            <IconStyle id="774">
                <colorMode>normal</colorMode>
                <scale>1</scale>
                <heading>0</heading>
                <Icon id="775">
                    <href>icons/green16.png</href>
                </Icon>
            </IconStyle>
            <LabelStyle id="773">
                <colorMode>normal</colorMode>
                <scale>1</scale>
            </LabelStyle>
        </Style>
        <Style id="778">
            <IconStyle id="780">
                <colorMode>normal</colorMode>
                <scale>1</scale>
                <heading>0</heading>
                <Icon id="781">
                    <href>icons/green16.png</href>
                </Icon>
            </IconStyle>
            <LabelStyle id="779">
                <colorMode>normal</colorMode>
                <scale>1</scale>
            </LabelStyle>
        </Style>
        <Style id="784">
            <IconStyle id="786">
                <colorMode>normal</colorMode>
                <scale>1</scale>
                <heading>0</heading>
                <Icon id="787">
                    <href>icons/green16.png</href>
                </Icon>
            </IconStyle>
            <LabelStyle id="785">
                <colorMode>normal</colorMode>
                <scale>1</scale>
            </LabelStyle>
        </Style>
        <Style id="790">
            <IconStyle id="792">
                <colorMode>normal</colorMode>
                <scale>1</scale>
                <heading>0</heading>
                <Icon id="793">
                    <href>icons/green16.png</href>
                </Icon>
            </IconStyle>
            <LabelStyle id="791">
                <colorMode>normal</colorMode>
                <scale>1</scale>
            </LabelStyle>
        </Style>
        <Style id="796">
            <IconStyle id="798">
                <colorMode>normal</colorMode>
                <scale>1</scale>
                <heading>0</heading>
                <Icon id="799">
                    <href>icons/green16.png</href>
                </Icon>
            </IconStyle>
            <LabelStyle id="797">
                <colorMode>normal</colorMode>
                <scale>1</scale>
            </LabelStyle>
        </Style>
        <Style id="802">
            <IconStyle id="804">
                <colorMode>normal</colorMode>
                <scale>1</scale>
                <heading>0</heading>
                <Icon id="805">
                    <href>icons/green16.png</href>
                </Icon>
            </IconStyle>
            <LabelStyle id="803">
                <colorMode>normal</colorMode>
                <scale>1</scale>
            </LabelStyle>
        </Style>
        <Style id="808">
            <IconStyle id="810">
                <colorMode>normal</colorMode>
                <scale>1</scale>
                <heading>0</heading>
                <Icon id="811">
                    <href>icons/green16.png</href>
                </Icon>
            </IconStyle>
            <LabelStyle id="809">
                <colorMode>normal</colorMode>
                <scale>1</scale>
            </LabelStyle>
        </Style>
        <Style id="814">
            <IconStyle id="816">
                <colorMode>normal</colorMode>
                <scale>1</scale>
                <heading>0</heading>
                <Icon id="817">
                    <href>icons/green16.png</href>
                </Icon>
            </IconStyle>
            <LabelStyle id="815">
                <colorMode>normal</colorMode>
                <scale>1</scale>
            </LabelStyle>
        </Style>
        <Style id="820">
            <IconStyle id="822">
                <colorMode>normal</colorMode>
                <scale>1</scale>
                <heading>0</heading>
                <Icon id="823">
                    <href>icons/green16.png</href>
                </Icon>
            </IconStyle>
            <LabelStyle id="821">
                <colorMode>normal</colorMode>
                <scale>1</scale>
            </LabelStyle>
        </Style>
        <Style id="826">
            <IconStyle id="828">
                <colorMode>normal</colorMode>
                <scale>1</scale>
                <heading>0</heading>
                <Icon id="829">
                    <href>icons/green16.png</href>
                </Icon>
            </IconStyle>
            <LabelStyle id="827">
                <colorMode>normal</colorMode>
                <scale>1</scale>
            </LabelStyle>
        </Style>
        <Style id="832">
            <IconStyle id="834">
                <colorMode>normal</colorMode>
                <scale>1</scale>
                <heading>0</heading>
                <Icon id="835">
                    <href>icons/green16.png</href>
                </Icon>
            </IconStyle>
            <LabelStyle id="833">
                <colorMode>normal</colorMode>
                <scale>1</scale>
            </LabelStyle>
        </Style>
        <Style id="838">
            <IconStyle id="840">
                <colorMode>normal</colorMode>
                <scale>1</scale>
                <heading>0</heading>
                <Icon id="841">
                    <href>icons/green16.png</href>
                </Icon>
            </IconStyle>
            <LabelStyle id="839">
                <colorMode>normal</colorMode>
                <scale>1</scale>
            </LabelStyle>
        </Style>
        <Style id="844">
            <IconStyle id="846">
                <colorMode>normal</colorMode>
                <scale>1</scale>
                <heading>0</heading>
                <Icon id="847">
                    <href>icons/green16.png</href>
                </Icon>
            </IconStyle>
            <LabelStyle id="845">
                <colorMode>normal</colorMode>
                <scale>1</scale>
            </LabelStyle>
        </Style>
        <Style id="850">
            <IconStyle id="852">
                <colorMode>normal</colorMode>
                <scale>1</scale>
                <heading>0</heading>
                <Icon id="853">
                    <href>icons/green16.png</href>
                </Icon>
            </IconStyle>
            <LabelStyle id="851">
                <colorMode>normal</colorMode>
                <scale>1</scale>
            </LabelStyle>
        </Style>
        <Style id="856">
            <IconStyle id="858">
                <colorMode>normal</colorMode>
                <scale>1</scale>
                <heading>0</heading>
                <Icon id="859">
                    <href>icons/green16.png</href>
                </Icon>
            </IconStyle>
            <LabelStyle id="857">
                <colorMode>normal</colorMode>
                <scale>1</scale>
            </LabelStyle>
        </Style>
        <Style id="862">
            <IconStyle id="864">
                <colorMode>normal</colorMode>
                <scale>1</scale>
                <heading>0</heading>
                <Icon id="865">
                    <href>icons/green16.png</href>
                </Icon>
            </IconStyle>
            <LabelStyle id="863">
                <colorMode>normal</colorMode>
                <scale>1</scale>
            </LabelStyle>
        </Style>
        <Style id="868">
            <IconStyle id="870">
                <colorMode>normal</colorMode>
                <scale>1</scale>
                <heading>0</heading>
                <Icon id="871">
                    <href>icons/green16.png</href>
                </Icon>
            </IconStyle>
            <LabelStyle id="869">
                <colorMode>normal</colorMode>
                <scale>1</scale>
            </LabelStyle>
        </Style>
        <Style id="874">
            <IconStyle id="876">
                <colorMode>normal</colorMode>
                <scale>1</scale>
                <heading>0</heading>
                <Icon id="877">
                    <href>icons/green16.png</href>
                </Icon>
            </IconStyle>
            <LabelStyle id="875">
                <colorMode>normal</colorMode>
                <scale>1</scale>
            </LabelStyle>
        </Style>
        <Style id="880">
            <IconStyle id="882">
                <colorMode>normal</colorMode>
                <scale>1</scale>
                <heading>0</heading>
                <Icon id="883">
                    <href>icons/green16.png</href>
                </Icon>
            </IconStyle>
            <LabelStyle id="881">
                <colorMode>normal</colorMode>
                <scale>1</scale>
            </LabelStyle>
        </Style>
        <Style id="886">
            <IconStyle id="888">
                <colorMode>normal</colorMode>
                <scale>1</scale>
                <heading>0</heading>
                <Icon id="889">
                    <href>icons/green16.png</href>
                </Icon>
            </IconStyle>
            <LabelStyle id="887">
                <colorMode>normal</colorMode>
                <scale>1</scale>
            </LabelStyle>
        </Style>
        <Style id="892">
            <IconStyle id="894">
                <colorMode>normal</colorMode>
                <scale>1</scale>
                <heading>0</heading>
                <Icon id="895">
                    <href>icons/green16.png</href>
                </Icon>
            </IconStyle>
            <LabelStyle id="893">
                <colorMode>normal</colorMode>
                <scale>1</scale>
            </LabelStyle>
        </Style>
        <Style id="898">
            <IconStyle id="900">
                <colorMode>normal</colorMode>
                <scale>1</scale>
                <heading>0</heading>
                <Icon id="901">
                    <href>icons/green16.png</href>
                </Icon>
            </IconStyle>
            <LabelStyle id="899">
                <colorMode>normal</colorMode>
                <scale>1</scale>
            </LabelStyle>
        </Style>
        <Style id="904">
            <IconStyle id="906">
                <colorMode>normal</colorMode>
                <scale>1</scale>
                <heading>0</heading>
                <Icon id="907">
                    <href>icons/green16.png</href>
                </Icon>
            </IconStyle>
            <LabelStyle id="905">
                <colorMode>normal</colorMode>
                <scale>1</scale>
            </LabelStyle>
        </Style>
        <Style id="910">
            <IconStyle id="912">
                <colorMode>normal</colorMode>
                <scale>1</scale>
                <heading>0</heading>
                <Icon id="913">
                    <href>icons/green16.png</href>
                </Icon>
            </IconStyle>
            <LabelStyle id="911">
                <colorMode>normal</colorMode>
                <scale>1</scale>
            </LabelStyle>
        </Style>
        <Style id="916">
            <IconStyle id="918">
                <colorMode>normal</colorMode>
                <scale>1</scale>
                <heading>0</heading>
                <Icon id="919">
                    <href>icons/green16.png</href>
                </Icon>
            </IconStyle>
            <LabelStyle id="917">
                <colorMode>normal</colorMode>
                <scale>1</scale>
            </LabelStyle>
        </Style>
        <Style id="922">
            <IconStyle id="924">
                <colorMode>normal</colorMode>
                <scale>1</scale>
                <heading>0</heading>
                <Icon id="925">
                    <href>icons/green16.png</href>
                </Icon>
            </IconStyle>
            <LabelStyle id="923">
                <colorMode>normal</colorMode>
                <scale>1</scale>
            </LabelStyle>
        </Style>
        <Style id="928">
            <IconStyle id="930">
                <colorMode>normal</colorMode>
                <scale>1</scale>
                <heading>0</heading>
                <Icon id="931">
                    <href>icons/green16.png</href>
                </Icon>
            </IconStyle>
            <LabelStyle id="929">
                <colorMode>normal</colorMode>
                <scale>1</scale>
            </LabelStyle>
        </Style>
        <Style id="934">
            <IconStyle id="936">
                <colorMode>normal</colorMode>
                <scale>1</scale>
                <heading>0</heading>
                <Icon id="937">
                    <href>icons/green16.png</href>
                </Icon>
            </IconStyle>
            <LabelStyle id="935">
                <colorMode>normal</colorMode>
                <scale>1</scale>
            </LabelStyle>
        </Style>
        <Style id="940">
            <IconStyle id="942">
                <colorMode>normal</colorMode>
                <scale>1</scale>
                <heading>0</heading>
                <Icon id="943">
                    <href>icons/green16.png</href>
                </Icon>
            </IconStyle>
            <LabelStyle id="941">
                <colorMode>normal</colorMode>
                <scale>1</scale>
            </LabelStyle>
        </Style>
        <Style id="946">
            <IconStyle id="948">
                <colorMode>normal</colorMode>
                <scale>1</scale>
                <heading>0</heading>
                <Icon id="949">
                    <href>icons/green16.png</href>
                </Icon>
            </IconStyle>
            <LabelStyle id="947">
                <colorMode>normal</colorMode>
                <scale>1</scale>
            </LabelStyle>
        </Style>
        <Style id="952">
            <IconStyle id="954">
                <colorMode>normal</colorMode>
                <scale>1</scale>
                <heading>0</heading>
                <Icon id="955">
                    <href>icons/green16.png</href>
                </Icon>
            </IconStyle>
            <LabelStyle id="953">
                <colorMode>normal</colorMode>
                <scale>1</scale>
            </LabelStyle>
        </Style>
        <Style id="958">
            <IconStyle id="960">
                <colorMode>normal</colorMode>
                <scale>1</scale>
                <heading>0</heading>
                <Icon id="961">
                    <href>icons/green16.png</href>
                </Icon>
            </IconStyle>
            <LabelStyle id="959">
                <colorMode>normal</colorMode>
                <scale>1</scale>
            </LabelStyle>
        </Style>
        <Style id="964">
            <IconStyle id="966">
                <colorMode>normal</colorMode>
                <scale>1</scale>
                <heading>0</heading>
                <Icon id="967">
                    <href>icons/green16.png</href>
                </Icon>
            </IconStyle>
            <LabelStyle id="965">
                <colorMode>normal</colorMode>
                <scale>1</scale>
            </LabelStyle>
        </Style>
        <Style id="970">
            <IconStyle id="972">
                <colorMode>normal</colorMode>
                <scale>1</scale>
                <heading>0</heading>
                <Icon id="973">
                    <href>icons/green16.png</href>
                </Icon>
            </IconStyle>
            <LabelStyle id="971">
                <colorMode>normal</colorMode>
                <scale>1</scale>
            </LabelStyle>
        </Style>
        <Style id="976">
            <IconStyle id="978">
                <colorMode>normal</colorMode>
                <scale>1</scale>
                <heading>0</heading>
                <Icon id="979">
                    <href>icons/green16.png</href>
                </Icon>
            </IconStyle>
            <LabelStyle id="977">
                <colorMode>normal</colorMode>
                <scale>1</scale>
            </LabelStyle>
        </Style>
        <Style id="982">
            <IconStyle id="984">
                <colorMode>normal</colorMode>
                <scale>1</scale>
                <heading>0</heading>
                <Icon id="985">
                    <href>icons/green16.png</href>
                </Icon>
            </IconStyle>
            <LabelStyle id="983">
                <colorMode>normal</colorMode>
                <scale>1</scale>
            </LabelStyle>
        </Style>
        <Style id="988">
            <IconStyle id="990">
                <colorMode>normal</colorMode>
                <scale>1</scale>
                <heading>0</heading>
                <Icon id="991">
                    <href>icons/green16.png</href>
                </Icon>
            </IconStyle>
            <LabelStyle id="989">
                <colorMode>normal</colorMode>
                <scale>1</scale>
            </LabelStyle>
        </Style>
        <Style id="994">
            <IconStyle id="996">
                <colorMode>normal</colorMode>
                <scale>1</scale>
                <heading>0</heading>
                <Icon id="997">
                    <href>icons/green16.png</href>
                </Icon>
            </IconStyle>
            <LabelStyle id="995">
                <colorMode>normal</colorMode>
                <scale>1</scale>
            </LabelStyle>
        </Style>
        <Style id="1000">
            <IconStyle id="1002">
                <colorMode>normal</colorMode>
                <scale>1</scale>
                <heading>0</heading>
                <Icon id="1003">
                    <href>icons/green16.png</href>
                </Icon>
            </IconStyle>
            <LabelStyle id="1001">
                <colorMode>normal</colorMode>
                <scale>1</scale>
            </LabelStyle>
        </Style>
        <Style id="1006">
            <IconStyle id="1008">
                <colorMode>normal</colorMode>
                <scale>1</scale>
                <heading>0</heading>
                <Icon id="1009">
                    <href>icons/green16.png</href>
                </Icon>
            </IconStyle>
            <LabelStyle id="1007">
                <colorMode>normal</colorMode>
                <scale>1</scale>
            </LabelStyle>
        </Style>
        <Style id="1012">
            <IconStyle id="1014">
                <colorMode>normal</colorMode>
                <scale>1</scale>
                <heading>0</heading>
                <Icon id="1015">
                    <href>icons/green16.png</href>
                </Icon>
            </IconStyle>
            <LabelStyle id="1013">
                <colorMode>normal</colorMode>
                <scale>1</scale>
            </LabelStyle>
        </Style>
        <Style id="1018">
            <IconStyle id="1020">
                <colorMode>normal</colorMode>
                <scale>1</scale>
                <heading>0</heading>
                <Icon id="1021">
                    <href>icons/green16.png</href>
                </Icon>
            </IconStyle>
            <LabelStyle id="1019">
                <colorMode>normal</colorMode>
                <scale>1</scale>
            </LabelStyle>
        </Style>
        <Style id="1024">
            <IconStyle id="1026">
                <colorMode>normal</colorMode>
                <scale>1</scale>
                <heading>0</heading>
                <Icon id="1027">
                    <href>icons/green16.png</href>
                </Icon>
            </IconStyle>
            <LabelStyle id="1025">
                <colorMode>normal</colorMode>
                <scale>1</scale>
            </LabelStyle>
        </Style>
        <Style id="1030">
            <IconStyle id="1032">
                <colorMode>normal</colorMode>
                <scale>1</scale>
                <heading>0</heading>
                <Icon id="1033">
                    <href>icons/green16.png</href>
                </Icon>
            </IconStyle>
            <LabelStyle id="1031">
                <colorMode>normal</colorMode>
                <scale>1</scale>
            </LabelStyle>
        </Style>
        <Style id="1036">
            <IconStyle id="1038">
                <colorMode>normal</colorMode>
                <scale>1</scale>
                <heading>0</heading>
                <Icon id="1039">
                    <href>icons/green16.png</href>
                </Icon>
            </IconStyle>
            <LabelStyle id="1037">
                <colorMode>normal</colorMode>
                <scale>1</scale>
            </LabelStyle>
        </Style>
        <Style id="1042">
            <IconStyle id="1044">
                <colorMode>normal</colorMode>
                <scale>1</scale>
                <heading>0</heading>
                <Icon id="1045">
                    <href>icons/green16.png</href>
                </Icon>
            </IconStyle>
            <LabelStyle id="1043">
                <colorMode>normal</colorMode>
                <scale>1</scale>
            </LabelStyle>
        </Style>
        <Style id="1048">
            <IconStyle id="1050">
                <colorMode>normal</colorMode>
                <scale>1</scale>
                <heading>0</heading>
                <Icon id="1051">
                    <href>icons/green16.png</href>
                </Icon>
            </IconStyle>
            <LabelStyle id="1049">
                <colorMode>normal</colorMode>
                <scale>1</scale>
            </LabelStyle>
        </Style>
        <Style id="1054">
            <IconStyle id="1056">
                <colorMode>normal</colorMode>
                <scale>1</scale>
                <heading>0</heading>
                <Icon id="1057">
                    <href>icons/green16.png</href>
                </Icon>
            </IconStyle>
            <LabelStyle id="1055">
                <colorMode>normal</colorMode>
                <scale>1</scale>
            </LabelStyle>
        </Style>
        <Style id="1060">
            <IconStyle id="1062">
                <colorMode>normal</colorMode>
                <scale>1</scale>
                <heading>0</heading>
                <Icon id="1063">
                    <href>icons/green16.png</href>
                </Icon>
            </IconStyle>
            <LabelStyle id="1061">
                <colorMode>normal</colorMode>
                <scale>1</scale>
            </LabelStyle>
        </Style>
        <Style id="1066">
            <IconStyle id="1068">
                <colorMode>normal</colorMode>
                <scale>1</scale>
                <heading>0</heading>
                <Icon id="1069">
                    <href>icons/green16.png</href>
                </Icon>
            </IconStyle>
            <LabelStyle id="1067">
                <colorMode>normal</colorMode>
                <scale>1</scale>
            </LabelStyle>
        </Style>
        <Style id="1072">
            <IconStyle id="1074">
                <colorMode>normal</colorMode>
                <scale>1</scale>
                <heading>0</heading>
                <Icon id="1075">
                    <href>icons/green16.png</href>
                </Icon>
            </IconStyle>
            <LabelStyle id="1073">
                <colorMode>normal</colorMode>
                <scale>1</scale>
            </LabelStyle>
        </Style>
        <Style id="1078">
            <IconStyle id="1080">
                <colorMode>normal</colorMode>
                <scale>1</scale>
                <heading>0</heading>
                <Icon id="1081">
                    <href>icons/green16.png</href>
                </Icon>
            </IconStyle>
            <LabelStyle id="1079">
                <colorMode>normal</colorMode>
                <scale>1</scale>
            </LabelStyle>
        </Style>
        <Style id="1084">
            <IconStyle id="1086">
                <colorMode>normal</colorMode>
                <scale>1</scale>
                <heading>0</heading>
                <Icon id="1087">
                    <href>icons/green16.png</href>
                </Icon>
            </IconStyle>
            <LabelStyle id="1085">
                <colorMode>normal</colorMode>
                <scale>1</scale>
            </LabelStyle>
        </Style>
        <Style id="1090">
            <IconStyle id="1092">
                <colorMode>normal</colorMode>
                <scale>1</scale>
                <heading>0</heading>
                <Icon id="1093">
                    <href>icons/green16.png</href>
                </Icon>
            </IconStyle>
            <LabelStyle id="1091">
                <colorMode>normal</colorMode>
                <scale>1</scale>
            </LabelStyle>
        </Style>
        <Style id="1096">
            <IconStyle id="1098">
                <colorMode>normal</colorMode>
                <scale>1</scale>
                <heading>0</heading>
                <Icon id="1099">
                    <href>icons/green16.png</href>
                </Icon>
            </IconStyle>
            <LabelStyle id="1097">
                <colorMode>normal</colorMode>
                <scale>1</scale>
            </LabelStyle>
        </Style>
        <Style id="1102">
            <IconStyle id="1104">
                <colorMode>normal</colorMode>
                <scale>1</scale>
                <heading>0</heading>
                <Icon id="1105">
                    <href>icons/green16.png</href>
                </Icon>
            </IconStyle>
            <LabelStyle id="1103">
                <colorMode>normal</colorMode>
                <scale>1</scale>
            </LabelStyle>
        </Style>
        <Style id="1108">
            <IconStyle id="1110">
                <colorMode>normal</colorMode>
                <scale>1</scale>
                <heading>0</heading>
                <Icon id="1111">
                    <href>icons/green16.png</href>
                </Icon>
            </IconStyle>
            <LabelStyle id="1109">
                <colorMode>normal</colorMode>
                <scale>1</scale>
            </LabelStyle>
        </Style>
        <Style id="1114">
            <IconStyle id="1116">
                <colorMode>normal</colorMode>
                <scale>1</scale>
                <heading>0</heading>
                <Icon id="1117">
                    <href>icons/green16.png</href>
                </Icon>
            </IconStyle>
            <LabelStyle id="1115">
                <colorMode>normal</colorMode>
                <scale>1</scale>
            </LabelStyle>
        </Style>
        <Style id="1120">
            <IconStyle id="1122">
                <colorMode>normal</colorMode>
                <scale>1</scale>
                <heading>0</heading>
                <Icon id="1123">
                    <href>icons/green16.png</href>
                </Icon>
            </IconStyle>
            <LabelStyle id="1121">
                <colorMode>normal</colorMode>
                <scale>1</scale>
            </LabelStyle>
        </Style>
        <Style id="1126">
            <IconStyle id="1128">
                <colorMode>normal</colorMode>
                <scale>1</scale>
                <heading>0</heading>
                <Icon id="1129">
                    <href>icons/green16.png</href>
                </Icon>
            </IconStyle>
            <LabelStyle id="1127">
                <colorMode>normal</colorMode>
                <scale>1</scale>
            </LabelStyle>
        </Style>
        <Style id="1132">
            <IconStyle id="1134">
                <colorMode>normal</colorMode>
                <scale>1</scale>
                <heading>0</heading>
                <Icon id="1135">
                    <href>icons/green16.png</href>
                </Icon>
            </IconStyle>
            <LabelStyle id="1133">
                <colorMode>normal</colorMode>
                <scale>1</scale>
            </LabelStyle>
        </Style>
        <Style id="1138">
            <IconStyle id="1140">
                <colorMode>normal</colorMode>
                <scale>1</scale>
                <heading>0</heading>
                <Icon id="1141">
                    <href>icons/green16.png</href>
                </Icon>
            </IconStyle>
            <LabelStyle id="1139">
                <colorMode>normal</colorMode>
                <scale>1</scale>
            </LabelStyle>
        </Style>
        <Style id="1144">
            <IconStyle id="1146">
                <colorMode>normal</colorMode>
                <scale>1</scale>
                <heading>0</heading>
                <Icon id="1147">
                    <href>icons/green16.png</href>
                </Icon>
            </IconStyle>
            <LabelStyle id="1145">
                <colorMode>normal</colorMode>
                <scale>1</scale>
            </LabelStyle>
        </Style>
        <Style id="1150">
            <IconStyle id="1152">
                <colorMode>normal</colorMode>
                <scale>1</scale>
                <heading>0</heading>
                <Icon id="1153">
                    <href>icons/green16.png</href>
                </Icon>
            </IconStyle>
            <LabelStyle id="1151">
                <colorMode>normal</colorMode>
                <scale>1</scale>
            </LabelStyle>
        </Style>
        <Style id="1156">
            <IconStyle id="1158">
                <colorMode>normal</colorMode>
                <scale>1</scale>
                <heading>0</heading>
                <Icon id="1159">
                    <href>icons/green16.png</href>
                </Icon>
            </IconStyle>
            <LabelStyle id="1157">
                <colorMode>normal</colorMode>
                <scale>1</scale>
            </LabelStyle>
        </Style>
        <Style id="1162">
            <IconStyle id="1164">
                <colorMode>normal</colorMode>
                <scale>1</scale>
                <heading>0</heading>
                <Icon id="1165">
                    <href>icons/green16.png</href>
                </Icon>
            </IconStyle>
            <LabelStyle id="1163">
                <colorMode>normal</colorMode>
                <scale>1</scale>
            </LabelStyle>
        </Style>
        <Style id="1168">
            <IconStyle id="1170">
                <colorMode>normal</colorMode>
                <scale>1</scale>
                <heading>0</heading>
                <Icon id="1171">
                    <href>icons/green16.png</href>
                </Icon>
            </IconStyle>
            <LabelStyle id="1169">
                <colorMode>normal</colorMode>
                <scale>1</scale>
            </LabelStyle>
        </Style>
        <Style id="1174">
            <IconStyle id="1176">
                <colorMode>normal</colorMode>
                <scale>1</scale>
                <heading>0</heading>
                <Icon id="1177">
                    <href>icons/green16.png</href>
                </Icon>
            </IconStyle>
            <LabelStyle id="1175">
                <colorMode>normal</colorMode>
                <scale>1</scale>
            </LabelStyle>
        </Style>
        <Style id="1180">
            <IconStyle id="1182">
                <colorMode>normal</colorMode>
                <scale>1</scale>
                <heading>0</heading>
                <Icon id="1183">
                    <href>icons/green16.png</href>
                </Icon>
            </IconStyle>
            <LabelStyle id="1181">
                <colorMode>normal</colorMode>
                <scale>1</scale>
            </LabelStyle>
        </Style>
        <Style id="1186">
            <IconStyle id="1188">
                <colorMode>normal</colorMode>
                <scale>1</scale>
                <heading>0</heading>
                <Icon id="1189">
                    <href>icons/green16.png</href>
                </Icon>
            </IconStyle>
            <LabelStyle id="1187">
                <colorMode>normal</colorMode>
                <scale>1</scale>
            </LabelStyle>
        </Style>
        <Style id="1192">
            <IconStyle id="1194">
                <colorMode>normal</colorMode>
                <scale>1</scale>
                <heading>0</heading>
                <Icon id="1195">
                    <href>icons/green16.png</href>
                </Icon>
            </IconStyle>
            <LabelStyle id="1193">
                <colorMode>normal</colorMode>
                <scale>1</scale>
            </LabelStyle>
        </Style>
        <Style id="1198">
            <IconStyle id="1200">
                <colorMode>normal</colorMode>
                <scale>1</scale>
                <heading>0</heading>
                <Icon id="1201">
                    <href>icons/green16.png</href>
                </Icon>
            </IconStyle>
            <LabelStyle id="1199">
                <colorMode>normal</colorMode>
                <scale>1</scale>
            </LabelStyle>
        </Style>
        <Style id="1204">
            <IconStyle id="1206">
                <colorMode>normal</colorMode>
                <scale>1</scale>
                <heading>0</heading>
                <Icon id="1207">
                    <href>icons/green16.png</href>
                </Icon>
            </IconStyle>
            <LabelStyle id="1205">
                <colorMode>normal</colorMode>
                <scale>1</scale>
            </LabelStyle>
        </Style>
        <Style id="1210">
            <IconStyle id="1212">
                <colorMode>normal</colorMode>
                <scale>1</scale>
                <heading>0</heading>
                <Icon id="1213">
                    <href>icons/green16.png</href>
                </Icon>
            </IconStyle>
            <LabelStyle id="1211">
                <colorMode>normal</colorMode>
                <scale>1</scale>
            </LabelStyle>
        </Style>
        <Style id="1216">
            <IconStyle id="1218">
                <colorMode>normal</colorMode>
                <scale>1</scale>
                <heading>0</heading>
                <Icon id="1219">
                    <href>icons/green16.png</href>
                </Icon>
            </IconStyle>
            <LabelStyle id="1217">
                <colorMode>normal</colorMode>
                <scale>1</scale>
            </LabelStyle>
        </Style>
        <Style id="1222">
            <IconStyle id="1224">
                <colorMode>normal</colorMode>
                <scale>1</scale>
                <heading>0</heading>
                <Icon id="1225">
                    <href>icons/green16.png</href>
                </Icon>
            </IconStyle>
            <LabelStyle id="1223">
                <colorMode>normal</colorMode>
                <scale>1</scale>
            </LabelStyle>
        </Style>
        <Style id="1228">
            <IconStyle id="1230">
                <colorMode>normal</colorMode>
                <scale>1</scale>
                <heading>0</heading>
                <Icon id="1231">
                    <href>icons/green16.png</href>
                </Icon>
            </IconStyle>
            <LabelStyle id="1229">
                <colorMode>normal</colorMode>
                <scale>1</scale>
            </LabelStyle>
        </Style>
        <Style id="1234">
            <IconStyle id="1236">
                <colorMode>normal</colorMode>
                <scale>1</scale>
                <heading>0</heading>
                <Icon id="1237">
                    <href>icons/green16.png</href>
                </Icon>
            </IconStyle>
            <LabelStyle id="1235">
                <colorMode>normal</colorMode>
                <scale>1</scale>
            </LabelStyle>
        </Style>
        <Style id="1240">
            <IconStyle id="1242">
                <colorMode>normal</colorMode>
                <scale>1</scale>
                <heading>0</heading>
                <Icon id="1243">
                    <href>icons/green16.png</href>
                </Icon>
            </IconStyle>
            <LabelStyle id="1241">
                <colorMode>normal</colorMode>
                <scale>1</scale>
            </LabelStyle>
        </Style>
        <Style id="1246">
            <IconStyle id="1248">
                <colorMode>normal</colorMode>
                <scale>1</scale>
                <heading>0</heading>
                <Icon id="1249">
                    <href>icons/green16.png</href>
                </Icon>
            </IconStyle>
            <LabelStyle id="1247">
                <colorMode>normal</colorMode>
                <scale>1</scale>
            </LabelStyle>
        </Style>
        <Style id="1252">
            <IconStyle id="1254">
                <colorMode>normal</colorMode>
                <scale>1</scale>
                <heading>0</heading>
                <Icon id="1255">
                    <href>icons/green16.png</href>
                </Icon>
            </IconStyle>
            <LabelStyle id="1253">
                <colorMode>normal</colorMode>
                <scale>1</scale>
            </LabelStyle>
        </Style>
        <Style id="1258">
            <IconStyle id="1260">
                <colorMode>normal</colorMode>
                <scale>1</scale>
                <heading>0</heading>
                <Icon id="1261">
                    <href>icons/green16.png</href>
                </Icon>
            </IconStyle>
            <LabelStyle id="1259">
                <colorMode>normal</colorMode>
                <scale>1</scale>
            </LabelStyle>
        </Style>
        <Style id="1264">
            <IconStyle id="1266">
                <colorMode>normal</colorMode>
                <scale>1</scale>
                <heading>0</heading>
                <Icon id="1267">
                    <href>icons/green16.png</href>
                </Icon>
            </IconStyle>
            <LabelStyle id="1265">
                <colorMode>normal</colorMode>
                <scale>1</scale>
            </LabelStyle>
        </Style>
        <Style id="1270">
            <IconStyle id="1272">
                <colorMode>normal</colorMode>
                <scale>1</scale>
                <heading>0</heading>
                <Icon id="1273">
                    <href>icons/green16.png</href>
                </Icon>
            </IconStyle>
            <LabelStyle id="1271">
                <colorMode>normal</colorMode>
                <scale>1</scale>
            </LabelStyle>
        </Style>
        <Style id="1276">
            <IconStyle id="1278">
                <colorMode>normal</colorMode>
                <scale>1</scale>
                <heading>0</heading>
                <Icon id="1279">
                    <href>icons/green16.png</href>
                </Icon>
            </IconStyle>
            <LabelStyle id="1277">
                <colorMode>normal</colorMode>
                <scale>1</scale>
            </LabelStyle>
        </Style>
        <Style id="1282">
            <IconStyle id="1284">
                <colorMode>normal</colorMode>
                <scale>1</scale>
                <heading>0</heading>
                <Icon id="1285">
                    <href>icons/green16.png</href>
                </Icon>
            </IconStyle>
            <LabelStyle id="1283">
                <colorMode>normal</colorMode>
                <scale>1</scale>
            </LabelStyle>
        </Style>
        <Style id="1288">
            <IconStyle id="1290">
                <colorMode>normal</colorMode>
                <scale>1</scale>
                <heading>0</heading>
                <Icon id="1291">
                    <href>icons/green16.png</href>
                </Icon>
            </IconStyle>
            <LabelStyle id="1289">
                <colorMode>normal</colorMode>
                <scale>1</scale>
            </LabelStyle>
        </Style>
        <Style id="1294">
            <IconStyle id="1296">
                <colorMode>normal</colorMode>
                <scale>1</scale>
                <heading>0</heading>
                <Icon id="1297">
                    <href>icons/green16.png</href>
                </Icon>
            </IconStyle>
            <LabelStyle id="1295">
                <colorMode>normal</colorMode>
                <scale>1</scale>
            </LabelStyle>
        </Style>
        <Style id="1300">
            <IconStyle id="1302">
                <colorMode>normal</colorMode>
                <scale>1</scale>
                <heading>0</heading>
                <Icon id="1303">
                    <href>icons/green16.png</href>
                </Icon>
            </IconStyle>
            <LabelStyle id="1301">
                <colorMode>normal</colorMode>
                <scale>1</scale>
            </LabelStyle>
        </Style>
        <Style id="1306">
            <IconStyle id="1308">
                <colorMode>normal</colorMode>
                <scale>1</scale>
                <heading>0</heading>
                <Icon id="1309">
                    <href>icons/green16.png</href>
                </Icon>
            </IconStyle>
            <LabelStyle id="1307">
                <colorMode>normal</colorMode>
                <scale>1</scale>
            </LabelStyle>
        </Style>
        <Style id="1312">
            <IconStyle id="1314">
                <colorMode>normal</colorMode>
                <scale>1</scale>
                <heading>0</heading>
                <Icon id="1315">
                    <href>icons/green16.png</href>
                </Icon>
            </IconStyle>
            <LabelStyle id="1313">
                <colorMode>normal</colorMode>
                <scale>1</scale>
            </LabelStyle>
        </Style>
        <Style id="1318">
            <IconStyle id="1320">
                <colorMode>normal</colorMode>
                <scale>1</scale>
                <heading>0</heading>
                <Icon id="1321">
                    <href>icons/green16.png</href>
                </Icon>
            </IconStyle>
            <LabelStyle id="1319">
                <colorMode>normal</colorMode>
                <scale>1</scale>
            </LabelStyle>
        </Style>
        <Style id="1324">
            <IconStyle id="1326">
                <colorMode>normal</colorMode>
                <scale>1</scale>
                <heading>0</heading>
                <Icon id="1327">
                    <href>icons/green16.png</href>
                </Icon>
            </IconStyle>
            <LabelStyle id="1325">
                <colorMode>normal</colorMode>
                <scale>1</scale>
            </LabelStyle>
        </Style>
        <Style id="1330">
            <IconStyle id="1332">
                <colorMode>normal</colorMode>
                <scale>1</scale>
                <heading>0</heading>
                <Icon id="1333">
                    <href>icons/green16.png</href>
                </Icon>
            </IconStyle>
            <LabelStyle id="1331">
                <colorMode>normal</colorMode>
                <scale>1</scale>
            </LabelStyle>
        </Style>
        <Style id="1336">
            <IconStyle id="1338">
                <colorMode>normal</colorMode>
                <scale>1</scale>
                <heading>0</heading>
                <Icon id="1339">
                    <href>icons/green16.png</href>
                </Icon>
            </IconStyle>
            <LabelStyle id="1337">
                <colorMode>normal</colorMode>
                <scale>1</scale>
            </LabelStyle>
        </Style>
        <Style id="1342">
            <IconStyle id="1344">
                <colorMode>normal</colorMode>
                <scale>1</scale>
                <heading>0</heading>
                <Icon id="1345">
                    <href>icons/green16.png</href>
                </Icon>
            </IconStyle>
            <LabelStyle id="1343">
                <colorMode>normal</colorMode>
                <scale>1</scale>
            </LabelStyle>
        </Style>
        <Style id="1348">
            <IconStyle id="1350">
                <colorMode>normal</colorMode>
                <scale>1</scale>
                <heading>0</heading>
                <Icon id="1351">
                    <href>icons/green16.png</href>
                </Icon>
            </IconStyle>
            <LabelStyle id="1349">
                <colorMode>normal</colorMode>
                <scale>1</scale>
            </LabelStyle>
        </Style>
        <Style id="1354">
            <IconStyle id="1356">
                <colorMode>normal</colorMode>
                <scale>1</scale>
                <heading>0</heading>
                <Icon id="1357">
                    <href>icons/green16.png</href>
                </Icon>
            </IconStyle>
            <LabelStyle id="1355">
                <colorMode>normal</colorMode>
                <scale>1</scale>
            </LabelStyle>
        </Style>
        <Style id="1360">
            <IconStyle id="1362">
                <colorMode>normal</colorMode>
                <scale>1</scale>
                <heading>0</heading>
                <Icon id="1363">
                    <href>icons/green16.png</href>
                </Icon>
            </IconStyle>
            <LabelStyle id="1361">
                <colorMode>normal</colorMode>
                <scale>1</scale>
            </LabelStyle>
        </Style>
        <Style id="1366">
            <IconStyle id="1368">
                <colorMode>normal</colorMode>
                <scale>1</scale>
                <heading>0</heading>
                <Icon id="1369">
                    <href>icons/green16.png</href>
                </Icon>
            </IconStyle>
            <LabelStyle id="1367">
                <colorMode>normal</colorMode>
                <scale>1</scale>
            </LabelStyle>
        </Style>
        <Style id="1372">
            <IconStyle id="1374">
                <colorMode>normal</colorMode>
                <scale>1</scale>
                <heading>0</heading>
                <Icon id="1375">
                    <href>icons/green16.png</href>
                </Icon>
            </IconStyle>
            <LabelStyle id="1373">
                <colorMode>normal</colorMode>
                <scale>1</scale>
            </LabelStyle>
        </Style>
        <Style id="1378">
            <IconStyle id="1380">
                <colorMode>normal</colorMode>
                <scale>1</scale>
                <heading>0</heading>
                <Icon id="1381">
                    <href>icons/green16.png</href>
                </Icon>
            </IconStyle>
            <LabelStyle id="1379">
                <colorMode>normal</colorMode>
                <scale>1</scale>
            </LabelStyle>
        </Style>
        <Style id="1384">
            <IconStyle id="1386">
                <colorMode>normal</colorMode>
                <scale>1</scale>
                <heading>0</heading>
                <Icon id="1387">
                    <href>icons/green16.png</href>
                </Icon>
            </IconStyle>
            <LabelStyle id="1385">
                <colorMode>normal</colorMode>
                <scale>1</scale>
            </LabelStyle>
        </Style>
        <Style id="1390">
            <IconStyle id="1392">
                <colorMode>normal</colorMode>
                <scale>1</scale>
                <heading>0</heading>
                <Icon id="1393">
                    <href>icons/green16.png</href>
                </Icon>
            </IconStyle>
            <LabelStyle id="1391">
                <colorMode>normal</colorMode>
                <scale>1</scale>
            </LabelStyle>
        </Style>
        <Style id="1396">
            <IconStyle id="1398">
                <colorMode>normal</colorMode>
                <scale>1</scale>
                <heading>0</heading>
                <Icon id="1399">
                    <href>icons/green16.png</href>
                </Icon>
            </IconStyle>
            <LabelStyle id="1397">
                <colorMode>normal</colorMode>
                <scale>1</scale>
            </LabelStyle>
        </Style>
        <Style id="1402">
            <IconStyle id="1404">
                <colorMode>normal</colorMode>
                <scale>1</scale>
                <heading>0</heading>
                <Icon id="1405">
                    <href>icons/green16.png</href>
                </Icon>
            </IconStyle>
            <LabelStyle id="1403">
                <colorMode>normal</colorMode>
                <scale>1</scale>
            </LabelStyle>
        </Style>
        <Style id="1408">
            <IconStyle id="1410">
                <colorMode>normal</colorMode>
                <scale>1</scale>
                <heading>0</heading>
                <Icon id="1411">
                    <href>icons/green16.png</href>
                </Icon>
            </IconStyle>
            <LabelStyle id="1409">
                <colorMode>normal</colorMode>
                <scale>1</scale>
            </LabelStyle>
        </Style>
        <Style id="1414">
            <IconStyle id="1416">
                <colorMode>normal</colorMode>
                <scale>1</scale>
                <heading>0</heading>
                <Icon id="1417">
                    <href>icons/green16.png</href>
                </Icon>
            </IconStyle>
            <LabelStyle id="1415">
                <colorMode>normal</colorMode>
                <scale>1</scale>
            </LabelStyle>
        </Style>
        <Style id="1420">
            <IconStyle id="1422">
                <colorMode>normal</colorMode>
                <scale>1</scale>
                <heading>0</heading>
                <Icon id="1423">
                    <href>icons/green16.png</href>
                </Icon>
            </IconStyle>
            <LabelStyle id="1421">
                <colorMode>normal</colorMode>
                <scale>1</scale>
            </LabelStyle>
        </Style>
        <Style id="1426">
            <IconStyle id="1428">
                <colorMode>normal</colorMode>
                <scale>1</scale>
                <heading>0</heading>
                <Icon id="1429">
                    <href>icons/green16.png</href>
                </Icon>
            </IconStyle>
            <LabelStyle id="1427">
                <colorMode>normal</colorMode>
                <scale>1</scale>
            </LabelStyle>
        </Style>
        <Style id="1432">
            <IconStyle id="1434">
                <colorMode>normal</colorMode>
                <scale>1</scale>
                <heading>0</heading>
                <Icon id="1435">
                    <href>icons/green16.png</href>
                </Icon>
            </IconStyle>
            <LabelStyle id="1433">
                <colorMode>normal</colorMode>
                <scale>1</scale>
            </LabelStyle>
        </Style>
        <Style id="1438">
            <IconStyle id="1440">
                <colorMode>normal</colorMode>
                <scale>1</scale>
                <heading>0</heading>
                <Icon id="1441">
                    <href>icons/green16.png</href>
                </Icon>
            </IconStyle>
            <LabelStyle id="1439">
                <colorMode>normal</colorMode>
                <scale>1</scale>
            </LabelStyle>
        </Style>
        <Style id="1444">
            <IconStyle id="1446">
                <colorMode>normal</colorMode>
                <scale>1</scale>
                <heading>0</heading>
                <Icon id="1447">
                    <href>icons/green16.png</href>
                </Icon>
            </IconStyle>
            <LabelStyle id="1445">
                <colorMode>normal</colorMode>
                <scale>1</scale>
            </LabelStyle>
        </Style>
        <Style id="1450">
            <IconStyle id="1452">
                <colorMode>normal</colorMode>
                <scale>1</scale>
                <heading>0</heading>
                <Icon id="1453">
                    <href>icons/green16.png</href>
                </Icon>
            </IconStyle>
            <LabelStyle id="1451">
                <colorMode>normal</colorMode>
                <scale>1</scale>
            </LabelStyle>
        </Style>
        <Style id="1456">
            <IconStyle id="1458">
                <colorMode>normal</colorMode>
                <scale>1</scale>
                <heading>0</heading>
                <Icon id="1459">
                    <href>icons/green16.png</href>
                </Icon>
            </IconStyle>
            <LabelStyle id="1457">
                <colorMode>normal</colorMode>
                <scale>1</scale>
            </LabelStyle>
        </Style>
        <Style id="1462">
            <IconStyle id="1464">
                <colorMode>normal</colorMode>
                <scale>1</scale>
                <heading>0</heading>
                <Icon id="1465">
                    <href>icons/green16.png</href>
                </Icon>
            </IconStyle>
            <LabelStyle id="1463">
                <colorMode>normal</colorMode>
                <scale>1</scale>
            </LabelStyle>
        </Style>
        <Style id="1468">
            <IconStyle id="1470">
                <colorMode>normal</colorMode>
                <scale>1</scale>
                <heading>0</heading>
                <Icon id="1471">
                    <href>icons/green16.png</href>
                </Icon>
            </IconStyle>
            <LabelStyle id="1469">
                <colorMode>normal</colorMode>
                <scale>1</scale>
            </LabelStyle>
        </Style>
        <Style id="1474">
            <IconStyle id="1476">
                <colorMode>normal</colorMode>
                <scale>1</scale>
                <heading>0</heading>
                <Icon id="1477">
                    <href>icons/green16.png</href>
                </Icon>
            </IconStyle>
            <LabelStyle id="1475">
                <colorMode>normal</colorMode>
                <scale>1</scale>
            </LabelStyle>
        </Style>
        <Style id="1480">
            <IconStyle id="1482">
                <colorMode>normal</colorMode>
                <scale>1</scale>
                <heading>0</heading>
                <Icon id="1483">
                    <href>icons/green16.png</href>
                </Icon>
            </IconStyle>
            <LabelStyle id="1481">
                <colorMode>normal</colorMode>
                <scale>1</scale>
            </LabelStyle>
        </Style>
        <Style id="1486">
            <IconStyle id="1488">
                <colorMode>normal</colorMode>
                <scale>1</scale>
                <heading>0</heading>
                <Icon id="1489">
                    <href>icons/green16.png</href>
                </Icon>
            </IconStyle>
            <LabelStyle id="1487">
                <colorMode>normal</colorMode>
                <scale>1</scale>
            </LabelStyle>
        </Style>
        <Style id="1492">
            <IconStyle id="1494">
                <colorMode>normal</colorMode>
                <scale>1</scale>
                <heading>0</heading>
                <Icon id="1495">
                    <href>icons/green16.png</href>
                </Icon>
            </IconStyle>
            <LabelStyle id="1493">
                <colorMode>normal</colorMode>
                <scale>1</scale>
            </LabelStyle>
        </Style>
        <Style id="1498">
            <IconStyle id="1500">
                <colorMode>normal</colorMode>
                <scale>1</scale>
                <heading>0</heading>
                <Icon id="1501">
                    <href>icons/green16.png</href>
                </Icon>
            </IconStyle>
            <LabelStyle id="1499">
                <colorMode>normal</colorMode>
                <scale>1</scale>
            </LabelStyle>
        </Style>
        <Style id="1504">
            <IconStyle id="1506">
                <colorMode>normal</colorMode>
                <scale>1</scale>
                <heading>0</heading>
                <Icon id="1507">
                    <href>icons/green16.png</href>
                </Icon>
            </IconStyle>
            <LabelStyle id="1505">
                <colorMode>normal</colorMode>
                <scale>1</scale>
            </LabelStyle>
        </Style>
        <Style id="1510">
            <IconStyle id="1512">
                <colorMode>normal</colorMode>
                <scale>1</scale>
                <heading>0</heading>
                <Icon id="1513">
                    <href>icons/green16.png</href>
                </Icon>
            </IconStyle>
            <LabelStyle id="1511">
                <colorMode>normal</colorMode>
                <scale>1</scale>
            </LabelStyle>
        </Style>
        <Style id="1516">
            <IconStyle id="1518">
                <colorMode>normal</colorMode>
                <scale>1</scale>
                <heading>0</heading>
                <Icon id="1519">
                    <href>icons/green16.png</href>
                </Icon>
            </IconStyle>
            <LabelStyle id="1517">
                <colorMode>normal</colorMode>
                <scale>1</scale>
            </LabelStyle>
        </Style>
        <Style id="1522">
            <IconStyle id="1524">
                <colorMode>normal</colorMode>
                <scale>1</scale>
                <heading>0</heading>
                <Icon id="1525">
                    <href>icons/green16.png</href>
                </Icon>
            </IconStyle>
            <LabelStyle id="1523">
                <colorMode>normal</colorMode>
                <scale>1</scale>
            </LabelStyle>
        </Style>
        <Style id="1528">
            <IconStyle id="1530">
                <colorMode>normal</colorMode>
                <scale>1</scale>
                <heading>0</heading>
                <Icon id="1531">
                    <href>icons/green16.png</href>
                </Icon>
            </IconStyle>
            <LabelStyle id="1529">
                <colorMode>normal</colorMode>
                <scale>1</scale>
            </LabelStyle>
        </Style>
        <Style id="1534">
            <IconStyle id="1536">
                <colorMode>normal</colorMode>
                <scale>1</scale>
                <heading>0</heading>
                <Icon id="1537">
                    <href>icons/green16.png</href>
                </Icon>
            </IconStyle>
            <LabelStyle id="1535">
                <colorMode>normal</colorMode>
                <scale>1</scale>
            </LabelStyle>
        </Style>
        <Style id="1540">
            <IconStyle id="1542">
                <colorMode>normal</colorMode>
                <scale>1</scale>
                <heading>0</heading>
                <Icon id="1543">
                    <href>icons/green16.png</href>
                </Icon>
            </IconStyle>
            <LabelStyle id="1541">
                <colorMode>normal</colorMode>
                <scale>1</scale>
            </LabelStyle>
        </Style>
        <Style id="1546">
            <IconStyle id="1548">
                <colorMode>normal</colorMode>
                <scale>1</scale>
                <heading>0</heading>
                <Icon id="1549">
                    <href>icons/green16.png</href>
                </Icon>
            </IconStyle>
            <LabelStyle id="1547">
                <colorMode>normal</colorMode>
                <scale>1</scale>
            </LabelStyle>
        </Style>
        <Style id="1552">
            <IconStyle id="1554">
                <colorMode>normal</colorMode>
                <scale>1</scale>
                <heading>0</heading>
                <Icon id="1555">
                    <href>icons/green16.png</href>
                </Icon>
            </IconStyle>
            <LabelStyle id="1553">
                <colorMode>normal</colorMode>
                <scale>1</scale>
            </LabelStyle>
        </Style>
        <Style id="1558">
            <IconStyle id="1560">
                <colorMode>normal</colorMode>
                <scale>1</scale>
                <heading>0</heading>
                <Icon id="1561">
                    <href>icons/green16.png</href>
                </Icon>
            </IconStyle>
            <LabelStyle id="1559">
                <colorMode>normal</colorMode>
                <scale>1</scale>
            </LabelStyle>
        </Style>
        <Style id="1564">
            <IconStyle id="1566">
                <colorMode>normal</colorMode>
                <scale>1</scale>
                <heading>0</heading>
                <Icon id="1567">
                    <href>icons/green16.png</href>
                </Icon>
            </IconStyle>
            <LabelStyle id="1565">
                <colorMode>normal</colorMode>
                <scale>1</scale>
            </LabelStyle>
        </Style>
        <Style id="1570">
            <IconStyle id="1572">
                <colorMode>normal</colorMode>
                <scale>1</scale>
                <heading>0</heading>
                <Icon id="1573">
                    <href>icons/green16.png</href>
                </Icon>
            </IconStyle>
            <LabelStyle id="1571">
                <colorMode>normal</colorMode>
                <scale>1</scale>
            </LabelStyle>
        </Style>
        <Style id="1576">
            <IconStyle id="1578">
                <colorMode>normal</colorMode>
                <scale>1</scale>
                <heading>0</heading>
                <Icon id="1579">
                    <href>icons/green16.png</href>
                </Icon>
            </IconStyle>
            <LabelStyle id="1577">
                <colorMode>normal</colorMode>
                <scale>1</scale>
            </LabelStyle>
        </Style>
        <Style id="1582">
            <IconStyle id="1584">
                <colorMode>normal</colorMode>
                <scale>1</scale>
                <heading>0</heading>
                <Icon id="1585">
                    <href>icons/green16.png</href>
                </Icon>
            </IconStyle>
            <LabelStyle id="1583">
                <colorMode>normal</colorMode>
                <scale>1</scale>
            </LabelStyle>
        </Style>
        <Style id="1588">
            <IconStyle id="1590">
                <colorMode>normal</colorMode>
                <scale>1</scale>
                <heading>0</heading>
                <Icon id="1591">
                    <href>icons/green16.png</href>
                </Icon>
            </IconStyle>
            <LabelStyle id="1589">
                <colorMode>normal</colorMode>
                <scale>1</scale>
            </LabelStyle>
        </Style>
        <Style id="1594">
            <IconStyle id="1596">
                <colorMode>normal</colorMode>
                <scale>1</scale>
                <heading>0</heading>
                <Icon id="1597">
                    <href>icons/green16.png</href>
                </Icon>
            </IconStyle>
            <LabelStyle id="1595">
                <colorMode>normal</colorMode>
                <scale>1</scale>
            </LabelStyle>
        </Style>
        <Style id="1600">
            <IconStyle id="1602">
                <colorMode>normal</colorMode>
                <scale>1</scale>
                <heading>0</heading>
                <Icon id="1603">
                    <href>icons/green16.png</href>
                </Icon>
            </IconStyle>
            <LabelStyle id="1601">
                <colorMode>normal</colorMode>
                <scale>1</scale>
            </LabelStyle>
        </Style>
        <Style id="1606">
            <IconStyle id="1608">
                <colorMode>normal</colorMode>
                <scale>1</scale>
                <heading>0</heading>
                <Icon id="1609">
                    <href>icons/green16.png</href>
                </Icon>
            </IconStyle>
            <LabelStyle id="1607">
                <colorMode>normal</colorMode>
                <scale>1</scale>
            </LabelStyle>
        </Style>
        <Style id="1612">
            <IconStyle id="1614">
                <colorMode>normal</colorMode>
                <scale>1</scale>
                <heading>0</heading>
                <Icon id="1615">
                    <href>icons/green16.png</href>
                </Icon>
            </IconStyle>
            <LabelStyle id="1613">
                <colorMode>normal</colorMode>
                <scale>1</scale>
            </LabelStyle>
        </Style>
        <Style id="1618">
            <IconStyle id="1620">
                <colorMode>normal</colorMode>
                <scale>1</scale>
                <heading>0</heading>
                <Icon id="1621">
                    <href>icons/green16.png</href>
                </Icon>
            </IconStyle>
            <LabelStyle id="1619">
                <colorMode>normal</colorMode>
                <scale>1</scale>
            </LabelStyle>
        </Style>
        <Style id="1624">
            <IconStyle id="1626">
                <colorMode>normal</colorMode>
                <scale>1</scale>
                <heading>0</heading>
                <Icon id="1627">
                    <href>icons/green16.png</href>
                </Icon>
            </IconStyle>
            <LabelStyle id="1625">
                <colorMode>normal</colorMode>
                <scale>1</scale>
            </LabelStyle>
        </Style>
        <Style id="1630">
            <IconStyle id="1632">
                <colorMode>normal</colorMode>
                <scale>1</scale>
                <heading>0</heading>
                <Icon id="1633">
                    <href>icons/green16.png</href>
                </Icon>
            </IconStyle>
            <LabelStyle id="1631">
                <colorMode>normal</colorMode>
                <scale>1</scale>
            </LabelStyle>
        </Style>
        <Style id="1636">
            <IconStyle id="1638">
                <colorMode>normal</colorMode>
                <scale>1</scale>
                <heading>0</heading>
                <Icon id="1639">
                    <href>icons/green16.png</href>
                </Icon>
            </IconStyle>
            <LabelStyle id="1637">
                <colorMode>normal</colorMode>
                <scale>1</scale>
            </LabelStyle>
        </Style>
        <Style id="1642">
            <IconStyle id="1644">
                <colorMode>normal</colorMode>
                <scale>1</scale>
                <heading>0</heading>
                <Icon id="1645">
                    <href>icons/green16.png</href>
                </Icon>
            </IconStyle>
            <LabelStyle id="1643">
                <colorMode>normal</colorMode>
                <scale>1</scale>
            </LabelStyle>
        </Style>
        <Style id="1648">
            <IconStyle id="1650">
                <colorMode>normal</colorMode>
                <scale>1</scale>
                <heading>0</heading>
                <Icon id="1651">
                    <href>icons/green16.png</href>
                </Icon>
            </IconStyle>
            <LabelStyle id="1649">
                <colorMode>normal</colorMode>
                <scale>1</scale>
            </LabelStyle>
        </Style>
        <Style id="1654">
            <IconStyle id="1656">
                <colorMode>normal</colorMode>
                <scale>1</scale>
                <heading>0</heading>
                <Icon id="1657">
                    <href>icons/green16.png</href>
                </Icon>
            </IconStyle>
            <LabelStyle id="1655">
                <colorMode>normal</colorMode>
                <scale>1</scale>
            </LabelStyle>
        </Style>
        <Style id="1660">
            <IconStyle id="1662">
                <colorMode>normal</colorMode>
                <scale>1</scale>
                <heading>0</heading>
                <Icon id="1663">
                    <href>icons/green16.png</href>
                </Icon>
            </IconStyle>
            <LabelStyle id="1661">
                <colorMode>normal</colorMode>
                <scale>1</scale>
            </LabelStyle>
        </Style>
        <Style id="1666">
            <IconStyle id="1668">
                <colorMode>normal</colorMode>
                <scale>1</scale>
                <heading>0</heading>
                <Icon id="1669">
                    <href>icons/green16.png</href>
                </Icon>
            </IconStyle>
            <LabelStyle id="1667">
                <colorMode>normal</colorMode>
                <scale>1</scale>
            </LabelStyle>
        </Style>
        <Style id="1672">
            <IconStyle id="1674">
                <colorMode>normal</colorMode>
                <scale>1</scale>
                <heading>0</heading>
                <Icon id="1675">
                    <href>icons/green16.png</href>
                </Icon>
            </IconStyle>
            <LabelStyle id="1673">
                <colorMode>normal</colorMode>
                <scale>1</scale>
            </LabelStyle>
        </Style>
        <Style id="1678">
            <IconStyle id="1680">
                <colorMode>normal</colorMode>
                <scale>1</scale>
                <heading>0</heading>
                <Icon id="1681">
                    <href>icons/green16.png</href>
                </Icon>
            </IconStyle>
            <LabelStyle id="1679">
                <colorMode>normal</colorMode>
                <scale>1</scale>
            </LabelStyle>
        </Style>
        <Style id="1684">
            <IconStyle id="1686">
                <colorMode>normal</colorMode>
                <scale>1</scale>
                <heading>0</heading>
                <Icon id="1687">
                    <href>icons/green16.png</href>
                </Icon>
            </IconStyle>
            <LabelStyle id="1685">
                <colorMode>normal</colorMode>
                <scale>1</scale>
            </LabelStyle>
        </Style>
        <Style id="1690">
            <IconStyle id="1692">
                <colorMode>normal</colorMode>
                <scale>1</scale>
                <heading>0</heading>
                <Icon id="1693">
                    <href>icons/green16.png</href>
                </Icon>
            </IconStyle>
            <LabelStyle id="1691">
                <colorMode>normal</colorMode>
                <scale>1</scale>
            </LabelStyle>
        </Style>
        <Style id="1696">
            <IconStyle id="1698">
                <colorMode>normal</colorMode>
                <scale>1</scale>
                <heading>0</heading>
                <Icon id="1699">
                    <href>icons/green16.png</href>
                </Icon>
            </IconStyle>
            <LabelStyle id="1697">
                <colorMode>normal</colorMode>
                <scale>1</scale>
            </LabelStyle>
        </Style>
        <Style id="1702">
            <IconStyle id="1704">
                <colorMode>normal</colorMode>
                <scale>1</scale>
                <heading>0</heading>
                <Icon id="1705">
                    <href>icons/green16.png</href>
                </Icon>
            </IconStyle>
            <LabelStyle id="1703">
                <colorMode>normal</colorMode>
                <scale>1</scale>
            </LabelStyle>
        </Style>
        <Style id="1708">
            <IconStyle id="1710">
                <colorMode>normal</colorMode>
                <scale>1</scale>
                <heading>0</heading>
                <Icon id="1711">
                    <href>icons/green16.png</href>
                </Icon>
            </IconStyle>
            <LabelStyle id="1709">
                <colorMode>normal</colorMode>
                <scale>1</scale>
            </LabelStyle>
        </Style>
        <Style id="1714">
            <IconStyle id="1716">
                <colorMode>normal</colorMode>
                <scale>1</scale>
                <heading>0</heading>
                <Icon id="1717">
                    <href>icons/green16.png</href>
                </Icon>
            </IconStyle>
            <LabelStyle id="1715">
                <colorMode>normal</colorMode>
                <scale>1</scale>
            </LabelStyle>
        </Style>
        <Style id="1720">
            <IconStyle id="1722">
                <colorMode>normal</colorMode>
                <scale>1</scale>
                <heading>0</heading>
                <Icon id="1723">
                    <href>icons/green16.png</href>
                </Icon>
            </IconStyle>
            <LabelStyle id="1721">
                <colorMode>normal</colorMode>
                <scale>1</scale>
            </LabelStyle>
        </Style>
        <Style id="1726">
            <IconStyle id="1728">
                <colorMode>normal</colorMode>
                <scale>1</scale>
                <heading>0</heading>
                <Icon id="1729">
                    <href>icons/green16.png</href>
                </Icon>
            </IconStyle>
            <LabelStyle id="1727">
                <colorMode>normal</colorMode>
                <scale>1</scale>
            </LabelStyle>
        </Style>
        <Style id="1732">
            <IconStyle id="1734">
                <colorMode>normal</colorMode>
                <scale>1</scale>
                <heading>0</heading>
                <Icon id="1735">
                    <href>icons/green16.png</href>
                </Icon>
            </IconStyle>
            <LabelStyle id="1733">
                <colorMode>normal</colorMode>
                <scale>1</scale>
            </LabelStyle>
        </Style>
        <Style id="1738">
            <IconStyle id="1740">
                <colorMode>normal</colorMode>
                <scale>1</scale>
                <heading>0</heading>
                <Icon id="1741">
                    <href>icons/green16.png</href>
                </Icon>
            </IconStyle>
            <LabelStyle id="1739">
                <colorMode>normal</colorMode>
                <scale>1</scale>
            </LabelStyle>
        </Style>
        <Style id="1744">
            <IconStyle id="1746">
                <colorMode>normal</colorMode>
                <scale>1</scale>
                <heading>0</heading>
                <Icon id="1747">
                    <href>icons/green16.png</href>
                </Icon>
            </IconStyle>
            <LabelStyle id="1745">
                <colorMode>normal</colorMode>
                <scale>1</scale>
            </LabelStyle>
        </Style>
        <Style id="1750">
            <IconStyle id="1752">
                <colorMode>normal</colorMode>
                <scale>1</scale>
                <heading>0</heading>
                <Icon id="1753">
                    <href>icons/green16.png</href>
                </Icon>
            </IconStyle>
            <LabelStyle id="1751">
                <colorMode>normal</colorMode>
                <scale>1</scale>
            </LabelStyle>
        </Style>
        <Style id="1756">
            <IconStyle id="1758">
                <colorMode>normal</colorMode>
                <scale>1</scale>
                <heading>0</heading>
                <Icon id="1759">
                    <href>icons/green16.png</href>
                </Icon>
            </IconStyle>
            <LabelStyle id="1757">
                <colorMode>normal</colorMode>
                <scale>1</scale>
            </LabelStyle>
        </Style>
        <Style id="1762">
            <IconStyle id="1764">
                <colorMode>normal</colorMode>
                <scale>1</scale>
                <heading>0</heading>
                <Icon id="1765">
                    <href>icons/green16.png</href>
                </Icon>
            </IconStyle>
            <LabelStyle id="1763">
                <colorMode>normal</colorMode>
                <scale>1</scale>
            </LabelStyle>
        </Style>
        <Style id="1768">
            <IconStyle id="1770">
                <colorMode>normal</colorMode>
                <scale>1</scale>
                <heading>0</heading>
                <Icon id="1771">
                    <href>icons/green16.png</href>
                </Icon>
            </IconStyle>
            <LabelStyle id="1769">
                <colorMode>normal</colorMode>
                <scale>1</scale>
            </LabelStyle>
        </Style>
        <Style id="1774">
            <IconStyle id="1776">
                <colorMode>normal</colorMode>
                <scale>1</scale>
                <heading>0</heading>
                <Icon id="1777">
                    <href>icons/green16.png</href>
                </Icon>
            </IconStyle>
            <LabelStyle id="1775">
                <colorMode>normal</colorMode>
                <scale>1</scale>
            </LabelStyle>
        </Style>
        <Style id="1780">
            <IconStyle id="1782">
                <colorMode>normal</colorMode>
                <scale>1</scale>
                <heading>0</heading>
                <Icon id="1783">
                    <href>icons/green16.png</href>
                </Icon>
            </IconStyle>
            <LabelStyle id="1781">
                <colorMode>normal</colorMode>
                <scale>1</scale>
            </LabelStyle>
        </Style>
        <Style id="1786">
            <IconStyle id="1788">
                <colorMode>normal</colorMode>
                <scale>1</scale>
                <heading>0</heading>
                <Icon id="1789">
                    <href>icons/green16.png</href>
                </Icon>
            </IconStyle>
            <LabelStyle id="1787">
                <colorMode>normal</colorMode>
                <scale>1</scale>
            </LabelStyle>
        </Style>
        <Style id="1792">
            <IconStyle id="1794">
                <colorMode>normal</colorMode>
                <scale>1</scale>
                <heading>0</heading>
                <Icon id="1795">
                    <href>icons/green16.png</href>
                </Icon>
            </IconStyle>
            <LabelStyle id="1793">
                <colorMode>normal</colorMode>
                <scale>1</scale>
            </LabelStyle>
        </Style>
        <Style id="1798">
            <IconStyle id="1800">
                <colorMode>normal</colorMode>
                <scale>1</scale>
                <heading>0</heading>
                <Icon id="1801">
                    <href>icons/green16.png</href>
                </Icon>
            </IconStyle>
            <LabelStyle id="1799">
                <colorMode>normal</colorMode>
                <scale>1</scale>
            </LabelStyle>
        </Style>
        <Style id="1804">
            <IconStyle id="1806">
                <colorMode>normal</colorMode>
                <scale>1</scale>
                <heading>0</heading>
                <Icon id="1807">
                    <href>icons/green16.png</href>
                </Icon>
            </IconStyle>
            <LabelStyle id="1805">
                <colorMode>normal</colorMode>
                <scale>1</scale>
            </LabelStyle>
        </Style>
        <Style id="1810">
            <IconStyle id="1812">
                <colorMode>normal</colorMode>
                <scale>1</scale>
                <heading>0</heading>
                <Icon id="1813">
                    <href>icons/green16.png</href>
                </Icon>
            </IconStyle>
            <LabelStyle id="1811">
                <colorMode>normal</colorMode>
                <scale>1</scale>
            </LabelStyle>
        </Style>
        <Style id="1816">
            <IconStyle id="1818">
                <colorMode>normal</colorMode>
                <scale>1</scale>
                <heading>0</heading>
                <Icon id="1819">
                    <href>icons/green16.png</href>
                </Icon>
            </IconStyle>
            <LabelStyle id="1817">
                <colorMode>normal</colorMode>
                <scale>1</scale>
            </LabelStyle>
        </Style>
        <Style id="1822">
            <IconStyle id="1824">
                <colorMode>normal</colorMode>
                <scale>1</scale>
                <heading>0</heading>
                <Icon id="1825">
                    <href>icons/green16.png</href>
                </Icon>
            </IconStyle>
            <LabelStyle id="1823">
                <colorMode>normal</colorMode>
                <scale>1</scale>
            </LabelStyle>
        </Style>
        <Style id="1828">
            <IconStyle id="1830">
                <colorMode>normal</colorMode>
                <scale>1</scale>
                <heading>0</heading>
                <Icon id="1831">
                    <href>icons/green16.png</href>
                </Icon>
            </IconStyle>
            <LabelStyle id="1829">
                <colorMode>normal</colorMode>
                <scale>1</scale>
            </LabelStyle>
        </Style>
        <Style id="1834">
            <IconStyle id="1836">
                <colorMode>normal</colorMode>
                <scale>1</scale>
                <heading>0</heading>
                <Icon id="1837">
                    <href>icons/green16.png</href>
                </Icon>
            </IconStyle>
            <LabelStyle id="1835">
                <colorMode>normal</colorMode>
                <scale>1</scale>
            </LabelStyle>
        </Style>
        <Style id="1840">
            <IconStyle id="1842">
                <colorMode>normal</colorMode>
                <scale>1</scale>
                <heading>0</heading>
                <Icon id="1843">
                    <href>icons/green16.png</href>
                </Icon>
            </IconStyle>
            <LabelStyle id="1841">
                <colorMode>normal</colorMode>
                <scale>1</scale>
            </LabelStyle>
        </Style>
        <Style id="1846">
            <IconStyle id="1848">
                <colorMode>normal</colorMode>
                <scale>1</scale>
                <heading>0</heading>
                <Icon id="1849">
                    <href>icons/green16.png</href>
                </Icon>
            </IconStyle>
            <LabelStyle id="1847">
                <colorMode>normal</colorMode>
                <scale>1</scale>
            </LabelStyle>
        </Style>
        <Style id="1852">
            <IconStyle id="1854">
                <colorMode>normal</colorMode>
                <scale>1</scale>
                <heading>0</heading>
                <Icon id="1855">
                    <href>icons/green16.png</href>
                </Icon>
            </IconStyle>
            <LabelStyle id="1853">
                <colorMode>normal</colorMode>
                <scale>1</scale>
            </LabelStyle>
        </Style>
        <Style id="1858">
            <IconStyle id="1860">
                <colorMode>normal</colorMode>
                <scale>1</scale>
                <heading>0</heading>
                <Icon id="1861">
                    <href>icons/green16.png</href>
                </Icon>
            </IconStyle>
            <LabelStyle id="1859">
                <colorMode>normal</colorMode>
                <scale>1</scale>
            </LabelStyle>
        </Style>
        <Style id="1864">
            <IconStyle id="1866">
                <colorMode>normal</colorMode>
                <scale>1</scale>
                <heading>0</heading>
                <Icon id="1867">
                    <href>icons/green16.png</href>
                </Icon>
            </IconStyle>
            <LabelStyle id="1865">
                <colorMode>normal</colorMode>
                <scale>1</scale>
            </LabelStyle>
        </Style>
        <Style id="1870">
            <IconStyle id="1872">
                <colorMode>normal</colorMode>
                <scale>1</scale>
                <heading>0</heading>
                <Icon id="1873">
                    <href>icons/green16.png</href>
                </Icon>
            </IconStyle>
            <LabelStyle id="1871">
                <colorMode>normal</colorMode>
                <scale>1</scale>
            </LabelStyle>
        </Style>
        <Style id="1876">
            <IconStyle id="1878">
                <colorMode>normal</colorMode>
                <scale>1</scale>
                <heading>0</heading>
                <Icon id="1879">
                    <href>icons/green16.png</href>
                </Icon>
            </IconStyle>
            <LabelStyle id="1877">
                <colorMode>normal</colorMode>
                <scale>1</scale>
            </LabelStyle>
        </Style>
        <Style id="1882">
            <IconStyle id="1884">
                <colorMode>normal</colorMode>
                <scale>1</scale>
                <heading>0</heading>
                <Icon id="1885">
                    <href>icons/green16.png</href>
                </Icon>
            </IconStyle>
            <LabelStyle id="1883">
                <colorMode>normal</colorMode>
                <scale>1</scale>
            </LabelStyle>
        </Style>
        <Style id="1888">
            <IconStyle id="1890">
                <colorMode>normal</colorMode>
                <scale>1</scale>
                <heading>0</heading>
                <Icon id="1891">
                    <href>icons/green16.png</href>
                </Icon>
            </IconStyle>
            <LabelStyle id="1889">
                <colorMode>normal</colorMode>
                <scale>1</scale>
            </LabelStyle>
        </Style>
        <Style id="1894">
            <IconStyle id="1896">
                <colorMode>normal</colorMode>
                <scale>1</scale>
                <heading>0</heading>
                <Icon id="1897">
                    <href>icons/green16.png</href>
                </Icon>
            </IconStyle>
            <LabelStyle id="1895">
                <colorMode>normal</colorMode>
                <scale>1</scale>
            </LabelStyle>
        </Style>
        <Style id="1900">
            <IconStyle id="1902">
                <colorMode>normal</colorMode>
                <scale>1</scale>
                <heading>0</heading>
                <Icon id="1903">
                    <href>icons/green16.png</href>
                </Icon>
            </IconStyle>
            <LabelStyle id="1901">
                <colorMode>normal</colorMode>
                <scale>1</scale>
            </LabelStyle>
        </Style>
        <Style id="1906">
            <IconStyle id="1908">
                <colorMode>normal</colorMode>
                <scale>1</scale>
                <heading>0</heading>
                <Icon id="1909">
                    <href>icons/green16.png</href>
                </Icon>
            </IconStyle>
            <LabelStyle id="1907">
                <colorMode>normal</colorMode>
                <scale>1</scale>
            </LabelStyle>
        </Style>
        <Style id="1912">
            <IconStyle id="1914">
                <colorMode>normal</colorMode>
                <scale>1</scale>
                <heading>0</heading>
                <Icon id="1915">
                    <href>icons/green16.png</href>
                </Icon>
            </IconStyle>
            <LabelStyle id="1913">
                <colorMode>normal</colorMode>
                <scale>1</scale>
            </LabelStyle>
        </Style>
        <Style id="1918">
            <IconStyle id="1920">
                <colorMode>normal</colorMode>
                <scale>1</scale>
                <heading>0</heading>
                <Icon id="1921">
                    <href>icons/green16.png</href>
                </Icon>
            </IconStyle>
            <LabelStyle id="1919">
                <colorMode>normal</colorMode>
                <scale>1</scale>
            </LabelStyle>
        </Style>
        <Style id="1924">
            <IconStyle id="1926">
                <colorMode>normal</colorMode>
                <scale>1</scale>
                <heading>0</heading>
                <Icon id="1927">
                    <href>icons/green16.png</href>
                </Icon>
            </IconStyle>
            <LabelStyle id="1925">
                <colorMode>normal</colorMode>
                <scale>1</scale>
            </LabelStyle>
        </Style>
        <Style id="1930">
            <IconStyle id="1932">
                <colorMode>normal</colorMode>
                <scale>1</scale>
                <heading>0</heading>
                <Icon id="1933">
                    <href>icons/green16.png</href>
                </Icon>
            </IconStyle>
            <LabelStyle id="1931">
                <colorMode>normal</colorMode>
                <scale>1</scale>
            </LabelStyle>
        </Style>
        <Style id="1936">
            <IconStyle id="1938">
                <colorMode>normal</colorMode>
                <scale>1</scale>
                <heading>0</heading>
                <Icon id="1939">
                    <href>icons/green16.png</href>
                </Icon>
            </IconStyle>
            <LabelStyle id="1937">
                <colorMode>normal</colorMode>
                <scale>1</scale>
            </LabelStyle>
        </Style>
        <Style id="1942">
            <IconStyle id="1944">
                <colorMode>normal</colorMode>
                <scale>1</scale>
                <heading>0</heading>
                <Icon id="1945">
                    <href>icons/green16.png</href>
                </Icon>
            </IconStyle>
            <LabelStyle id="1943">
                <colorMode>normal</colorMode>
                <scale>1</scale>
            </LabelStyle>
        </Style>
        <Style id="1948">
            <IconStyle id="1950">
                <colorMode>normal</colorMode>
                <scale>1</scale>
                <heading>0</heading>
                <Icon id="1951">
                    <href>icons/green16.png</href>
                </Icon>
            </IconStyle>
            <LabelStyle id="1949">
                <colorMode>normal</colorMode>
                <scale>1</scale>
            </LabelStyle>
        </Style>
        <Style id="1954">
            <IconStyle id="1956">
                <colorMode>normal</colorMode>
                <scale>1</scale>
                <heading>0</heading>
                <Icon id="1957">
                    <href>icons/green16.png</href>
                </Icon>
            </IconStyle>
            <LabelStyle id="1955">
                <colorMode>normal</colorMode>
                <scale>1</scale>
            </LabelStyle>
        </Style>
        <Style id="1960">
            <IconStyle id="1962">
                <colorMode>normal</colorMode>
                <scale>1</scale>
                <heading>0</heading>
                <Icon id="1963">
                    <href>icons/green16.png</href>
                </Icon>
            </IconStyle>
            <LabelStyle id="1961">
                <colorMode>normal</colorMode>
                <scale>1</scale>
            </LabelStyle>
        </Style>
        <Style id="1966">
            <IconStyle id="1968">
                <colorMode>normal</colorMode>
                <scale>1</scale>
                <heading>0</heading>
                <Icon id="1969">
                    <href>icons/green16.png</href>
                </Icon>
            </IconStyle>
            <LabelStyle id="1967">
                <colorMode>normal</colorMode>
                <scale>1</scale>
            </LabelStyle>
        </Style>
        <Style id="1972">
            <IconStyle id="1974">
                <colorMode>normal</colorMode>
                <scale>1</scale>
                <heading>0</heading>
                <Icon id="1975">
                    <href>icons/green16.png</href>
                </Icon>
            </IconStyle>
            <LabelStyle id="1973">
                <colorMode>normal</colorMode>
                <scale>1</scale>
            </LabelStyle>
        </Style>
        <Style id="1978">
            <IconStyle id="1980">
                <colorMode>normal</colorMode>
                <scale>1</scale>
                <heading>0</heading>
                <Icon id="1981">
                    <href>icons/green16.png</href>
                </Icon>
            </IconStyle>
            <LabelStyle id="1979">
                <colorMode>normal</colorMode>
                <scale>1</scale>
            </LabelStyle>
        </Style>
        <Style id="1984">
            <IconStyle id="1986">
                <colorMode>normal</colorMode>
                <scale>1</scale>
                <heading>0</heading>
                <Icon id="1987">
                    <href>icons/green16.png</href>
                </Icon>
            </IconStyle>
            <LabelStyle id="1985">
                <colorMode>normal</colorMode>
                <scale>1</scale>
            </LabelStyle>
        </Style>
        <Style id="1990">
            <IconStyle id="1992">
                <colorMode>normal</colorMode>
                <scale>1</scale>
                <heading>0</heading>
                <Icon id="1993">
                    <href>icons/green16.png</href>
                </Icon>
            </IconStyle>
            <LabelStyle id="1991">
                <colorMode>normal</colorMode>
                <scale>1</scale>
            </LabelStyle>
        </Style>
        <Style id="1996">
            <IconStyle id="1998">
                <colorMode>normal</colorMode>
                <scale>1</scale>
                <heading>0</heading>
                <Icon id="1999">
                    <href>icons/green16.png</href>
                </Icon>
            </IconStyle>
            <LabelStyle id="1997">
                <colorMode>normal</colorMode>
                <scale>1</scale>
            </LabelStyle>
        </Style>
        <Style id="2002">
            <IconStyle id="2004">
                <colorMode>normal</colorMode>
                <scale>1</scale>
                <heading>0</heading>
                <Icon id="2005">
                    <href>icons/green16.png</href>
                </Icon>
            </IconStyle>
            <LabelStyle id="2003">
                <colorMode>normal</colorMode>
                <scale>1</scale>
            </LabelStyle>
        </Style>
        <Style id="2008">
            <IconStyle id="2010">
                <colorMode>normal</colorMode>
                <scale>1</scale>
                <heading>0</heading>
                <Icon id="2011">
                    <href>icons/green16.png</href>
                </Icon>
            </IconStyle>
            <LabelStyle id="2009">
                <colorMode>normal</colorMode>
                <scale>1</scale>
            </LabelStyle>
        </Style>
        <Style id="2014">
            <IconStyle id="2016">
                <colorMode>normal</colorMode>
                <scale>1</scale>
                <heading>0</heading>
                <Icon id="2017">
                    <href>icons/green16.png</href>
                </Icon>
            </IconStyle>
            <LabelStyle id="2015">
                <colorMode>normal</colorMode>
                <scale>1</scale>
            </LabelStyle>
        </Style>
        <Style id="2020">
            <IconStyle id="2022">
                <colorMode>normal</colorMode>
                <scale>1</scale>
                <heading>0</heading>
                <Icon id="2023">
                    <href>icons/green16.png</href>
                </Icon>
            </IconStyle>
            <LabelStyle id="2021">
                <colorMode>normal</colorMode>
                <scale>1</scale>
            </LabelStyle>
        </Style>
        <Style id="2026">
            <IconStyle id="2028">
                <colorMode>normal</colorMode>
                <scale>1</scale>
                <heading>0</heading>
                <Icon id="2029">
                    <href>icons/green16.png</href>
                </Icon>
            </IconStyle>
            <LabelStyle id="2027">
                <colorMode>normal</colorMode>
                <scale>1</scale>
            </LabelStyle>
        </Style>
        <Style id="2032">
            <IconStyle id="2034">
                <colorMode>normal</colorMode>
                <scale>1</scale>
                <heading>0</heading>
                <Icon id="2035">
                    <href>icons/green16.png</href>
                </Icon>
            </IconStyle>
            <LabelStyle id="2033">
                <colorMode>normal</colorMode>
                <scale>1</scale>
            </LabelStyle>
        </Style>
        <Style id="2038">
            <IconStyle id="2040">
                <colorMode>normal</colorMode>
                <scale>1</scale>
                <heading>0</heading>
                <Icon id="2041">
                    <href>icons/green16.png</href>
                </Icon>
            </IconStyle>
            <LabelStyle id="2039">
                <colorMode>normal</colorMode>
                <scale>1</scale>
            </LabelStyle>
        </Style>
        <Style id="2044">
            <IconStyle id="2046">
                <colorMode>normal</colorMode>
                <scale>1</scale>
                <heading>0</heading>
                <Icon id="2047">
                    <href>icons/green16.png</href>
                </Icon>
            </IconStyle>
            <LabelStyle id="2045">
                <colorMode>normal</colorMode>
                <scale>1</scale>
            </LabelStyle>
        </Style>
        <Style id="2050">
            <IconStyle id="2052">
                <colorMode>normal</colorMode>
                <scale>1</scale>
                <heading>0</heading>
                <Icon id="2053">
                    <href>icons/green16.png</href>
                </Icon>
            </IconStyle>
            <LabelStyle id="2051">
                <colorMode>normal</colorMode>
                <scale>1</scale>
            </LabelStyle>
        </Style>
        <Style id="2056">
            <IconStyle id="2058">
                <colorMode>normal</colorMode>
                <scale>1</scale>
                <heading>0</heading>
                <Icon id="2059">
                    <href>icons/green16.png</href>
                </Icon>
            </IconStyle>
            <LabelStyle id="2057">
                <colorMode>normal</colorMode>
                <scale>1</scale>
            </LabelStyle>
        </Style>
        <Style id="2062">
            <IconStyle id="2064">
                <colorMode>normal</colorMode>
                <scale>1</scale>
                <heading>0</heading>
                <Icon id="2065">
                    <href>icons/green16.png</href>
                </Icon>
            </IconStyle>
            <LabelStyle id="2063">
                <colorMode>normal</colorMode>
                <scale>1</scale>
            </LabelStyle>
        </Style>
        <Style id="2068">
            <IconStyle id="2070">
                <colorMode>normal</colorMode>
                <scale>1</scale>
                <heading>0</heading>
                <Icon id="2071">
                    <href>icons/green16.png</href>
                </Icon>
            </IconStyle>
            <LabelStyle id="2069">
                <colorMode>normal</colorMode>
                <scale>1</scale>
            </LabelStyle>
        </Style>
        <Style id="2074">
            <IconStyle id="2076">
                <colorMode>normal</colorMode>
                <scale>1</scale>
                <heading>0</heading>
                <Icon id="2077">
                    <href>icons/green16.png</href>
                </Icon>
            </IconStyle>
            <LabelStyle id="2075">
                <colorMode>normal</colorMode>
                <scale>1</scale>
            </LabelStyle>
        </Style>
        <Style id="2080">
            <IconStyle id="2082">
                <colorMode>normal</colorMode>
                <scale>1</scale>
                <heading>0</heading>
                <Icon id="2083">
                    <href>icons/green16.png</href>
                </Icon>
            </IconStyle>
            <LabelStyle id="2081">
                <colorMode>normal</colorMode>
                <scale>1</scale>
            </LabelStyle>
        </Style>
        <Style id="2086">
            <IconStyle id="2088">
                <colorMode>normal</colorMode>
                <scale>1</scale>
                <heading>0</heading>
                <Icon id="2089">
                    <href>icons/green16.png</href>
                </Icon>
            </IconStyle>
            <LabelStyle id="2087">
                <colorMode>normal</colorMode>
                <scale>1</scale>
            </LabelStyle>
        </Style>
        <Style id="2092">
            <IconStyle id="2094">
                <colorMode>normal</colorMode>
                <scale>1</scale>
                <heading>0</heading>
                <Icon id="2095">
                    <href>icons/green16.png</href>
                </Icon>
            </IconStyle>
            <LabelStyle id="2093">
                <colorMode>normal</colorMode>
                <scale>1</scale>
            </LabelStyle>
        </Style>
        <Style id="2098">
            <IconStyle id="2100">
                <colorMode>normal</colorMode>
                <scale>1</scale>
                <heading>0</heading>
                <Icon id="2101">
                    <href>icons/green16.png</href>
                </Icon>
            </IconStyle>
            <LabelStyle id="2099">
                <colorMode>normal</colorMode>
                <scale>1</scale>
            </LabelStyle>
        </Style>
        <Style id="2104">
            <IconStyle id="2106">
                <colorMode>normal</colorMode>
                <scale>1</scale>
                <heading>0</heading>
                <Icon id="2107">
                    <href>icons/green16.png</href>
                </Icon>
            </IconStyle>
            <LabelStyle id="2105">
                <colorMode>normal</colorMode>
                <scale>1</scale>
            </LabelStyle>
        </Style>
        <Style id="2110">
            <IconStyle id="2112">
                <colorMode>normal</colorMode>
                <scale>1</scale>
                <heading>0</heading>
                <Icon id="2113">
                    <href>icons/green16.png</href>
                </Icon>
            </IconStyle>
            <LabelStyle id="2111">
                <colorMode>normal</colorMode>
                <scale>1</scale>
            </LabelStyle>
        </Style>
        <Style id="2116">
            <IconStyle id="2118">
                <colorMode>normal</colorMode>
                <scale>1</scale>
                <heading>0</heading>
                <Icon id="2119">
                    <href>icons/green16.png</href>
                </Icon>
            </IconStyle>
            <LabelStyle id="2117">
                <colorMode>normal</colorMode>
                <scale>1</scale>
            </LabelStyle>
        </Style>
        <Style id="2122">
            <IconStyle id="2124">
                <colorMode>normal</colorMode>
                <scale>1</scale>
                <heading>0</heading>
                <Icon id="2125">
                    <href>icons/green16.png</href>
                </Icon>
            </IconStyle>
            <LabelStyle id="2123">
                <colorMode>normal</colorMode>
                <scale>1</scale>
            </LabelStyle>
        </Style>
        <Style id="2128">
            <IconStyle id="2130">
                <colorMode>normal</colorMode>
                <scale>1</scale>
                <heading>0</heading>
                <Icon id="2131">
                    <href>icons/green16.png</href>
                </Icon>
            </IconStyle>
            <LabelStyle id="2129">
                <colorMode>normal</colorMode>
                <scale>1</scale>
            </LabelStyle>
        </Style>
        <Style id="2134">
            <IconStyle id="2136">
                <colorMode>normal</colorMode>
                <scale>1</scale>
                <heading>0</heading>
                <Icon id="2137">
                    <href>icons/green16.png</href>
                </Icon>
            </IconStyle>
            <LabelStyle id="2135">
                <colorMode>normal</colorMode>
                <scale>1</scale>
            </LabelStyle>
        </Style>
        <Style id="2140">
            <IconStyle id="2142">
                <colorMode>normal</colorMode>
                <scale>1</scale>
                <heading>0</heading>
                <Icon id="2143">
                    <href>icons/green16.png</href>
                </Icon>
            </IconStyle>
            <LabelStyle id="2141">
                <colorMode>normal</colorMode>
                <scale>1</scale>
            </LabelStyle>
        </Style>
        <Style id="2146">
            <IconStyle id="2148">
                <colorMode>normal</colorMode>
                <scale>1</scale>
                <heading>0</heading>
                <Icon id="2149">
                    <href>icons/green16.png</href>
                </Icon>
            </IconStyle>
            <LabelStyle id="2147">
                <colorMode>normal</colorMode>
                <scale>1</scale>
            </LabelStyle>
        </Style>
        <Style id="2152">
            <IconStyle id="2154">
                <colorMode>normal</colorMode>
                <scale>1</scale>
                <heading>0</heading>
                <Icon id="2155">
                    <href>icons/green16.png</href>
                </Icon>
            </IconStyle>
            <LabelStyle id="2153">
                <colorMode>normal</colorMode>
                <scale>1</scale>
            </LabelStyle>
        </Style>
        <Style id="2158">
            <IconStyle id="2160">
                <colorMode>normal</colorMode>
                <scale>1</scale>
                <heading>0</heading>
                <Icon id="2161">
                    <href>icons/green16.png</href>
                </Icon>
            </IconStyle>
            <LabelStyle id="2159">
                <colorMode>normal</colorMode>
                <scale>1</scale>
            </LabelStyle>
        </Style>
        <Style id="2164">
            <IconStyle id="2166">
                <colorMode>normal</colorMode>
                <scale>1</scale>
                <heading>0</heading>
                <Icon id="2167">
                    <href>icons/green16.png</href>
                </Icon>
            </IconStyle>
            <LabelStyle id="2165">
                <colorMode>normal</colorMode>
                <scale>1</scale>
            </LabelStyle>
        </Style>
        <Style id="2170">
            <IconStyle id="2172">
                <colorMode>normal</colorMode>
                <scale>1</scale>
                <heading>0</heading>
                <Icon id="2173">
                    <href>icons/green16.png</href>
                </Icon>
            </IconStyle>
            <LabelStyle id="2171">
                <colorMode>normal</colorMode>
                <scale>1</scale>
            </LabelStyle>
        </Style>
        <Style id="2176">
            <IconStyle id="2178">
                <colorMode>normal</colorMode>
                <scale>1</scale>
                <heading>0</heading>
                <Icon id="2179">
                    <href>icons/green16.png</href>
                </Icon>
            </IconStyle>
            <LabelStyle id="2177">
                <colorMode>normal</colorMode>
                <scale>1</scale>
            </LabelStyle>
        </Style>
        <Style id="2182">
            <IconStyle id="2184">
                <colorMode>normal</colorMode>
                <scale>1</scale>
                <heading>0</heading>
                <Icon id="2185">
                    <href>icons/green16.png</href>
                </Icon>
            </IconStyle>
            <LabelStyle id="2183">
                <colorMode>normal</colorMode>
                <scale>1</scale>
            </LabelStyle>
        </Style>
        <Style id="2188">
            <IconStyle id="2190">
                <colorMode>normal</colorMode>
                <scale>1</scale>
                <heading>0</heading>
                <Icon id="2191">
                    <href>icons/green16.png</href>
                </Icon>
            </IconStyle>
            <LabelStyle id="2189">
                <colorMode>normal</colorMode>
                <scale>1</scale>
            </LabelStyle>
        </Style>
        <Style id="2194">
            <IconStyle id="2196">
                <colorMode>normal</colorMode>
                <scale>1</scale>
                <heading>0</heading>
                <Icon id="2197">
                    <href>icons/green16.png</href>
                </Icon>
            </IconStyle>
            <LabelStyle id="2195">
                <colorMode>normal</colorMode>
                <scale>1</scale>
            </LabelStyle>
        </Style>
        <Style id="2200">
            <IconStyle id="2202">
                <colorMode>normal</colorMode>
                <scale>1</scale>
                <heading>0</heading>
                <Icon id="2203">
                    <href>icons/green16.png</href>
                </Icon>
            </IconStyle>
            <LabelStyle id="2201">
                <colorMode>normal</colorMode>
                <scale>1</scale>
            </LabelStyle>
        </Style>
        <Style id="2206">
            <IconStyle id="2208">
                <colorMode>normal</colorMode>
                <scale>1</scale>
                <heading>0</heading>
                <Icon id="2209">
                    <href>icons/green16.png</href>
                </Icon>
            </IconStyle>
            <LabelStyle id="2207">
                <colorMode>normal</colorMode>
                <scale>1</scale>
            </LabelStyle>
        </Style>
        <Style id="2212">
            <IconStyle id="2214">
                <colorMode>normal</colorMode>
                <scale>1</scale>
                <heading>0</heading>
                <Icon id="2215">
                    <href>icons/green16.png</href>
                </Icon>
            </IconStyle>
            <LabelStyle id="2213">
                <colorMode>normal</colorMode>
                <scale>1</scale>
            </LabelStyle>
        </Style>
        <Style id="2218">
            <IconStyle id="2220">
                <colorMode>normal</colorMode>
                <scale>1</scale>
                <heading>0</heading>
                <Icon id="2221">
                    <href>icons/green16.png</href>
                </Icon>
            </IconStyle>
            <LabelStyle id="2219">
                <colorMode>normal</colorMode>
                <scale>1</scale>
            </LabelStyle>
        </Style>
        <Style id="2224">
            <IconStyle id="2226">
                <colorMode>normal</colorMode>
                <scale>1</scale>
                <heading>0</heading>
                <Icon id="2227">
                    <href>icons/green16.png</href>
                </Icon>
            </IconStyle>
            <LabelStyle id="2225">
                <colorMode>normal</colorMode>
                <scale>1</scale>
            </LabelStyle>
        </Style>
        <Style id="2230">
            <IconStyle id="2232">
                <colorMode>normal</colorMode>
                <scale>1</scale>
                <heading>0</heading>
                <Icon id="2233">
                    <href>icons/green16.png</href>
                </Icon>
            </IconStyle>
            <LabelStyle id="2231">
                <colorMode>normal</colorMode>
                <scale>1</scale>
            </LabelStyle>
        </Style>
        <Style id="2236">
            <IconStyle id="2238">
                <colorMode>normal</colorMode>
                <scale>1</scale>
                <heading>0</heading>
                <Icon id="2239">
                    <href>icons/green16.png</href>
                </Icon>
            </IconStyle>
            <LabelStyle id="2237">
                <colorMode>normal</colorMode>
                <scale>1</scale>
            </LabelStyle>
        </Style>
        <Style id="2242">
            <IconStyle id="2244">
                <colorMode>normal</colorMode>
                <scale>1</scale>
                <heading>0</heading>
                <Icon id="2245">
                    <href>icons/green16.png</href>
                </Icon>
            </IconStyle>
            <LabelStyle id="2243">
                <colorMode>normal</colorMode>
                <scale>1</scale>
            </LabelStyle>
        </Style>
        <Style id="2248">
            <IconStyle id="2250">
                <colorMode>normal</colorMode>
                <scale>1</scale>
                <heading>0</heading>
                <Icon id="2251">
                    <href>icons/green16.png</href>
                </Icon>
            </IconStyle>
            <LabelStyle id="2249">
                <colorMode>normal</colorMode>
                <scale>1</scale>
            </LabelStyle>
        </Style>
        <Style id="2254">
            <IconStyle id="2256">
                <colorMode>normal</colorMode>
                <scale>1</scale>
                <heading>0</heading>
                <Icon id="2257">
                    <href>icons/green16.png</href>
                </Icon>
            </IconStyle>
            <LabelStyle id="2255">
                <colorMode>normal</colorMode>
                <scale>1</scale>
            </LabelStyle>
        </Style>
        <Style id="2260">
            <IconStyle id="2262">
                <colorMode>normal</colorMode>
                <scale>1</scale>
                <heading>0</heading>
                <Icon id="2263">
                    <href>icons/green16.png</href>
                </Icon>
            </IconStyle>
            <LabelStyle id="2261">
                <colorMode>normal</colorMode>
                <scale>1</scale>
            </LabelStyle>
        </Style>
        <Style id="2266">
            <IconStyle id="2268">
                <colorMode>normal</colorMode>
                <scale>1</scale>
                <heading>0</heading>
                <Icon id="2269">
                    <href>icons/green16.png</href>
                </Icon>
            </IconStyle>
            <LabelStyle id="2267">
                <colorMode>normal</colorMode>
                <scale>1</scale>
            </LabelStyle>
        </Style>
        <Style id="2272">
            <IconStyle id="2274">
                <colorMode>normal</colorMode>
                <scale>1</scale>
                <heading>0</heading>
                <Icon id="2275">
                    <href>icons/green16.png</href>
                </Icon>
            </IconStyle>
            <LabelStyle id="2273">
                <colorMode>normal</colorMode>
                <scale>1</scale>
            </LabelStyle>
        </Style>
        <Style id="2278">
            <IconStyle id="2280">
                <colorMode>normal</colorMode>
                <scale>1</scale>
                <heading>0</heading>
                <Icon id="2281">
                    <href>icons/green16.png</href>
                </Icon>
            </IconStyle>
            <LabelStyle id="2279">
                <colorMode>normal</colorMode>
                <scale>1</scale>
            </LabelStyle>
        </Style>
        <Style id="2284">
            <IconStyle id="2286">
                <colorMode>normal</colorMode>
                <scale>1</scale>
                <heading>0</heading>
                <Icon id="2287">
                    <href>icons/green16.png</href>
                </Icon>
            </IconStyle>
            <LabelStyle id="2285">
                <colorMode>normal</colorMode>
                <scale>1</scale>
            </LabelStyle>
        </Style>
        <Style id="2290">
            <IconStyle id="2292">
                <colorMode>normal</colorMode>
                <scale>1</scale>
                <heading>0</heading>
                <Icon id="2293">
                    <href>icons/green16.png</href>
                </Icon>
            </IconStyle>
            <LabelStyle id="2291">
                <colorMode>normal</colorMode>
                <scale>1</scale>
            </LabelStyle>
        </Style>
        <Style id="2296">
            <IconStyle id="2298">
                <colorMode>normal</colorMode>
                <scale>1</scale>
                <heading>0</heading>
                <Icon id="2299">
                    <href>icons/green16.png</href>
                </Icon>
            </IconStyle>
            <LabelStyle id="2297">
                <colorMode>normal</colorMode>
                <scale>1</scale>
            </LabelStyle>
        </Style>
        <Style id="2302">
            <IconStyle id="2304">
                <colorMode>normal</colorMode>
                <scale>1</scale>
                <heading>0</heading>
                <Icon id="2305">
                    <href>icons/green16.png</href>
                </Icon>
            </IconStyle>
            <LabelStyle id="2303">
                <colorMode>normal</colorMode>
                <scale>1</scale>
            </LabelStyle>
        </Style>
        <Style id="2308">
            <IconStyle id="2310">
                <colorMode>normal</colorMode>
                <scale>1</scale>
                <heading>0</heading>
                <Icon id="2311">
                    <href>icons/green16.png</href>
                </Icon>
            </IconStyle>
            <LabelStyle id="2309">
                <colorMode>normal</colorMode>
                <scale>1</scale>
            </LabelStyle>
        </Style>
        <Style id="2314">
            <IconStyle id="2316">
                <colorMode>normal</colorMode>
                <scale>1</scale>
                <heading>0</heading>
                <Icon id="2317">
                    <href>icons/green16.png</href>
                </Icon>
            </IconStyle>
            <LabelStyle id="2315">
                <colorMode>normal</colorMode>
                <scale>1</scale>
            </LabelStyle>
        </Style>
        <Style id="2320">
            <IconStyle id="2322">
                <colorMode>normal</colorMode>
                <scale>1</scale>
                <heading>0</heading>
                <Icon id="2323">
                    <href>icons/green16.png</href>
                </Icon>
            </IconStyle>
            <LabelStyle id="2321">
                <colorMode>normal</colorMode>
                <scale>1</scale>
            </LabelStyle>
        </Style>
        <Style id="2326">
            <IconStyle id="2328">
                <colorMode>normal</colorMode>
                <scale>1</scale>
                <heading>0</heading>
                <Icon id="2329">
                    <href>icons/green16.png</href>
                </Icon>
            </IconStyle>
            <LabelStyle id="2327">
                <colorMode>normal</colorMode>
                <scale>1</scale>
            </LabelStyle>
        </Style>
        <Style id="2332">
            <IconStyle id="2334">
                <colorMode>normal</colorMode>
                <scale>1</scale>
                <heading>0</heading>
                <Icon id="2335">
                    <href>icons/green16.png</href>
                </Icon>
            </IconStyle>
            <LabelStyle id="2333">
                <colorMode>normal</colorMode>
                <scale>1</scale>
            </LabelStyle>
        </Style>
        <Style id="2338">
            <IconStyle id="2340">
                <colorMode>normal</colorMode>
                <scale>1</scale>
                <heading>0</heading>
                <Icon id="2341">
                    <href>icons/green16.png</href>
                </Icon>
            </IconStyle>
            <LabelStyle id="2339">
                <colorMode>normal</colorMode>
                <scale>1</scale>
            </LabelStyle>
        </Style>
        <Style id="2344">
            <IconStyle id="2346">
                <colorMode>normal</colorMode>
                <scale>1</scale>
                <heading>0</heading>
                <Icon id="2347">
                    <href>icons/green16.png</href>
                </Icon>
            </IconStyle>
            <LabelStyle id="2345">
                <colorMode>normal</colorMode>
                <scale>1</scale>
            </LabelStyle>
        </Style>
        <Placemark id="3">
            <styleUrl>#4</styleUrl>
            <Point id="2">
                <coordinates>120.270032062,31.495816456000007,51.52309999987483</coordinates>
                <altitudeMode>clampToGround</altitudeMode>
            </Point>
        </Placemark>
        <Placemark id="9">
            <styleUrl>#10</styleUrl>
            <Point id="8">
                <coordinates>120.27004153000001,31.495815958,51.18670000042766</coordinates>
                <altitudeMode>clampToGround</altitudeMode>
            </Point>
        </Placemark>
        <Placemark id="15">
            <styleUrl>#16</styleUrl>
            <Point id="14">
                <coordinates>120.270027674,31.495814174000003,52.14030000008643</coordinates>
                <altitudeMode>clampToGround</altitudeMode>
            </Point>
        </Placemark>
        <Placemark id="21">
            <styleUrl>#22</styleUrl>
            <Point id="20">
                <coordinates>120.270039621,31.495816224999995,50.98899999912828</coordinates>
                <altitudeMode>clampToGround</altitudeMode>
            </Point>
        </Placemark>
        <Placemark id="27">
            <styleUrl>#28</styleUrl>
            <Point id="26">
                <coordinates>120.27003304500002,31.495813714,52.80049999896437</coordinates>
                <altitudeMode>clampToGround</altitudeMode>
            </Point>
        </Placemark>
        <Placemark id="33">
            <styleUrl>#34</styleUrl>
            <Point id="32">
                <coordinates>120.26969644509774,31.4958065986105,55.83977048750967</coordinates>
                <altitudeMode>clampToGround</altitudeMode>
            </Point>
        </Placemark>
        <Placemark id="39">
            <styleUrl>#40</styleUrl>
            <Point id="38">
                <coordinates>120.270014952,31.495806627999993,55.717699999921024</coordinates>
                <altitudeMode>clampToGround</altitudeMode>
            </Point>
        </Placemark>
        <Placemark id="45">
            <styleUrl>#46</styleUrl>
            <Point id="44">
                <coordinates>120.27002821500001,31.495808143000012,55.42960000038147</coordinates>
                <altitudeMode>clampToGround</altitudeMode>
            </Point>
        </Placemark>
        <Placemark id="51">
            <styleUrl>#52</styleUrl>
            <Point id="50">
                <coordinates>120.27003251600001,31.495807185999993,55.941800001077354</coordinates>
                <altitudeMode>clampToGround</altitudeMode>
            </Point>
        </Placemark>
        <Placemark id="57">
            <styleUrl>#58</styleUrl>
            <Point id="56">
                <coordinates>120.270023146,31.495806653000006,57.0148999998346</coordinates>
                <altitudeMode>clampToGround</altitudeMode>
            </Point>
        </Placemark>
        <Placemark id="63">
            <styleUrl>#64</styleUrl>
            <Point id="62">
                <coordinates>120.26969663224465,31.495802884610487,58.557770487852395</coordinates>
                <altitudeMode>clampToGround</altitudeMode>
            </Point>
        </Placemark>
        <Placemark id="69">
            <styleUrl>#70</styleUrl>
            <Point id="68">
                <coordinates>120.26968606431757,31.495798831610493,59.75697048846632</coordinates>
                <altitudeMode>clampToGround</altitudeMode>
            </Point>
        </Placemark>
        <Placemark id="75">
            <styleUrl>#76</styleUrl>
            <Point id="74">
                <coordinates>120.26969665128227,31.49579944961049,59.08517048880458</coordinates>
                <altitudeMode>clampToGround</altitudeMode>
            </Point>
        </Placemark>
        <Placemark id="81">
            <styleUrl>#82</styleUrl>
            <Point id="80">
                <coordinates>120.27001569999999,31.495799996999995,58.58469999860972</coordinates>
                <altitudeMode>clampToGround</altitudeMode>
            </Point>
        </Placemark>
        <Placemark id="87">
            <styleUrl>#88</styleUrl>
            <Point id="86">
                <coordinates>120.270030644,31.495804825,57.41129999887198</coordinates>
                <altitudeMode>clampToGround</altitudeMode>
            </Point>
        </Placemark>
        <Placemark id="93">
            <styleUrl>#94</styleUrl>
            <Point id="92">
                <coordinates>120.26969697026105,31.4958043966105,58.99217048753053</coordinates>
                <altitudeMode>clampToGround</altitudeMode>
            </Point>
        </Placemark>
        <Placemark id="99">
            <styleUrl>#100</styleUrl>
            <Point id="98">
                <coordinates>120.270015484,31.495804740999997,59.26930000074208</coordinates>
                <altitudeMode>clampToGround</altitudeMode>
            </Point>
        </Placemark>
        <Placemark id="105">
            <styleUrl>#106</styleUrl>
            <Point id="104">
                <coordinates>120.270020168,31.49580566699999,58.547600001096725</coordinates>
                <altitudeMode>clampToGround</altitudeMode>
            </Point>
        </Placemark>
        <Placemark id="111">
            <styleUrl>#112</styleUrl>
            <Point id="110">
                <coordinates>120.270018797,31.495806096999996,58.28459999989718</coordinates>
                <altitudeMode>clampToGround</altitudeMode>
            </Point>
        </Placemark>
        <Placemark id="117">
            <styleUrl>#118</styleUrl>
            <Point id="116">
                <coordinates>120.270030404,31.49580846299999,56.32560000009835</coordinates>
                <altitudeMode>clampToGround</altitudeMode>
            </Point>
        </Placemark>
        <Placemark id="123">
            <styleUrl>#124</styleUrl>
            <Point id="122">
                <coordinates>120.270043398,31.495811884999995,53.855299999937415</coordinates>
                <altitudeMode>clampToGround</altitudeMode>
            </Point>
        </Placemark>
        <Placemark id="129">
            <styleUrl>#130</styleUrl>
            <Point id="128">
                <coordinates>120.27002472599999,31.495804071,55.22449999768287</coordinates>
                <altitudeMode>clampToGround</altitudeMode>
            </Point>
        </Placemark>
        <Placemark id="135">
            <styleUrl>#136</styleUrl>
            <Point id="134">
                <coordinates>120.269680684012,31.49579630865664,58.80686213541776</coordinates>
                <altitudeMode>clampToGround</altitudeMode>
            </Point>
        </Placemark>
        <Placemark id="141">
            <styleUrl>#142</styleUrl>
            <Point id="140">
                <coordinates>120.26969100193223,31.49579994865665,57.336162135005</coordinates>
                <altitudeMode>clampToGround</altitudeMode>
            </Point>
        </Placemark>
        <Placemark id="147">
            <styleUrl>#148</styleUrl>
            <Point id="146">
                <coordinates>120.27002138,31.495807725000002,54.198499999940395</coordinates>
                <altitudeMode>clampToGround</altitudeMode>
            </Point>
        </Placemark>
        <Placemark id="153">
            <styleUrl>#154</styleUrl>
            <Point id="152">
                <coordinates>120.27001943200001,31.495804843,54.16739999875426</coordinates>
                <altitudeMode>clampToGround</altitudeMode>
            </Point>
        </Placemark>
        <Placemark id="159">
            <styleUrl>#160</styleUrl>
            <Point id="158">
                <coordinates>120.270018845,31.495809162999993,52.62779999990016</coordinates>
                <altitudeMode>clampToGround</altitudeMode>
            </Point>
        </Placemark>
        <Placemark id="165">
            <styleUrl>#166</styleUrl>
            <Point id="164">
                <coordinates>120.270036538,31.495816084,49.49099999945611</coordinates>
                <altitudeMode>clampToGround</altitudeMode>
            </Point>
        </Placemark>
        <Placemark id="171">
            <styleUrl>#172</styleUrl>
            <Point id="170">
                <coordinates>120.27004263300002,31.495817245,48.27419999893755</coordinates>
                <altitudeMode>clampToGround</altitudeMode>
            </Point>
        </Placemark>
        <Placemark id="177">
            <styleUrl>#178</styleUrl>
            <Point id="176">
                <coordinates>120.27005824,31.495816631000004,48.07329999934882</coordinates>
                <altitudeMode>clampToGround</altitudeMode>
            </Point>
        </Placemark>
        <Placemark id="183">
            <styleUrl>#184</styleUrl>
            <Point id="182">
                <coordinates>120.270049613,31.495812214,50.31259999983013</coordinates>
                <altitudeMode>clampToGround</altitudeMode>
            </Point>
        </Placemark>
        <Placemark id="189">
            <styleUrl>#190</styleUrl>
            <Point id="188">
                <coordinates>120.27003908600001,31.495803655000003,51.65499999932945</coordinates>
                <altitudeMode>clampToGround</altitudeMode>
            </Point>
        </Placemark>
        <Placemark id="195">
            <styleUrl>#196</styleUrl>
            <Point id="194">
                <coordinates>120.27003848,31.495802116000004,52.55229999870062</coordinates>
                <altitudeMode>clampToGround</altitudeMode>
            </Point>
        </Placemark>
        <Placemark id="201">
            <styleUrl>#202</styleUrl>
            <Point id="200">
                <coordinates>120.27005571100001,31.49580617499999,50.56629999913275</coordinates>
                <altitudeMode>clampToGround</altitudeMode>
            </Point>
        </Placemark>
        <Placemark id="207">
            <styleUrl>#208</styleUrl>
            <Point id="206">
                <coordinates>120.27005529700001,31.49580652,51.33970000036061</coordinates>
                <altitudeMode>clampToGround</altitudeMode>
            </Point>
        </Placemark>
        <Placemark id="213">
            <styleUrl>#214</styleUrl>
            <Point id="212">
                <coordinates>120.27009501300002,31.49581733100001,47.649699999019504</coordinates>
                <altitudeMode>clampToGround</altitudeMode>
            </Point>
        </Placemark>
        <Placemark id="219">
            <styleUrl>#220</styleUrl>
            <Point id="218">
                <coordinates>120.27012271200002,31.49582554,44.69759999867529</coordinates>
                <altitudeMode>clampToGround</altitudeMode>
            </Point>
        </Placemark>
        <Placemark id="225">
            <styleUrl>#226</styleUrl>
            <Point id="224">
                <coordinates>120.270113766,31.495825701,46.25529999937862</coordinates>
                <altitudeMode>clampToGround</altitudeMode>
            </Point>
        </Placemark>
        <Placemark id="231">
            <styleUrl>#232</styleUrl>
            <Point id="230">
                <coordinates>120.270125412,31.495828315000004,45.404500000178814</coordinates>
                <altitudeMode>clampToGround</altitudeMode>
            </Point>
        </Placemark>
        <Placemark id="237">
            <styleUrl>#238</styleUrl>
            <Point id="236">
                <coordinates>120.270138633,31.495828351,44.48950000014156</coordinates>
                <altitudeMode>clampToGround</altitudeMode>
            </Point>
        </Placemark>
        <Placemark id="243">
            <styleUrl>#244</styleUrl>
            <Point id="242">
                <coordinates>120.270146778,31.495831401999997,44.257999998517334</coordinates>
                <altitudeMode>clampToGround</altitudeMode>
            </Point>
        </Placemark>
        <Placemark id="249">
            <styleUrl>#250</styleUrl>
            <Point id="248">
                <coordinates>120.27015899100002,31.495842841,40.6593000004068</coordinates>
                <altitudeMode>clampToGround</altitudeMode>
            </Point>
        </Placemark>
        <Placemark id="255">
            <styleUrl>#256</styleUrl>
            <Point id="254">
                <coordinates>120.270157644,31.495844473,40.319099999032915</coordinates>
                <altitudeMode>clampToGround</altitudeMode>
            </Point>
        </Placemark>
        <Placemark id="261">
            <styleUrl>#262</styleUrl>
            <Point id="260">
                <coordinates>120.27018787200001,31.495851827000003,36.943699998781085</coordinates>
                <altitudeMode>clampToGround</altitudeMode>
            </Point>
        </Placemark>
        <Placemark id="267">
            <styleUrl>#268</styleUrl>
            <Point id="266">
                <coordinates>120.270202705,31.495853382,35.82929999846965</coordinates>
                <altitudeMode>clampToGround</altitudeMode>
            </Point>
        </Placemark>
        <Placemark id="273">
            <styleUrl>#274</styleUrl>
            <Point id="272">
                <coordinates>120.27020881700001,31.495856836,34.49739999976009</coordinates>
                <altitudeMode>clampToGround</altitudeMode>
            </Point>
        </Placemark>
        <Placemark id="279">
            <styleUrl>#280</styleUrl>
            <Point id="278">
                <coordinates>120.270187985,31.495848612000003,37.08770000003278</coordinates>
                <altitudeMode>clampToGround</altitudeMode>
            </Point>
        </Placemark>
        <Placemark id="285">
            <styleUrl>#286</styleUrl>
            <Point id="284">
                <coordinates>120.27018800900001,31.49585408200001,35.399400000460446</coordinates>
                <altitudeMode>clampToGround</altitudeMode>
            </Point>
        </Placemark>
        <Placemark id="291">
            <styleUrl>#292</styleUrl>
            <Point id="290">
                <coordinates>120.270183649,31.495864401999995,30.19179999921471</coordinates>
                <altitudeMode>clampToGround</altitudeMode>
            </Point>
        </Placemark>
        <Placemark id="297">
            <styleUrl>#298</styleUrl>
            <Point id="296">
                <coordinates>120.270082249,31.495866382000006,26.081100000999868</coordinates>
                <altitudeMode>clampToGround</altitudeMode>
            </Point>
        </Placemark>
        <Placemark id="303">
            <styleUrl>#304</styleUrl>
            <Point id="302">
                <coordinates>120.27006332800002,31.495885673000004,20.52019999921322</coordinates>
                <altitudeMode>clampToGround</altitudeMode>
            </Point>
        </Placemark>
        <Placemark id="309">
            <styleUrl>#310</styleUrl>
            <Point id="308">
                <coordinates>120.270022911,31.49590145100001,16.725700000301003</coordinates>
                <altitudeMode>clampToGround</altitudeMode>
            </Point>
        </Placemark>
        <Placemark id="315">
            <styleUrl>#316</styleUrl>
            <Point id="314">
                <coordinates>120.26968453693587,31.495901367610482,18.57067048829049</coordinates>
                <altitudeMode>clampToGround</altitudeMode>
            </Point>
        </Placemark>
        <Placemark id="321">
            <styleUrl>#322</styleUrl>
            <Point id="320">
                <coordinates>120.269693515697,31.49590912761048,14.268470488488674</coordinates>
                <altitudeMode>clampToGround</altitudeMode>
            </Point>
        </Placemark>
        <Placemark id="327">
            <styleUrl>#328</styleUrl>
            <Point id="326">
                <coordinates>120.270017288,31.495906339,13.734299997799098</coordinates>
                <altitudeMode>clampToGround</altitudeMode>
            </Point>
        </Placemark>
        <Placemark id="333">
            <styleUrl>#334</styleUrl>
            <Point id="332">
                <coordinates>120.27001919,31.495906994,14.890400001779199</coordinates>
                <altitudeMode>clampToGround</altitudeMode>
            </Point>
        </Placemark>
        <Placemark id="339">
            <styleUrl>#340</styleUrl>
            <Point id="338">
                <coordinates>120.27003102300002,31.49589929799999,17.07509999908507</coordinates>
                <altitudeMode>clampToGround</altitudeMode>
            </Point>
        </Placemark>
        <Placemark id="345">
            <styleUrl>#346</styleUrl>
            <Point id="344">
                <coordinates>120.26965270829128,31.495816791040063,51.72201918810606</coordinates>
                <altitudeMode>clampToGround</altitudeMode>
            </Point>
        </Placemark>
        <Placemark id="351">
            <styleUrl>#352</styleUrl>
            <Point id="350">
                <coordinates>120.269466930058,31.495838352610495,16.759270487353206</coordinates>
                <altitudeMode>clampToGround</altitudeMode>
            </Point>
        </Placemark>
        <Placemark id="357">
            <styleUrl>#358</styleUrl>
            <Point id="356">
                <coordinates>120.26946082545486,31.495856784326097,19.069864323362708</coordinates>
                <altitudeMode>clampToGround</altitudeMode>
            </Point>
        </Placemark>
        <Placemark id="363">
            <styleUrl>#364</styleUrl>
            <Point id="362">
                <coordinates>120.26968334719632,31.495826492979994,19.206103621050715</coordinates>
                <altitudeMode>clampToGround</altitudeMode>
            </Point>
        </Placemark>
        <Placemark id="369">
            <styleUrl>#370</styleUrl>
            <Point id="368">
                <coordinates>120.26968422162929,31.49582284898975,21.232501856051385</coordinates>
                <altitudeMode>clampToGround</altitudeMode>
            </Point>
        </Placemark>
        <Placemark id="375">
            <styleUrl>#376</styleUrl>
            <Point id="374">
                <coordinates>120.26968350183625,31.495575712089256,21.62556452304125</coordinates>
                <altitudeMode>clampToGround</altitudeMode>
            </Point>
        </Placemark>
        <Placemark id="381">
            <styleUrl>#382</styleUrl>
            <Point id="380">
                <coordinates>120.26967958418963,31.495831585979985,18.957603622227907</coordinates>
                <altitudeMode>clampToGround</altitudeMode>
            </Point>
        </Placemark>
        <Placemark id="387">
            <styleUrl>#388</styleUrl>
            <Point id="386">
                <coordinates>120.26965858858556,31.49583452236176,20.640105988830328</coordinates>
                <altitudeMode>clampToGround</altitudeMode>
            </Point>
        </Placemark>
        <Placemark id="393">
            <styleUrl>#394</styleUrl>
            <Point id="392">
                <coordinates>120.26968050659632,31.495934197093533,21.72531341109425</coordinates>
                <altitudeMode>clampToGround</altitudeMode>
            </Point>
        </Placemark>
        <Placemark id="399">
            <styleUrl>#400</styleUrl>
            <Point id="398">
                <coordinates>120.26967956964737,31.495867365683942,22.347404184751213</coordinates>
                <altitudeMode>clampToGround</altitudeMode>
            </Point>
        </Placemark>
        <Placemark id="405">
            <styleUrl>#406</styleUrl>
            <Point id="404">
                <coordinates>120.2694990806246,31.495884137610485,11.106970488093793</coordinates>
                <altitudeMode>clampToGround</altitudeMode>
            </Point>
        </Placemark>
        <Placemark id="411">
            <styleUrl>#412</styleUrl>
            <Point id="410">
                <coordinates>120.26965299622081,31.49583766628425,20.48080681823194</coordinates>
                <altitudeMode>clampToGround</altitudeMode>
            </Point>
        </Placemark>
        <Placemark id="417">
            <styleUrl>#418</styleUrl>
            <Point id="416">
                <coordinates>120.26967849260085,31.495807121399615,18.75380437169224</coordinates>
                <altitudeMode>clampToGround</altitudeMode>
            </Point>
        </Placemark>
        <Placemark id="423">
            <styleUrl>#424</styleUrl>
            <Point id="422">
                <coordinates>120.26945237856317,31.495740407722742,18.243769273161888</coordinates>
                <altitudeMode>clampToGround</altitudeMode>
            </Point>
        </Placemark>
        <Placemark id="429">
            <styleUrl>#430</styleUrl>
            <Point id="428">
                <coordinates>120.26964781851949,31.49577426161835,20.440709656104445</coordinates>
                <altitudeMode>clampToGround</altitudeMode>
            </Point>
        </Placemark>
        <Placemark id="435">
            <styleUrl>#436</styleUrl>
            <Point id="434">
                <coordinates>120.26937589020852,31.49578566544537,25.205755412578583</coordinates>
                <altitudeMode>clampToGround</altitudeMode>
            </Point>
        </Placemark>
        <Placemark id="441">
            <styleUrl>#442</styleUrl>
            <Point id="440">
                <coordinates>120.26938628094342,31.495716397139446,22.43955761846155</coordinates>
                <altitudeMode>clampToGround</altitudeMode>
            </Point>
        </Placemark>
        <Placemark id="447">
            <styleUrl>#448</styleUrl>
            <Point id="446">
                <coordinates>120.26938041448247,31.495740151536598,24.663852808065712</coordinates>
                <altitudeMode>clampToGround</altitudeMode>
            </Point>
        </Placemark>
        <Placemark id="453">
            <styleUrl>#454</styleUrl>
            <Point id="452">
                <coordinates>120.26938515947501,31.495739460534313,24.435152805410326</coordinates>
                <altitudeMode>clampToGround</altitudeMode>
            </Point>
        </Placemark>
        <Placemark id="459">
            <styleUrl>#460</styleUrl>
            <Point id="458">
                <coordinates>120.26937456948644,31.495741629492137,24.24916010722518</coordinates>
                <altitudeMode>clampToGround</altitudeMode>
            </Point>
        </Placemark>
        <Placemark id="465">
            <styleUrl>#466</styleUrl>
            <Point id="464">
                <coordinates>120.26955453415331,31.495779939035675,22.53070799820125</coordinates>
                <altitudeMode>clampToGround</altitudeMode>
            </Point>
        </Placemark>
        <Placemark id="471">
            <styleUrl>#472</styleUrl>
            <Point id="470">
                <coordinates>120.26956860034018,31.495810271414157,23.677005243487656</coordinates>
                <altitudeMode>clampToGround</altitudeMode>
            </Point>
        </Placemark>
        <Placemark id="477">
            <styleUrl>#478</styleUrl>
            <Point id="476">
                <coordinates>120.2695249567685,31.49584532777436,22.366814713925123</coordinates>
                <altitudeMode>clampToGround</altitudeMode>
            </Point>
        </Placemark>
        <Placemark id="483">
            <styleUrl>#484</styleUrl>
            <Point id="482">
                <coordinates>120.26960141895307,31.495834525212498,23.543603647500277</coordinates>
                <altitudeMode>clampToGround</altitudeMode>
            </Point>
        </Placemark>
        <Placemark id="489">
            <styleUrl>#490</styleUrl>
            <Point id="488">
                <coordinates>120.26957767432536,31.49582012326294,24.439004639163613</coordinates>
                <altitudeMode>clampToGround</altitudeMode>
            </Point>
        </Placemark>
        <Placemark id="495">
            <styleUrl>#496</styleUrl>
            <Point id="494">
                <coordinates>120.26943061970957,31.495778764418493,22.14864065218717</coordinates>
                <altitudeMode>clampToGround</altitudeMode>
            </Point>
        </Placemark>
        <Placemark id="501">
            <styleUrl>#502</styleUrl>
            <Point id="500">
                <coordinates>120.26943675892939,31.49577880812713,22.459438618272543</coordinates>
                <altitudeMode>clampToGround</altitudeMode>
            </Point>
        </Placemark>
        <Placemark id="507">
            <styleUrl>#508</styleUrl>
            <Point id="506">
                <coordinates>120.26937728767318,31.495730534638227,19.955667776986957</coordinates>
                <altitudeMode>clampToGround</altitudeMode>
            </Point>
        </Placemark>
        <Placemark id="513">
            <styleUrl>#514</styleUrl>
            <Point id="512">
                <coordinates>120.26952661590694,31.495829425004338,17.265320564620197</coordinates>
                <altitudeMode>clampToGround</altitudeMode>
            </Point>
        </Placemark>
        <Placemark id="519">
            <styleUrl>#520</styleUrl>
            <Point id="518">
                <coordinates>120.26949981600467,31.49566258852632,13.896154072135687</coordinates>
                <altitudeMode>clampToGround</altitudeMode>
            </Point>
        </Placemark>
        <Placemark id="525">
            <styleUrl>#526</styleUrl>
            <Point id="524">
                <coordinates>120.26947294690657,31.495823099979066,8.442442184314132</coordinates>
                <altitudeMode>clampToGround</altitudeMode>
            </Point>
        </Placemark>
        <Placemark id="531">
            <styleUrl>#532</styleUrl>
            <Point id="530">
                <coordinates>120.2694647015586,31.49595187544638,6.780768372118473</coordinates>
                <altitudeMode>clampToGround</altitudeMode>
            </Point>
        </Placemark>
        <Placemark id="537">
            <styleUrl>#538</styleUrl>
            <Point id="536">
                <coordinates>120.2694812773216,31.495869015826912,5.7949480172246695</coordinates>
                <altitudeMode>clampToGround</altitudeMode>
            </Point>
        </Placemark>
        <Placemark id="543">
            <styleUrl>#544</styleUrl>
            <Point id="542">
                <coordinates>120.2695070197697,31.495843575554023,2.1043409733101726</coordinates>
                <altitudeMode>clampToGround</altitudeMode>
            </Point>
        </Placemark>
        <Placemark id="549">
            <styleUrl>#550</styleUrl>
            <Point id="548">
                <coordinates>120.26952139802233,31.495837310110737,-0.015456349588930607</coordinates>
                <altitudeMode>clampToGround</altitudeMode>
            </Point>
        </Placemark>
        <Placemark id="555">
            <styleUrl>#556</styleUrl>
            <Point id="554">
                <coordinates>120.26951800097447,31.49587233655781,-4.561453732661903</coordinates>
                <altitudeMode>clampToGround</altitudeMode>
            </Point>
        </Placemark>
        <Placemark id="561">
            <styleUrl>#562</styleUrl>
            <Point id="560">
                <coordinates>120.26952502306193,31.495880204656544,-6.778650694526732</coordinates>
                <altitudeMode>clampToGround</altitudeMode>
            </Point>
        </Placemark>
        <Placemark id="567">
            <styleUrl>#568</styleUrl>
            <Point id="566">
                <coordinates>120.26966310465116,31.49574835945752,37.38082987815142</coordinates>
                <altitudeMode>clampToGround</altitudeMode>
            </Point>
        </Placemark>
        <Placemark id="573">
            <styleUrl>#574</styleUrl>
            <Point id="572">
                <coordinates>120.26966274995048,31.495764153828887,38.86013096384704</coordinates>
                <altitudeMode>clampToGround</altitudeMode>
            </Point>
        </Placemark>
        <Placemark id="579">
            <styleUrl>#580</styleUrl>
            <Point id="578">
                <coordinates>120.26967252338203,31.495764303860632,38.901325221173465</coordinates>
                <altitudeMode>clampToGround</altitudeMode>
            </Point>
        </Placemark>
        <Placemark id="585">
            <styleUrl>#586</styleUrl>
            <Point id="584">
                <coordinates>120.26966797764952,31.495754107691905,39.10872195661068</coordinates>
                <altitudeMode>clampToGround</altitudeMode>
            </Point>
        </Placemark>
        <Placemark id="591">
            <styleUrl>#592</styleUrl>
            <Point id="590">
                <coordinates>120.2696611180281,31.495754605685867,41.52572223637253</coordinates>
                <altitudeMode>clampToGround</altitudeMode>
            </Point>
        </Placemark>
        <Placemark id="597">
            <styleUrl>#598</styleUrl>
            <Point id="596">
                <coordinates>120.2696654360618,31.49574743368253,40.060417057946324</coordinates>
                <altitudeMode>clampToGround</altitudeMode>
            </Point>
        </Placemark>
        <Placemark id="603">
            <styleUrl>#604</styleUrl>
            <Point id="602">
                <coordinates>120.26966498178794,31.495744539245575,40.743716510012746</coordinates>
                <altitudeMode>clampToGround</altitudeMode>
            </Point>
        </Placemark>
        <Placemark id="609">
            <styleUrl>#610</styleUrl>
            <Point id="608">
                <coordinates>120.26966414196286,31.495762505577485,40.918011150322855</coordinates>
                <altitudeMode>clampToGround</altitudeMode>
            </Point>
        </Placemark>
        <Placemark id="615">
            <styleUrl>#616</styleUrl>
            <Point id="614">
                <coordinates>120.26966379103865,31.49576103293818,39.88961118645966</coordinates>
                <altitudeMode>clampToGround</altitudeMode>
            </Point>
        </Placemark>
        <Placemark id="621">
            <styleUrl>#622</styleUrl>
            <Point id="620">
                <coordinates>120.26965936960653,31.495763533511365,42.247111218981445</coordinates>
                <altitudeMode>clampToGround</altitudeMode>
            </Point>
        </Placemark>
        <Placemark id="627">
            <styleUrl>#628</styleUrl>
            <Point id="626">
                <coordinates>120.26966135387865,31.495761318274603,41.96771302446723</coordinates>
                <altitudeMode>clampToGround</altitudeMode>
            </Point>
        </Placemark>
        <Placemark id="633">
            <styleUrl>#634</styleUrl>
            <Point id="632">
                <coordinates>120.26966110241071,31.495764996017815,42.68760942015797</coordinates>
                <altitudeMode>clampToGround</altitudeMode>
            </Point>
        </Placemark>
        <Placemark id="639">
            <styleUrl>#640</styleUrl>
            <Point id="638">
                <coordinates>120.26965666161307,31.495765425369022,43.141111401841044</coordinates>
                <altitudeMode>clampToGround</altitudeMode>
            </Point>
        </Placemark>
        <Placemark id="645">
            <styleUrl>#646</styleUrl>
            <Point id="644">
                <coordinates>120.26966362272783,31.495763106153653,42.60890952311456</coordinates>
                <altitudeMode>clampToGround</altitudeMode>
            </Point>
        </Placemark>
        <Placemark id="651">
            <styleUrl>#652</styleUrl>
            <Point id="650">
                <coordinates>120.26966390791927,31.49576452579286,41.88210939243436</coordinates>
                <altitudeMode>clampToGround</altitudeMode>
            </Point>
        </Placemark>
        <Placemark id="657">
            <styleUrl>#658</styleUrl>
            <Point id="656">
                <coordinates>120.26964661884271,31.495782650378207,53.08011667896062</coordinates>
                <altitudeMode>clampToGround</altitudeMode>
            </Point>
        </Placemark>
        <Placemark id="663">
            <styleUrl>#664</styleUrl>
            <Point id="662">
                <coordinates>120.26964666693712,31.495777992501587,51.14731427188963</coordinates>
                <altitudeMode>clampToGround</altitudeMode>
            </Point>
        </Placemark>
        <Placemark id="669">
            <styleUrl>#670</styleUrl>
            <Point id="668">
                <coordinates>120.26965466569654,31.495777239316837,50.15461192280054</coordinates>
                <altitudeMode>clampToGround</altitudeMode>
            </Point>
        </Placemark>
        <Placemark id="675">
            <styleUrl>#676</styleUrl>
            <Point id="674">
                <coordinates>120.26965271520294,31.495773236253278,49.871410973370075</coordinates>
                <altitudeMode>clampToGround</altitudeMode>
            </Point>
        </Placemark>
        <Placemark id="681">
            <styleUrl>#682</styleUrl>
            <Point id="680">
                <coordinates>120.26969674006891,31.49583322788921,20.377220049500465</coordinates>
                <altitudeMode>clampToGround</altitudeMode>
            </Point>
        </Placemark>
        <Placemark id="687">
            <styleUrl>#688</styleUrl>
            <Point id="686">
                <coordinates>120.26964917240618,31.495766196540966,50.86941501032561</coordinates>
                <altitudeMode>clampToGround</altitudeMode>
            </Point>
        </Placemark>
        <Placemark id="693">
            <styleUrl>#694</styleUrl>
            <Point id="692">
                <coordinates>120.26965631189093,31.495773102359138,50.01121565885842</coordinates>
                <altitudeMode>clampToGround</altitudeMode>
            </Point>
        </Placemark>
        <Placemark id="699">
            <styleUrl>#700</styleUrl>
            <Point id="698">
                <coordinates>120.26965021247348,31.49576607359244,49.33171741757542</coordinates>
                <altitudeMode>clampToGround</altitudeMode>
            </Point>
        </Placemark>
        <Placemark id="705">
            <styleUrl>#706</styleUrl>
            <Point id="704">
                <coordinates>120.2696479422077,31.49576665387043,49.77231768518686</coordinates>
                <altitudeMode>clampToGround</altitudeMode>
            </Point>
        </Placemark>
        <Placemark id="711">
            <styleUrl>#712</styleUrl>
            <Point id="710">
                <coordinates>120.2696514622054,31.495765443871026,49.59681768808514</coordinates>
                <altitudeMode>clampToGround</altitudeMode>
            </Point>
        </Placemark>
        <Placemark id="717">
            <styleUrl>#718</styleUrl>
            <Point id="716">
                <coordinates>120.26965016566038,31.495771211083568,51.99981839861721</coordinates>
                <altitudeMode>clampToGround</altitudeMode>
            </Point>
        </Placemark>
        <Placemark id="723">
            <styleUrl>#724</styleUrl>
            <Point id="722">
                <coordinates>120.26965440572512,31.49577725673085,52.022320604883134</coordinates>
                <altitudeMode>clampToGround</altitudeMode>
            </Point>
        </Placemark>
        <Placemark id="729">
            <styleUrl>#730</styleUrl>
            <Point id="728">
                <coordinates>120.26964826428446,31.495771638330336,52.41012549307197</coordinates>
                <altitudeMode>clampToGround</altitudeMode>
            </Point>
        </Placemark>
        <Placemark id="735">
            <styleUrl>#736</styleUrl>
            <Point id="734">
                <coordinates>120.27012529199999,31.495810234,30.538499999791384</coordinates>
                <altitudeMode>clampToGround</altitudeMode>
            </Point>
        </Placemark>
        <Placemark id="741">
            <styleUrl>#742</styleUrl>
            <Point id="740">
                <coordinates>120.270133613,31.495801731,33.16079999972135</coordinates>
                <altitudeMode>clampToGround</altitudeMode>
            </Point>
        </Placemark>
        <Placemark id="747">
            <styleUrl>#748</styleUrl>
            <Point id="746">
                <coordinates>120.27012873599999,31.495798192,37.201799999922514</coordinates>
                <altitudeMode>clampToGround</altitudeMode>
            </Point>
        </Placemark>
        <Placemark id="753">
            <styleUrl>#754</styleUrl>
            <Point id="752">
                <coordinates>120.270098655,31.495791614000005,40.73570000100881</coordinates>
                <altitudeMode>clampToGround</altitudeMode>
            </Point>
        </Placemark>
        <Placemark id="759">
            <styleUrl>#760</styleUrl>
            <Point id="758">
                <coordinates>120.27014877700002,31.495800837,36.12019999884069</coordinates>
                <altitudeMode>clampToGround</altitudeMode>
            </Point>
        </Placemark>
        <Placemark id="765">
            <styleUrl>#766</styleUrl>
            <Point id="764">
                <coordinates>120.27014148999999,31.49579664699999,40.74569999985397</coordinates>
                <altitudeMode>clampToGround</altitudeMode>
            </Point>
        </Placemark>
        <Placemark id="771">
            <styleUrl>#772</styleUrl>
            <Point id="770">
                <coordinates>120.270129602,31.49578507599999,50.643199999816716</coordinates>
                <altitudeMode>clampToGround</altitudeMode>
            </Point>
        </Placemark>
        <Placemark id="777">
            <styleUrl>#778</styleUrl>
            <Point id="776">
                <coordinates>120.270133195,31.495779022,55.79799999855459</coordinates>
                <altitudeMode>clampToGround</altitudeMode>
            </Point>
        </Placemark>
        <Placemark id="783">
            <styleUrl>#784</styleUrl>
            <Point id="782">
                <coordinates>120.27011017600002,31.495774517999997,55.35169999860227</coordinates>
                <altitudeMode>clampToGround</altitudeMode>
            </Point>
        </Placemark>
        <Placemark id="789">
            <styleUrl>#790</styleUrl>
            <Point id="788">
                <coordinates>120.270120016,31.495785852000004,47.66629999876022</coordinates>
                <altitudeMode>clampToGround</altitudeMode>
            </Point>
        </Placemark>
        <Placemark id="795">
            <styleUrl>#796</styleUrl>
            <Point id="794">
                <coordinates>120.270118806,31.49578834599999,48.12019999884069</coordinates>
                <altitudeMode>clampToGround</altitudeMode>
            </Point>
        </Placemark>
        <Placemark id="801">
            <styleUrl>#802</styleUrl>
            <Point id="800">
                <coordinates>120.27007011100001,31.495796183,42.75299999862909</coordinates>
                <altitudeMode>clampToGround</altitudeMode>
            </Point>
        </Placemark>
        <Placemark id="807">
            <styleUrl>#808</styleUrl>
            <Point id="806">
                <coordinates>120.270048366,31.495801358,37.10259999986738</coordinates>
                <altitudeMode>clampToGround</altitudeMode>
            </Point>
        </Placemark>
        <Placemark id="813">
            <styleUrl>#814</styleUrl>
            <Point id="812">
                <coordinates>120.27004802200001,31.495808505000007,32.29179999791086</coordinates>
                <altitudeMode>clampToGround</altitudeMode>
            </Point>
        </Placemark>
        <Placemark id="819">
            <styleUrl>#820</styleUrl>
            <Point id="818">
                <coordinates>120.26968249419974,31.495802376610488,37.397770488634706</coordinates>
                <altitudeMode>clampToGround</altitudeMode>
            </Point>
        </Placemark>
        <Placemark id="825">
            <styleUrl>#826</styleUrl>
            <Point id="824">
                <coordinates>120.2696884028124,31.495811289656633,33.99316213466227</coordinates>
                <altitudeMode>clampToGround</altitudeMode>
            </Point>
        </Placemark>
        <Placemark id="831">
            <styleUrl>#832</styleUrl>
            <Point id="830">
                <coordinates>120.26965707273271,31.49579685677764,46.05044024065137</coordinates>
                <altitudeMode>clampToGround</altitudeMode>
            </Point>
        </Placemark>
        <Placemark id="837">
            <styleUrl>#838</styleUrl>
            <Point id="836">
                <coordinates>120.26966780541512,31.495806038713265,45.166551887989044</coordinates>
                <altitudeMode>clampToGround</altitudeMode>
            </Point>
        </Placemark>
        <Placemark id="843">
            <styleUrl>#844</styleUrl>
            <Point id="842">
                <coordinates>120.26968275171836,31.495796657685364,39.35515693947673</coordinates>
                <altitudeMode>clampToGround</altitudeMode>
            </Point>
        </Placemark>
        <Placemark id="849">
            <styleUrl>#850</styleUrl>
            <Point id="848">
                <coordinates>120.2696437418076,31.495812230598535,54.45893743727356</coordinates>
                <altitudeMode>clampToGround</altitudeMode>
            </Point>
        </Placemark>
        <Placemark id="855">
            <styleUrl>#856</styleUrl>
            <Point id="854">
                <coordinates>120.26964134216652,31.495849289715707,61.44803245086223</coordinates>
                <altitudeMode>clampToGround</altitudeMode>
            </Point>
        </Placemark>
        <Placemark id="861">
            <styleUrl>#862</styleUrl>
            <Point id="860">
                <coordinates>120.26963222616438,31.495877442742074,67.98593584448099</coordinates>
                <altitudeMode>clampToGround</altitudeMode>
            </Point>
        </Placemark>
        <Placemark id="867">
            <styleUrl>#868</styleUrl>
            <Point id="866">
                <coordinates>120.26962537047783,31.49590307684169,73.71283900924027</coordinates>
                <altitudeMode>clampToGround</altitudeMode>
            </Point>
        </Placemark>
        <Placemark id="873">
            <styleUrl>#874</styleUrl>
            <Point id="872">
                <coordinates>120.26962781464059,31.49590940196405,74.54504054039717</coordinates>
                <altitudeMode>clampToGround</altitudeMode>
            </Point>
        </Placemark>
        <Placemark id="879">
            <styleUrl>#880</styleUrl>
            <Point id="878">
                <coordinates>120.2696260396694,31.495897901324703,74.11224397830665</coordinates>
                <altitudeMode>clampToGround</altitudeMode>
            </Point>
        </Placemark>
        <Placemark id="885">
            <styleUrl>#886</styleUrl>
            <Point id="884">
                <coordinates>120.26962080833299,31.495914561974175,76.30014334991574</coordinates>
                <altitudeMode>clampToGround</altitudeMode>
            </Point>
        </Placemark>
        <Placemark id="891">
            <styleUrl>#892</styleUrl>
            <Point id="890">
                <coordinates>120.269619080325,31.495837434462143,79.71612344216555</coordinates>
                <altitudeMode>clampToGround</altitudeMode>
            </Point>
        </Placemark>
        <Placemark id="897">
            <styleUrl>#898</styleUrl>
            <Point id="896">
                <coordinates>120.26963048452413,31.495834678889608,78.4792233640328</coordinates>
                <altitudeMode>clampToGround</altitudeMode>
            </Point>
        </Placemark>
        <Placemark id="903">
            <styleUrl>#904</styleUrl>
            <Point id="902">
                <coordinates>120.26963339143681,31.495848087627,64.97454077471048</coordinates>
                <altitudeMode>clampToGround</altitudeMode>
            </Point>
        </Placemark>
        <Placemark id="909">
            <styleUrl>#910</styleUrl>
            <Point id="908">
                <coordinates>120.26963752799556,31.495853733216922,70.50792458001524</coordinates>
                <altitudeMode>clampToGround</altitudeMode>
            </Point>
        </Placemark>
        <Placemark id="915">
            <styleUrl>#916</styleUrl>
            <Point id="914">
                <coordinates>120.26962034619892,31.49585753092143,75.34422289114445</coordinates>
                <altitudeMode>clampToGround</altitudeMode>
            </Point>
        </Placemark>
        <Placemark id="921">
            <styleUrl>#922</styleUrl>
            <Point id="920">
                <coordinates>120.26962096190431,31.49585189620619,77.38752058614045</coordinates>
                <altitudeMode>clampToGround</altitudeMode>
            </Point>
        </Placemark>
        <Placemark id="927">
            <styleUrl>#928</styleUrl>
            <Point id="926">
                <coordinates>120.26962277677632,31.49590462440657,73.51053377240896</coordinates>
                <altitudeMode>clampToGround</altitudeMode>
            </Point>
        </Placemark>
        <Placemark id="933">
            <styleUrl>#934</styleUrl>
            <Point id="932">
                <coordinates>120.26968019311866,31.495789335685362,47.862356937490404</coordinates>
                <altitudeMode>clampToGround</altitudeMode>
            </Point>
        </Placemark>
        <Placemark id="939">
            <styleUrl>#940</styleUrl>
            <Point id="938">
                <coordinates>120.26966871805992,31.49578650868535,46.34905693959445</coordinates>
                <altitudeMode>clampToGround</altitudeMode>
            </Point>
        </Placemark>
        <Placemark id="945">
            <styleUrl>#946</styleUrl>
            <Point id="944">
                <coordinates>120.26966691589148,31.49578943068535,42.75855693873018</coordinates>
                <altitudeMode>clampToGround</altitudeMode>
            </Point>
        </Placemark>
        <Placemark id="951">
            <styleUrl>#952</styleUrl>
            <Point id="950">
                <coordinates>120.26967160333842,31.495786307713274,42.018951886333525</coordinates>
                <altitudeMode>clampToGround</altitudeMode>
            </Point>
        </Placemark>
        <Placemark id="957">
            <styleUrl>#958</styleUrl>
            <Point id="956">
                <coordinates>120.26967010070518,31.49578945168535,38.5688569387421</coordinates>
                <altitudeMode>clampToGround</altitudeMode>
            </Point>
        </Placemark>
        <Placemark id="963">
            <styleUrl>#964</styleUrl>
            <Point id="962">
                <coordinates>120.2696744518466,31.495789797715375,39.63395150657743</coordinates>
                <altitudeMode>clampToGround</altitudeMode>
            </Point>
        </Placemark>
        <Placemark id="969">
            <styleUrl>#970</styleUrl>
            <Point id="968">
                <coordinates>120.26967377163585,31.495797055685358,37.52585693914443</coordinates>
                <altitudeMode>clampToGround</altitudeMode>
            </Point>
        </Placemark>
        <Placemark id="975">
            <styleUrl>#976</styleUrl>
            <Point id="974">
                <coordinates>120.26967351971956,31.495797495685366,39.439356938004494</coordinates>
                <altitudeMode>clampToGround</altitudeMode>
            </Point>
        </Placemark>
        <Placemark id="981">
            <styleUrl>#982</styleUrl>
            <Point id="980">
                <coordinates>120.26966312873411,31.49579729671539,37.48275150451809</coordinates>
                <altitudeMode>clampToGround</altitudeMode>
            </Point>
        </Placemark>
        <Placemark id="987">
            <styleUrl>#988</styleUrl>
            <Point id="986">
                <coordinates>120.26968110547847,31.49580193868538,34.31735693756491</coordinates>
                <altitudeMode>clampToGround</altitudeMode>
            </Point>
        </Placemark>
        <Placemark id="993">
            <styleUrl>#994</styleUrl>
            <Point id="992">
                <coordinates>120.26968646074141,31.49581004765664,32.3800621367991</coordinates>
                <altitudeMode>clampToGround</altitudeMode>
            </Point>
        </Placemark>
        <Placemark id="999">
            <styleUrl>#1000</styleUrl>
            <Point id="998">
                <coordinates>120.26968267158055,31.495825400688076,27.417156447656453</coordinates>
                <altitudeMode>clampToGround</altitudeMode>
            </Point>
        </Placemark>
        <Placemark id="1005">
            <styleUrl>#1006</styleUrl>
            <Point id="1004">
                <coordinates>120.26969658193417,31.495821972610493,33.359870488755405</coordinates>
                <altitudeMode>clampToGround</altitudeMode>
            </Point>
        </Placemark>
        <Placemark id="1011">
            <styleUrl>#1012</styleUrl>
            <Point id="1010">
                <coordinates>120.26968175051397,31.495832430707434,20.953052944503725</coordinates>
                <altitudeMode>clampToGround</altitudeMode>
            </Point>
        </Placemark>
        <Placemark id="1017">
            <styleUrl>#1018</styleUrl>
            <Point id="1016">
                <coordinates>120.26968708070251,31.495765799494844,18.302648968063295</coordinates>
                <altitudeMode>clampToGround</altitudeMode>
            </Point>
        </Placemark>
        <Placemark id="1023">
            <styleUrl>#1024</styleUrl>
            <Point id="1022">
                <coordinates>120.26968878888172,31.495817108790522,23.748037905432284</coordinates>
                <altitudeMode>clampToGround</altitudeMode>
            </Point>
        </Placemark>
        <Placemark id="1029">
            <styleUrl>#1030</styleUrl>
            <Point id="1028">
                <coordinates>120.26968242213468,31.495818050859775,25.484125373885036</coordinates>
                <altitudeMode>clampToGround</altitudeMode>
            </Point>
        </Placemark>
        <Placemark id="1035">
            <styleUrl>#1036</styleUrl>
            <Point id="1034">
                <coordinates>120.26967817666196,31.495813527903113,27.37781753204763</coordinates>
                <altitudeMode>clampToGround</altitudeMode>
            </Point>
        </Placemark>
        <Placemark id="1041">
            <styleUrl>#1042</styleUrl>
            <Point id="1040">
                <coordinates>120.2696612526726,31.495804089223935,54.48044767417014</coordinates>
                <altitudeMode>clampToGround</altitudeMode>
            </Point>
        </Placemark>
        <Placemark id="1047">
            <styleUrl>#1048</styleUrl>
            <Point id="1046">
                <coordinates>120.26965940356399,31.49581607615528,57.299248334020376</coordinates>
                <altitudeMode>clampToGround</altitudeMode>
            </Point>
        </Placemark>
        <Placemark id="1053">
            <styleUrl>#1054</styleUrl>
            <Point id="1052">
                <coordinates>120.26966731890417,31.495820491413514,58.8989487728104</coordinates>
                <altitudeMode>clampToGround</altitudeMode>
            </Point>
        </Placemark>
        <Placemark id="1059">
            <styleUrl>#1060</styleUrl>
            <Point id="1058">
                <coordinates>120.2696608807161,31.495825973186214,61.41324928496033</coordinates>
                <altitudeMode>clampToGround</altitudeMode>
            </Point>
        </Placemark>
        <Placemark id="1065">
            <styleUrl>#1066</styleUrl>
            <Point id="1064">
                <coordinates>120.26966070416731,31.495817795969977,61.07645327784121</coordinates>
                <altitudeMode>clampToGround</altitudeMode>
            </Point>
        </Placemark>
        <Placemark id="1071">
            <styleUrl>#1072</styleUrl>
            <Point id="1070">
                <coordinates>120.26967880563495,31.49567946969302,60.03986427932978</coordinates>
                <altitudeMode>clampToGround</altitudeMode>
            </Point>
        </Placemark>
        <Placemark id="1077">
            <styleUrl>#1078</styleUrl>
            <Point id="1076">
                <coordinates>120.26968040897962,31.495783352656638,57.22966213617474</coordinates>
                <altitudeMode>clampToGround</altitudeMode>
            </Point>
        </Placemark>
        <Placemark id="1083">
            <styleUrl>#1084</styleUrl>
            <Point id="1082">
                <coordinates>120.26969525456762,31.495663272970745,57.36886837054044</coordinates>
                <altitudeMode>clampToGround</altitudeMode>
            </Point>
        </Placemark>
        <Placemark id="1089">
            <styleUrl>#1090</styleUrl>
            <Point id="1088">
                <coordinates>120.26967809196161,31.49578765565665,57.133762137033045</coordinates>
                <altitudeMode>clampToGround</altitudeMode>
            </Point>
        </Placemark>
        <Placemark id="1095">
            <styleUrl>#1096</styleUrl>
            <Point id="1094">
                <coordinates>120.26967211709723,31.495804353809966,29.555134390480816</coordinates>
                <altitudeMode>clampToGround</altitudeMode>
            </Point>
        </Placemark>
        <Placemark id="1101">
            <styleUrl>#1102</styleUrl>
            <Point id="1100">
                <coordinates>120.26967625706705,31.495807539809967,28.897234389558434</coordinates>
                <altitudeMode>clampToGround</altitudeMode>
            </Point>
        </Placemark>
        <Placemark id="1107">
            <styleUrl>#1108</styleUrl>
            <Point id="1106">
                <coordinates>120.26968415605913,31.495804851809964,28.485834391787648</coordinates>
                <altitudeMode>clampToGround</altitudeMode>
            </Point>
        </Placemark>
        <Placemark id="1113">
            <styleUrl>#1114</styleUrl>
            <Point id="1112">
                <coordinates>120.26968173203454,31.495788803197293,25.46742824278772</coordinates>
                <altitudeMode>clampToGround</altitudeMode>
            </Point>
        </Placemark>
        <Placemark id="1119">
            <styleUrl>#1120</styleUrl>
            <Point id="1118">
                <coordinates>120.26968167097795,31.495799210610173,25.284822665154934</coordinates>
                <altitudeMode>clampToGround</altitudeMode>
            </Point>
        </Placemark>
        <Placemark id="1125">
            <styleUrl>#1126</styleUrl>
            <Point id="1124">
                <coordinates>120.26967842321481,31.495810874844448,27.034828149713576</coordinates>
                <altitudeMode>clampToGround</altitudeMode>
            </Point>
        </Placemark>
        <Placemark id="1131">
            <styleUrl>#1132</styleUrl>
            <Point id="1130">
                <coordinates>120.26968069912694,31.495810497826874,27.652931331656873</coordinates>
                <altitudeMode>clampToGround</altitudeMode>
            </Point>
        </Placemark>
        <Placemark id="1137">
            <styleUrl>#1138</styleUrl>
            <Point id="1136">
                <coordinates>120.26968563999249,31.495813489809972,27.143434391357005</coordinates>
                <altitudeMode>clampToGround</altitudeMode>
            </Point>
        </Placemark>
        <Placemark id="1143">
            <styleUrl>#1144</styleUrl>
            <Point id="1142">
                <coordinates>120.26968484291373,31.495816650809967,25.077834389172494</coordinates>
                <altitudeMode>clampToGround</altitudeMode>
            </Point>
        </Placemark>
        <Placemark id="1149">
            <styleUrl>#1150</styleUrl>
            <Point id="1148">
                <coordinates>120.26968454474205,31.495829117790528,20.713037905283272</coordinates>
                <altitudeMode>clampToGround</altitudeMode>
            </Point>
        </Placemark>
        <Placemark id="1155">
            <styleUrl>#1156</styleUrl>
            <Point id="1154">
                <coordinates>120.26968250291795,31.495827815826882,22.491131328046322</coordinates>
                <altitudeMode>clampToGround</altitudeMode>
            </Point>
        </Placemark>
        <Placemark id="1161">
            <styleUrl>#1162</styleUrl>
            <Point id="1160">
                <coordinates>120.26967761593468,31.495831224826887,23.230231327936053</coordinates>
                <altitudeMode>clampToGround</altitudeMode>
            </Point>
        </Placemark>
        <Placemark id="1167">
            <styleUrl>#1168</styleUrl>
            <Point id="1166">
                <coordinates>120.26969660064984,31.49584960982688,15.84043133072555</coordinates>
                <altitudeMode>clampToGround</altitudeMode>
            </Point>
        </Placemark>
        <Placemark id="1173">
            <styleUrl>#1174</styleUrl>
            <Point id="1172">
                <coordinates>120.26965860449965,31.49585317773879,12.249447270296514</coordinates>
                <altitudeMode>clampToGround</altitudeMode>
            </Point>
        </Placemark>
        <Placemark id="1179">
            <styleUrl>#1180</styleUrl>
            <Point id="1178">
                <coordinates>120.26966653233002,31.4958583797388,8.414647270925343</coordinates>
                <altitudeMode>clampToGround</altitudeMode>
            </Point>
        </Placemark>
        <Placemark id="1185">
            <styleUrl>#1186</styleUrl>
            <Point id="1184">
                <coordinates>120.26966086450716,31.495870639713274,4.595851890742779</coordinates>
                <altitudeMode>clampToGround</altitudeMode>
            </Point>
        </Placemark>
        <Placemark id="1191">
            <styleUrl>#1192</styleUrl>
            <Point id="1190">
                <coordinates>120.26965745248538,31.49587343074054,2.8688469538465142</coordinates>
                <altitudeMode>clampToGround</altitudeMode>
            </Point>
        </Placemark>
        <Placemark id="1197">
            <styleUrl>#1198</styleUrl>
            <Point id="1196">
                <coordinates>120.26967000775316,31.4958738861469,-2.100651823915541</coordinates>
                <altitudeMode>clampToGround</altitudeMode>
            </Point>
        </Placemark>
        <Placemark id="1203">
            <styleUrl>#1204</styleUrl>
            <Point id="1202">
                <coordinates>120.26967265616629,31.495878057688074,-0.9572435533627868</coordinates>
                <altitudeMode>clampToGround</altitudeMode>
            </Point>
        </Placemark>
        <Placemark id="1209">
            <styleUrl>#1210</styleUrl>
            <Point id="1208">
                <coordinates>120.2696855857026,31.495878331685347,-0.44004306104034185</coordinates>
                <altitudeMode>clampToGround</altitudeMode>
            </Point>
        </Placemark>
        <Placemark id="1215">
            <styleUrl>#1216</styleUrl>
            <Point id="1214">
                <coordinates>120.26968656809045,31.495880801688074,-2.484343552030623</coordinates>
                <altitudeMode>clampToGround</altitudeMode>
            </Point>
        </Placemark>
        <Placemark id="1221">
            <styleUrl>#1222</styleUrl>
            <Point id="1220">
                <coordinates>120.26967888113468,31.49588494366068,-2.8807385973632336</coordinates>
                <altitudeMode>clampToGround</altitudeMode>
            </Point>
        </Placemark>
        <Placemark id="1227">
            <styleUrl>#1228</styleUrl>
            <Point id="1226">
                <coordinates>120.26969190705753,31.495888258660695,-4.326438597403467</coordinates>
                <altitudeMode>clampToGround</altitudeMode>
            </Point>
        </Placemark>
        <Placemark id="1233">
            <styleUrl>#1234</styleUrl>
            <Point id="1232">
                <coordinates>120.270082379,31.495866492,34.79580000042915</coordinates>
                <altitudeMode>clampToGround</altitudeMode>
            </Point>
        </Placemark>
        <Placemark id="1239">
            <styleUrl>#1240</styleUrl>
            <Point id="1238">
                <coordinates>120.27006317600001,31.495868881,31.48249999899417</coordinates>
                <altitudeMode>clampToGround</altitudeMode>
            </Point>
        </Placemark>
        <Placemark id="1245">
            <styleUrl>#1246</styleUrl>
            <Point id="1244">
                <coordinates>120.270061981,31.495871260000012,29.753100000321865</coordinates>
                <altitudeMode>clampToGround</altitudeMode>
            </Point>
        </Placemark>
        <Placemark id="1251">
            <styleUrl>#1252</styleUrl>
            <Point id="1250">
                <coordinates>120.27009359600001,31.495872682000012,27.607499999925494</coordinates>
                <altitudeMode>clampToGround</altitudeMode>
            </Point>
        </Placemark>
        <Placemark id="1257">
            <styleUrl>#1258</styleUrl>
            <Point id="1256">
                <coordinates>120.27008237300001,31.495874219999987,23.70120000001043</coordinates>
                <altitudeMode>clampToGround</altitudeMode>
            </Point>
        </Placemark>
        <Placemark id="1263">
            <styleUrl>#1264</styleUrl>
            <Point id="1262">
                <coordinates>120.270093311,31.495873827999993,22.80989999976009</coordinates>
                <altitudeMode>clampToGround</altitudeMode>
            </Point>
        </Placemark>
        <Placemark id="1269">
            <styleUrl>#1270</styleUrl>
            <Point id="1268">
                <coordinates>120.27007855100001,31.495881478,2.644599998369813</coordinates>
                <altitudeMode>clampToGround</altitudeMode>
            </Point>
        </Placemark>
        <Placemark id="1275">
            <styleUrl>#1276</styleUrl>
            <Point id="1274">
                <coordinates>120.270107624,31.495883542,0.9572000000625849</coordinates>
                <altitudeMode>clampToGround</altitudeMode>
            </Point>
        </Placemark>
        <Placemark id="1281">
            <styleUrl>#1282</styleUrl>
            <Point id="1280">
                <coordinates>120.27010127999999,31.495876799,1.3346999986097217</coordinates>
                <altitudeMode>clampToGround</altitudeMode>
            </Point>
        </Placemark>
        <Placemark id="1287">
            <styleUrl>#1288</styleUrl>
            <Point id="1286">
                <coordinates>120.26962621163159,31.49585619061048,9.349770488217473</coordinates>
                <altitudeMode>clampToGround</altitudeMode>
            </Point>
        </Placemark>
        <Placemark id="1293">
            <styleUrl>#1294</styleUrl>
            <Point id="1292">
                <coordinates>120.27010622,31.495878672000003,4.702100001275539</coordinates>
                <altitudeMode>clampToGround</altitudeMode>
            </Point>
        </Placemark>
        <Placemark id="1299">
            <styleUrl>#1300</styleUrl>
            <Point id="1298">
                <coordinates>120.27011425599999,31.495883844000012,4.810600000433624</coordinates>
                <altitudeMode>clampToGround</altitudeMode>
            </Point>
        </Placemark>
        <Placemark id="1305">
            <styleUrl>#1306</styleUrl>
            <Point id="1304">
                <coordinates>120.26969195685344,31.495892495610484,-3.916129511781037</coordinates>
                <altitudeMode>clampToGround</altitudeMode>
            </Point>
        </Placemark>
        <Placemark id="1311">
            <styleUrl>#1312</styleUrl>
            <Point id="1310">
                <coordinates>120.26969318983355,31.495895532610486,-4.111929509788752</coordinates>
                <altitudeMode>clampToGround</altitudeMode>
            </Point>
        </Placemark>
        <Placemark id="1317">
            <styleUrl>#1318</styleUrl>
            <Point id="1316">
                <coordinates>120.26969448085978,31.495887836656635,-2.8529378632083535</coordinates>
                <altitudeMode>clampToGround</altitudeMode>
            </Point>
        </Placemark>
        <Placemark id="1323">
            <styleUrl>#1324</styleUrl>
            <Point id="1322">
                <coordinates>120.2696833659439,31.495913069132094,-5.1027380377054214</coordinates>
                <altitudeMode>clampToGround</altitudeMode>
            </Point>
        </Placemark>
        <Placemark id="1329">
            <styleUrl>#1330</styleUrl>
            <Point id="1328">
                <coordinates>120.26966698866552,31.49588984161049,-7.895629513077438</coordinates>
                <altitudeMode>clampToGround</altitudeMode>
            </Point>
        </Placemark>
        <Placemark id="1335">
            <styleUrl>#1336</styleUrl>
            <Point id="1334">
                <coordinates>120.2696522717614,31.49588903861049,-6.011729512363672</coordinates>
                <altitudeMode>clampToGround</altitudeMode>
            </Point>
        </Placemark>
        <Placemark id="1341">
            <styleUrl>#1342</styleUrl>
            <Point id="1340">
                <coordinates>120.2696669392806,31.49596922679983,-4.645935392938554</coordinates>
                <altitudeMode>clampToGround</altitudeMode>
            </Point>
        </Placemark>
        <Placemark id="1347">
            <styleUrl>#1348</styleUrl>
            <Point id="1346">
                <coordinates>120.26962701555854,31.495892248610488,-9.894729509949684</coordinates>
                <altitudeMode>clampToGround</altitudeMode>
            </Point>
        </Placemark>
        <Placemark id="1353">
            <styleUrl>#1354</styleUrl>
            <Point id="1352">
                <coordinates>120.26963542251661,31.495892994610475,-10.691529511474073</coordinates>
                <altitudeMode>clampToGround</altitudeMode>
            </Point>
        </Placemark>
        <Placemark id="1359">
            <styleUrl>#1360</styleUrl>
            <Point id="1358">
                <coordinates>120.26963508551144,31.49590150361049,-10.21852951310575</coordinates>
                <altitudeMode>clampToGround</altitudeMode>
            </Point>
        </Placemark>
        <Placemark id="1365">
            <styleUrl>#1366</styleUrl>
            <Point id="1364">
                <coordinates>120.26962537849984,31.495899022610487,-10.62112951092422</coordinates>
                <altitudeMode>clampToGround</altitudeMode>
            </Point>
        </Placemark>
        <Placemark id="1371">
            <styleUrl>#1372</styleUrl>
            <Point id="1370">
                <coordinates>120.26963343549868,31.495895923610476,-10.855529511347413</coordinates>
                <altitudeMode>clampToGround</altitudeMode>
            </Point>
        </Placemark>
        <Placemark id="1377">
            <styleUrl>#1378</styleUrl>
            <Point id="1376">
                <coordinates>120.26962113466293,31.495887194610486,-8.127829510718584</coordinates>
                <altitudeMode>clampToGround</altitudeMode>
            </Point>
        </Placemark>
        <Placemark id="1383">
            <styleUrl>#1384</styleUrl>
            <Point id="1382">
                <coordinates>120.26963317760355,31.49588583661049,-9.420629510656</coordinates>
                <altitudeMode>clampToGround</altitudeMode>
            </Point>
        </Placemark>
        <Placemark id="1389">
            <styleUrl>#1390</styleUrl>
            <Point id="1388">
                <coordinates>120.26966321280388,31.495927409999258,-7.161436882801354</coordinates>
                <altitudeMode>clampToGround</altitudeMode>
            </Point>
        </Placemark>
        <Placemark id="1395">
            <styleUrl>#1396</styleUrl>
            <Point id="1394">
                <coordinates>120.26968159607972,31.495879423688077,-2.820643554441631</coordinates>
                <altitudeMode>clampToGround</altitudeMode>
            </Point>
        </Placemark>
        <Placemark id="1401">
            <styleUrl>#1402</styleUrl>
            <Point id="1400">
                <coordinates>120.2696799179933,31.49587486565663,-0.8593378625810146</coordinates>
                <altitudeMode>clampToGround</altitudeMode>
            </Point>
        </Placemark>
        <Placemark id="1407">
            <styleUrl>#1408</styleUrl>
            <Point id="1406">
                <coordinates>120.26967784016942,31.495874644610492,1.2598704881966114</coordinates>
                <altitudeMode>clampToGround</altitudeMode>
            </Point>
        </Placemark>
        <Placemark id="1413">
            <styleUrl>#1414</styleUrl>
            <Point id="1412">
                <coordinates>120.26966859731488,31.495821388740524,44.65324695408344</coordinates>
                <altitudeMode>clampToGround</altitudeMode>
            </Point>
        </Placemark>
        <Placemark id="1419">
            <styleUrl>#1420</styleUrl>
            <Point id="1418">
                <coordinates>120.2696889244276,31.49587258961048,6.339370489120483</coordinates>
                <altitudeMode>clampToGround</altitudeMode>
            </Point>
        </Placemark>
        <Placemark id="1425">
            <styleUrl>#1426</styleUrl>
            <Point id="1424">
                <coordinates>120.270021216,31.49586937,9.915900000371039</coordinates>
                <altitudeMode>clampToGround</altitudeMode>
            </Point>
        </Placemark>
        <Placemark id="1431">
            <styleUrl>#1432</styleUrl>
            <Point id="1430">
                <coordinates>120.27004739600001,31.49587100100001,10.378299999050796</coordinates>
                <altitudeMode>clampToGround</altitudeMode>
            </Point>
        </Placemark>
        <Placemark id="1437">
            <styleUrl>#1438</styleUrl>
            <Point id="1436">
                <coordinates>120.270050139,31.495866846999995,11.014099999330938</coordinates>
                <altitudeMode>clampToGround</altitudeMode>
            </Point>
        </Placemark>
        <Placemark id="1443">
            <styleUrl>#1444</styleUrl>
            <Point id="1442">
                <coordinates>120.270060363,31.495870840000006,9.056099999696016</coordinates>
                <altitudeMode>clampToGround</altitudeMode>
            </Point>
        </Placemark>
        <Placemark id="1449">
            <styleUrl>#1450</styleUrl>
            <Point id="1448">
                <coordinates>120.270067641,31.495870596999985,7.168399998918176</coordinates>
                <altitudeMode>clampToGround</altitudeMode>
            </Point>
        </Placemark>
        <Placemark id="1455">
            <styleUrl>#1456</styleUrl>
            <Point id="1454">
                <coordinates>120.270054961,31.495874904999997,7.80109999794513</coordinates>
                <altitudeMode>clampToGround</altitudeMode>
            </Point>
        </Placemark>
        <Placemark id="1461">
            <styleUrl>#1462</styleUrl>
            <Point id="1460">
                <coordinates>120.27004475500001,31.495876329,3.505499999038875</coordinates>
                <altitudeMode>clampToGround</altitudeMode>
            </Point>
        </Placemark>
        <Placemark id="1467">
            <styleUrl>#1468</styleUrl>
            <Point id="1466">
                <coordinates>120.27003541500001,31.495875072999993,3.234499999321997</coordinates>
                <altitudeMode>clampToGround</altitudeMode>
            </Point>
        </Placemark>
        <Placemark id="1473">
            <styleUrl>#1474</styleUrl>
            <Point id="1472">
                <coordinates>120.27002162199999,31.495875804999997,-1.145100001245737</coordinates>
                <altitudeMode>clampToGround</altitudeMode>
            </Point>
        </Placemark>
        <Placemark id="1479">
            <styleUrl>#1480</styleUrl>
            <Point id="1478">
                <coordinates>120.27002703100001,31.495880690000003,-2.00590000115335</coordinates>
                <altitudeMode>clampToGround</altitudeMode>
            </Point>
        </Placemark>
        <Placemark id="1485">
            <styleUrl>#1486</styleUrl>
            <Point id="1484">
                <coordinates>120.270027814,31.495882598999998,-3.6096000019460917</coordinates>
                <altitudeMode>clampToGround</altitudeMode>
            </Point>
        </Placemark>
        <Placemark id="1491">
            <styleUrl>#1492</styleUrl>
            <Point id="1490">
                <coordinates>120.27003887100001,31.495886883999994,-4.415600000880659</coordinates>
                <altitudeMode>clampToGround</altitudeMode>
            </Point>
        </Placemark>
        <Placemark id="1497">
            <styleUrl>#1498</styleUrl>
            <Point id="1496">
                <coordinates>120.270051335,31.495890898000006,-6.957800001837313</coordinates>
                <altitudeMode>clampToGround</altitudeMode>
            </Point>
        </Placemark>
        <Placemark id="1503">
            <styleUrl>#1504</styleUrl>
            <Point id="1502">
                <coordinates>120.27010037,31.495903042999988,-15.028000000864267</coordinates>
                <altitudeMode>clampToGround</altitudeMode>
            </Point>
        </Placemark>
        <Placemark id="1509">
            <styleUrl>#1510</styleUrl>
            <Point id="1508">
                <coordinates>120.270118429,31.49590341200001,-16.83559999987483</coordinates>
                <altitudeMode>clampToGround</altitudeMode>
            </Point>
        </Placemark>
        <Placemark id="1515">
            <styleUrl>#1516</styleUrl>
            <Point id="1514">
                <coordinates>120.270135237,31.49590605,-16.557199999690056</coordinates>
                <altitudeMode>clampToGround</altitudeMode>
            </Point>
        </Placemark>
        <Placemark id="1521">
            <styleUrl>#1522</styleUrl>
            <Point id="1520">
                <coordinates>120.27013184500001,31.495904151,-16.284100000746548</coordinates>
                <altitudeMode>clampToGround</altitudeMode>
            </Point>
        </Placemark>
        <Placemark id="1527">
            <styleUrl>#1528</styleUrl>
            <Point id="1526">
                <coordinates>120.270126146,31.49590003899999,-12.831399999558926</coordinates>
                <altitudeMode>clampToGround</altitudeMode>
            </Point>
        </Placemark>
        <Placemark id="1533">
            <styleUrl>#1534</styleUrl>
            <Point id="1532">
                <coordinates>120.26968246099294,31.49583312151247,26.833945950493217</coordinates>
                <altitudeMode>clampToGround</altitudeMode>
            </Point>
        </Placemark>
        <Placemark id="1539">
            <styleUrl>#1540</styleUrl>
            <Point id="1538">
                <coordinates>120.26969226213646,31.49561758395338,14.835866036824882</coordinates>
                <altitudeMode>clampToGround</altitudeMode>
            </Point>
        </Placemark>
        <Placemark id="1545">
            <styleUrl>#1546</styleUrl>
            <Point id="1544">
                <coordinates>120.2696767547215,31.495846603772033,28.73984125070274</coordinates>
                <altitudeMode>clampToGround</altitudeMode>
            </Point>
        </Placemark>
        <Placemark id="1551">
            <styleUrl>#1552</styleUrl>
            <Point id="1550">
                <coordinates>120.26968129897597,31.49584744282689,25.583531328476965</coordinates>
                <altitudeMode>clampToGround</altitudeMode>
            </Point>
        </Placemark>
        <Placemark id="1557">
            <styleUrl>#1558</styleUrl>
            <Point id="1556">
                <coordinates>120.26968219306818,31.49584229985977,24.891125376336277</coordinates>
                <altitudeMode>clampToGround</altitudeMode>
            </Point>
        </Placemark>
        <Placemark id="1563">
            <styleUrl>#1564</styleUrl>
            <Point id="1562">
                <coordinates>120.26967022722637,31.495718281436076,24.40354675333947</coordinates>
                <altitudeMode>clampToGround</altitudeMode>
            </Point>
        </Placemark>
        <Placemark id="1569">
            <styleUrl>#1570</styleUrl>
            <Point id="1568">
                <coordinates>120.26968611699459,31.495834509278637,23.71823427360505</coordinates>
                <altitudeMode>clampToGround</altitudeMode>
            </Point>
        </Placemark>
        <Placemark id="1575">
            <styleUrl>#1576</styleUrl>
            <Point id="1574">
                <coordinates>120.26968231044508,31.495983334093363,23.002855613827705</coordinates>
                <altitudeMode>clampToGround</altitudeMode>
            </Point>
        </Placemark>
        <Placemark id="1581">
            <styleUrl>#1582</styleUrl>
            <Point id="1580">
                <coordinates>120.26968639194897,31.495767817797887,22.25284427870065</coordinates>
                <altitudeMode>clampToGround</altitudeMode>
            </Point>
        </Placemark>
        <Placemark id="1587">
            <styleUrl>#1588</styleUrl>
            <Point id="1586">
                <coordinates>120.26969152675719,31.495848308790524,22.43353790882975</coordinates>
                <altitudeMode>clampToGround</altitudeMode>
            </Point>
        </Placemark>
        <Placemark id="1593">
            <styleUrl>#1594</styleUrl>
            <Point id="1592">
                <coordinates>120.2696764617162,31.495828508976498,22.90844542812556</coordinates>
                <altitudeMode>clampToGround</altitudeMode>
            </Point>
        </Placemark>
        <Placemark id="1599">
            <styleUrl>#1600</styleUrl>
            <Point id="1598">
                <coordinates>120.26969211575882,31.495847012790527,22.390437906607985</coordinates>
                <altitudeMode>clampToGround</altitudeMode>
            </Point>
        </Placemark>
        <Placemark id="1605">
            <styleUrl>#1606</styleUrl>
            <Point id="1604">
                <coordinates>120.269693437713,31.495849038790528,21.265537908300757</coordinates>
                <altitudeMode>clampToGround</altitudeMode>
            </Point>
        </Placemark>
        <Placemark id="1611">
            <styleUrl>#1612</styleUrl>
            <Point id="1610">
                <coordinates>120.26967725101201,31.49569524663035,21.330767857842147</coordinates>
                <altitudeMode>clampToGround</altitudeMode>
            </Point>
        </Placemark>
        <Placemark id="1617">
            <styleUrl>#1618</styleUrl>
            <Point id="1616">
                <coordinates>120.26969019871274,31.495848137790535,21.196737905964255</coordinates>
                <altitudeMode>clampToGround</altitudeMode>
            </Point>
        </Placemark>
        <Placemark id="1623">
            <styleUrl>#1624</styleUrl>
            <Point id="1622">
                <coordinates>120.26968071295042,31.495698572598325,20.00036786030978</coordinates>
                <altitudeMode>clampToGround</altitudeMode>
            </Point>
        </Placemark>
        <Placemark id="1629">
            <styleUrl>#1630</styleUrl>
            <Point id="1628">
                <coordinates>120.26969635364748,31.495851053790535,19.595937906764448</coordinates>
                <altitudeMode>clampToGround</altitudeMode>
            </Point>
        </Placemark>
        <Placemark id="1635">
            <styleUrl>#1636</styleUrl>
            <Point id="1634">
                <coordinates>120.26967920587735,31.495715289365958,19.289062820374966</coordinates>
                <altitudeMode>clampToGround</altitudeMode>
            </Point>
        </Placemark>
        <Placemark id="1641">
            <styleUrl>#1642</styleUrl>
            <Point id="1640">
                <coordinates>120.26967994094647,31.49569376858792,19.574267856776714</coordinates>
                <altitudeMode>clampToGround</altitudeMode>
            </Point>
        </Placemark>
        <Placemark id="1647">
            <styleUrl>#1648</styleUrl>
            <Point id="1646">
                <coordinates>120.26968705070513,31.49584492379053,20.768737906590104</coordinates>
                <altitudeMode>clampToGround</altitudeMode>
            </Point>
        </Placemark>
        <Placemark id="1653">
            <styleUrl>#1654</styleUrl>
            <Point id="1652">
                <coordinates>120.26967851201407,31.495684674723748,20.664770612493157</coordinates>
                <altitudeMode>clampToGround</altitudeMode>
            </Point>
        </Placemark>
        <Placemark id="1659">
            <styleUrl>#1660</styleUrl>
            <Point id="1658">
                <coordinates>120.2696777248952,31.49572836517541,20.62905841320753</coordinates>
                <altitudeMode>clampToGround</altitudeMode>
            </Point>
        </Placemark>
        <Placemark id="1665">
            <styleUrl>#1666</styleUrl>
            <Point id="1664">
                <coordinates>120.26969683318055,31.495753902867193,27.692144281230867</coordinates>
                <altitudeMode>clampToGround</altitudeMode>
            </Point>
        </Placemark>
        <Placemark id="1671">
            <styleUrl>#1672</styleUrl>
            <Point id="1670">
                <coordinates>120.26967698370393,31.495834847772052,27.47614125162363</coordinates>
                <altitudeMode>clampToGround</altitudeMode>
            </Point>
        </Placemark>
        <Placemark id="1677">
            <styleUrl>#1678</styleUrl>
            <Point id="1676">
                <coordinates>120.26967792070297,31.495818613305204,26.868141051381826</coordinates>
                <altitudeMode>clampToGround</altitudeMode>
            </Point>
        </Placemark>
        <Placemark id="1683">
            <styleUrl>#1684</styleUrl>
            <Point id="1682">
                <coordinates>120.26968097667049,31.49580497013126,26.123740712180734</coordinates>
                <altitudeMode>clampToGround</altitudeMode>
            </Point>
        </Placemark>
        <Placemark id="1689">
            <styleUrl>#1690</styleUrl>
            <Point id="1688">
                <coordinates>120.26967698591345,31.49583219279053,25.6470379056409</coordinates>
                <altitudeMode>clampToGround</altitudeMode>
            </Point>
        </Placemark>
        <Placemark id="1695">
            <styleUrl>#1696</styleUrl>
            <Point id="1694">
                <coordinates>120.2696968819631,31.495832285826882,24.163731327280402</coordinates>
                <altitudeMode>clampToGround</altitudeMode>
            </Point>
        </Placemark>
        <Placemark id="1701">
            <styleUrl>#1702</styleUrl>
            <Point id="1700">
                <coordinates>120.26969402036022,31.495755851828847,26.162925086915493</coordinates>
                <altitudeMode>clampToGround</altitudeMode>
            </Point>
        </Placemark>
        <Placemark id="1707">
            <styleUrl>#1708</styleUrl>
            <Point id="1706">
                <coordinates>120.26967929364342,31.495825406903123,27.43331753090024</coordinates>
                <altitudeMode>clampToGround</altitudeMode>
            </Point>
        </Placemark>
        <Placemark id="1713">
            <styleUrl>#1714</styleUrl>
            <Point id="1712">
                <coordinates>120.26965126392729,31.495871916610486,-3.8207295099273324</coordinates>
                <altitudeMode>clampToGround</altitudeMode>
            </Point>
        </Placemark>
        <Placemark id="1719">
            <styleUrl>#1720</styleUrl>
            <Point id="1718">
                <coordinates>120.26968300968353,31.495868836685357,-1.514443059451878</coordinates>
                <altitudeMode>clampToGround</altitudeMode>
            </Point>
        </Placemark>
        <Placemark id="1725">
            <styleUrl>#1726</styleUrl>
            <Point id="1724">
                <coordinates>120.26964309518335,31.495865042610482,0.8892704881727695</coordinates>
                <altitudeMode>clampToGround</altitudeMode>
            </Point>
        </Placemark>
        <Placemark id="1731">
            <styleUrl>#1732</styleUrl>
            <Point id="1730">
                <coordinates>120.26967625005236,31.49575742036644,5.088063053786755</coordinates>
                <altitudeMode>clampToGround</altitudeMode>
            </Point>
        </Placemark>
        <Placemark id="1737">
            <styleUrl>#1738</styleUrl>
            <Point id="1736">
                <coordinates>120.2696495148323,31.495854576660694,10.167361403815448</coordinates>
                <altitudeMode>clampToGround</altitudeMode>
            </Point>
        </Placemark>
        <Placemark id="1743">
            <styleUrl>#1744</styleUrl>
            <Point id="1742">
                <coordinates>120.26965597007163,31.49581446108237,9.413554202765226</coordinates>
                <altitudeMode>clampToGround</altitudeMode>
            </Point>
        </Placemark>
        <Placemark id="1749">
            <styleUrl>#1750</styleUrl>
            <Point id="1748">
                <coordinates>120.26964960090477,31.495822536942544,9.561462113633752</coordinates>
                <altitudeMode>clampToGround</altitudeMode>
            </Point>
        </Placemark>
        <Placemark id="1755">
            <styleUrl>#1756</styleUrl>
            <Point id="1754">
                <coordinates>120.26968800644542,31.495857973432678,23.67986171785742</coordinates>
                <altitudeMode>clampToGround</altitudeMode>
            </Point>
        </Placemark>
        <Placemark id="1761">
            <styleUrl>#1762</styleUrl>
            <Point id="1760">
                <coordinates>120.26953116011927,31.49586060061048,-0.7083295090124011</coordinates>
                <altitudeMode>clampToGround</altitudeMode>
            </Point>
        </Placemark>
        <Placemark id="1767">
            <styleUrl>#1768</styleUrl>
            <Point id="1766">
                <coordinates>120.26952760920221,31.49585627361048,0.6745704896748066</coordinates>
                <altitudeMode>clampToGround</altitudeMode>
            </Point>
        </Placemark>
        <Placemark id="1773">
            <styleUrl>#1774</styleUrl>
            <Point id="1772">
                <coordinates>120.2695165312943,31.49585534661048,2.47347048856318</coordinates>
                <altitudeMode>clampToGround</altitudeMode>
            </Point>
        </Placemark>
        <Placemark id="1779">
            <styleUrl>#1780</styleUrl>
            <Point id="1778">
                <coordinates>120.26952859829721,31.495808141705126,0.5183656373992562</coordinates>
                <altitudeMode>clampToGround</altitudeMode>
            </Point>
        </Placemark>
        <Placemark id="1785">
            <styleUrl>#1786</styleUrl>
            <Point id="1784">
                <coordinates>120.2695237079614,31.49581219204605,1.149967834353447</coordinates>
                <altitudeMode>clampToGround</altitudeMode>
            </Point>
        </Placemark>
        <Placemark id="1791">
            <styleUrl>#1792</styleUrl>
            <Point id="1790">
                <coordinates>120.26952020440258,31.495839396606605,2.3782625384628773</coordinates>
                <altitudeMode>clampToGround</altitudeMode>
            </Point>
        </Placemark>
        <Placemark id="1797">
            <styleUrl>#1798</styleUrl>
            <Point id="1796">
                <coordinates>120.26951196231275,31.495827664608402,2.7399593479931355</coordinates>
                <altitudeMode>clampToGround</altitudeMode>
            </Point>
        </Placemark>
        <Placemark id="1803">
            <styleUrl>#1804</styleUrl>
            <Point id="1802">
                <coordinates>120.2696488602999,31.495706579402555,66.31783084571362</coordinates>
                <altitudeMode>clampToGround</altitudeMode>
            </Point>
        </Placemark>
        <Placemark id="1809">
            <styleUrl>#1810</styleUrl>
            <Point id="1808">
                <coordinates>120.26951852502627,31.495831874820315,0.46555880177766085</coordinates>
                <altitudeMode>clampToGround</altitudeMode>
            </Point>
        </Placemark>
        <Placemark id="1815">
            <styleUrl>#1816</styleUrl>
            <Point id="1814">
                <coordinates>120.26951713213558,31.495830757605848,0.936858450062573</coordinates>
                <altitudeMode>clampToGround</altitudeMode>
            </Point>
        </Placemark>
        <Placemark id="1821">
            <styleUrl>#1822</styleUrl>
            <Point id="1820">
                <coordinates>120.26951715247523,31.495836801601243,0.5280580949038267</coordinates>
                <altitudeMode>clampToGround</altitudeMode>
            </Point>
        </Placemark>
        <Placemark id="1827">
            <styleUrl>#1828</styleUrl>
            <Point id="1826">
                <coordinates>120.26952399655782,31.49585138678773,-0.06404697708785534</coordinates>
                <altitudeMode>clampToGround</altitudeMode>
            </Point>
        </Placemark>
        <Placemark id="1833">
            <styleUrl>#1834</styleUrl>
            <Point id="1832">
                <coordinates>120.26951254029721,31.495856946688075,0.5662564467638731</coordinates>
                <altitudeMode>clampToGround</altitudeMode>
            </Point>
        </Placemark>
        <Placemark id="1839">
            <styleUrl>#1840</styleUrl>
            <Point id="1838">
                <coordinates>120.26951423299333,31.495830621377845,1.425252428278327</coordinates>
                <altitudeMode>clampToGround</altitudeMode>
            </Point>
        </Placemark>
        <Placemark id="1845">
            <styleUrl>#1846</styleUrl>
            <Point id="1844">
                <coordinates>120.26948483374424,31.495766513496427,2.2774692736566067</coordinates>
                <altitudeMode>clampToGround</altitudeMode>
            </Point>
        </Placemark>
        <Placemark id="1851">
            <styleUrl>#1852</styleUrl>
            <Point id="1850">
                <coordinates>120.26950175042026,31.495836063519604,2.75015143211931</coordinates>
                <altitudeMode>clampToGround</altitudeMode>
            </Point>
        </Placemark>
        <Placemark id="1857">
            <styleUrl>#1858</styleUrl>
            <Point id="1856">
                <coordinates>120.26968072726302,31.49582911084444,29.815928149037063</coordinates>
                <altitudeMode>clampToGround</altitudeMode>
            </Point>
        </Placemark>
        <Placemark id="1863">
            <styleUrl>#1864</styleUrl>
            <Point id="1862">
                <coordinates>120.26967148417212,31.495822054220053,33.66483087465167</coordinates>
                <altitudeMode>clampToGround</altitudeMode>
            </Point>
        </Placemark>
        <Placemark id="1869">
            <styleUrl>#1870</styleUrl>
            <Point id="1868">
                <coordinates>120.26966996782359,31.495818186828895,38.66003096476197</coordinates>
                <altitudeMode>clampToGround</altitudeMode>
            </Point>
        </Placemark>
        <Placemark id="1875">
            <styleUrl>#1876</styleUrl>
            <Point id="1874">
                <coordinates>120.26966284996429,31.495814991884735,37.023637254722416</coordinates>
                <altitudeMode>clampToGround</altitudeMode>
            </Point>
        </Placemark>
        <Placemark id="1881">
            <styleUrl>#1882</styleUrl>
            <Point id="1880">
                <coordinates>120.26967582590363,31.495821967792935,36.390337470918894</coordinates>
                <altitudeMode>clampToGround</altitudeMode>
            </Point>
        </Placemark>
        <Placemark id="1887">
            <styleUrl>#1888</styleUrl>
            <Point id="1886">
                <coordinates>120.26968070078757,31.495828391732047,30.80924849025905</coordinates>
                <altitudeMode>clampToGround</altitudeMode>
            </Point>
        </Placemark>
        <Placemark id="1893">
            <styleUrl>#1894</styleUrl>
            <Point id="1892">
                <coordinates>120.26967127084458,31.495829751732046,32.29044848866761</coordinates>
                <altitudeMode>clampToGround</altitudeMode>
            </Point>
        </Placemark>
        <Placemark id="1899">
            <styleUrl>#1900</styleUrl>
            <Point id="1898">
                <coordinates>120.26967766022528,31.495824376579513,27.605055457912385</coordinates>
                <altitudeMode>clampToGround</altitudeMode>
            </Point>
        </Placemark>
        <Placemark id="1905">
            <styleUrl>#1906</styleUrl>
            <Point id="1904">
                <coordinates>120.26968285450388,31.495839646660695,23.700961402617395</coordinates>
                <altitudeMode>clampToGround</altitudeMode>
            </Point>
        </Placemark>
        <Placemark id="1911">
            <styleUrl>#1912</styleUrl>
            <Point id="1910">
                <coordinates>120.26968524554346,31.495799995217677,21.863863370381296</coordinates>
                <altitudeMode>clampToGround</altitudeMode>
            </Point>
        </Placemark>
        <Placemark id="1917">
            <styleUrl>#1918</styleUrl>
            <Point id="1916">
                <coordinates>120.26968283108035,31.495847704610483,17.846070488914847</coordinates>
                <altitudeMode>clampToGround</altitudeMode>
            </Point>
        </Placemark>
        <Placemark id="1923">
            <styleUrl>#1924</styleUrl>
            <Point id="1922">
                <coordinates>120.26968296699329,31.49585079761049,16.295870488509536</coordinates>
                <altitudeMode>clampToGround</altitudeMode>
            </Point>
        </Placemark>
        <Placemark id="1929">
            <styleUrl>#1930</styleUrl>
            <Point id="1928">
                <coordinates>120.26967673792774,31.495686172670624,18.584470613859594</coordinates>
                <altitudeMode>clampToGround</altitudeMode>
            </Point>
        </Placemark>
        <Placemark id="1935">
            <styleUrl>#1936</styleUrl>
            <Point id="1934">
                <coordinates>120.2696952889398,31.495845207889204,16.29772005043924</coordinates>
                <altitudeMode>clampToGround</altitudeMode>
            </Point>
        </Placemark>
        <Placemark id="1941">
            <styleUrl>#1942</styleUrl>
            <Point id="1940">
                <coordinates>120.26949222873715,31.495846740610496,10.84197048842907</coordinates>
                <altitudeMode>clampToGround</altitudeMode>
            </Point>
        </Placemark>
        <Placemark id="1947">
            <styleUrl>#1948</styleUrl>
            <Point id="1946">
                <coordinates>120.26943920152301,31.49584899661048,6.666370487771928</coordinates>
                <altitudeMode>clampToGround</altitudeMode>
            </Point>
        </Placemark>
        <Placemark id="1953">
            <styleUrl>#1954</styleUrl>
            <Point id="1952">
                <coordinates>120.26944725078569,31.495850814707435,5.213052943348885</coordinates>
                <altitudeMode>clampToGround</altitudeMode>
            </Point>
        </Placemark>
        <Placemark id="1959">
            <styleUrl>#1960</styleUrl>
            <Point id="1958">
                <coordinates>120.26945631265988,31.495826960511447,2.817248987965286</coordinates>
                <altitudeMode>clampToGround</altitudeMode>
            </Point>
        </Placemark>
        <Placemark id="1965">
            <styleUrl>#1966</styleUrl>
            <Point id="1964">
                <coordinates>120.2694612239226,31.495813825145177,1.3673244724050164</coordinates>
                <altitudeMode>clampToGround</altitudeMode>
            </Point>
        </Placemark>
        <Placemark id="1971">
            <styleUrl>#1972</styleUrl>
            <Point id="1970">
                <coordinates>120.26947235583059,31.49582433366443,6.065360365435481</coordinates>
                <altitudeMode>clampToGround</altitudeMode>
            </Point>
        </Placemark>
        <Placemark id="1977">
            <styleUrl>#1978</styleUrl>
            <Point id="1976">
                <coordinates>120.26968837829119,31.495914170610476,-34.02742951083928</coordinates>
                <altitudeMode>clampToGround</altitudeMode>
            </Point>
        </Placemark>
        <Placemark id="1983">
            <styleUrl>#1984</styleUrl>
            <Point id="1982">
                <coordinates>120.26967632334693,31.495909389610482,-33.22532951273024</coordinates>
                <altitudeMode>clampToGround</altitudeMode>
            </Point>
        </Placemark>
        <Placemark id="1989">
            <styleUrl>#1990</styleUrl>
            <Point id="1988">
                <coordinates>120.2696930545924,31.49593091023002,-32.41423705779016</coordinates>
                <altitudeMode>clampToGround</altitudeMode>
            </Point>
        </Placemark>
        <Placemark id="1995">
            <styleUrl>#1996</styleUrl>
            <Point id="1994">
                <coordinates>120.26969196605475,31.4959506094737,-31.51003515627235</coordinates>
                <altitudeMode>clampToGround</altitudeMode>
            </Point>
        </Placemark>
        <Placemark id="2001">
            <styleUrl>#2002</styleUrl>
            <Point id="2000">
                <coordinates>120.26968810962569,31.495934304556403,-32.21353788860142</coordinates>
                <altitudeMode>clampToGround</altitudeMode>
            </Point>
        </Placemark>
        <Placemark id="2007">
            <styleUrl>#2008</styleUrl>
            <Point id="2006">
                <coordinates>120.26968878123822,31.495937667028958,-31.41513653192669</coordinates>
                <altitudeMode>clampToGround</altitudeMode>
            </Point>
        </Placemark>
        <Placemark id="2013">
            <styleUrl>#2014</styleUrl>
            <Point id="2012">
                <coordinates>120.26967939333274,31.495909288610473,-33.519129510968924</coordinates>
                <altitudeMode>clampToGround</altitudeMode>
            </Point>
        </Placemark>
        <Placemark id="2019">
            <styleUrl>#2020</styleUrl>
            <Point id="2018">
                <coordinates>120.26967886644073,31.495904750610485,-31.6445295130834</coordinates>
                <altitudeMode>clampToGround</altitudeMode>
            </Point>
        </Placemark>
        <Placemark id="2025">
            <styleUrl>#2026</styleUrl>
            <Point id="2024">
                <coordinates>120.26968747076556,31.496026322175698,-29.98853163048625</coordinates>
                <altitudeMode>clampToGround</altitudeMode>
            </Point>
        </Placemark>
        <Placemark id="2031">
            <styleUrl>#2032</styleUrl>
            <Point id="2030">
                <coordinates>120.26968144293342,31.49601807110918,-26.633231629617512</coordinates>
                <altitudeMode>clampToGround</altitudeMode>
            </Point>
        </Placemark>
        <Placemark id="2037">
            <styleUrl>#2038</styleUrl>
            <Point id="2036">
                <coordinates>120.26965703413269,31.4959957691415,-23.500535720959306</coordinates>
                <altitudeMode>clampToGround</altitudeMode>
            </Point>
        </Placemark>
        <Placemark id="2043">
            <styleUrl>#2044</styleUrl>
            <Point id="2042">
                <coordinates>120.26966297211787,31.496005349088602,-23.19503375608474</coordinates>
                <altitudeMode>clampToGround</altitudeMode>
            </Point>
        </Placemark>
        <Placemark id="2049">
            <styleUrl>#2050</styleUrl>
            <Point id="2048">
                <coordinates>120.26965428318032,31.495994822123677,-22.45383572205901</coordinates>
                <altitudeMode>clampToGround</altitudeMode>
            </Point>
        </Placemark>
        <Placemark id="2055">
            <styleUrl>#2056</styleUrl>
            <Point id="2054">
                <coordinates>120.2696582481421,31.495997216136047,-23.18213572073728</coordinates>
                <altitudeMode>clampToGround</altitudeMode>
            </Point>
        </Placemark>
        <Placemark id="2061">
            <styleUrl>#2062</styleUrl>
            <Point id="2060">
                <coordinates>120.26963091813366,31.495954644241955,-19.829133559018373</coordinates>
                <altitudeMode>clampToGround</altitudeMode>
            </Point>
        </Placemark>
        <Placemark id="2067">
            <styleUrl>#2068</styleUrl>
            <Point id="2066">
                <coordinates>120.2696934210241,31.495858278660688,14.573661403730512</coordinates>
                <altitudeMode>clampToGround</altitudeMode>
            </Point>
        </Placemark>
        <Placemark id="2073">
            <styleUrl>#2074</styleUrl>
            <Point id="2072">
                <coordinates>120.26968691377647,31.495845915628305,10.862362537533045</coordinates>
                <altitudeMode>clampToGround</altitudeMode>
            </Point>
        </Placemark>
        <Placemark id="2079">
            <styleUrl>#2080</styleUrl>
            <Point id="2078">
                <coordinates>120.26969357956949,31.495805767294343,14.368639874272048</coordinates>
                <altitudeMode>clampToGround</altitudeMode>
            </Point>
        </Placemark>
        <Placemark id="2085">
            <styleUrl>#2086</styleUrl>
            <Point id="2084">
                <coordinates>120.26968703394014,31.49583793185978,20.27962537575513</coordinates>
                <altitudeMode>clampToGround</altitudeMode>
            </Point>
        </Placemark>
        <Placemark id="2091">
            <styleUrl>#2092</styleUrl>
            <Point id="2090">
                <coordinates>120.26964334575734,31.4956559383439,13.600647549144924</coordinates>
                <altitudeMode>clampToGround</altitudeMode>
            </Point>
        </Placemark>
        <Placemark id="2097">
            <styleUrl>#2098</styleUrl>
            <Point id="2096">
                <coordinates>120.26964126016468,31.49582097906902,6.006254439242184</coordinates>
                <altitudeMode>clampToGround</altitudeMode>
            </Point>
        </Placemark>
        <Placemark id="2103">
            <styleUrl>#2104</styleUrl>
            <Point id="2102">
                <coordinates>120.26957681004532,31.495854240656644,-1.14003786444664</coordinates>
                <altitudeMode>clampToGround</altitudeMode>
            </Point>
        </Placemark>
        <Placemark id="2109">
            <styleUrl>#2110</styleUrl>
            <Point id="2108">
                <coordinates>120.26954012325045,31.49585168761048,1.3379704877734184</coordinates>
                <altitudeMode>clampToGround</altitudeMode>
            </Point>
        </Placemark>
        <Placemark id="2115">
            <styleUrl>#2116</styleUrl>
            <Point id="2114">
                <coordinates>120.26956385126623,31.49585170061048,1.6583704892545938</coordinates>
                <altitudeMode>clampToGround</altitudeMode>
            </Point>
        </Placemark>
        <Placemark id="2121">
            <styleUrl>#2122</styleUrl>
            <Point id="2120">
                <coordinates>120.26967179251379,31.495852810752933,0.6905447077006102</coordinates>
                <altitudeMode>clampToGround</altitudeMode>
            </Point>
        </Placemark>
        <Placemark id="2127">
            <styleUrl>#2128</styleUrl>
            <Point id="2126">
                <coordinates>120.26967277839036,31.495855889688073,2.5984564470127225</coordinates>
                <altitudeMode>clampToGround</altitudeMode>
            </Point>
        </Placemark>
        <Placemark id="2133">
            <styleUrl>#2134</styleUrl>
            <Point id="2132">
                <coordinates>120.26969040731585,31.495854089656643,4.674462134949863</coordinates>
                <altitudeMode>clampToGround</altitudeMode>
            </Point>
        </Placemark>
        <Placemark id="2139">
            <styleUrl>#2140</styleUrl>
            <Point id="2138">
                <coordinates>120.270021169,31.495858386000005,5.4566999999806285</coordinates>
                <altitudeMode>clampToGround</altitudeMode>
            </Point>
        </Placemark>
        <Placemark id="2145">
            <styleUrl>#2146</styleUrl>
            <Point id="2144">
                <coordinates>120.270034649,31.49586676199999,1.209999999962747</coordinates>
                <altitudeMode>clampToGround</altitudeMode>
            </Point>
        </Placemark>
        <Placemark id="2151">
            <styleUrl>#2152</styleUrl>
            <Point id="2150">
                <coordinates>120.27003904,31.495873327,-3.8025000020861626</coordinates>
                <altitudeMode>clampToGround</altitudeMode>
            </Point>
        </Placemark>
        <Placemark id="2157">
            <styleUrl>#2158</styleUrl>
            <Point id="2156">
                <coordinates>120.27005278,31.495876900999995,-8.716999999247491</coordinates>
                <altitudeMode>clampToGround</altitudeMode>
            </Point>
        </Placemark>
        <Placemark id="2163">
            <styleUrl>#2164</styleUrl>
            <Point id="2162">
                <coordinates>120.27005627,31.495879535,-10.08849999960512</coordinates>
                <altitudeMode>clampToGround</altitudeMode>
            </Point>
        </Placemark>
        <Placemark id="2169">
            <styleUrl>#2170</styleUrl>
            <Point id="2168">
                <coordinates>120.270057016,31.495875558000005,-10.871699999086559</coordinates>
                <altitudeMode>clampToGround</altitudeMode>
            </Point>
        </Placemark>
        <Placemark id="2175">
            <styleUrl>#2176</styleUrl>
            <Point id="2174">
                <coordinates>120.27006617100001,31.495881121000004,-9.950600000098348</coordinates>
                <altitudeMode>clampToGround</altitudeMode>
            </Point>
        </Placemark>
        <Placemark id="2181">
            <styleUrl>#2182</styleUrl>
            <Point id="2180">
                <coordinates>120.270082313,31.495886406999997,-12.097000000067055</coordinates>
                <altitudeMode>clampToGround</altitudeMode>
            </Point>
        </Placemark>
        <Placemark id="2187">
            <styleUrl>#2188</styleUrl>
            <Point id="2186">
                <coordinates>120.27006427600001,31.495883701,-11.199199999682605</coordinates>
                <altitudeMode>clampToGround</altitudeMode>
            </Point>
        </Placemark>
        <Placemark id="2193">
            <styleUrl>#2194</styleUrl>
            <Point id="2192">
                <coordinates>120.270064842,31.495888210999993,-12.638000000268221</coordinates>
                <altitudeMode>clampToGround</altitudeMode>
            </Point>
        </Placemark>
        <Placemark id="2199">
            <styleUrl>#2200</styleUrl>
            <Point id="2198">
                <coordinates>120.27007994999998,31.495890314,-13.48410000000149</coordinates>
                <altitudeMode>clampToGround</altitudeMode>
            </Point>
        </Placemark>
        <Placemark id="2205">
            <styleUrl>#2206</styleUrl>
            <Point id="2204">
                <coordinates>120.270081338,31.49588757100001,-13.094800000078976</coordinates>
                <altitudeMode>clampToGround</altitudeMode>
            </Point>
        </Placemark>
        <Placemark id="2211">
            <styleUrl>#2212</styleUrl>
            <Point id="2210">
                <coordinates>120.270101052,31.49589533100001,-17.382399999536574</coordinates>
                <altitudeMode>clampToGround</altitudeMode>
            </Point>
        </Placemark>
        <Placemark id="2217">
            <styleUrl>#2218</styleUrl>
            <Point id="2216">
                <coordinates>120.270086921,31.495887304,-12.368900001980364</coordinates>
                <altitudeMode>clampToGround</altitudeMode>
            </Point>
        </Placemark>
        <Placemark id="2223">
            <styleUrl>#2224</styleUrl>
            <Point id="2222">
                <coordinates>120.270097421,31.495894430999996,-16.91359999962151</coordinates>
                <altitudeMode>clampToGround</altitudeMode>
            </Point>
        </Placemark>
        <Placemark id="2229">
            <styleUrl>#2230</styleUrl>
            <Point id="2228">
                <coordinates>120.26967527982137,31.49582853675071,25.568145111203194</coordinates>
                <altitudeMode>clampToGround</altitudeMode>
            </Point>
        </Placemark>
        <Placemark id="2235">
            <styleUrl>#2236</styleUrl>
            <Point id="2234">
                <coordinates>120.2696762848323,31.49583039379053,23.2877379078418</coordinates>
                <altitudeMode>clampToGround</altitudeMode>
            </Point>
        </Placemark>
        <Placemark id="2241">
            <styleUrl>#2242</styleUrl>
            <Point id="2240">
                <coordinates>120.26968723631217,31.495653259987336,17.37185152992606</coordinates>
                <altitudeMode>clampToGround</altitudeMode>
            </Point>
        </Placemark>
        <Placemark id="2247">
            <styleUrl>#2248</styleUrl>
            <Point id="2246">
                <coordinates>120.26948506177166,31.495839615656646,13.506362135522068</coordinates>
                <altitudeMode>clampToGround</altitudeMode>
            </Point>
        </Placemark>
        <Placemark id="2253">
            <styleUrl>#2254</styleUrl>
            <Point id="2252">
                <coordinates>120.26949000075476,31.49591313987564,12.466666440479457</coordinates>
                <altitudeMode>clampToGround</altitudeMode>
            </Point>
        </Placemark>
        <Placemark id="2259">
            <styleUrl>#2260</styleUrl>
            <Point id="2258">
                <coordinates>120.26949480379938,31.495877296276614,10.997962661087513</coordinates>
                <altitudeMode>clampToGround</altitudeMode>
            </Point>
        </Placemark>
        <Placemark id="2265">
            <styleUrl>#2266</styleUrl>
            <Point id="2264">
                <coordinates>120.26950082315196,31.495822715901802,11.847753260284662</coordinates>
                <altitudeMode>clampToGround</altitudeMode>
            </Point>
        </Placemark>
        <Placemark id="2271">
            <styleUrl>#2272</styleUrl>
            <Point id="2270">
                <coordinates>120.26950173217192,31.49581445899858,11.752653651870787</coordinates>
                <altitudeMode>clampToGround</altitudeMode>
            </Point>
        </Placemark>
        <Placemark id="2277">
            <styleUrl>#2278</styleUrl>
            <Point id="2276">
                <coordinates>120.26949522814583,31.495863101305677,10.871160569600761</coordinates>
                <altitudeMode>clampToGround</altitudeMode>
            </Point>
        </Placemark>
        <Placemark id="2283">
            <styleUrl>#2284</styleUrl>
            <Point id="2282">
                <coordinates>120.26950227700348,31.495795051403324,11.806056713685393</coordinates>
                <altitudeMode>clampToGround</altitudeMode>
            </Point>
        </Placemark>
        <Placemark id="2289">
            <styleUrl>#2290</styleUrl>
            <Point id="2288">
                <coordinates>120.26950154109063,31.49582639389846,10.667353259399533</coordinates>
                <altitudeMode>clampToGround</altitudeMode>
            </Point>
        </Placemark>
        <Placemark id="2295">
            <styleUrl>#2296</styleUrl>
            <Point id="2294">
                <coordinates>120.26947967299483,31.49582273667808,9.563560365699232</coordinates>
                <altitudeMode>clampToGround</altitudeMode>
            </Point>
        </Placemark>
        <Placemark id="2301">
            <styleUrl>#2302</styleUrl>
            <Point id="2300">
                <coordinates>120.2694768609395,31.495823823673632,8.422260362654924</coordinates>
                <altitudeMode>clampToGround</altitudeMode>
            </Point>
        </Placemark>
        <Placemark id="2307">
            <styleUrl>#2308</styleUrl>
            <Point id="2306">
                <coordinates>120.26949918730124,31.495825203677214,10.191748857498169</coordinates>
                <altitudeMode>clampToGround</altitudeMode>
            </Point>
        </Placemark>
        <Placemark id="2313">
            <styleUrl>#2314</styleUrl>
            <Point id="2312">
                <coordinates>120.26949726885142,31.495863451992598,9.28944682981819</coordinates>
                <altitudeMode>clampToGround</altitudeMode>
            </Point>
        </Placemark>
        <Placemark id="2319">
            <styleUrl>#2320</styleUrl>
            <Point id="2318">
                <coordinates>120.2694980452781,31.495857498647744,8.505447091534734</coordinates>
                <altitudeMode>clampToGround</altitudeMode>
            </Point>
        </Placemark>
        <Placemark id="2325">
            <styleUrl>#2326</styleUrl>
            <Point id="2324">
                <coordinates>120.26949887507743,31.495847425842154,8.934646800160408</coordinates>
                <altitudeMode>clampToGround</altitudeMode>
            </Point>
        </Placemark>
        <Placemark id="2331">
            <styleUrl>#2332</styleUrl>
            <Point id="2330">
                <coordinates>120.26968855577289,31.495838357750724,25.009745113551617</coordinates>
                <altitudeMode>clampToGround</altitudeMode>
            </Point>
        </Placemark>
        <Placemark id="2337">
            <styleUrl>#2338</styleUrl>
            <Point id="2336">
                <coordinates>120.26969136805236,31.495834875859785,23.854125373996794</coordinates>
                <altitudeMode>clampToGround</altitudeMode>
            </Point>
        </Placemark>
        <Placemark id="2343">
            <styleUrl>#2344</styleUrl>
            <Point id="2342">
                <coordinates>120.27004075100001,31.495893642000006,-15.525100000202656</coordinates>
                <altitudeMode>clampToGround</altitudeMode>
            </Point>
        </Placemark>
    </Document>
</kml>
