time 2025/01/17 09:00:26.000
-13722767.161310 13437697.653566 18634834.429945 26000 G02
-6371690.803563 25188614.372092 -3652208.513471 49000 G07
2309485.745929 15648194.493959 21362296.004756 38000 G14
1812138.625654 25350585.482850 7374262.595556 40000 G30
-15111914.828426 19052911.604853 7820727.527220 39000 R10
-1344339.515578 14640821.814823 20844399.317132 51000 R11
-2064362.609602 21608859.409072 13420294.941569 51000 R21
-14713776.110063 39468456.740540 -1280783.806131 44000 C03
-8966674.306669 40421245.713662 -6982990.790290 44000 C06
-6458185.479970 27671099.566305 31291755.066982 50000 C07
-4309941.734590 41535833.041409 2322271.218021 33000 C09
2094815.707795 30221914.103400 29849200.102797 39000 C10
-9254978.323782 40129911.059260 -7777492.165835 45000 C16
time 2025/01/17 09:00:27.000
-13722777.065430 13435407.896312 18636559.364708 26000 G02
-6371963.620475 25188031.217995 -3655343.802508 49000 G07
2306926.298413 15649087.856934 21361893.415026 38000 G14
1811650.092147 25351450.844259 7371319.610084 40000 G30
-15112605.379381 19053742.275193 7817383.532728 39000 R10
-1346401.336277 14642795.401667 20842878.037906 51000 R11
-2064529.876306 21607019.830624 13423229.633160 51000 R21
-14713780.151901 39468454.766285 -1280740.947757 44000 C03
-8965422.107712 40421096.637363 -6985443.229958 44000 C06
-6459023.114028 27670504.557230 31292096.428519 50000 C07
-4308714.575514 41536069.309638 2319749.994776 34000 C09
2094142.573792 30221149.597249 29849999.828337 39000 C10
-9253696.573473 40129712.197595 -7779962.351962 45000 C16
time 2025/01/17 09:00:28.000
-13722787.091100 13433117.932509 18638283.911867 27000 G02
-6372236.415713 25187447.681713 -3658479.010853 49000 G07
2304366.944509 15649981.344328 21361490.371917 38000 G14
1811161.655488 25352315.866431 7368376.466037 40000 G30
-15113295.528171 19054572.691891 7814039.351266 38000 R10
-1348462.843969 14644769.015459 20841356.258114 51000 R11
-2064697.372796 21605179.873359 13426164.002797 51000 R21
-14713784.193894 39468452.792275 -1280698.082563 44000 C03
-8964169.929907 40420947.375734 -6987895.632010 44000 C06
-6459860.835108 27669909.671415 31292437.624877 50000 C07
-4307487.381426 41536305.393445 2317228.758889 33000 C09
2093469.328584 30220385.193389 29850799.399195 39000 C10
-9252414.851282 40129513.145111 -7782432.495962 45000 C16
time 2025/01/17 09:00:29.000
-13722797.238352 13430827.762292 18640008.071328 27000 G02
-6372509.189327 25186863.763248 -3661614.138436 49000 G07
2301807.684284 15650874.956108 21361086.875439 38000 G14
9187730.147963 20958126.798291 13707280.957842 0 G17
1810673.315637 25353180.549337 7365433.163472 40000 G30
-15113985.274823 19055402.854877 7810694.982895 38000 R10
-1350524.038613 14646742.656118 20839833.977791 51000 R11
-2064865.099125 21603339.537345 13429098.050411 51000 R21
-14713788.236042 39468450.818510 -1280655.210549 44000 C03
-8962917.773278 40420797.928776 -6990347.996437 45000 C06
-6460698.643192 27669314.908873 31292778.656053 50000 C07
-4306260.152353 41536541.292827 2314707.510372 33000 C09
2092795.972186 30219620.891838 29851598.815365 40000 C10
-9251133.157236 40129313.901812 -7784902.597818 46000 C16
time 2025/01/17 09:00:30.000
-13722807.507219 13428537.385677 18641731.843088 25000 G02
-6372781.941367 25186279.462604 -3664749.185190 49000 G07
2299248.517800 15651768.692246 21360682.925599 38000 G14
9186337.084917 20957162.846694 13709782.513726 0 G17
1810185.072551 25354044.892945 7362489.702457 40000 G30
-15114674.619362 19056232.764078 7807350.427700 38000 R10
-1352584.920168 14648716.323562 20838311.196972 51000 R11
-2065033.055344 21601498.822647 13432031.775933 51000 R21
-14713792.278345 39468448.844992 -1280612.331715 43000 C03
-8961665.637857 40420648.296494 -6992800.323216 44000 C06
-6461536.538262 27668720.269618 31293119.522045 50000 C07
-4305032.888325 41536777.007775 2312186.249245 33000 C09
2092122.504614 30218856.692612 29852398.076844 39000 C10
-9249851.491362 40129114.467702 -7787372.657523 45000 C16
time 2025/01/17 09:00:31.000
-13722817.897731 13426246.802716 18643455.227115 26000 G02
-6373054.671884 25185694.779784 -3667884.151042 49000 G07
2296689.445091 15652662.552720 21360278.522401 38000 G14
9184943.737182 20956198.769608 13712283.781707 33000 G17
1809696.926189 25354908.897229 7359546.083050 40000 G30
-15115363.561807 19057062.419413 7804005.685781 38000 R10
-1354645.488590 14650690.017707 20836787.915696 51000 R11
-2065201.241507 21599657.729336 13434965.179291 51000 R21
-14713796.320803 39468446.871719 -1280569.446060 43000 C03
-8960413.523667 40420498.478889 -6995252.612341 44000 C06
-6462374.520299 27668125.753661 31293460.222852 50000 C07
-4303805.589364 41537012.538286 2309664.975512 32000 C09
2091448.925882 30218092.595727 29853197.183626 39000 C10
-9248569.853687 40128914.842785 -7789842.675062 45000 C16
time 2025/01/17 09:00:32.000
-13722828.409920 13423956.013465 18645178.223374 27000 G02
-6373327.380928 25185109.714788 -3671019.035939 49000 G07
2294130.466226 15653556.537499 21359873.665855 38000 G14
9183550.104821 20955234.567131 13714784.761631 33000 G17
1809208.876506 25355772.562163 7356602.305297 40000 G30
-15116052.102189 19057891.820818 7800660.757185 39000 R10
-1356705.743846 14652663.738479 20835264.133991 51000 R11
-2065369.657666 21597816.257470 13437898.260427 51000 R21
-14713800.363416 39468444.898693 -1280526.553586 44000 C03
-8959161.430731 40420348.475965 -6997704.863807 45000 C06
-6463212.589289 27667531.361013 31293800.758473 50000 C07
-4302578.255495 41537247.884354 2307143.689180 32000 C09
2090775.236003 30217328.601196 29853996.135709 39000 C10
-9247288.244235 40128715.027063 -7792312.650429 46000 C16
time 2025/01/17 09:00:33.000
-13722839.043819 13421665.017974 18646900.831836 27000 G02
-6373600.068553 25184524.267616 -3674153.839829 49000 G07
2291571.581249 15654450.646559 21359468.355965 37000 G14
9182156.187791 20954270.239291 13717285.453529 33000 G17
1808720.923461 25356635.887717 7353658.369265 40000 G30
-15116740.240537 19058720.968223 7797315.641975 39000 R10
-1358765.685908 14654637.485811 20833739.851883 51000 R11
-2065538.303874 21595974.407106 13440831.019292 51000 R21
-14713804.406183 39468442.925912 -1280483.654292 44000 C03
-8957909.359066 40420198.287723 -7000157.077621 44000 C06
-6464050.745221 27666937.091681 31294141.128908 50000 C07
-4301350.886736 41537483.045976 2304622.390247 32000 C09
2090101.434986 30216564.709029 29854794.933098 39000 C10
-9246006.663024 40128515.020540 -7794782.583632 46000 C16
time 2025/01/17 09:00:34.000
-13722849.799458 13419373.816289 18648623.052476 27000 G02
-6373872.734806 25183938.438272 -3677288.562629 49000 G07
2289012.790219 15655344.879871 21359062.592739 37000 G14
9180761.986120 20953305.786162 13719785.857313 33000 G17
1808233.067010 25357498.873863 7350714.275010 40000 G30
-15117427.976871 19059549.861548 7793970.340250 39000 R10
-1360825.314721 14656611.259605 20832215.069419 51000 R11
-2065707.180181 21594132.178321 13443763.455798 51000 R21
-14713808.449105 39468440.953376 -1280440.748179 44000 C03
-8956657.308709 40420047.914168 -7002609.253753 44000 C06
-6464888.988071 27666342.945683 31294481.334155 50000 C07
-4300123.483116 41537718.023144 2302101.078732 32000 C09
2089427.522851 30215800.919246 29855593.575782 39000 C10
-9244725.110090 40128314.823220 -7797252.474642 45000 C16
time 2025/01/17 09:00:35.000
-13722860.676871 13417082.408460 18650344.885263 28000 G02
-6374145.379737 25183352.226764 -3680423.204255 49000 G07
2286454.093216 15656239.237401 21358656.376188 37000 G14
9179367.499806 20952341.207800 13722285.972938 33000 G17
1807745.307116 25358361.520566 7347770.022610 40000 G30
-15118115.311214 19060378.500719 7790624.852100 39000 R10
-1362884.630235 14658585.059774 20830689.786640 51000 R11
-2065876.286641 21592289.571190 13446695.569864 51000 R21
-14713812.492181 39468438.981087 -1280397.835247 44000 C03
-8955405.279690 40419897.355302 -7005061.392179 45000 C06
-6465727.317819 27665748.923032 31294821.374209 50000 C07
-4298896.044679 41537952.815852 2299579.754680 32000 C09
2088753.499613 30215037.231866 29856392.063753 40000 C10
-9243443.585467 40128114.435109 -7799722.323432 46000 C16
time 2025/01/17 09:00:36.000
-13722871.676087 13414790.794579 18652066.330136 27000 G02
-6374418.003394 25182765.633099 -3683557.764611 49000 G07
2283895.490307 15657133.719114 21358249.706321 37000 G14
9177972.728862 20951376.504269 13724785.800343 32000 G17
1807257.643739 25359223.827792 7344825.612147 41000 G30
-15118802.243584 19061206.885655 7787279.177630 39000 R10
-1364943.632394 14660558.886222 20829164.003593 51000 R11
-2066045.623302 21590446.585793 13449627.361399 50000 R21
-14713816.535412 39468437.009043 -1280354.915496 44000 C03
-8954153.272048 40419746.611131 -7007513.492869 45000 C06
-6466565.734440 27665155.023746 31295161.249067 50000 C07
-4297668.571448 41538187.424093 2297058.418099 31000 C09
2088079.365293 30214273.646911 29857190.397003 40000 C10
-9242162.089190 40127913.856211 -7802192.129975 46000 C16
time 2025/01/17 09:00:37.000
-13722882.797139 13412498.974746 18653787.387028 27000 G02
-6374690.605827 25182178.657282 -3686692.243613 49000 G07
2281336.981577 15658028.324974 21357842.583150 36000 G14
9176577.673303 20950411.675634 13727285.339458 30000 G17
1806770.076840 25360085.795507 7341881.043699 40000 G30
-15119488.774002 19062035.016276 7783933.316943 39000 R10
-1367002.321141 14662532.738849 20827637.720325 51000 R11
-2066215.190217 21588603.222213 13452558.830313 50000 R21
-14713820.578798 39468435.037245 -1280311.988927 44000 C03
-8952901.285814 40419595.681659 -7009965.555794 45000 C06
-6467404.237910 27664561.247841 31295500.958723 50000 C07
-4296441.063466 41538421.847859 2294537.069034 31000 C09
2087405.119911 30213510.164402 29857988.575521 39000 C10
-9240880.621296 40127713.086531 -7804661.894241 45000 C16
time 2025/01/17 09:00:38.000
-13722894.040059 13410206.948951 18655508.055953 26000 G02
-6374963.187085 25181591.299315 -3689826.641207 49000 G07
2278778.567063 15658923.054960 21357435.006679 36000 G14
9175182.333128 20949446.721951 13729784.590240 29000 G17
1806282.606372 25360947.423690 7338936.317298 41000 G30
-15120174.902495 19062862.892513 7780587.270103 39000 R10
-1369060.696447 14664506.617589 20826110.936864 51000 R11
-2066384.987438 21586759.480504 13455489.976555 50000 R21
-14713824.622338 39468433.065693 -1280269.055541 44000 C03
-8951649.321010 40419444.566886 -7012417.580957 45000 C06
-6468242.828219 27663967.595325 31295840.503180 50000 C07
-4295213.520752 41538656.087146 2292015.707482 30000 C09
2086730.763477 30212746.784349 29858786.599308 39000 C10
-9239599.181805 40127512.126073 -7807131.616231 45000 C16
time 2025/01/17 09:00:39.000
-13722905.404879 13407914.717262 18657228.336871 25000 G02
-6375235.747223 25181003.559196 -3692960.957341 49000 G07
2276220.246810 15659817.909048 21357026.976913 36000 G14
9173786.708331 20948481.643273 13732283.552658 28000 G17
1805795.232295 25361808.712311 7335991.433010 41000 G30
-15120860.629091 19063690.514295 7777241.037177 39000 R10
-1371118.758278 14666480.522366 20824583.653239 51000 R11
-2066555.015018 21584915.360728 13458420.800065 50000 R21
-14713828.666033 39468431.094387 -1280226.115336 44000 C03
-8950397.377656 40419293.266817 -7014869.568356 44000 C06
-6469081.505350 27663374.066210 31296179.882435 50000 C07
-4293985.943317 41538890.141951 2289494.333429 31000 C09
2086056.296004 30211983.506766 29859584.468362 39000 C10
-9238317.770739 40127310.974839 -7809601.295944 45000 C16
time 2025/01/17 09:00:40.000
-13722916.891629 13405622.279766 18658948.229723 24000 G02
-6375508.286289 25180415.436930 -3696095.191945 49000 G07
2273662.020878 15660712.887208 21356618.493861 35000 G14
9172390.798905 20947516.439650 13734782.226682 28000 G17
1805307.954565 25362669.661341 7333046.390896 41000 G30
-15121545.953819 19064517.881554 7773894.618224 38000 R10
-1373176.506596 14668454.453100 20823055.869484 51000 R11
-2066725.273010 21583070.862949 13461351.300779 50000 R21
-14713832.709882 39468429.123326 -1280183.168314 44000 C03
-8949145.455779 40419141.781453 -7017321.517980 45000 C06
-6469920.269286 27662780.660506 31296519.096487 50000 C07
-4292758.331204 41539124.012266 2286972.946912 30000 C09
2085381.717503 30211220.331667 29860382.182683 40000 C10
-9237036.388125 40127109.632834 -7812070.933369 45000 C16
time 2025/01/17 09:00:41.000
-13722928.500342 13403329.636435 18660667.734537 23000 G02
-6375780.804333 25179826.932518 -3699229.344950 49000 G07
2271103.889327 15661607.989412 21356209.557530 35000 G14
9170994.604808 20946551.111108 13737280.612347 27000 G17
1804820.773141 25363530.270751 7330101.191017 41000 G30
-15122230.876700 19065344.994212 7770548.013337 38000 R10
-1375233.941357 14670428.409708 20821527.585637 51000 R11
-2066895.761464 21581225.987235 13464281.478626 50000 R21
-14713836.753885 39468427.152511 -1280140.214474 44000 C03
-8947893.555404 40418990.110798 -7019773.429817 45000 C06
-6470759.120010 27662187.378226 31296858.145335 50000 C07
-4291530.684433 41539357.698086 2284451.547939 30000 C09
2084707.027991 30210457.259068 29861179.742264 40000 C10
-9235755.033989 40126908.100060 -7814540.528492 45000 C16
time 2025/01/17 09:00:42.000
-13722940.231049 13401036.787419 18662386.851210 23000 G02
-6376053.301408 25179238.045964 -3702363.416291 49000 G07
2268545.852222 15662503.215628 21355800.167929 35000 G14
9169598.126142 20945585.657773 13739778.709426 29000 G17
1804333.687982 25364390.540510 7327155.833440 42000 G30
-15122915.397759 19066171.852197 7767201.222592 38000 R10
-1377291.062520 14672402.392108 20819998.801733 51000 R11
-2067066.480433 21579380.733653 13467211.333538 50000 R21
-14713840.798042 39468425.181942 -1280097.253816 44000 C03
-8946641.676560 40418838.254855 -7022225.303853 45000 C06
-6471598.057505 27661594.219383 31297197.028977 50000 C07
-4290303.003019 41539591.199409 2281930.136494 30000 C09
2084032.227483 30209694.288984 29861977.147101 39000 C10
-9234473.708361 40126706.376522 -7817010.081300 46000 C16
time 2025/01/17 09:00:43.000
-13722952.083783 13398743.732746 18664105.579729 24000 G02
-6376325.777561 25178648.777271 -3705497.405895 49000 G07
2265987.909583 15663398.565841 21355390.325059 34000 G14
9168201.362914 20944620.079707 13742276.517865 25000 G17
1803846.699046 25365250.470590 7324210.318225 42000 G30
-15123599.517022 19066998.455435 7763854.246072 37000 R10
-1379347.870044 14674376.400220 20818469.517809 51000 R11
-2067237.429970 21577535.102273 13470140.865443 50000 R21
-14713844.842354 39468423.211619 -1280054.286342 44000 C03
-8945389.819273 40418686.213626 -7024677.140077 45000 C06
-6472437.081752 27661001.183989 31297535.747412 50000 C07
-4289075.286992 41539824.516227 2279408.712601 29000 C09
2083357.315993 30208931.421434 29862774.397190 40000 C10
-9233192.411266 40126504.462224 -7819479.591784 46000 C16
time 2025/01/17 09:00:44.000
-6376598.232845 25178059.126443 -3708631.313690 49000 G07
2263430.061531 15664294.040001 21354980.028938 34000 G14
9166804.315089 20943654.376942 13744774.037682 23000 G17
1803359.806289 25366110.060962 7321264.645430 42000 G30
-15124283.234512 19067824.803851 7760507.083861 37000 R10
-1381404.363885 14676350.433957 20816939.733901 51000 R11
-2067408.610125 21575689.093162 13473070.074270 49000 R21
-14713848.886820 39468421.241541 -1280011.312050 44000 C03
-8944137.983569 40418533.987116 -7027128.938474 45000 C06
-6473276.192732 27660408.272056 31297874.300636 50000 C07
-4287847.536396 41540057.648533 2276887.276305 29000 C09
2082682.293536 30208168.656429 29863571.492528 40000 C10
-9231911.142735 40126302.357170 -7821949.059922 45000 C16
time 2025/01/17 09:00:45.000
-6376870.667310 25177469.093478 -3711765.139632 49000 G07
2260872.308064 15665189.638100 21354569.279563 33000 G14
1802873.009669 25366969.311601 7318318.815105 42000 G30
-15124966.550259 19068650.897379 7757159.736005 37000 R10
-1383460.544014 14678324.493250 20815409.450038 51000 R11
-2067580.020952 21573842.706376 13475998.959968 49000 R21
-14713852.931440 39468419.271709 -1279968.330942 44000 C03
-8942886.169470 40418381.575327 -7029580.699045 45000 C06
-6474115.390436 27659815.483593 31298212.688650 50000 C07
-4286619.751234 41540290.596324 2274365.827570 29000 C09
2082007.160122 30207405.993984 29864368.433115 40000 C10
-9230629.902787 40126100.061363 -7824418.485723 46000 C16
time 2025/01/17 09:00:46.000
-6377143.081010 25176878.678377 -3714898.883665 49000 G07
2258314.649226 15666085.360114 21354158.076942 33000 G14
1802386.309140 25367828.222482 7315372.827297 42000 G30
-15125649.464292 19069476.735948 7753812.202575 36000 R10
-1385516.410403 14680298.578030 20813878.666245 51000 R11
-2067751.662504 21571995.941972 13478927.522487 49000 R21
-14713856.976215 39468417.302123 -1279925.343016 44000 C03
-8941634.376992 40418228.978259 -7032032.421795 45000 C06
-6474954.674847 27659222.818610 31298550.911455 50000 C07
-4285391.931537 41540523.359596 2271844.366422 29000 C09
2081331.915762 30206643.434109 29865165.218951 40000 C10
-9229348.691440 40125897.574805 -7826887.869186 46000 C16
time 2025/01/17 09:00:47.000
-6377415.473989 25176287.881152 -3718032.545675 49000 G07
2255757.085127 15666981.205996 21353746.421088 33000 G14
1801899.704669 25368686.793563 7312426.682115 43000 G30
-15126331.976624 19070302.319473 7750464.483699 36000 R10
-1387571.962978 14682272.688184 20812347.382582 51000 R11
-2067923.534831 21570148.800047 13481855.761709 48000 R21
-14713861.021143 39468415.332783 -1279882.348275 44000 C03
-8940382.606185 40418076.195920 -7034484.106668 45000 C06
-6475794.045936 27658630.277128 31298888.969044 50000 C07
-4284164.077344 41540755.938339 2269322.892895 28000 C09
2080656.560483 30205880.976832 29865961.850019 40000 C10
-9228067.508743 40125694.897502 -7829357.210262 46000 C16
time 2025/01/17 09:00:48.000
-6377687.846297 25175696.701806 -3721166.125587 49000 G07
2253199.615839 15667877.175714 21353334.312013 33000 G14
1801413.196213 25369545.024814 7309480.379619 43000 G30
-15127014.087280 19071127.647878 7747116.579463 36000 R10
-1389627.201692 14684246.823624 20810815.599090 51000 R11
-2068095.637982 21568301.280672 13484783.677559 48000 R21
-14713865.066225 39468413.363688 -1279839.346718 44000 C03
-8939130.857074 40417923.228312 -7036935.753656 45000 C06
-6476633.503684 27658037.859159 31299226.861413 50000 C07
-4282936.188684 41540988.332548 2266801.407007 28000 C09
2079981.094299 30205118.622170 29866758.326314 40000 C10
-9226786.354726 40125492.029461 -7831826.508933 46000 C16
time 2025/01/17 09:00:49.000
-6377960.197989 25175105.140337 -3724299.623369 49000 G07
2250642.241369 15668773.269255 21352921.749715 34000 G14
1800926.783725 25370402.916215 7306533.919838 43000 G30
-15127695.796292 19071952.721099 7743768.489905 35000 R10
-1391682.126529 14686220.984293 20809283.315785 51000 R11
-2068267.972013 21566453.383893 13487711.270002 48000 R21
-14713869.111462 39468411.394839 -1279796.338344 44000 C03
-8937879.129676 40417770.075436 -7039387.362765 45000 C06
-6477473.048083 27657445.564710 31299564.588566 50000 C07
-4281708.265564 41541220.542222 2264279.908734 28000 C09
2079305.517217 30204356.370128 29867554.647843 40000 C10
-9225505.229400 40125288.970681 -7834295.765216 46000 C16
time 2025/01/17 09:00:50.000
-6378232.529112 25174513.196754 -3727433.038913 49000 G07
2248084.961824 15669669.486576 21352508.734210 33000 G14
1800440.467169 25371260.467728 7303587.302873 43000 G30
-15128377.103675 19072777.539052 7740420.215155 36000 R10
-1393736.737423 14688195.170084 20807750.532723 51000 R11
-2068440.536974 21564605.109798 13490638.538936 47000 R21
-14713873.156852 39468409.426236 -1279753.323156 44000 C03
-8936627.424027 40417616.737298 -7041838.933961 45000 C06
-6478312.679103 27656853.393801 31299902.150496 50000 C07
-4280480.308041 41541452.567348 2261758.398149 28000 C09
2078629.829261 30203594.220734 29868350.814589 40000 C10
-9224224.132810 40125085.721170 -7836764.979065 46000 C16
time 2025/01/17 09:00:51.000
-6378504.839715 25173920.871059 -3730566.372157 49000 G07
2245527.777237 15670565.827655 21352095.265501 34000 G14
1799954.246502 25372117.679325 7300640.528778 43000 G30
-15129058.009459 19073602.101669 7737071.755268 36000 R10
-1395791.034337 14690169.380921 20806217.249936 51000 R11
-2068613.332916 21562756.458452 13493565.484298 47000 R21
-14713877.202396 39468407.457878 -1279710.301152 44000 C03
-8935375.740154 40417463.213900 -7044290.467236 45000 C06
-6479152.396732 27656261.346441 31300239.547203 50000 C07
-4279252.316125 41541684.407925 2259236.875232 26000 C09
2077954.030440 30202832.173998 29869146.826555 40000 C10
-9222943.064979 40124882.280930 -7839234.150478 46000 C16
time 2025/01/17 09:00:52.000
-6378777.129852 25173328.163252 -3733699.623055 49000 G07
2242970.687666 15671462.292464 21351681.343597 33000 G14
1799468.121681 25372974.550978 7297693.597605 43000 G30
-15129738.513671 19074426.408878 7733723.110311 35000 R10
-1397845.017242 14692143.616732 20804683.467451 51000 R11
-2068786.359892 21560907.429912 13496492.106034 47000 R21
-14713881.248095 39468405.489766 -1279667.272332 44000 C03
-8934124.078077 40417309.505244 -7046741.962588 45000 C06
-6479992.200955 27655669.422641 31300576.778686 50000 C07
-4278024.289841 41541916.063947 2256715.339991 26000 C09
2077278.120769 30202070.229933 29869942.683738 40000 C10
-9221662.025928 40124678.649966 -7841703.279452 45000 C16
time 2025/01/17 09:00:53.000
-6379049.399569 25172735.073342 -3736832.791501 49000 G07
2240413.693185 15672358.880968 21351266.968508 34000 G14
1798982.092666 25373831.082656 7294746.509435 44000 G30
-15130418.616330 19075250.460599 7730374.280398 35000 R10
-1399898.686073 14694117.877413 20803149.185323 51000 R11
-2068959.617953 21559058.024264 13499418.404045 47000 R21
-14713885.293946 39468403.521900 -1279624.236699 44000 C03
-8932872.437835 40417155.611336 -7049193.419980 45000 C06
-6480832.091745 27655077.622418 31300913.844940 50000 C07
-4276796.229230 41542147.535406 2254193.792471 27000 C09
2076602.100268 30201308.388564 29870738.386126 40000 C10
-9220381.015698 40124474.828281 -7844172.365952 45000 C16
time 2025/01/17 09:00:54.000
-6379321.648920 25172141.601327 -3739965.877453 49000 G07
2237856.793845 15673255.593143 21350852.140240 34000 G14
1798496.159412 25374687.274333 7291799.264308 44000 G30
-15131098.317465 19076074.256764 7727025.265581 35000 R10
-1401952.040807 14696092.162899 20801614.403573 51000 R11
-2069133.107151 21557208.241563 13502344.378283 47000 R21
-14713889.339952 39468401.554280 -1279581.194250 44000 C03
-8931620.819444 40417001.532176 -7051644.839420 45000 C06
-6481672.069092 27654485.945779 31301250.745967 50000 C07
-4275568.134306 41542378.822300 2251672.232654 26000 C09
2075925.968948 30200546.649899 29871533.933720 40000 C10
-9219100.034304 40124270.815880 -7846641.409985 45000 C16
time 2025/01/17 09:00:55.000
-6379593.877953 25171547.747213 -3743098.880833 49000 G07
2235299.989695 15674152.428961 21350436.858799 34000 G14
1798010.321880 25375543.125978 7288851.862300 44000 G30
-15131777.617100 19076897.797298 7723676.065951 35000 R10
-1404005.081397 14698066.473103 20800079.122243 51000 R11
-2069306.827538 21555358.081879 13505270.028674 47000 R21
-14713893.386111 39468399.586905 -1279538.144987 44000 C03
-8930369.222935 40416847.267769 -7054096.220890 45000 C06
-6482512.132975 27653894.392741 31301587.481763 50000 C07
-4274340.005098 41542609.924622 2249150.660562 26000 C09
2075249.726823 30199785.013957 29872329.326516 40000 C10
-9217819.081779 40124066.612766 -7849110.411531 45000 C16
time 2025/01/17 09:22:35.000
-6734648.600098 24079367.175211 -7720764.144657 49000 G07
-987268.394206 16932765.865766 20431350.615567 48000 G14
7093876.554390 19592624.177597 16752490.244017 42000 G17
1231402.939461 26191261.824457 3348080.394235 42000 G30
-3794076.271527 17254523.963538 18396637.379665 51000 R11
-10233665.246264 2079588.366934 23286555.581137 0 R20
-2507843.261007 18858029.955668 17009972.903057 50000 R21
6730405.490845 24595422.119512 -248503.706301 39000 R22
-14719266.654878 39466047.707212 -1217899.613438 47000 C03
-7331668.599024 40061279.856778 -10203959.414354 35000 C06
-7640956.845929 26993665.760875 31599029.706668 45000 C07
-18927179.239972 28197229.029780 -25145696.131084 39000 C08
-2658782.896443 41685404.282912 -1034225.393703 35000 C09
1108160.081230 29302088.222870 30773953.513542 41000 C10
-7587141.902333 39699281.653090 -11017985.248393 38000 C16
time 2025/01/17 09:22:36.000
-6734936.565788 24078284.335242 -7723731.254362 49000 G07
-989654.027955 16933795.349905 20430355.876695 48000 G14
7092114.989164 19591545.728008 16754567.844527 43000 G17
1231004.379556 26191654.869457 3344983.441604 42000 G30
-3795691.808364 17256458.378805 18394487.573433 51000 R11
-10234458.503734 2076499.086053 23286486.522886 0 R20
-2508355.991267 18855752.066411 17012420.832814 50000 R21
6730572.716508 24595416.516641 -244932.134403 38000 R22
-14719270.862588 39466046.054279 -1217847.905246 47000 C03
-7330468.178846 40060888.710271 -10206350.289457 35000 C06
-7641893.611105 26993244.607837 31599150.202638 45000 C07
-18927452.527150 28198825.276226 -25143711.180680 39000 C08
-2657533.296344 41685392.039778 -1036751.279477 35000 C09
1107353.094450 29301472.850977 30774544.168119 41000 C10
-7585921.845919 39698834.217561 -11020387.694906 37000 C16
time 2025/01/17 09:22:37.000
-6735224.575418 24077201.129694 -7726698.192207 48000 G07
-992039.495743 16934824.911584 20429360.702904 48000 G14
7090353.156475 19590467.230978 16756645.095565 43000 G17
1230605.856924 26192047.546536 3341886.416767 42000 G30
-3797306.992098 17258392.706938 18392337.325307 51000 R11
-10235252.020822 2073409.882150 23286416.906291 0 R20
-2508869.006943 18853473.900055 17014868.354512 50000 R21
6730739.815311 24595410.428931 -241360.556633 38000 R22
-14719275.070392 39466044.401583 -1217796.190568 47000 C03
-7329267.815229 40060497.385966 -10208741.109578 35000 C06
-7642830.437954 26992823.592366 31599270.531664 45000 C07
-18927725.582183 28200421.563495 -25141726.097452 39000 C08
-2656283.697656 41685379.608274 -1039277.159579 35000 C09
1106546.018076 29300857.600541 30775134.662976 40000 C10
-7584701.853983 39698386.599972 -11022790.081660 38000 C16
time 2025/01/17 09:22:38.000
-6735512.629039 24076117.558585 -7729664.958134 48000 G07
-994424.797531 16935854.550762 20428365.094211 48000 G14
7088591.056339 19589388.686562 16758721.997096 43000 G17
1230207.371518 26192439.855684 3338789.319785 42000 G30
-3798921.822714 17260326.947854 18390186.635337 51000 R11
-10236045.797504 2070320.755316 23286346.731354 0 R20
-2509382.308067 18851195.456684 17017315.468093 50000 R21
6730906.787182 24595403.856399 -237788.973072 38000 R22
-14719279.278292 39466042.749122 -1217744.469402 47000 C03
-7328067.508195 40060105.883871 -10211131.874707 35000 C06
-7643767.326459 26992402.714471 31599390.693744 45000 C07
-18927998.405064 28202017.891561 -25139740.881402 39000 C08
-2655034.100401 41685366.988397 -1041803.034003 35000 C09
1105738.852126 29300242.471573 30775724.998110 40000 C10
-7583481.926551 39697938.800330 -11025192.408643 37000 C16
time 2025/01/17 09:22:39.000
-6735800.726699 24075033.621930 -7732631.552096 48000 G07
-996809.933281 16936884.267405 20427369.050630 48000 G14
7086828.688764 19588310.094809 16760798.549094 43000 G17
1229808.923288 26192831.796888 3335692.150706 42000 G30
-3800536.300206 17262261.101479 18388035.503556 51000 R11
-10236839.833759 2067231.705623 23286275.998076 0 R20
-2509895.894674 18848916.736363 17019762.173516 50000 R21
6731073.632047 24595396.799065 -234217.383780 39000 R22
-14719283.486287 39466041.096898 -1217692.741751 47000 C03
-7326867.257758 40059714.203989 -10213522.584857 35000 C06
-7644704.276605 26991981.974157 31599510.688879 45000 C07
-18928270.995790 28203614.260403 -25137755.532526 39000 C08
-2653784.504600 41685354.180149 -1044328.902751 35000 C09
1104931.596611 29299627.464081 30776315.173523 40000 C10
-7582262.063642 39697490.818642 -11027594.675858 37000 C16
time 2025/01/17 09:22:40.000
-6736088.868446 24073949.319751 -7735597.974024 48000 G07
-999194.902946 16937914.061472 20426372.572181 48000 G14
7085066.053770 19587231.455776 16762874.751519 43000 G17
1229410.512186 26193223.370136 3332594.909601 42000 G30
-3802150.424557 17264195.167726 18385883.930016 51000 R11
-10237634.129557 2064142.733182 23286204.706458 0 R20
-2510409.766795 18846637.739175 17022208.470726 49000 R21
6731240.349834 24595389.256948 -230645.788830 40000 R22
-14719287.694377 39466039.444910 -1217641.007613 47000 C03
-7325667.063946 40059322.346329 -10215913.240012 35000 C06
-7645641.288374 26991561.371433 31599630.517068 45000 C07
-18928543.354354 28205210.669983 -25135770.050839 38000 C08
-2652534.910283 41685341.183528 -1046854.765803 34000 C09
1104124.251547 29299012.578079 30776905.189212 40000 C10
-7581042.265281 39697042.654917 -11029996.883293 37000 C16
time 2025/01/17 09:22:41.000
-6736377.054324 24072864.652085 -7738564.223814 48000 G07
-1001579.706446 16938943.932909 20425375.658897 48000 G14
7083303.151402 19586152.769536 16764950.604300 44000 G17
1229012.138171 26193614.575410 3329497.596569 42000 G30
-3803764.195728 17266129.146481 18383731.914798 51000 R11
-10238428.684863 2061053.838126 23286132.856505 0 R20
-2510923.924452 18844358.465237 17024654.359628 49000 R21
6731406.940466 24595381.230066 -227074.188369 41000 R22
-14719291.902562 39466037.793159 -1217589.266990 47000 C03
-7324466.926806 40058930.310907 -10218303.840118 35000 C06
-7646578.361732 26991140.906314 31599750.178308 45000 C07
-18928815.480747 28206807.120246 -25133784.436377 39000 C08
-2651285.317489 41685327.998535 -1049380.623123 34000 C09
1103316.816965 29298397.813587 30777495.045166 40000 C10
-7579822.531510 39696594.309169 -11032399.030908 37000 C16
time 2025/01/17 09:22:42.000
-6736665.284383 24071779.618943 -7741530.301427 48000 G07
-1003964.343752 16939973.881682 20424378.310790 48000 G14
7081539.981669 19585074.036138 16767026.107412 44000 G17
1228613.801192 26194005.412699 3326400.211658 42000 G30
-3805377.613716 17268063.037674 18381579.457934 51000 R11
-10239223.499664 2057965.020499 23286060.448216 0 R20
-2511438.367683 18842078.914610 17027099.840189 49000 R21
6731573.403871 24595372.718439 -223502.582447 41000 R22
-14719296.110842 39466036.141644 -1217537.519881 47000 C03
-7323266.846345 40058538.097725 -10220694.385197 35000 C06
-7647515.496667 26990720.578805 31599869.672601 45000 C07
-18929087.374967 28208403.611176 -25131798.689130 39000 C08
-2650035.726239 41685314.625169 -1051906.474708 34000 C09
1102509.292875 29297783.170613 30778084.741385 40000 C10
-7578602.862340 39696145.781403 -11034801.118717 37000 C16
time 2025/01/17 09:22:43.000
-6736953.558671 24070694.220347 -7744496.206796 48000 G07
-1006348.814819 16941003.907751 20423380.527879 48000 G14
7079776.544586 19583995.255638 16769101.260820 44000 G17
1228215.501201 26194395.881991 3323302.754925 42000 G30
-3806990.678506 17269996.841218 18379426.559473 51000 R11
-10240018.573929 2054876.280413 23285987.481595 0 R20
-2511953.096518 18839799.087379 17029544.912349 50000 R21
6731739.739976 24595363.722086 -219930.971141 42000 R22
-14719300.319216 39466034.490365 -1217485.766288 47000 C03
-7322066.822595 40058145.706793 -10223084.875225 35000 C06
-7648452.693162 26990300.388914 31599988.999945 45000 C07
-18929359.037006 28210000.142733 -25129812.809115 39000 C08
-2648786.136555 41685301.063430 -1054432.320558 34000 C09
1101701.679293 29297168.649169 30778674.277868 40000 C10
-7577383.257806 39695697.071631 -11037203.146692 37000 C16
time 2025/01/17 09:22:44.000
-6737241.877234 24069608.456322 -7747461.939844 49000 G07
-1008733.119583 16942034.011069 20422382.310188 48000 G14
7078012.840188 19582916.428100 16771176.064467 44000 G17
1227817.238151 26194785.983273 3320205.226447 41000 G30
-3808603.390072 17271930.557019 18377273.219476 51000 R11
-10240813.907636 2051787.617953 23285913.956642 0 R20
-2512468.110986 18837518.983635 17031989.576042 50000 R21
6731905.948706 24595354.241026 -216359.354558 42000 R22
-14719304.527686 39466032.839322 -1217434.006209 47000 C03
-7320866.855582 40057753.138118 -10225475.310193 35000 C06
-7649389.951190 26989880.336652 31600108.160340 45000 C07
-18929630.466857 28211596.714883 -25127826.796343 39000 C08
-2647536.548477 41685287.313318 -1056958.160634 34000 C09
1100893.976240 29296554.249270 30779263.654610 40000 C10
-7576163.717933 39695248.179860 -11039605.114823 37000 C16
time 2025/01/17 09:22:45.000
-6737530.240122 24068522.326886 -7750427.500519 49000 G07
-1011117.258011 16943064.191602 20421383.657732 48000 G14
7076248.868484 19581837.553576 16773250.518324 44000 G17
1227419.011995 26195175.716531 3317107.626280 41000 G30
-3810215.748407 17273864.184998 18375119.437983 51000 R11
-10241609.500751 2048699.033242 23285839.873361 0 R20
-2512983.411120 18835238.603451 17034433.831222 49000 R21
6732072.029989 24595344.275277 -212787.732756 43000 R22
-14719308.736250 39466031.188516 -1217382.239646 47000 C03
-7319666.945329 40057360.391709 -10227865.690089 35000 C06
-7650327.270739 26989460.422025 31600227.153784 45000 C07
-18929901.664518 28213193.327600 -25125840.650816 39000 C08
-2646286.962024 41685273.374833 -1059483.994940 34000 C09
1100086.183730 29295939.970926 30779852.871609 40000 C10
-7574944.242746 39694799.106100 -11042007.023102 36000 C16
time 2025/01/17 09:22:46.000
-6737818.647380 24067435.832069 -7753392.888729 49000 G07
-1013501.230034 16944094.449300 20420384.570540 48000 G14
7074484.629504 19580758.632128 16775324.622341 44000 G17
1227020.822689 26195565.081751 3314009.954515 41000 G30
-3811827.753479 17275797.725052 18372965.215065 51000 R11
-10242405.353249 2045610.526372 23285765.231754 0 R20
-2513498.996946 18832957.946930 17036877.677808 49000 R21
6732237.983748 24595333.824859 -209216.105855 43000 R22
-14719312.944909 39466029.537946 -1217330.466599 47000 C03
-7318467.091873 40056967.467578 -10230256.014880 34000 C06
-7651264.651780 26989040.645045 31600345.980277 45000 C07
-18930172.629980 28214789.980841 -25123854.372556 39000 C08
-2645037.377228 41685259.247973 -1062009.823453 33000 C09
1099278.301787 29295325.814155 30780441.928858 40000 C10
-7573724.832279 39694349.850364 -11044408.871499 36000 C16
time 2025/01/17 09:22:47.000
-6738107.099058 24066348.971882 -7756358.104436 49000 G07
-1015885.035622 16945124.784128 20419385.048623 48000 G14
7072720.123257 19579679.663808 16777398.376489 44000 G17
1226622.670180 26195954.078923 3310912.211189 40000 G30
-3813439.405288 17277731.177111 18370810.550750 51000 R11
-10243201.465113 2042522.097405 23285690.031821 0 R20
-2514014.868501 18830677.014132 17039321.115770 49000 R21
6732403.809913 24595322.889791 -205644.473909 43000 R22
-14719317.153664 39466027.887612 -1217278.687067 47000 C03
-7317267.295224 40056574.365727 -10232646.284586 35000 C06
-7652202.094301 26988621.005719 31600464.639819 45000 C07
-18930443.363239 28216386.674582 -25121867.961562 39000 C08
-2643787.794107 41685244.932740 -1064535.646179 35000 C09
1098470.330418 29294711.778961 30781030.826360 40000 C10
-7572505.486546 39693900.412655 -11046810.660027 36000 C16
time 2025/01/17 09:22:48.000
-6738395.595203 24065261.746354 -7759323.147559 49000 G07
-1018268.674717 16946155.196043 20418385.092006 48000 G14
7070955.349776 19578600.648678 16779471.780716 43000 G17
1226224.554424 26196342.708031 3307814.396384 40000 G30
-3815050.703806 17279664.541079 18368655.445103 51000 R11
-10243997.836310 2039433.746457 23285614.273565 0 R20
-2514531.025811 18828395.805159 17041764.145029 49000 R21
6732569.508409 24595311.470092 -202072.837014 43000 R22
-14719321.362512 39466026.237514 -1217226.901052 47000 C03
-7316067.555414 40056181.086167 -10235036.499180 35000 C06
-7653139.598278 26988201.504056 31600583.132408 45000 C07
-18930713.864287 28217983.408782 -25119881.417850 39000 C08
-2642538.212695 41685230.429133 -1067061.463089 33000 C09
1097662.269648 29294097.865364 30781619.564108 40000 C10
-7571286.205584 39693450.792986 -11049212.388650 36000 C16
time 2025/01/17 09:22:49.000
-6738684.135860 24064174.155510 -7762288.018019 48000 G07
-1020652.147260 16947185.684999 20417384.700712 48000 G14
7069190.309086 19577521.586800 16781544.834974 43000 G17
1225826.475375 26196730.969061 3304716.510182 40000 G30
-3816661.649012 17281597.816859 18366499.898182 51000 R11
-10244794.466811 2036345.473644 23285537.956988 0 R20
-2515047.468907 18826114.320097 17044206.765524 49000 R21
6732735.079161 24595299.565782 -198501.195278 44000 R22
-14719325.571455 39466024.587653 -1217175.108554 47000 C03
-7314867.872473 40055787.628906 -10237426.658643 34000 C06
-7654077.163687 26987782.140067 31600701.458043 45000 C07
-18930984.133120 28219580.183403 -25117894.741440 39000 C08
-2641288.633025 41685215.737152 -1069587.274160 33000 C09
1096854.119500 29293484.073378 30782208.142095 40000 C10
-7570066.989419 39693000.991367 -11051614.057361 35000 C16
time 2025/01/17 09:22:50.000
-6738972.721079 24063086.199368 -7765252.715764 48000 G07
-1023035.453213 16948216.250958 20416383.874758 49000 G14
7067425.001199 19576442.478227 16783617.539232 43000 G17
1225428.432985 26197118.862002 3301618.552634 40000 G30
-3818272.240895 17283531.004374 18364343.910029 51000 R11
-10245591.356594 2033257.279037 23285461.082093 0 R20
-2515564.197821 18823832.559023 17046648.977206 49000 R21
6732900.522096 24595287.176878 -194929.548768 44000 R22
-14719329.780493 39466022.938027 -1217123.309572 47000 C03
-7313668.246430 40055393.993956 -10239816.762957 34000 C06
-7655014.790513 26987362.913760 31600819.616725 45000 C07
-18931254.169730 28221176.998414 -25115907.932336 39000 C08
-2640039.055117 41685200.856795 -1072113.079396 33000 C09
1096045.879983 29292870.403012 30782796.560322 40000 C10
-7568847.838070 39692551.007805 -11054015.666157 36000 C16
time 2025/01/17 09:22:51.000
-6739261.350908 24061997.877946 -7768217.240733 48000 G07
-1025418.592529 16949246.893880 20415382.614162 49000 G14
7065659.426135 19575363.323013 16785689.893452 43000 G17
1225030.427203 26197506.386842 3298520.523790 40000 G30
-3819882.479442 17285464.103540 18362187.480692 51000 R11
-10246388.505634 2030169.162731 23285383.648881 0 R20
-2516081.212585 18821550.522015 17049090.780021 48000 R21
6733065.837141 24595274.303401 -191357.897560 44000 R22
-14719333.989625 39466021.288638 -1217071.504107 47000 C03
-7312468.677302 40055000.181320 -10242206.812124 35000 C06
-7655952.478736 26986943.825141 31600937.608452 45000 C07
-18931523.974114 28222773.853792 -25113920.990539 39000 C08
-2638789.479005 41685185.788064 -1074638.878765 32000 C09
1095237.551116 29292256.854278 30783384.818788 40000 C10
-7567628.751570 39692100.842310 -11056417.215015 35000 C16
time 2025/01/17 09:22:52.000
-6739550.025394 24060909.191272 -7771181.592849 48000 G07
-1027801.565156 16950277.613722 20414380.918946 49000 G14
7063893.583917 19574284.121219 16787761.897590 43000 G17
1224632.457985 26197893.543567 3295422.423732 40000 G30
-3821492.364630 17287397.114263 18360030.610229 51000 R11
-10247185.913903 2027081.124825 23285305.657355 0 R20
-2516598.513228 18819268.209163 17051532.173904 48000 R21
6733231.024222 24595260.945370 -187786.241753 44000 R22
-14719338.198852 39466019.639486 -1217019.692160 47000 C03
-7311269.165110 40054606.191006 -10244596.806142 35000 C06
-7656890.228337 26986524.874221 31601055.433223 45000 C07
-18931793.546266 28224370.749495 -25111933.916065 39000 C08
-2637539.904716 41685170.530959 -1077164.672258 32000 C09
1094429.132918 29291643.427192 30783972.917485 40000 C10
-7566409.729946 39691650.494893 -11058818.703922 36000 C16
time 2025/01/17 09:22:53.000
-6739838.744583 24059820.139368 -7774145.772038 48000 G07
-1030184.371034 16951308.410439 20413378.789136 49000 G14
7062127.474573 19573204.872906 16789833.551595 43000 G17
1224234.525286 26198280.332162 3292324.252547 40000 G30
-3823101.896436 17289330.036448 18357873.298699 51000 R11
-10247983.581370 2023993.165439 23285227.107517 0 R20
-2517116.099778 18816985.620564 17053973.158786 48000 R21
6733396.083264 24595247.102804 -184214.581446 43000 R22
-14719342.408174 39466017.990569 -1216967.873731 47000 C03
-7310069.709899 40054212.023028 -10246986.744963 35000 C06
-7657828.039290 26986106.061010 31601173.091038 45000 C07
-18932062.886177 28225967.685483 -25109946.708936 39000 C08
-2636290.332268 41685155.085477 -1079690.459881 33000 C09
1093620.625407 29291030.121764 30784560.856412 40000 C10
-7565190.773223 39691199.965562 -11061220.132865 36000 C16
time 2025/01/17 09:22:54.000
-6740127.508524 24058730.722256 -7777109.778240 47000 G07
-1032567.010126 16952339.283993 20412376.224745 49000 G14
7060361.098121 19572125.578131 16791904.855431 42000 G17
1223836.629055 26198666.752616 3289226.010282 40000 G30
-3824711.074851 17291262.870015 18355715.546144 51000 R11
-10248781.508013 2020905.284646 23285147.999368 0 R20
-2517633.972268 18814702.756289 17056413.734619 48000 R21
6733561.014196 24595232.775721 -180642.916704 43000 R22
-14719346.617589 39466016.341888 -1216916.048819 47000 C03
-7308870.311685 40053817.677391 -10249376.628591 35000 C06
-7658765.911578 26985687.385515 31601290.581896 45000 C07
-18932331.993843 28227564.661733 -25107959.369148 38000 C08
-2635040.761698 41685139.451621 -1082216.241598 33000 C09
1092812.028600 29290416.938009 30785148.635566 40000 C10
-7563971.881424 39690749.254324 -11063621.501841 35000 C16
time 2025/01/17 09:22:55.000
-6740416.317265 24057640.939956 -7780073.611393 48000 G07
-1034949.482377 16953370.234341 20411373.225797 49000 G14
7058594.454581 19571046.236949 16793975.809059 42000 G17
1223438.769247 26199052.804915 3286127.697005 40000 G30
-3826319.899855 17293195.614878 18353557.352617 51000 R11
-10249579.693810 2017817.482529 23285068.332911 0 R20
-2518152.130728 18812419.616425 17058853.901344 48000 R21
6733725.816942 24595217.964143 -177071.247623 43000 R22
-14719350.827099 39466014.693444 -1216864.217426 47000 C03
-7307670.970493 40053423.154104 -10251766.457017 36000 C06
-7659703.845182 26985268.847746 31601407.905796 45000 C07
-18932600.869260 28229161.678204 -25105971.896720 38000 C08
-2633791.193032 41685123.629389 -1084742.017403 32000 C09
1092003.342516 29289803.875938 30785736.254941 40000 C10
-7562753.054580 39690298.361192 -11066022.810827 35000 C16
time 2025/01/17 09:22:56.000
-6740705.170853 24056550.792490 -7783037.271428 47000 G07
-1037331.787742 16954401.261443 20410369.792310 49000 G14
7056827.543973 19569966.849418 16796046.412437 41000 G17
1223040.945812 26199438.489048 3283029.312775 40000 G30
-3827928.371434 17295128.270948 18351398.718169 51000 R11
-10250378.138732 2014729.759189 23284988.108147 0 R20
-2518670.575190 18810136.201054 17061293.658903 48000 R21
6733890.491429 24595202.668086 -173499.574279 42000 R22
-14719355.036704 39466013.045236 -1216812.379551 46000 C03
-7306471.686351 40053028.453174 -10254156.230221 36000 C06
-7660641.840083 26984850.447710 31601525.062738 45000 C07
-18932869.512419 28230758.734866 -25103984.291659 38000 C08
-2632541.626292 41685107.618781 -1087267.787289 32000 C09
1091194.567169 29289190.935564 30786323.714539 40000 C10
-7561534.292723 39689847.286176 -11068424.059799 35000 C16
time 2025/01/17 09:22:57.000
-6740994.069337 24055460.279878 -7786000.758284 47000 G07
-1039713.926175 16955432.365259 20409365.924303 49000 G14
7055060.366319 19568887.415596 16798116.665525 42000 G17
1222643.158702 26199823.805003 3279930.857653 40000 G30
-3829536.489573 17297060.838141 18349239.642848 51000 R11
-10251176.842750 2011642.114740 23284907.325080 0 R20
-2519189.305684 18807852.510256 17063733.007244 47000 R21
6734055.037585 24595186.887572 -169927.896754 42000 R22
-14719359.246403 39466011.397264 -1216760.535195 46000 C03
-7305272.459276 40052633.574608 -10256545.948212 35000 C06
-7661579.896261 26984432.185417 31601642.052721 45000 C07
-18933137.923317 28232355.831688 -25101996.553972 39000 C08
-2631292.061510 41685091.419797 -1089793.551237 31000 C09
1090385.702578 29288578.116898 30786911.014354 40000 C10
-7560315.595862 39689396.029279 -11070825.248779 35000 C16
time 2025/01/17 09:22:58.000
-6741283.012763 24054369.402144 -7788964.071891 47000 G07
-1042095.897627 16956463.545747 20408361.621798 49000 G14
7053292.921643 19567807.935541 16800186.568279 43000 G17
1222245.407874 26200208.752763 3276832.331730 40000 G30
-3831144.254252 17298993.316368 18347080.126707 51000 R11
-2519708.322242 18805568.544118 17066171.946304 47000 R21
6734219.455334 24595170.622619 -166356.215133 40000 R22
-14719363.456196 39466009.749528 -1216708.684357 47000 C03
-7304073.289306 40052238.518417 -10258935.610952 36000 C06
-7662518.013695 26984014.060876 31601758.875744 46000 C07
-18933406.101947 28233952.968637 -25100008.683668 38000 C08
-2630042.498714 41685075.032436 -1092319.309232 31000 C09
1089576.748761 29287965.419955 30787498.154384 39000 C10
-14218380.218901 29088981.468340 -26970564.579830 37000 C13
-7559096.964039 39688944.590516 -11073226.377725 34000 C16
time 2025/01/17 09:22:59.000
-6741572.001178 24053278.159315 -7791927.212168 46000 G07
-1044477.702035 16957494.802860 20407356.884819 48000 G14
7051525.209968 19566728.409314 16802256.120652 44000 G17
1221847.693280 26200593.332316 3273733.735070 39000 G30
-3832751.665449 17300925.705533 18344920.169807 51000 R11
-2520227.624890 18803284.302734 17068610.476015 48000 R21
6734383.744604 24595153.873246 -162784.529526 38000 R22
-14719367.666083 39466008.102028 -1216656.827039 48000 C03
-7302874.176461 40051843.284609 -10261325.218437 33000 C06
-7663456.192361 26983596.074096 31601875.531807 46000 C07
-18933674.048303 28235550.145667 -25098020.680772 38000 C08
-2628792.937926 41685058.456700 -1094845.061270 30000 C09
1088767.705737 29287352.844749 30788085.134622 40000 C10
-14218740.908476 29090463.348949 -26968802.039295 35000 C13
-7557878.397302 39688492.969904 -11075627.446578 28000 C16
time 2025/01/17 09:23:00.000
-6741861.034628 24052186.551418 -7794890.179038 46000 G07
-1046859.339340 16958526.136551 20406351.713391 48000 G14
7049757.231324 19565648.836976 16804325.322598 44000 G17
1221450.014874 26200977.543647 3270635.067755 40000 G30
-3834358.723137 17302858.005537 18342759.772212 51000 R11
-2520747.213656 18800999.786202 17071048.596303 48000 R21
6734547.905318 24595136.639474 -159212.840045 37000 R22
-14719371.876065 39466006.454765 -1216604.963241 47000 C03
-7301675.120777 40051447.873195 -10263714.770640 33000 C06
-7664394.432236 26983178.225089 31601992.020907 46000 C07
-18933941.762377 28237147.362744 -25096032.545298 38000 C08
-2627543.379202 41685041.692587 -1097370.807280 28000 C09
1087958.573530 29286740.391296 30788671.955063 40000 C10
-14219101.381789 29091945.281876 -26967039.355110 37000 C13
-7556659.895667 39688041.167450 -11078028.455350 24000 C16
time 2025/01/17 09:23:01.000
-6742150.113161 24051094.578472 -7797852.972439 45000 G07
-1049240.809500 16959557.546783 20405346.107532 48000 G14
7047988.985729 19564569.218584 16806394.174074 44000 G17
1221052.372607 26201361.386745 3267536.329838 40000 G30
-3835965.427305 17304790.216299 18340598.933967 51000 R11
-2521267.088573 18798714.994598 17073486.307120 48000 R21
6734711.937404 24595118.921320 -155641.146748 36000 R22
-14719376.086140 39466004.807737 -1216553.092963 47000 C03
-7300476.122279 40051052.284182 -10266104.267543 33000 C06
-7665332.733303 26982760.513861 31602108.343044 46000 C07
-18934209.244164 28238744.619832 -25094044.277256 38000 C08
-2626293.822547 41685024.740097 -1099896.547294 27000 C09
1087149.352154 29286128.059606 30789258.615705 40000 C10
-14219461.638834 29093427.267088 -26965276.527283 37000 C13
-7555441.459164 39687589.183162 -11080429.404019 25000 C16
time 2025/01/17 09:23:02.000
-6742439.236827 24050002.240494 -7800815.592318 45000 G07
-1051622.112472 16960589.033516 20404340.067259 48000 G14
7046220.473201 19563489.554193 16808462.675048 45000 G17
1220654.766433 26201744.861597 3264437.521390 40000 G30
-3837571.777941 17306722.337738 18338437.655116 51000 R11
-2521787.249673 18796429.927997 17075923.608417 48000 R21
6734875.840790 24595100.718806 -152069.449719 36000 R22
-14719380.296310 39466003.160946 -1216501.216206 47000 C03
-7299277.180986 40050656.517578 -10268493.709152 33000 C06
-7666271.095542 26982342.940422 31602224.498219 46000 C07
-18934476.493660 28240341.916905 -25092055.876648 37000 C08
-2625044.267984 41685007.599231 -1102422.281307 26000 C09
1086340.041624 29285515.849692 30789845.116547 40000 C10
-14219821.679605 29094909.304564 -26963513.555812 37000 C13
-7554223.087796 39687137.017042 -11082830.292619 26000 C16
time 2025/01/17 09:23:03.000
-6742728.405673 24048909.537507 -7803778.038610 45000 G07
-1054003.248214 16961620.596712 20403333.592590 48000 G14
7044451.693756 19562409.843858 16810530.825480 44000 G17
1220257.196301 26202127.968192 3261338.642455 40000 G30
-3839177.775031 17308654.369769 18336275.935706 51000 R11
-2522307.696988 18794144.586478 17078360.500140 48000 R21
6735039.615401 24595082.031949 -148497.749026 37000 R22
-14719384.506573 39466001.514390 -1216449.332969 47000 C03
-7298078.296924 40050260.573389 -10270883.095453 33000 C06
-7667209.518937 26981925.504778 31602340.486430 46000 C07
-18934743.510859 28241939.253935 -25090067.343479 37000 C08
-2623794.715564 41684990.269987 -1104948.009259 27000 C09
1085530.641957 29284903.761564 30790431.457586 40000 C10
-14220181.504095 29096391.394276 -26961750.440703 37000 C13
-7553004.781572 39686684.669094 -11085231.121173 24000 C16
time 2025/01/17 09:23:04.000
-6743017.619749 24047816.469525 -7806740.311270 45000 G07
-1056384.216688 16962652.236333 20402326.683540 48000 G14
7042682.647405 19561330.087628 16812598.625346 45000 G17
1219859.662164 26202510.706519 3258239.693091 40000 G30
-3840783.418568 17310586.312319 18334113.775776 51000 R11
-2522828.430551 18791858.970113 17080796.982246 47000 R21
6735203.261166 24595062.860770 -144926.044740 37000 R22
-14719388.716931 39465999.868071 -1216397.443252 47000 C03
-7296879.470110 40049864.451622 -10273272.426451 32000 C06
-7668148.003473 26981508.206936 31602456.307678 46000 C07
-18935010.295757 28243536.630893 -25088078.677750 37000 C08
-2622545.165275 41684972.752367 -1107473.731218 28000 C09
1084721.153165 29284291.795231 30791017.638823 40000 C10
-14220541.112298 29097873.536198 -26959987.181958 37000 C13
-7551786.540448 39686232.139299 -11087631.889804 0 C16
time 2025/01/17 09:23:05.000
-6743306.879100 24046723.036573 -7809702.410218 45000 G07
-1058765.017837 16963683.952336 20401319.340134 48000 G14
7040913.334176 19560250.285568 16814666.074593 45000 G17
1219462.163974 26202893.076564 3255140.673376 41000 G30
-3842388.708529 17312518.165289 18331951.175386 51000 R11
-2523349.450389 18789573.078996 17083233.054663 47000 R21
6735366.778009 24595043.205288 -141354.336963 37000 R22
-14719392.927382 39465998.221988 -1216345.547056 47000 C03
-7295680.700575 40049468.152287 -10275661.702121 32000 C06
-7669086.549126 26981091.046907 31602571.961961 46000 C07
-18935276.848347 28245134.047743 -25086089.879478 36000 C08
-2621295.617168 41684955.046369 -1109999.447121 26000 C09
1083911.575268 29283679.950707 30791603.660253 40000 C10
-14220900.504206 29099355.730296 -26958223.779591 38000 C13
-7550568.364611 39685779.427727 -11090032.598186 0 C16
time 2025/01/17 09:23:06.000
-6743596.183773 24045629.238683 -7812664.335371 45000 G07
-1061145.651606 16964715.744675 20400311.562394 48000 G14
7039143.754096 19559170.437737 16816733.173176 45000 G17
1219064.701688 26203275.078311 3252041.583396 41000 G30
-3843993.644891 17314449.928586 18329788.134597 51000 R11
-2523870.756532 18787286.913221 17085668.717324 47000 R21
6735530.165857 24595023.065522 -137782.625805 37000 R22
-14719397.137928 39465996.576141 -1216293.644381 47000 C03
-7294481.988350 40049071.675393 -10278050.922445 33000 C06
-7670025.155872 26980674.024701 31602687.449278 46000 C07
-18935543.168623 28246731.504446 -25084100.948679 36000 C08
-2620046.071251 41684937.151993 -1112525.156990 26000 C09
1083101.908287 29283068.228009 30792189.521870 40000 C10
-14221259.679811 29100837.976532 -26956460.233619 37000 C13
-7549350.254025 39685326.534364 -11092433.246426 0 C16
time 2025/01/17 09:23:07.000
-6743885.533817 24044535.075871 -7815626.086669 45000 G07
-1063526.117942 16965747.613307 20399303.350341 48000 G14
7037373.907187 19558090.544194 16818799.921050 45000 G17
1218667.275255 26203656.711749 3248942.423202 41000 G30
-3845598.227636 17316381.602122 18327624.653459 51000 R11
-2524392.349010 18785000.472872 17088103.970173 48000 R21
6735693.424635 24595002.441492 -134210.911337 37000 R22
-14719401.348567 39465994.930529 -1216241.735228 47000 C03
-7293283.333456 40048675.020947 -10280440.087416 33000 C06
-7670963.823693 26980257.140325 31602802.769628 46000 C07
-18935809.256579 28248329.000966 -25082111.885365 36000 C08
-2618796.527567 41684919.069239 -1115050.860788 24000 C09
1082292.152241 29282456.627149 30792775.223671 40000 C10
-14221618.639104 29102320.274876 -26954696.544050 37000 C13
-7548132.208710 39684873.459216 -11094833.834526 0 C16
time 2025/01/17 09:23:08.000
-6744174.929278 24043440.548161 -7818587.664046 45000 G07
-1065906.416800 16966779.558192 20398294.703996 48000 G14
7035603.793469 19557010.604994 16820866.318180 45000 G17
1218269.884630 26204037.976866 3245843.192865 41000 G30
-3847202.456750 17318313.185811 18325460.732024 51000 R11
-2524914.227853 18782713.758028 17090538.813155 47000 R21
6735856.554272 24594981.333218 -130639.193639 37000 R22
-14719405.559300 39465993.285154 -1216189.819596 47000 C03
-7292084.735923 40048278.188960 -10282829.197013 33000 C06
-7671902.552569 26979840.393790 31602917.923012 46000 C07
-18936075.112208 28249926.537268 -25080122.689550 36000 C08
-2617546.986160 41684900.798108 -1117576.558463 25000 C09
1081482.307145 29281845.148138 30793360.765654 40000 C10
-14221977.382078 29103802.625297 -26952932.710892 37000 C13
-7546914.228696 39684420.202296 -11097234.362466 0 C16
time 2025/01/17 09:23:09.000
-6744464.370204 24042345.655575 -7821549.067434 45000 G07
-1068286.548129 16967811.579288 20397285.623379 48000 G14
7033833.412967 19555930.620198 16822932.364516 45000 G17
1217872.529765 26204418.873647 3242743.892457 40000 G30
-3848806.332216 17320244.679565 18323296.370342 51000 R11
-2525436.393093 18780426.768776 17092973.246208 48000 R21
6736019.554691 24594959.740718 -127067.472815 39000 R22
-14719409.770127 39465991.640015 -1216137.897486 47000 C03
-7290886.195779 40047881.179439 -10285218.251220 33000 C06
-7672841.342478 26979423.785104 31603032.909428 46000 C07
-18936340.735506 28251524.113324 -25078133.361236 35000 C08
-2616297.447304 41684882.338603 -1120102.249503 0 C09
1080672.373018 29281233.790990 30793946.147815 40000 C10
-14222335.908726 29105285.027763 -26951168.734157 36000 C13
-7545696.314007 39683966.763610 -11099634.830238 0 C16
time 2025/01/17 09:23:10.000
-6744753.856643 24041250.398135 -7824510.296770 45000 G07
-1070666.511880 16968843.676554 20396276.108510 48000 G14
7032062.765700 19554850.589863 16824998.060022 44000 G17
1217475.210611 26204799.402083 3239644.522030 40000 G30
-3850409.854016 17322176.083296 18321131.568466 51000 R11
-2525958.844759 18778139.505199 17095407.269277 47000 R21
6736182.425821 24594937.664013 -123495.748939 39000 R22
-14719413.981048 39465989.995112 -1216085.968899 47000 C03
-7289687.713050 40047483.992395 -10287607.250025 33000 C06
-7673780.193403 26979007.314274 31603147.728875 46000 C07
-18936606.126467 28253121.729099 -25076143.900436 35000 C08
-2615047.910507 41684863.690716 -1122627.934946 0 C09
1079862.349877 29280622.555718 30794531.370150 39000 C10
-14222694.219039 29106767.482243 -26949404.613853 36000 C13
-7544478.464675 39683513.143170 -11102035.237819 0 C16
time 2025/01/17 09:23:11.000
-6745043.388643 24040154.775864 -7827471.351984 45000 G07
-1073046.308006 16969875.849947 20395266.159409 48000 G14
7030291.851689 19553770.514046 16827063.404658 45000 G17
1217077.927124 26205179.562156 3236545.081668 40000 G30
-3852013.022134 17324107.396916 18318966.326447 51000 R11
-2526481.582881 18775851.967385 17097840.882300 48000 R21
6736345.167589 24594915.103122 -119924.022091 39000 R22
-14719418.192062 39465988.350445 -1216034.033835 47000 C03
-7288489.287758 40047086.627832 -10289996.193423 33000 C06
-7674719.105320 26978590.981312 31603262.381352 46000 C07
-18936871.285085 28254719.384557 -25074154.307162 35000 C08
-2613798.376051 41684844.854450 -1125153.614265 0 C09
1079052.237739 29280011.442333 30795116.432657 38000 C10
-14223052.313012 29108249.988704 -26947640.349992 36000 C13
-7543260.680720 39683059.340984 -11104435.585210 0 C16
time 2025/01/17 09:23:12.000
-6745332.966250 24039058.788783 -7830432.233011 45000 G07
-1075425.936457 16970908.099427 20394255.776098 49000 G14
7028520.670957 19552690.392804 16829128.398380 45000 G17
1216680.679253 26205559.353859 3233445.571419 41000 G30
-3853615.836552 17326038.620338 18316800.644340 51000 R11
-2527004.607489 18773564.155417 17100274.085218 48000 R21
6736507.779919 24594892.058065 -116352.292369 40000 R22
-14719422.403170 39465986.706014 -1215982.092293 47000 C03
-7287290.919928 40046689.085760 -10292385.081401 37000 C06
-7675658.078212 26978174.786224 31603376.866860 46000 C07
-18937136.211354 28256317.079660 -25072164.581432 38000 C08
-2612548.843961 41684825.829807 -1127679.287450 0 C09
1078242.036624 29279400.450851 30795701.335332 38000 C10
-14223410.190635 29109732.547117 -26945875.942580 37000 C13
-7542042.962176 39682605.357063 -11106835.872379 0 C16
time 2025/01/17 09:23:13.000
-6745622.589513 24037962.436915 -7833392.939785 45000 G07
-1077805.397181 16971940.424950 20393244.958597 49000 G14
7026749.223523 19551610.226195 16831193.041149 45000 G17
1216283.466950 26205938.777178 3230345.991342 42000 G30
-3855218.297256 17327969.753475 18314634.522191 51000 R11
-2527527.918614 18771276.069377 17102706.877977 48000 R21
6736670.262738 24594868.528861 -112780.559863 42000 R22
-14719426.614371 39465985.061819 -1215930.144275 47000 C03
-7286092.609589 40046291.366188 -10294773.913943 37000 C06
-7676597.112058 26977758.729020 31603491.185397 46000 C07
-18937400.905268 28257914.814381 -25070174.723247 38000 C08
-2611299.314276 41684806.616784 -1130204.954464 0 C09
1077431.746551 29278789.581283 30796286.078170 39000 C10
-14223767.851904 29111215.157453 -26944111.391625 37000 C13
-7540825.309061 39682151.191413 -11109236.099334 0 C16
time 2025/01/17 09:23:14.000
-6745912.258478 24036865.720285 -7836353.472230 45000 G07
-1080184.690132 16972972.826476 20392233.706926 49000 G14
7024977.509412 19550530.014278 16833257.332921 45000 G17
1215886.290171 26206317.832099 3227246.341520 42000 G30
-3856820.404226 17329900.796237 18312467.960057 51000 R11
-2528051.516287 18768987.709349 17105139.260520 48000 R21
6736832.615973 24594844.515530 -109208.824634 42000 R22
-14719430.825666 39465983.417860 -1215878.189780 47000 C03
-7284894.356762 40045893.469123 -10297162.691042 36000 C06
-7677536.206838 26977342.809709 31603605.336963 46000 C07
-18937665.366823 28259512.588689 -25068184.732614 39000 C08
-2610049.787025 41684787.215384 -1132730.615292 0 C09
1076621.367532 29278178.833640 30796870.661172 39000 C10
-14224125.296807 29112697.819674 -26942346.697144 38000 C13
-7539607.721406 39681696.844046 -11111636.266051 0 C16
time 2025/01/17 09:23:15.000
-6746201.973193 24035768.638913 -7839313.830289 45000 G07
-1082563.815262 16974005.303963 20391222.021105 49000 G14
7023205.528643 19549449.757109 16835321.273658 45000 G17
1215489.148867 26206696.518609 3224146.622021 42000 G30
-15693662.495235 19922430.817956 3102443.333560 38000 R10
-3858422.157447 17331831.748537 18310300.957989 51000 R11
-2528575.400537 18766699.075419 17107571.232784 49000 R21
6736994.839552 24594820.018091 -105637.086778 43000 R22
-14719435.037055 39465981.774136 -1215826.228809 47000 C03
-7283696.161480 40045495.394575 -10299551.412675 37000 C06
-7678475.362531 26976927.028300 31603719.321556 46000 C07
-18937929.596011 28261110.402543 -25066194.609552 38000 C08
-2608800.262227 41684767.625604 -1135256.269936 0 C09
1075810.899588 29277568.207936 30797455.084332 38000 C10
-14224482.525339 29114180.533750 -26940581.859143 37000 C13
-7538390.199234 39681242.314970 -11114036.372522 0 C16
time 2025/01/17 09:23:16.000
-6746491.733706 24034671.192822 -7842274.013892 45000 G07
-1084942.772521 16975037.857369 20390209.901154 49000 G14
7021433.281238 19548369.454746 16837384.863317 45000 G17
1215092.042991 26207074.836696 3221046.832911 42000 G30
-15693832.776910 19922849.171461 3098919.938323 37000 R10
-3860023.556901 17333762.610288 18308133.516037 51000 R11
-2529099.571394 18764410.167674 17110002.794711 49000 R21
6737156.933400 24594795.036564 -102065.346377 42000 R22
-14719439.248537 39465980.130649 -1215774.261361 47000 C03
-7282498.023767 40045097.142553 -10301940.078832 37000 C06
-7679414.579117 26976511.384800 31603833.139176 46000 C07
-18938193.592828 28262708.255911 -25064204.354071 38000 C08
-2607550.739908 41684747.847446 -1137781.918384 0 C09
1075000.342737 29276957.704185 30798039.347647 38000 C10
-14224839.537494 29115663.299658 -26938816.877625 37000 C13
-7537172.742573 39680787.604194 -11116436.418737 0 C16
time 2025/01/17 09:23:17.000
-6746781.540065 24033573.382032 -7845234.022974 45000 G07
-1087321.561856 16976070.486652 20389197.347097 49000 G14
7019660.767220 19547289.107247 16839448.101857 45000 G17
1214694.972496 26207452.786347 3217946.974254 42000 G30
-15694002.705972 19923267.179569 3095396.469018 36000 R10
-3861624.602572 17335693.381401 18305965.634255 51000 R11
-2529624.028890 18762120.986194 17112433.946246 49000 R21
6737318.897443 24594769.570969 -98493.603514 41000 R22
-14719443.460112 39465978.487398 -1215722.287438 47000 C03
-7281299.943648 40044698.713063 -10304328.689500 37000 C06
-7680353.856579 26976095.879219 31603946.789823 46000 C07
-18938457.357268 28264306.148765 -25062213.966173 38000 C08
-2606301.220100 41684727.880908 -1140307.560617 0 C09
1074189.696997 29276347.322399 30798623.451113 38000 C10
-14225196.333261 29117146.117356 -26937051.752609 37000 C13
-7535955.351456 39680332.711730 -11118836.404667 0 C16
time 2025/01/17 09:23:18.000
-6747071.392316 24032475.206570 -7848193.857466 46000 G07
-1089700.183224 16977103.191771 20388184.358950 49000 G14
7017887.986608 19546208.714670 16841510.989238 45000 G17
1214297.937335 26207830.367547 3214847.046130 41000 G30
-15694172.282469 19923684.842222 3091872.925726 36000 R10
-3863225.294443 17337624.061788 18303797.312695 51000 R11
-2530148.773052 18759831.531066 17114864.687327 49000 R21
6737480.731610 24594743.621325 -94921.858272 41000 R22
-14719447.671781 39465976.844382 -1215670.307040 47000 C03
-7280101.921148 40044300.106115 -10306717.244673 37000 C06
-7681293.194892 26975680.511566 31604060.273496 46000 C07
-18938720.889324 28265904.081061 -25060223.445881 38000 C08
-2605051.702833 41684707.725992 -1142833.196615 0 C09
1073378.962382 29275737.062587 30799207.394730 38000 C10
-14225552.912635 29118628.986818 -26935286.484101 37000 C13
-7534738.025903 39679877.637587 -11121236.330311 0 C16
time 2025/01/17 09:23:19.000
-6747361.290507 24031376.666455 -7851153.517300 46000 G07
-1092078.636572 16978135.972682 20387170.936738 49000 G14
7016114.939428 19545128.277073 16843573.525414 44000 G17
1213900.937461 26208207.580287 3211747.048591 41000 G30
-15694341.506449 19924102.159359 3088349.308527 36000 R10
-3864825.632499 17339554.651365 18301628.551407 51000 R11
-2530673.803914 18757541.802372 17117295.017900 49000 R21
6737642.435823 24594717.187653 -91350.110746 40000 R22
-14719451.883543 39465975.201603 -1215618.320166 47000 C03
-7278903.956295 40043901.321718 -10309105.744326 36000 C06
-7682232.594040 26975265.281850 31604173.590194 46000 C07
-18938984.188992 28267502.052773 -25058232.793198 38000 C08
-2603802.188133 41684687.382697 -1145358.826366 0 C09
1072568.138914 29275126.924767 30799791.178492 37000 C10
-14225909.275608 29120111.908012 -26933521.072109 37000 C13
-7533520.765939 39679422.381771 -11123636.195660 0 C16
time 2025/01/17 09:23:20.000
-6747651.234686 24030277.761711 -7854113.002412 46000 G07
-1094456.921851 16979168.829345 20386157.080478 49000 G14
7014341.625698 19544047.794512 16845635.710349 44000 G17
1213503.972826 26208584.424552 3208646.981712 42000 G30
-15694510.377960 19924519.130925 3084825.617499 36000 R10
-3866425.616723 17341485.150041 18299459.350443 51000 R11
-2531199.121505 18755251.800198 17119724.937904 50000 R21
6737804.010011 24594690.269972 -87778.361021 41000 R22
-14719456.095399 39465973.559059 -1215566.326817 47000 C03
-7277706.049112 40043502.359878 -10311494.188459 37000 C06
-7683172.054001 26974850.190078 31604286.739915 46000 C07
-18939247.256266 28269100.063866 -25056242.008134 38000 C08
-2602552.676028 41684666.851022 -1147884.449857 0 C09
1071757.226608 29274516.908949 30800374.802396 38000 C10
-14226265.422173 29121594.880911 -26931755.516639 37000 C13
-7532303.571597 39678966.944294 -11126036.000689 0 C16
time 2025/01/17 09:23:21.000
-6747941.224900 24029178.492361 -7857072.312732 46000 G07
-1096835.039016 16980201.761720 20385142.790192 48000 G14
7012568.045440 19542967.267045 16847697.544002 44000 G17
1213107.043383 26208960.900330 3205546.845561 39000 G30
-15694678.897048 19924935.756859 3081301.852725 34000 R10
-3868025.247096 17343415.557727 18297289.709858 51000 R11
-2531724.725853 18752961.524629 17122154.447281 49000 R21
6737965.454101 24594662.868302 -84206.609192 41000 R22
-14719460.307348 39465971.916751 -1215514.326994 47000 C03
-7276508.199630 40043103.220607 -10313882.577047 38000 C06
-7684111.574754 26974435.236261 31604399.722661 46000 C07
-18939510.091140 28270698.114306 -25054251.090702 38000 C08
-2601303.166539 41684646.130968 -1150410.067088 0 C09
1070946.225483 29273907.015146 30800958.266440 36000 C10
-14226621.352323 29123077.905477 -26929989.817708 36000 C13
-7531086.442900 39678511.325166 -11128435.745391 0 C16
time 2025/01/17 09:23:22.000
-6748231.261195 24028078.858429 -7860031.448190 48000 G07
-1099212.988008 16981234.769759 20384128.065903 49000 G14
7010794.198682 19541886.694734 16849759.026324 44000 G17
1212710.149085 26209337.007608 3202446.640203 40000 G30
-15694847.063760 19925352.037100 3077778.014316 34000 R10
-3869624.523600 17345345.874334 18295119.629706 51000 R11
-2532250.616988 18750670.975753 17124583.545969 49000 R21
6738126.768017 24594634.982663 -80634.855354 42000 R22
-14719464.519389 39465970.274679 -1215462.320697 46000 C03
-7275310.407869 40042703.903909 -10316270.910090 35000 C06
-7685051.156278 26974020.420408 31604512.538429 46000 C07
-18939772.693606 28272296.204051 -25052260.040920 39000 C08
-2600053.659705 41684625.222535 -1152935.678021 0 C09
1070135.135559 29273297.243372 30801541.570618 37000 C10
-14226977.066047 29124560.981676 -26928223.975327 39000 C13
-7529869.379877 39678055.524396 -11130835.429750 0 C16
time 2025/01/17 09:23:23.000
-6748521.343621 24026978.859935 -7862990.408723 48000 G07
-1101590.768781 16982267.853423 20383112.907631 48000 G14
7009020.085441 19540806.077634 16851820.157277 44000 G17
1212313.289883 26209712.746374 3199346.365695 41000 G30
-15695014.878144 19925767.971590 3074254.102338 34000 R10
-3871223.446218 17347276.099773 18292949.110039 51000 R11
-2532776.794941 18748380.153657 17127012.233907 48000 R21
6738287.951687 24594606.613074 -77063.099586 42000 R22
-14719468.731524 39465968.632843 -1215410.307925 45000 C03
-7274112.673861 40042304.409797 -10318659.187558 33000 C06
-7685990.798552 26973605.742527 31604625.187218 47000 C07
-18940035.063662 28273894.333074 -25050268.858791 39000 C08
-2598804.155551 41684604.125722 -1155461.282648 0 C09
1069323.956853 29272687.593641 30802124.714927 38000 C10
-14227332.563341 29126044.109479 -26926457.989504 38000 C13
-7528652.382551 39677599.541993 -11133235.053756 0 C16
time 2025/01/17 09:23:24.000
-6748811.472224 24025878.496904 -7865949.194263 47000 G07
-1103968.381286 16983301.012670 20382097.315396 48000 G14
7007245.705738 19539725.415801 16853880.936822 44000 G17
1211916.465731 26210088.116616 3196246.022112 41000 G30
-15695182.340247 19926183.560272 3070730.116875 34000 R10
-3872822.014936 17349206.233960 18290778.150905 51000 R11
-2533303.259741 18746089.058419 17129440.511043 48000 R21
6738449.005038 24594577.759555 -73491.341962 41000 R22
-14719472.943753 39465966.991243 -1215358.288680 45000 C03
-7272914.997632 40041904.738278 -10321047.409446 32000 C06
-7686930.501560 26973191.202626 31604737.669030 46000 C07
-18940297.201300 28275492.501342 -25048277.544326 38000 C08
-2597554.654105 41684582.840530 -1157986.880955 0 C09
1068512.689381 29272078.065963 30802707.699365 38000 C10
-14227687.844195 29127527.288855 -26924691.860249 38000 C13
-7527435.450955 39677143.377968 -11135634.617388 0 C16
time 2025/01/17 09:23:25.000
-6749101.647053 24024777.769354 -7868907.804749 47000 G07
-1106345.825478 16984334.247459 20381081.289217 48000 G14
7005471.059601 19538644.709297 16855941.364913 43000 G17
1211519.676582 26210463.118319 3193145.609529 41000 G30
-15695349.450117 19926598.803084 3067206.058023 34000 R10
-3874420.229736 17351136.276806 18288606.752359 51000 R11
-2533830.011420 18743797.690126 17131868.377317 48000 R21
6738609.927997 24594548.422126 -69919.582563 40000 R22
-14719477.156074 39465965.349879 -1215306.262961 45000 C03
-7271717.379202 40041504.889358 -10323435.575747 32000 C06
-7687870.265281 26972776.800713 31604849.983862 46000 C07
-18940559.106515 28277090.708822 -25046286.097535 38000 C08
-2596305.155385 41684561.366958 -1160512.472945 0 C09
1067701.333160 29271468.660351 30803290.523930 39000 C10
-14228042.908604 29129010.519776 -26922925.587566 39000 C13
-7526218.585110 39676687.032329 -11138034.120640 0 C16
time 2025/01/17 09:23:26.000
-6749391.868153 24023676.677311 -7871866.240109 48000 G07
-1108723.101306 16985367.557749 20380064.829116 48000 G14
7003696.147046 19537563.958177 16858001.441512 44000 G17
1211122.922388 26210837.751473 3190045.128002 41000 G30
-15695516.207802 19927013.699970 3063681.925848 35000 R10
-3876018.090604 17353066.228225 18286434.914449 51000 R11
-2534357.050006 18741506.048863 17134295.832670 49000 R21
6738770.720488 24594518.600807 -66347.821507 41000 R22
-14719481.368488 39465963.708751 -1215254.230769 45000 C03
-7270519.818603 40041104.863049 -10325823.686437 34000 C06
-7688810.089693 26972362.536800 31604962.131713 46000 C07
-18940820.779302 28278688.955478 -25044294.518430 38000 C08
-2595055.659425 41684539.705006 -1163038.058594 0 C09
1066889.888209 29270859.376818 30803873.188617 38000 C10
-14228397.756559 29130493.802206 -26921159.171471 39000 C13
-7525001.785047 39676230.505086 -11140433.563494 0 C16
time 2025/01/17 09:23:27.000
-6749682.135573 24022575.220797 -7874824.500277 48000 G07
-1111100.208722 16986400.943496 20379047.935114 48000 G14
7001920.968092 19536483.162496 16860061.166583 44000 G17
1210726.203102 26211212.016065 3186944.577599 41000 G30
-15695682.613349 19927428.250871 3060157.720438 35000 R10
-3877615.597522 17354996.088128 18284262.637229 51000 R11
-2534884.375530 18739214.134710 17136722.877049 49000 R21
6738931.382440 24594488.295618 -62776.058846 40000 R22
-14719485.580995 39465962.067858 -1215202.192104 45000 C03
-7269322.315856 40040704.659357 -10328211.741515 34000 C06
-7689749.974778 26971948.410892 31605074.112585 46000 C07
-18941082.219654 28280287.241277 -25042302.807019 39000 C08
-2593806.166254 41684517.854675 -1165563.637885 0 C09
1066078.354545 29270250.215377 30804455.693424 38000 C10
-14228752.388054 29131977.136115 -26919392.611972 39000 C13
-7523785.050788 39675773.796248 -11142832.945942 0 C16
time 2025/01/17 09:23:28.000
-6749972.449362 24021473.399832 -7877782.585195 48000 G07
-1113477.147683 16987434.404663 20378030.607227 48000 G14
7000145.522760 19535402.322311 16862120.540085 44000 G17
1210329.518676 26211585.912081 3183843.958383 41000 G30
-15695848.666806 19927842.455730 3056633.441860 34000 R10
-3879212.750476 17356925.856431 18282089.920747 51000 R11
-2535411.988024 18736921.947751 17139149.510396 49000 R21
6739091.913779 24594457.506578 -59204.294670 39000 R22
-14719489.793595 39465960.427201 -1215150.146966 45000 C03
-7268124.870984 40040304.278289 -10330599.740974 34000 C06
-7690689.920517 26971534.422999 31605185.926475 46000 C07
-18941343.427568 28281885.566188 -25040310.963312 38000 C08
-2592556.675890 41684495.815964 -1168089.210824 0 C09
1065266.732181 29269641.176036 30805038.038351 39000 C10
-14229106.803082 29133460.521480 -26917625.909068 38000 C13
-7522568.382360 39675316.905824 -11145232.267972 0 C16
time 2025/01/17 09:23:29.000
-6750262.809566 24020371.214436 -7880740.494798 48000 G07
-1115853.918139 16988467.941207 20377012.845477 49000 G14
6998369.811071 19534321.437680 16864179.561978 44000 G17
1209932.869060 26211959.439512 3180743.270414 41000 G30
-15696014.368221 19928256.314485 3053109.090215 35000 R10
-3880809.549454 17358855.533050 18279916.765051 51000 R11
-2535939.887517 18734629.488067 17141575.732657 49000 R21
6739252.314430 24594426.233708 -55632.529076 38000 R22
-14719494.006288 39465958.786780 -1215098.095356 45000 C03
-7266927.484018 40039903.719855 -10332987.684788 35000 C06
-7691629.926891 26971120.573128 31605297.573383 46000 C07
-18941604.403035 28283483.930177 -25038318.987320 38000 C08
-2591307.188371 41684473.588872 -1170614.777374 0 C09
1064455.021139 29269032.258811 30805620.223392 38000 C10
-14229461.001634 29134943.958265 -26915859.062776 39000 C13
-7521351.779668 39674859.833777 -11147631.529811 33000 C16
time 2025/01/17 09:23:30.000
-6750553.216231 24019268.664641 -7883698.229002 48000 G07
-1118230.520032 16989501.553081 20375994.649889 48000 G14
6996593.833055 19533240.508665 16866238.232212 44000 G17
1209536.254213 26212332.598341 3177642.513792 41000 G30
-15696179.717639 19928669.827077 3049584.665602 35000 R10
-3882405.994428 17360785.117884 18277743.170209 51000 R11
-2536468.074036 18732336.755757 17144001.543758 50000 R21
6739412.584321 24594394.477028 -52060.762159 37000 R22
-14719498.219074 39465957.146595 -1215046.037274 45000 C03
-7265730.154988 40039502.984066 -10335375.572939 35000 C06
-7692569.993874 26970706.861291 31605409.053308 46000 C07
-18941865.146053 28285082.333209 -25036326.879052 39000 C08
-2590057.703721 41684451.173401 -1173140.337530 0 C09
1063643.221440 29268423.463718 30806202.248541 37000 C10
-14229814.983704 29136427.446433 -26914092.073108 38000 C13
-7520135.242968 39674402.580204 -11150030.730994 32000 C16
time 2025/01/17 09:23:31.000
-6750843.669406 24018165.750464 -7886655.787747 48000 G07
-1120606.953315 16990535.240245 20374976.020483 48000 G14
6994817.588734 19532159.535324 16868296.550745 44000 G17
1209139.674084 26212705.388557 3174541.688555 41000 G30
-15696344.715110 19929082.993448 3046060.168084 35000 R10
-3884002.085383 17362714.610849 18275569.136266 51000 R11
-2536996.547613 18730043.750901 17146426.943646 50000 R21
6739572.723378 24594362.236557 -48488.994001 38000 R22
-14719502.431953 39465955.506646 -1214993.972719 45000 C03
-7264532.883913 40039102.070928 -10337763.405428 35000 C06
-7693510.121448 26970293.287497 31605520.366250 46000 C07
-18942125.656612 28286680.775245 -25034334.638528 39000 C08
-2588808.221969 41684428.569550 -1175665.891277 0 C09
1062831.333098 29267814.790767 30806784.113796 37000 C10
-14230168.749282 29137910.985952 -26912324.940078 39000 C13
-7518918.772191 39673945.145079 -11152429.871695 31000 C16
time 2025/01/17 09:23:32.000
-6751134.169138 24017062.471930 -7889613.170964 48000 G07
-1122983.217940 16991569.002658 20373956.957279 48000 G14
6993041.078125 19531078.517713 16870354.517540 44000 G17
1208743.128626 26213077.810148 3171440.794779 41000 G30
-15696509.360681 19929495.813540 3042535.597753 35000 R10
-3885597.822306 17364644.011858 18273394.663275 51000 R11
-2537525.308276 18727750.473581 17148851.932264 50000 R21
6739732.731527 24594329.512316 -44917.224684 38000 R22
-14719506.644925 39465953.866932 -1214941.901694 45000 C03
-7263335.670826 40038700.980451 -10340151.182225 35000 C06
-7694450.309593 26969879.851752 31605631.512207 46000 C07
-18942385.934710 28288279.256254 -25032342.265754 39000 C08
-2587558.743144 41684405.777319 -1178191.438596 0 C09
1062019.356135 29267206.239972 30807365.819153 37000 C10
-14230522.298363 29139394.576795 -26910557.663688 38000 C13
-7517702.367350 39673487.528404 -11154828.951926 31000 C16
time 2025/01/17 09:23:33.000
-6751424.715474 24015958.829060 -7892570.378592 48000 G07
-1125359.313858 16992602.840278 20372937.460296 48000 G14
6991264.301250 19529997.455887 16872412.132559 44000 G17
1208346.617790 26213449.863103 3168339.832523 41000 G30
-15696673.654399 19929908.287293 3039010.954698 35000 R10
-3887193.205181 17366573.320826 18271219.751286 51000 R11
-2538054.356058 18725456.923881 17151276.509558 50000 R21
6739892.608695 24594296.304324 -41345.454285 39000 R22
-14719510.857989 39465952.227454 -1214889.824197 45000 C03
-7262138.515746 40038299.712641 -10342538.903334 35000 C06
-7695390.558289 26969466.554066 31605742.491179 46000 C07
-18942645.980338 28289877.776202 -25030349.760740 39000 C08
-2586309.267273 41684382.796707 -1180716.979475 0 C09
1061207.290563 29266597.811343 30807947.364612 36000 C10
-14230875.630938 29140878.218929 -26908790.243952 38000 C13
-7516486.028478 39673029.730193 -11157227.971667 31000 C16
time 2025/01/17 09:23:34.000
-6751715.308463 24014854.821877 -7895527.410564 48000 G07
-1127735.241022 16993636.753062 20371917.529557 49000 G14
6989487.258135 19528916.349908 16874469.395752 44000 G17
1207950.141532 26213821.547407 3165238.801868 39000 G30
-15696837.596312 19930320.414647 3035486.239003 35000 R10
-3888788.233991 17368502.537663 18269044.400351 51000 R11
-2538583.690987 18723163.101886 17153700.675468 51000 R21
6740052.354810 24594262.612602 -37773.682884 37000 R22
-14719515.071146 39465950.588212 -1214837.740228 45000 C03
-7260941.418700 40037898.267508 -10344926.568739 36000 C06
-7696330.867518 26969053.394448 31605853.303166 45000 C07
-18942905.793494 28291476.335058 -25028357.123495 38000 C08
-2585059.794375 41684359.627716 -1183242.513918 0 C09
1060395.136399 29265989.504892 30808528.750171 34000 C10
-14231228.747002 29142361.912328 -26907022.680871 37000 C13
-7515269.755598 39672571.750453 -11159626.930907 29000 C16
time 2025/01/17 09:23:35.000
-6752005.948151 24013750.450402 -7898484.266812 46000 G07
-1130110.999382 16994670.740970 20370897.165080 48000 G14
6987709.948799 19527835.199831 16876526.307086 43000 G17
1207553.699801 26214192.863049 3162137.702864 40000 G30
-15697001.186468 19930732.195549 3031961.450719 35000 R10
-3890382.908718 17370431.662281 18266868.610524 51000 R11
-2539113.313092 18720869.007682 17156124.429932 51000 R21
6740211.969797 24594228.437169 -34201.910584 33000 R22
-14719519.284395 39465948.949206 -1214785.649790 46000 C03
-7259744.379714 40037496.645059 -10347314.178427 38000 C06
-7697271.237258 26968640.372906 31605963.948166 45000 C07
-18943165.374170 28293074.932789 -25026364.354028 37000 C08
-2583810.324499 41684336.270344 -1185768.041869 0 C09
1059582.893664 29265381.320634 30809109.975823 34000 C10
-14231581.646545 29143845.656951 -26905254.974467 36000 C13
-7514053.548754 39672113.589201 -11162025.829599 34000 C16
time 2025/01/17 09:23:36.000
-6752296.634585 24012645.714663 -7901440.947261 47000 G07
-1132486.588892 16995704.803960 20369876.366887 48000 G14
6985932.373264 19526754.005715 16878582.866515 42000 G17
1207157.292552 26214563.810016 3159036.535585 40000 G30
-15697164.424914 19931143.629935 3028436.589967 35000 R10
-3891977.229348 17372360.694594 18264692.381856 51000 R11
-2539643.222405 18718574.641350 17158547.772898 51000 R21
6740371.453581 24594193.778046 -30630.137475 37000 R22
-14719523.497738 39465947.310435 -1214733.552880 47000 C03
-7258547.398817 40037094.845305 -10349701.732379 39000 C06
-7698211.667488 26968227.489449 31606074.426180 46000 C07
-18943424.722362 28294673.569362 -25024371.452348 38000 C08
-2582560.857653 41684312.724592 -1188293.563351 0 C09
1058770.562377 29264773.258583 30809691.041565 36000 C10
-14231934.329560 29145329.452773 -26903487.124743 38000 C13
-7512837.407953 39671655.246439 -11164424.667771 35000 C16
time 2025/01/17 09:23:37.000
-6752587.367814 24011540.614675 -7904397.451862 46000 G07
-1134862.009502 16996738.941990 20368855.134998 48000 G14
6984154.531550 19525672.767616 16880639.074003 41000 G17
1206760.919735 26214934.388297 3155935.300092 39000 G30
-15697327.311699 19931554.717747 3024911.656822 36000 R10
-3893571.195866 17374289.634517 18262515.714395 51000 R11
-2540173.418956 18716280.002973 17160970.704310 51000 R21
6740530.806090 24594158.635254 -27058.363671 41000 R22
-14719527.711172 39465945.671900 -1214681.449501 47000 C03
-7257350.476029 40036692.868251 -10352089.230593 40000 C06
-7699152.158191 26967814.744086 31606184.737205 47000 C07
-18943683.838064 28296272.244741 -25022378.418468 38000 C08
-2581311.393871 41684288.990460 -1190819.078341 0 C09
1057958.142554 29264165.318750 30810271.947393 36000 C10
-14232286.796042 29146813.299764 -26901719.131704 38000 C13
-7511621.333206 39671196.722169 -11166823.445437 35000 C16
time 2025/01/17 09:23:38.000
-6752878.147886 24010435.150458 -7907353.780556 46000 G07
-1137237.261174 16997773.155022 20367833.469429 48000 G14
6982376.423668 19524591.485584 16882694.929521 41000 G17
1206364.581304 26215304.597880 3152833.996444 40000 G30
-15697489.846869 19931965.458929 3021386.651354 37000 R10
-3895164.808263 17376218.481969 18260338.608184 51000 R11
-2540703.902776 18713985.092626 17163393.224119 51000 R21
6740690.027252 24594123.008810 -23486.589180 42000 R22
-14719531.924700 39465944.033601 -1214629.339651 47000 C03
-7256153.611374 40036290.713906 -10354476.673064 40000 C06
-7700092.709349 26967402.136822 31606294.881243 46000 C07
-18943942.721271 28297870.958899 -25020385.252391 38000 C08
-2580061.933170 41684265.067948 -1193344.586844 0 C09
1057145.634208 29263557.501143 30810852.693310 35000 C10
-14232639.045984 29148297.197898 -26899950.995356 37000 C13
-7510405.324549 39670738.016406 -11169222.162570 35000 C16
time 2025/01/17 09:23:39.000
-6753168.974847 24009329.322045 -7910309.933250 46000 G07
-1139612.343838 16998807.443006 20366811.370211 48000 G14
6980598.049649 19523510.159682 16884750.433017 41000 G17
1205968.277212 26215674.438751 3149732.624730 38000 G30
-15697652.030472 19932375.853418 3017861.573681 37000 R10
-3896758.066509 17378147.236846 18258161.063296 51000 R11
-2541234.673891 18711689.910417 17165815.332243 51000 R21
6740849.116993 24594086.898737 -19914.814124 43000 R22
-14719536.138319 39465942.395538 -1214577.223332 47000 C03
-7254956.804887 40035888.382281 -10356864.059756 40000 C06
-7701033.320936 26966989.667671 31606404.858292 47000 C07
-18944201.371976 28299469.711792 -25018391.954141 39000 C08
-2578812.475581 41684240.957055 -1195870.088839 0 C09
1056333.037364 29262949.805782 30811433.279307 35000 C10
-14232991.079375 29149781.147132 -26898182.715721 38000 C13
-7509189.382019 39670279.129163 -11171620.819131 35000 C16
time 2025/01/17 09:23:40.000
-6753459.848743 24008223.129456 -7913265.909881 46000 G07
-1141987.257457 16999841.805905 20365788.837357 48000 G14
6978819.409521 19522428.789974 16886805.584443 41000 G17
1205572.007411 26216043.910898 3146631.184998 38000 G30
-15697813.862555 19932785.901156 3014336.423868 36000 R10
-3898350.970589 17380075.899064 18255983.079776 51000 R11
-2541765.732331 18709394.456424 17168237.028630 51000 R21
6741008.075240 24594050.305053 -16343.038578 43000 R22
-14719540.352031 39465940.757710 -1214525.100543 47000 C03
-7253760.056594 40035485.873385 -10359251.390659 39000 C06
-7701973.992932 26966577.336640 31606514.668351 47000 C07
-18944459.790173 28301068.503390 -25016398.523723 38000 C08
-2577563.021142 41684216.657782 -1198395.584295 0 C09
1055520.352036 29262342.232676 30812013.705381 35000 C10
-14233342.896210 29151265.147437 -26896414.292805 37000 C13
-7507973.505635 39669820.060446 -11174019.415126 34000 C16
time 2025/01/17 09:23:41.000
-6753750.769624 24007116.572712 -7916221.710393 47000 G07
-1144362.001979 17000876.243675 20364765.870892 48000 G14
6977040.503303 19521347.376513 16888860.383761 41000 G17
1205175.771856 26216413.014307 3143529.677337 39000 G30
-15697975.343167 19933195.602086 3010811.202002 36000 R10
-3899943.520495 17382004.468542 18253804.657672 51000 R11
-2542297.078128 18707098.730721 17170658.313234 51000 R21
6741166.901919 24594013.227779 -12771.262610 43000 R22
-14719544.565836 39465939.120118 -1214472.971285 48000 C03
-7252563.366513 40035083.187223 -10361638.665773 39000 C06
-7702914.725322 26966165.143737 31606624.311419 47000 C07
-18944717.975858 28302667.333659 -25014404.961146 40000 C08
-2576313.569884 41684192.170129 -1200921.073185 0 C09
1054707.578244 29261734.781839 30812593.971531 35000 C10
-14233694.496481 29152749.198786 -26894645.726614 34000 C13
-7506757.695434 39669360.810268 -11176417.950522 33000 C16
time 2025/01/17 09:23:42.000
-6754041.737535 24006009.651841 -7919177.334703 47000 G07
-1146736.577344 17001910.756269 20363742.470840 49000 G14
6975261.331025 19520265.919362 16890914.830921 41000 G17
1204779.570498 26216781.748966 3140428.101811 38000 G30
-15698136.472355 19933604.956146 3007285.908182 36000 R10
-3901535.716196 17383932.945178 18251625.797050 51000 R11
-2542828.711308 18704802.733414 17173079.185974 51000 R21
6741325.596956 24593975.666936 -9199.486354 43000 R22
-14719548.779732 39465937.482761 -1214420.835558 47000 C03
-7251366.734680 40034680.323807 -10364025.885070 39000 C06
-7703855.518077 26965753.088972 31606733.787496 46000 C07
-18944975.929023 28304266.202557 -25012411.266434 40000 C08
-2575064.121836 41684167.494096 -1203446.555500 0 C09
1053894.716006 29261127.453284 30813174.077750 35000 C10
-14234045.880180 29154233.301138 -26892877.017167 34000 C13
-7505541.951442 39668901.378640 -11178816.425302 33000 C16
time 2025/01/17 09:23:43.000
-6754332.752526 24004902.366856 -7922132.782766 46000 G07
-1149110.983526 17002945.343656 20362718.637213 48000 G14
6973481.892701 19519184.418575 16892968.925892 41000 G17
1204383.403290 26217150.114865 3137326.458469 37000 G30
-15698297.250167 19934013.963282 3003760.542462 37000 R10
-3903127.557691 17385861.328900 18249446.497945 51000 R11
-2543360.631906 18702506.464563 17175499.646820 51000 R21
6741484.160279 24593937.622544 -5627.709864 43000 R22
-14719552.993721 39465935.845641 -1214368.693363 47000 C03
-7250170.161113 40034277.283144 -10366413.048548 41000 C06
-7704796.371186 26965341.172352 31606843.096581 47000 C07
-18945233.649666 28305865.110069 -25010417.439573 38000 C08
-2573814.677008 41684142.629682 -1205972.031256 0 C09
1053081.765335 29260520.247020 30813754.024040 34000 C10
-14234397.047300 29155717.454473 -26891108.164462 35000 C13
-7504326.273660 39668441.765560 -11181214.839507 36000 C16
time 2025/01/17 09:23:44.000
-6754623.814640 24003794.717794 -7925088.054485 46000 G07
-1151485.220446 17003980.005780 20361694.370043 48000 G14
6971702.188362 19518102.874214 16895022.668621 41000 G17
16019464.126851 19860548.398362 8006707.391911 35000 G19
1203987.270183 26217518.111989 3134224.747391 38000 G30
-15698457.676650 19934422.623431 3000235.104964 37000 R10
-3904719.044948 17387789.619601 18247266.760430 51000 R11
-2543892.839944 18700209.924282 17177919.695680 51000 R21
6741642.591812 24593899.094622 -2055.933266 44000 R22
-14719557.207803 39465934.208756 -1214316.544700 47000 C03
-7248973.645846 40033874.065244 -10368800.156180 39000 C06
-7705737.284619 26964929.393889 31606952.238673 46000 C07
-18945491.137777 28307464.056134 -25008423.480606 40000 C08
-2572565.235448 41684117.576888 -1208497.500398 0 C09
1052268.726259 29259913.163069 30814333.810390 34000 C10
-14234747.997833 29157201.658746 -26889339.168524 34000 C13
-7503110.662162 39667981.971057 -11183613.193032 34000 C16
time 2025/01/17 09:23:45.000
-6754914.923930 24002686.704660 -7928043.149834 46000 G07
-1153859.288090 17005014.742614 20360669.669338 48000 G14
6969922.218006 19517021.286322 16897076.059095 41000 G17
16018527.742732 19860081.378983 8009644.237521 35000 G19
1203591.171131 26217885.740329 3131122.968630 40000 G30
-15698617.751854 19934830.936540 2996709.595712 37000 R10
-3906310.177971 17389717.817219 18245086.584530 51000 R11
-2544425.335459 18697913.112624 17180339.332531 51000 R21
6741800.891484 24593860.083191 1515.843411 44000 R22
-14719561.421976 39465932.572106 -1214264.389569 47000 C03
-7247777.188891 40033470.670111 -10371187.207983 39000 C06
-7706678.258368 26964517.753587 31607061.213773 46000 C07
-18945748.393355 28309063.040746 -25006429.389511 41000 C08
-2571315.797159 41684092.335713 -1211022.962966 0 C09
1051455.598781 29259306.201430 30814913.436808 34000 C10
-14235098.731772 29158685.913937 -26887570.029349 36000 C13
-7501895.116936 39667521.995126 -11186011.485935 33000 C16
time 2025/01/17 09:23:46.000
-6755206.080444 24001578.327476 -7930998.068752 45000 G07
-1156233.186417 17006049.554120 20359644.535114 48000 G14
6968141.981657 19515939.654959 16899129.097272 41000 G17
16017591.041795 19859614.187865 8012580.916192 34000 G19
1203195.106080 26218252.999875 3128021.122217 40000 G30
-15698777.475826 19935238.902551 2993184.014798 36000 R10
-3907900.956748 17391645.921672 18242905.970289 51000 R11
-2544958.118485 18695616.029663 17182758.557325 51000 R21
6741959.059222 24593820.588271 5087.620078 43000 R22
-14719565.636242 39465930.935692 -1214212.227969 47000 C03
-7246580.790270 40033067.097753 -10373574.203948 38000 C06
-7707619.292415 26964106.251453 31607170.021879 46000 C07
-18946005.416394 28310662.063874 -25004435.166295 41000 C08
-2570066.362176 41684066.906159 -1213548.418929 0 C09
1050642.382921 29258699.362119 30815492.903287 34000 C10
-14235449.249115 29160170.220028 -26885800.746931 37000 C13
-7500679.638008 39667061.837775 -11188409.718206 33000 C16
time 2025/01/17 09:23:47.000
-6755497.284226 24000469.586273 -7933952.811152 45000 G07
-1158606.915357 17007084.440247 20358618.967401 48000 G14
6966361.479346 19514857.980186 16901181.783099 41000 G17
16016654.024040 19859146.825068 8015517.427822 34000 G19
1202799.074988 26218619.890611 3124919.208264 40000 G30
-15698936.848614 19935646.521403 2989658.362320 36000 R10
-3909491.381253 17393573.932858 18240724.917777 51000 R11
-2545491.189046 18693318.675502 17185177.369987 51000 R21
6742117.094952 24593780.609883 8659.396632 43000 R22
-14719569.850600 39465929.299514 -1214160.059902 47000 C03
-7245384.450021 40032663.348182 -10375961.144040 39000 C06
-7708560.386736 26963694.887498 31607278.662992 46000 C07
-18946262.206888 28312261.125475 -25002440.810979 41000 C08
-2568816.930532 41684041.288223 -1216073.868263 0 C09
1049829.078698 29258092.645149 30816072.209826 34000 C10
-14235799.549851 29161654.576979 -26884031.321289 36000 C13
-7499464.225405 39666601.499014 -11190807.889834 33000 C16
time 2025/01/17 09:23:48.000
-6755788.535322 23999360.481082 -7936907.376944 45000 G07
-1160980.474846 17008119.400945 20357592.966227 48000 G14
6964580.711108 19513776.262071 16903234.116521 41000 G17
16015716.689460 19858679.290643 8018453.772343 35000 G19
1202403.077812 26218986.412522 3121817.226858 40000 G30
-15699095.870264 19936053.793033 2986132.638404 36000 R10
-3911081.451458 17395501.850675 18238543.427060 51000 R11
-2546024.547167 18691021.050241 17187595.770442 51000 R21
6742274.998598 24593740.148047 12231.172947 43000 R22
-14719574.065050 39465927.663571 -1214107.885367 47000 C03
-7244188.168176 40032259.421408 -10378348.028234 39000 C06
-7709501.541300 26963283.661735 31607387.137108 46000 C07
-18946518.764829 28313860.225504 -25000446.323588 41000 C08
-2567567.502121 41684015.481905 -1218599.311223 34000 C09
1049015.686142 29257486.050541 30816651.356411 34000 C10
-14236149.633971 29163138.984747 -26882261.752447 36000 C13
-7498248.879172 39666140.978860 -11193206.000766 33000 C16
time 2025/01/17 09:23:49.000
-6756079.833778 23998251.011933 -7939861.766039 44000 G07
-1163353.864814 17009154.436164 20356566.531621 48000 G14
6962799.676973 19512694.500674 16905286.097487 40000 G17
16014779.038051 19858211.584649 8021389.949665 34000 G19
1202007.114506 26219352.565593 3118715.178086 40000 G30
-15699254.540823 19936460.717379 2982606.843152 36000 R10
-3912671.167331 17397429.675017 18236361.498212 51000 R11
-2546558.192874 18688723.153991 17190013.758603 51000 R21
6742432.770087 24593699.202783 15802.948915 43000 R22
-14719578.279591 39465926.027865 -1214055.704367 47000 C03
-7242991.944773 40031855.317444 -10380734.856495 39000 C06
-7710442.756080 26962872.574176 31607495.444227 46000 C07
-18946775.090209 28315459.363910 -24998451.704154 42000 C08
-2566318.077268 41683989.487210 -1221124.747197 34000 C09
1048202.205272 29256879.578310 30817230.343039 35000 C10
-14236499.501462 29164623.443277 -26880492.040441 36000 C13
-7497033.599343 39665680.277325 -11195604.050975 33000 C16
time 2025/01/17 09:23:50.000
-6756371.179641 23997141.178844 -7942815.978388 45000 G07
-1165727.085229 17010189.545869 20355539.663598 47000 G14
6961018.376970 19511612.696059 16907337.725948 39000 G17
16013841.069787 19857743.707130 8024325.959769 34000 G19
1201611.185022 26219718.349813 3115613.062005 40000 G30
-15699412.860339 19936867.294385 2979080.976641 36000 R10
-3914260.528866 17399357.405810 18234179.131271 51000 R11
-2547092.126199 18686424.986819 17192431.334433 51000 R21
6742590.409345 24593657.774113 19374.724475 43000 R22
-14719582.494225 39465924.392393 -1214003.516901 46000 C03
-7241795.779825 40031451.036294 -10383121.628832 38000 C06
-7711384.031063 26962461.624826 31607603.584348 46000 C07
-18947031.183024 28317058.540670 -24996456.952675 40000 C08
-2565068.655837 41683963.304135 -1223650.176498 34000 C09
1047388.636101 29256273.228465 30817809.169708 35000 C10
-14236849.152321 29166107.952557 -26878722.185261 37000 C13
-7495818.385991 39665219.394436 -11198002.040359 27000 C16
time 2025/01/17 09:23:51.000
-6756662.572961 23996030.981833 -7945770.013936 45000 G07
-1168100.136052 17011224.730022 20354512.362173 47000 G14
6959236.811102 19510530.848271 16909389.001886 39000 G17
16012902.784671 19857275.658146 8027261.802554 35000 G19
1201215.289309 26220083.765173 3112510.878654 40000 G30
-15699570.828861 19937273.523997 2975555.038911 36000 R10
-3915849.536056 17401285.042973 18231996.326279 51000 R11
-2547626.347174 18684126.548798 17194848.497884 51000 R21
6742747.916301 24593615.862055 22946.499557 43000 R22
-14719586.708951 39465922.757157 -1213951.322968 45000 C03
-7240599.673356 40031046.577967 -10385508.345239 38000 C06
-7712325.366233 26962050.813693 31607711.557472 46000 C07
-18947287.043270 28318657.755760 -24994462.069148 39000 C08
-2563819.237860 41683936.932680 -1226175.599104 34000 C09
1046574.978646 29255667.001017 30818387.836419 35000 C10
-14237198.586541 29167592.512559 -26876952.186909 37000 C13
-7494603.239096 39664758.330186 -11200399.968993 25000 C16
time 2025/01/17 09:23:52.000
-6756954.013785 23994920.420922 -7948723.872620 46000 G07
-1170473.017239 17012259.988582 20353484.627367 47000 G14
6957454.979380 19509448.957360 16911439.925273 38000 G17
16011964.182679 19856807.437740 8030197.477996 35000 G19
1200819.427317 26220448.811661 3109408.628095 40000 G30
-15699728.446438 19937679.406157 2972029.030035 35000 R10
-3917438.188888 17403212.586426 18229813.083283 51000 R11
-2548160.855830 18681827.840011 17197265.248903 51000 R21
6742905.290881 24593573.466631 26518.274079 43000 R22
-14719590.923769 39465921.122157 -1213899.122569 45000 C03
-7239403.625389 40030641.942470 -10387895.005706 38000 C06
-7713266.761570 26961640.140784 31607819.363598 46000 C07
-18947542.670942 28320257.009147 -24992467.053583 39000 C08
-2562569.823356 41683910.372844 -1228701.015021 33000 C09
1045761.232925 29255060.895979 30818966.343166 36000 C10
-14237547.804116 29169077.123255 -26875182.045393 39000 C13
-7493388.158635 39664297.084564 -11202797.836963 24000 C16
time 2025/01/17 09:23:54.000
-6757537.038142 23992698.207467 -7954631.059189 45000 G07
-1175218.270539 17014330.728772 20351427.857677 48000 G14
6953890.518474 19507285.046409 16915540.714212 40000 G17
16010086.028011 19855870.482876 8036068.326627 37000 G19
1200027.804308 26221177.797978 3103203.925582 40000 G30
-15700042.628948 19938490.127884 2964976.799225 33000 R10
-3920614.431434 17407067.391869 18225445.283458 51000 R11
-2549230.736311 18677229.610440 17202097.513446 51000 R21
6743219.642623 24593487.225763 33661.821167 44000 R22
-14719599.353680 39465917.852863 -1213794.702374 46000 C03
-7237011.705053 40029832.139994 -10392668.158800 39000 C06
-7715149.732684 26960819.209667 31608034.474854 47000 C07
-18948053.228545 28323455.630701 -24988476.626352 40000 C08
-2560071.004880 41683856.688033 -1233751.826725 34000 C09
1044133.476724 29253849.053162 30820122.876778 34000 C10
-14238245.589309 29172046.496631 -26871641.332870 38000 C13
-7490958.197063 39663374.049225 -11207593.390973 31000 C16
time 2025/01/17 09:23:55.000
-6757828.621772 23991586.554955 -7957584.386977 43000 G07
-1177590.642585 17015366.210330 20350398.822823 49000 G14
6952107.889298 19506203.026463 16917590.579724 39000 G17
16009146.475296 19855401.748512 8039003.499742 37000 G19
1199632.043193 26221541.737786 3100101.473743 39000 G30
-15700199.193979 19938894.967341 2961450.577394 30000 R10
-3922202.021135 17408994.653708 18223260.726708 51000 R11
-2549766.108202 18674930.089796 17204513.026887 51000 R21
6743376.619639 24593443.380360 37233.593602 45000 R22
-14719603.568773 39465916.218569 -1213742.482577 47000 C03
-7235815.832722 40029426.973029 -10395054.651427 40000 C06
-7716091.308430 26960408.951471 31608141.779984 46000 C07
-18948308.158468 28325054.998818 -24986481.214686 40000 C08
-2558821.600940 41683829.563057 -1236277.222531 35000 C09
1043319.466273 29253243.315402 30820700.903643 34000 C10
-14238594.156915 29173531.259258 -26869870.761871 35000 C13
-7489743.316086 39662912.259556 -11209991.076831 36000 C16
time 2025/01/17 09:23:56.000
-6758120.253096 23990474.538635 -7960537.537635 43000 G07
-1179962.844806 17016401.766130 20349369.354667 48000 G14
6950324.994366 19505120.963630 16919640.092510 39000 G17
16008206.605655 19854932.842935 8041938.505281 37000 G19
1199236.315610 26221905.308673 3096998.954954 39000 G30
-15700355.408255 19939299.459108 2957924.284799 31000 R10
-3923789.256417 17410921.821487 18221075.732160 51000 R11
-2550301.767893 18672630.298718 17206928.127669 51000 R21
6743533.463987 24593399.051672 40805.365146 45000 R22
-14719607.783958 39465914.584511 -1213690.256316 47000 C03
-7234620.018996 40029021.628926 -10397441.088068 40000 C06
-7717032.944265 26959998.831535 31608248.918113 46000 C07
-18948562.855795 28326654.405101 -24984485.671018 39000 C08
-2557572.200591 41683802.249700 -1238802.611576 36000 C09
1042505.367626 29252637.700103 30821278.770531 33000 C10
-14238942.507845 29175016.072452 -26868100.047747 35000 C13
-7488528.501682 39662450.288567 -11212388.701905 36000 C16
time 2025/01/17 09:23:57.000
-6758411.932159 23989362.158539 -7963490.511071 43000 G07
-1182334.877122 17017437.396116 20348339.453245 47000 G14
6948541.833724 19504038.857983 16921689.252501 42000 G17
16007266.419097 19854463.766207 8044873.343119 37000 G19
1198840.621519 26222268.510622 3093896.369343 40000 G30
-15700511.271822 19939703.603122 2954397.921553 32000 R10
-3925376.137242 17412848.895092 18218890.299895 51000 R11
-2550837.715406 18670330.237325 17209342.815700 51000 R21
6743690.175591 24593354.239720 44377.135655 46000 R22
-14719611.999234 39465912.950689 -1213638.023590 47000 C03
-7233424.263913 40028616.107701 -10399827.468682 40000 C06
-7717974.640157 26959588.849870 31608355.889239 47000 C07
-18948817.320517 28328253.849494 -24982489.995388 40000 C08
-2556322.803888 41683774.747965 -1241327.993790 32000 C09
1041691.180811 29252032.207283 30821856.477434 35000 C10
-14239290.642092 29176500.936174 -26866329.190516 36000 C13
-7487313.753894 39661988.136274 -11214786.266152 37000 C16
time 2025/01/17 09:23:58.000
-6758703.659008 23988249.414689 -7966443.307219 42000 G07
-1184706.739485 17018473.100247 20347309.118576 47000 G14
6946758.407382 19502956.709573 16923738.059670 42000 G17
16006325.915599 19853994.518376 8047808.013224 37000 G19
1198444.960868 26222631.343625 3090793.716943 40000 G30
-15700666.784730 19940107.399331 2950871.487693 31000 R10
-3926962.663599 17414775.874442 18216704.429960 51000 R11
-2551373.950772 18668029.905693 17211757.090930 51000 R21
6743846.754377 24593308.944524 47948.905069 46000 R22
-14719616.214602 39465911.317102 -1213585.784401 46000 C03
-7232228.567498 40028210.409360 -10402213.793259 40000 C06
-7718916.396088 26959179.006485 31608462.693363 46000 C07
-18949071.552630 28329853.331970 -24980494.187799 39000 C08
-2555073.410829 41683747.057849 -1243853.369223 32000 C09
1040876.905832 29251426.836947 30822434.024357 34000 C10
-14239638.559647 29177985.850387 -26864558.190195 37000 C13
-7486099.072762 39661525.802690 -11217183.769536 37000 C16
time 2025/01/17 09:23:59.000
-6758995.433694 23987136.307096 -7969395.926045 41000 G07
-1187078.431871 17019508.878492 20346278.350671 47000 G14
6944974.715347 19501874.518447 16925786.513994 42000 G17
16005385.095145 19853525.099489 8050742.515555 38000 G19
1198049.333607 26222993.807671 3087690.997802 40000 G30
-15700821.947028 19940510.847675 2947344.983309 31000 R10
-3928548.835485 17416702.759464 18214518.122388 51000 R11
-2551910.474025 18665729.303886 17214170.953324 51000 R21
6744003.200274 24593263.166105 51520.673327 46000 R22
-14719620.430062 39465909.683750 -1213533.538747 46000 C03
-7231032.929769 40027804.533909 -10404600.061803 41000 C06
-7719858.212046 26958769.301385 31608569.330483 46000 C07
-18949325.552131 28331452.852507 -24978498.248244 39000 C08
-2553824.021448 41683719.179355 -1246378.737842 31000 C09
1040062.542710 29250821.589108 30823011.411295 34000 C10
-14239986.260506 29179470.815074 -26862787.046777 36000 C13
-7484884.458287 39661063.287817 -11219581.212089 36000 C16
time 2025/01/17 09:24:00.000
-6759287.256264 23986022.835779 -7972348.367493 40000 G07
-1189449.954245 17020544.730813 20345247.149545 48000 G14
6943190.757628 19500792.284655 16927834.615445 42000 G17
16004443.957714 19853055.509596 8053676.850073 38000 G19
1197653.739688 26223355.902749 3084588.211976 40000 G30
-15700976.758765 19940913.948101 2943818.408441 29000 R10
-3930134.652897 17418629.550085 18212331.377216 51000 R11
-2552447.285198 18663428.431975 17216584.402839 51000 R21
6744159.513210 24593216.904483 55092.440369 46000 R22
-14719624.645613 39465908.050634 -1213481.286630 47000 C03
-7229837.350742 40027398.481354 -10406986.274321 41000 C06
-7720800.088018 26958359.734576 31608675.800601 46000 C07
-18949579.319015 28333052.411082 -24976502.176723 39000 C08
-2552574.635756 41683691.112480 -1248904.099673 32000 C09
1039248.091454 29250216.463772 30823588.638252 34000 C10
-14240333.744664 29180955.830215 -26861015.760256 36000 C13
-7483669.910492 39660600.591662 -11221978.593807 38000 C16
time 2025/01/17 09:24:01.000
-6759579.126767 23984909.000759 -7975300.631502 39000 G07
-1191821.306554 17021580.657168 20344215.515221 47000 G14
6941406.534254 19499710.008259 16929882.363976 42000 G17
16003502.503306 19852585.748754 8056611.016688 37000 G19
1197258.179064 26223717.628847 3081485.359533 40000 G30
-15701131.219987 19941316.700547 2940291.763200 30000 R10
-3931720.115812 17420556.246211 18210144.194503 51000 R11
-2552984.384320 18661127.290051 17218997.439410 51000 R21
6744315.693111 24593170.159677 58664.206098 46000 R22
-14719628.861256 39465906.417753 -1213429.028048 47000 C03
-7228641.830443 40026992.251704 -10409372.430799 40000 C06
-7721742.023979 26957950.306067 31608782.103715 46000 C07
-18949832.853275 28334652.007655 -24974505.973253 39000 C08
-2551325.253787 41683662.857225 -1251429.454686 33000 C09
1038433.552083 29249611.460953 30824165.705223 33000 C10
-14240681.012113 29182440.895773 -26859244.330651 35000 C13
-7482455.429405 39660137.714235 -11224375.914676 37000 C16
time 2025/01/17 09:24:02.000
-6759871.045247 23983794.802072 -7978252.717971 40000 G07
-1194192.488743 17022616.657510 20343183.447722 47000 G14
6939622.045258 19498627.689322 16931929.759535 43000 G17
16002560.731906 19852115.817012 8059545.015350 37000 G19
1196862.651688 26224078.985952 3078382.440551 40000 G30
-15701285.330744 19941719.104955 2936765.047670 30000 R10
-3933305.224212 17422482.847751 18207956.574307 51000 R11
-2553521.771417 18658825.878204 17221410.062974 51000 R21
6744471.739903 24593122.931710 62235.970418 46000 R22
-14719633.076990 39465904.785108 -1213376.763003 47000 C03
-7227446.368905 40026585.844968 -10411758.531212 40000 C06
-7722684.019909 26957541.015869 31608888.239824 47000 C07
-18950086.154908 28336251.642190 -24972509.637846 39000 C08
-2550075.875567 41683634.413591 -1253954.802873 34000 C09
1037618.924621 29249006.580670 30824742.612199 34000 C10
-14241028.062844 29183926.011708 -26857472.757978 35000 C13
-7481241.015053 39659674.655546 -11226773.174678 36000 C16
time 2025/01/17 09:24:03.000
-6760163.011752 23982680.239735 -7981204.626850 38000 G07
-1196563.500755 17023652.731795 20342150.947073 48000 G14
6937837.290655 19497545.327899 16933976.802087 42000 G17
16001618.643508 19851645.714428 8062478.845975 37000 G19
1196467.157512 26224439.974053 3075279.455087 40000 G30
-15701439.091082 19942121.161264 2933238.261962 31000 R10
-3934889.978076 17424409.354609 18205768.516686 51000 R11
-2554059.446519 18656524.196525 17223822.273466 51000 R21
6744627.653513 24593075.220602 65807.733235 46000 R22
-14719637.292816 39465903.152699 -1213324.491496 47000 C03
-7226250.966155 40026179.261157 -10414144.575542 40000 C06
-7723626.075784 26957131.863990 31608994.208927 47000 C07
-18950339.223904 28337851.314648 -24970513.170521 40000 C08
-2548826.501124 41683605.781577 -1256480.144214 35000 C09
1036804.209084 29248401.822931 30825319.359180 34000 C10
-14241374.896848 29185411.177985 -26855701.042254 37000 C13
-7480026.667461 39659211.415605 -11229170.373807 36000 C16
time 2025/01/17 09:24:04.000
-6760455.026333 23981565.313762 -7984156.358097 39000 G07
-1198934.342568 17024688.879992 20341118.013283 47000 G14
6936052.270459 19496462.924042 16936023.491600 42000 G17
16000676.238087 19851175.441045 8065412.508546 37000 G19
1196071.696488 26224800.593138 3072176.403208 40000 G30
-15701592.501051 19942522.869423 2929711.406098 31000 R10
-3936474.377400 17426335.766715 18203580.021675 51000 R11
-2554597.409659 18654222.245078 17226234.070850 51000 R21
6744783.433868 24593027.026373 69379.494490 46000 R22
-14719641.508733 39465901.520524 -1213272.213525 47000 C03
-7225055.622210 40025772.500276 -10416530.563796 40000 C06
-7724568.191594 26956722.850436 31609100.011025 47000 C07
-18950592.060263 28339451.025013 -24968516.571267 41000 C08
-2547577.130486 41683576.961184 -1259005.478701 36000 C09
1035989.405490 29247797.187752 30825895.946162 35000 C10
-14241721.514124 29186896.394598 -26853929.183457 37000 C13
-7478812.386646 39658747.994417 -11231567.512066 36000 C16
time 2025/01/17 09:24:05.000
-6760747.089033 23980450.024185 -7987107.911620 39000 G07
-1201305.014116 17025725.102050 20340084.646382 48000 G14
6934266.984700 19495380.477813 16938069.828027 41000 G17
15999733.515637 19850704.996918 8068346.002983 36000 G19
1195676.268569 26225160.843194 3069073.284983 40000 G30
-15701745.560697 19942924.229367 2926184.480207 32000 R10
-3938058.422166 17428262.083974 18201391.089334 51000 R11
-2555135.660864 18651920.023959 17228645.455058 51000 R21
6744939.080895 24592978.349043 72951.254093 46000 R22
-14719645.724742 39465899.888585 -1213219.929092 46000 C03
-7223860.337101 40025365.562335 -10418916.495948 40000 C06
-7725510.367311 26956313.975217 31609205.646117 47000 C07
-18950844.663978 28341050.773244 -24966519.840102 39000 C08
-2546327.763687 41683547.952411 -1261530.806303 35000 C09
1035174.513851 29247192.675139 30826472.373146 32000 C10
-14242067.914662 29188381.661503 -26852157.181612 36000 C13
-7477598.172646 39658284.391995 -11233964.589421 36000 C16
time 2025/01/17 09:24:06.000
-6761039.199900 23979334.371032 -7990059.287340 40000 G07
-1203675.515343 17026761.397925 20339050.846392 47000 G14
6932481.433409 19494297.989274 16940115.811316 41000 G17
15998790.476157 19850234.382105 8071279.329200 37000 G19
1195280.873709 26225520.724208 3065970.100494 41000 G30
-15701898.270070 19943325.241039 2922657.484371 32000 R10
-3939642.112347 17430188.306287 18199201.719727 51000 R11
-2555674.200161 18649617.533262 17231056.426022 51000 R21
6745094.594519 24592929.188634 76523.011935 45000 R22
-14719649.940841 39465898.256882 -1213167.638196 47000 C03
-7222665.110859 40024958.447344 -10421302.371980 40000 C06
-7726452.602914 26955905.238344 31609311.114200 47000 C07
-18951097.035041 28342650.559297 -24964522.977050 39000 C08
-2545078.400753 41683518.755260 -1264056.127012 35000 C09
1034359.534190 29246588.285109 30827048.640125 34000 C10
-14242414.098454 29189866.978666 -26850385.036731 35000 C13
-7476384.025487 39657820.608350 -11236361.605859 36000 C16
time 2025/01/17 09:24:07.000
-6761331.358983 23978218.354318 -7993010.485214 37000 G07
-1206045.846199 17027797.767574 20338016.613337 48000 G14
6930695.616606 19493215.458482 16942161.441428 41000 G17
15997847.119627 19849763.596654 8074212.487154 36000 G19
1194885.511862 26225880.236168 3062866.849807 41000 G30
-15702050.629217 19943725.904381 2919130.418671 32000 R10
-3941225.447931 17432114.433573 18197011.912901 51000 R11
-2556213.027579 18647314.773075 17233466.983681 51000 R21
6745249.974668 24592879.545167 80094.767930 46000 R22
-14719654.157032 39465896.625414 -1213115.340839 47000 C03
-7221469.943510 40024551.155311 -10423688.191876 40000 C06
-7727394.898381 26955496.639826 31609416.415276 47000 C07
-18951349.173447 28344250.383139 -24962525.982121 40000 C08
-2543829.041712 41683489.369729 -1266581.440812 34000 C09
1033544.466528 29245984.017677 30827624.747094 31000 C10
-14242760.065490 29191352.346042 -26848612.748841 35000 C13
-7475169.945194 39657356.643491 -11238758.561369 36000 C16
time 2025/01/17 09:24:08.000
-6761623.566327 23977101.974074 -7995961.505152 37000 G07
-1208416.006636 17028834.210955 20336981.947235 48000 G14
6928909.534315 19492132.885496 16944206.718319 41000 G17
15996903.446041 19849292.640620 8077145.476770 36000 G19
1194490.182979 26226239.379061 3059763.532992 41000 G30
-15702202.638185 19944126.219331 2915603.283212 33000 R10
-3942808.428900 17434040.465737 18194821.668915 51000 R11
-2556752.143147 18645011.743481 17235877.127978 51000 R21
6745405.221268 24592829.418661 83666.521989 46000 R22
-14719658.373314 39465894.994181 -1213063.037020 47000 C03
-7220274.835078 40024143.686247 -10426073.955626 41000 C06
-7728337.253694 26955088.179670 31609521.549342 47000 C07
-18951601.079190 28345850.244732 -24960528.855329 40000 C08
-2542579.686598 41683459.795819 -1269106.747676 34000 C09
1032729.310880 29245379.872853 30828200.694050 30000 C10
-14243105.815763 29192837.763606 -26846840.317943 35000 C13
-7473955.931799 39656892.497429 -11241155.455928 36000 C16
time 2025/01/17 09:24:09.000
-6761915.821979 23975985.230322 -7998912.347091 37000 G07
-1210785.996607 17029870.728026 20335946.848109 48000 G14
6927123.186556 19491050.270372 16946251.641954 40000 G17
15995959.455381 19848821.514052 8080078.298005 35000 G19
1194094.887014 26226598.152876 3056660.150110 41000 G30
-15702354.297023 19944526.185834 2912076.078069 34000 R10
-3944391.055237 17435966.402692 18192630.987820 51000 R11
-2557291.546895 18642708.444565 17238286.858857 51000 R21
6745560.334245 24592778.809139 87238.274026 45000 R22
-14719662.589688 39465893.363184 -1213010.726740 47000 C03
-7219079.785592 40023736.040158 -10428459.663211 41000 C06
-7729279.668830 26954679.857886 31609626.516398 47000 C07
-18951852.752266 28347450.144047 -24958531.596680 40000 C08
-2541330.335429 41683430.033531 -1271632.047610 34000 C09
1031914.067266 29244775.850653 30828776.480991 30000 C10
-14243451.349269 29194323.231331 -26845067.744041 36000 C13
-7472741.985324 39656428.170172 -11243552.289533 37000 C16
time 2025/01/17 09:24:10.000
-6762208.125987 23974868.123085 -8001863.010968 37000 G07
-1213155.816068 17030907.318748 20334911.315976 48000 G14
6925336.573347 19489967.613164 16948296.212294 40000 G17
15995015.147646 19848350.217006 8083010.950769 34000 G19
1193699.623917 26226956.557602 3053556.701229 40000 G30
-15702505.605779 19944925.803830 2908548.803324 34000 R10
-3945973.326931 17437892.244357 18190439.869662 51000 R11
-2557831.238853 18640404.876406 17240696.176265 51000 R21
6745715.313528 24592727.716620 90810.023966 44000 R22
-14719666.806152 39465891.732422 -1212958.409999 46000 C03
-7217884.795072 40023328.217053 -10430845.314633 41000 C06
-7730222.143773 26954271.674482 31609731.316444 47000 C07
-18952104.192669 28349050.081053 -24956534.206182 40000 C08
-2540080.988234 41683400.082863 -1274157.340598 34000 C09
1031098.735697 29244171.951084 30829352.107916 29000 C10
-14243796.665998 29195808.749184 -26843295.027148 35000 C13
-7471528.105796 39655963.661730 -11245949.062169 36000 C16
time 2025/01/17 09:24:11.000
-6762500.478400 23973750.652377 -8004813.496735 37000 G07
-1215525.464976 17031943.983079 20333875.350855 48000 G14
6923549.694707 19488884.913929 16950340.429304 40000 G17
15994070.522813 19847878.749530 8085943.435034 33000 G19
1193304.393641 26227314.593227 3050453.186398 40000 G30
-15702656.564503 19945325.073265 2905021.459034 35000 R10
-3947555.243971 17439817.990647 18188248.314491 51000 R11
-2558371.219051 18638101.039086 17243105.080149 51000 R21
6745870.159042 24592676.141124 94381.771732 43000 R22
-14719671.022708 39465890.101896 -1212906.086797 46000 C03
-7216689.863545 40022920.216940 -10433230.909874 40000 C06
-7731164.678504 26953863.629464 31609835.949480 47000 C07
-18952355.400395 28350650.055722 -24954536.683836 40000 C08
-2538831.645039 41683369.943817 -1276682.626630 34000 C09
1030283.316192 29243568.174158 30829927.574823 29000 C10
-14244141.765946 29197294.317141 -26841522.167263 36000 C13
-7470314.293235 39655498.972110 -11248345.773837 37000 C16
time 2025/01/17 09:24:12.000
-6762792.879264 23972632.818231 -8007763.804302 39000 G07
-1217894.943274 17032980.720975 20332838.952772 48000 G14
6921762.550668 19487802.172728 16952384.292932 40000 G17
15993125.580874 19847407.111677 8088875.750732 32000 G19
1192909.196138 26227672.259739 3047349.605695 39000 G30
-15702807.173241 19945723.994078 2901494.045301 36000 R10
-3949136.806334 17441743.641469 18186056.322364 51000 R11
-2558911.487518 18635796.932692 17245513.570447 51000 R21
6746024.870715 24592624.082674 97953.517233 42000 R22
-14719675.239354 39465888.471604 -1212853.757135 47000 C03
-7215494.991036 40022512.039828 -10435616.448924 41000 C06
-7732107.273000 26953455.722843 31609940.415504 47000 C07
-18952606.375436 28352250.068013 -24952539.029665 40000 C08
-2537582.305873 41683339.616392 -1279207.905687 35000 C09
1029467.808787 29242964.519901 30830502.881695 32000 C10
-14244486.649103 29198779.935157 -26839749.164412 37000 C13
-7469100.547675 39655034.101324 -11250742.424507 37000 C16
time 2025/01/17 09:24:13.000
-6763085.328625 23971514.620667 -8010713.933611 37000 G07
-1220264.250905 17034017.532390 20331802.121750 48000 G14
6919975.141259 19486719.389625 16954427.803128 40000 G17
15992180.321828 19846935.303505 8091807.897766 31000 G19
1192514.031363 26228029.557124 3044245.959196 39000 G30
-15702957.432041 19946122.566209 2897966.562230 35000 R10
-3950718.014000 17443669.196725 18183863.893345 51000 R11
-2559452.044278 18633492.557327 17247921.647085 51000 R21
6746179.448471 24592571.541290 101525.260352 43000 R22
-14719679.456092 39465886.841549 -1212801.421012 47000 C03
-7214300.177581 40022103.685728 -10438001.931751 41000 C06
-7733049.927238 26953047.954629 31610044.714516 47000 C07
-18952857.117789 28353850.117886 -24950541.243684 39000 C08
-2536332.970771 41683309.100589 -1281733.177743 37000 C09
1028652.213484 29242360.988316 30831078.028539 32000 C10
-14244831.315463 29200265.603211 -26837976.018594 36000 C13
-7467886.869146 39654569.049384 -11253139.014160 37000 C16
time 2025/01/17 09:24:14.000
-6763377.826533 23970396.059707 -8013663.884602 39000 G07
-1222633.387840 17035054.417289 20330764.857803 48000 G14
6918187.466477 19485636.564661 16956470.959881 41000 G17
15991234.745650 19846463.325058 8094739.876119 31000 G19
1192118.899264 26228386.485375 3041142.246943 38000 G30
-15703107.340953 19946520.789602 2894439.009875 36000 R10
-3952298.866968 17445594.656349 18181671.027462 51000 R11
-2559992.889369 18631187.913048 17250329.310032 51000 R21
6746333.892240 24592518.516992 105097.001045 42000 R22
-14719683.672920 39465885.211728 -1212749.078430 47000 C03
-7213105.423190 40021695.154644 -10440387.358370 41000 C06
-7733992.641205 26952640.324827 31610148.846515 47000 C07
-18953107.627447 28355450.205324 -24948543.325883 39000 C08
-2535083.639748 41683278.396408 -1284258.442808 36000 C09
1027836.530301 29241757.579414 30831653.015353 33000 C10
-14245175.765019 29201751.321271 -26836202.729818 36000 C13
-7466673.257663 39654103.816294 -11255535.542806 36000 C16
time 2025/01/17 09:24:15.000
-6763670.373035 23969277.135370 -8016613.657214 38000 G07
-1225002.354025 17036091.375628 20329727.160953 48000 G14
6916399.526354 19484553.697900 16958513.763140 41000 G17
15990288.852330 19845991.176391 8097671.685723 30000 G19
1191723.799797 26228743.044476 3038038.469018 38000 G30
-15703256.900025 19946918.664200 2890911.388322 37000 R10
-3953879.365220 17447520.020250 18179477.724773 51000 R11
-2560534.022816 18628882.999944 17252736.559227 51000 R21
6746488.201949 24592465.009801 108668.739224 42000 R22
-14719687.889839 39465883.582143 -1212696.729387 47000 C03
-7211910.727893 40021286.446586 -10442772.728765 41000 C06
-7734935.414881 26952232.833446 31610252.811501 47000 C07
-18953357.904406 28357050.330283 -24946545.276288 40000 C08
-2533834.312844 41683247.503848 -1286783.700845 35000 C09
1027020.759247 29241154.293203 30832227.842140 32000 C10
-14245519.997764 29203237.089304 -26834429.298094 37000 C13
-7465459.713256 39653638.402066 -11257932.010426 37000 C16
time 2025/01/17 09:24:16.000
-6763962.968175 23968157.847690 -8019563.251354 40000 G07
-1227371.149400 17037128.407360 20328689.031227 49000 G14
6914611.320926 19483470.789407 16960556.212847 41000 G17
15989342.641873 19845518.857562 8100603.326469 32000 G19
1191328.732915 26229099.234414 3034934.625506 36000 G30
-15703406.109304 19947316.189941 2887383.697674 38000 R10
-3955459.508727 17449445.288323 18177283.985347 51000 R11
-2561075.444646 18626577.818119 17255143.394593 51000 R21
6746642.377521 24592411.019739 112240.474774 41000 R22
-14719692.106850 39465881.952793 -1212644.373886 47000 C03
-7210716.091724 40020877.561565 -10445158.042904 41000 C06
-7735878.248238 26951825.480498 31610356.609472 47000 C07
-18953607.948660 28358650.492727 -24944547.094909 40000 C08
-2532584.990080 41683216.422911 -1289308.951850 35000 C09
1026204.900358 29240551.129706 30832802.508883 32000 C10
-14245864.013690 29204722.907278 -26832655.723434 36000 C13
-7464246.235961 39653172.806713 -11260328.416984 38000 C16
time 2025/01/17 09:24:17.000
-6764255.612002 23967038.196691 -8022512.666956 40000 G07
-1229739.773917 17038165.512443 20327650.468646 49000 G14
6912822.850212 19482387.839238 16962598.308965 41000 G17
15988396.114259 19845046.368621 8103534.798321 31000 G19
1190933.698571 26229455.055179 3031830.716464 35000 G30
-15703554.968838 19947713.366768 2883855.938025 39000 R10
-3957039.297477 17451370.460483 18175089.809235 51000 R11
-2561617.154888 18624272.367656 17257549.816074 51000 R21
6746796.418886 24592356.546826 115812.207608 41000 R22
-14719696.323950 39465880.323679 -1212592.011925 47000 C03
-7209521.514705 40020468.499588 -10447543.300782 41000 C06
-7736821.141256 26951418.265991 31610460.240428 47000 C07
-18953857.760201 28360250.692620 -24942548.781762 40000 C08
-2531335.671488 41683185.153595 -1291834.195803 35000 C09
1025388.953636 29239948.088926 30833377.015592 33000 C10
-14246207.812790 29206208.775160 -26830882.005848 36000 C13
-7463032.825800 39652707.030243 -11262724.762482 39000 C16
time 2025/01/17 09:24:18.000
-6764548.304564 23965918.182385 -8025461.903979 41000 G07
-1232108.227537 17039202.690839 20326611.473227 49000 G14
6911034.114223 19481304.847444 16964640.051468 41000 G17
15987449.269459 19844573.709610 8106466.101275 31000 G19
1190538.696718 26229810.506757 3028726.741972 34000 G30
-15703703.478677 19948110.194624 2880328.109425 38000 R10
-3958618.731463 17453295.536655 18172895.196476 51000 R11
-2562159.153574 18621966.648626 17259955.823627 51000 R21
6746950.325969 24592301.591083 119383.937669 42000 R22
-14719700.541142 39465878.694799 -1212539.643505 47000 C03
-7208326.996861 40020059.260664 -10449928.502388 41000 C06
-7737764.093921 26951011.189931 31610563.704369 48000 C07
-18954107.339027 28361850.929936 -24940550.336846 40000 C08
-2530086.357085 41683153.695902 -1294359.432713 35000 C09
1024572.919107 29239345.170881 30833951.362255 33000 C10
-14246551.395056 29207694.692919 -26829108.145349 36000 C13
-7461819.482795 39652241.072663 -11265121.046911 38000 C16
time 2025/01/17 09:24:19.000
-6764841.045908 23964797.804800 -8028410.962349 41000 G07
-1234476.510210 17040239.942504 20325572.044991 49000 G14
6909245.112988 19480221.814086 16966681.440306 41000 G17
15986502.107484 19844100.880593 8109397.235195 30000 G19
1190143.727308 26230165.589137 3025622.702086 33000 G30
-15703851.638869 19948506.673452 2876800.211966 38000 R10
-3960197.810666 17455220.516744 18170700.147129 51000 R11
-2562701.440733 18619660.661117 17262361.417189 51000 R21
6747104.098698 24592246.152531 122955.664855 42000 R22
-14719704.758425 39465877.066156 -1212487.268627 47000 C03
-7207132.538218 40019649.844802 -10452313.647710 41000 C06
-7738707.106209 26950604.252328 31610667.001294 48000 C07
-18954356.685132 28363451.204638 -24938551.760177 41000 C08
-2528837.046907 41683122.049831 -1296884.662547 36000 C09
1023756.796791 29238742.375585 30834525.548870 32000 C10
-14246894.760482 29209180.660522 -26827334.141943 36000 C13
-7460606.206976 39651774.933985 -11267517.270254 39000 C16
time 2025/01/17 09:24:20.000
-6765133.836079 23963677.063967 -8031359.841975 42000 G07
-1236844.621867 17041277.267388 20324532.183968 49000 G14
6907455.846542 19479138.739228 16968722.475427 41000 G17
15985554.628320 19843627.881621 8112328.200037 32000 G19
1189748.790298 26230520.302303 3022518.596902 32000 G30
-15703999.449461 19948902.803187 2873272.245772 39000 R10
-3961776.535059 17457145.400651 18168504.661261 51000 R11
-2563244.016390 18617354.405231 17264766.596688 51000 R21
6747257.736997 24592190.231191 126527.389064 42000 R22
-14719708.975798 39465875.437747 -1212434.887291 47000 C03
-7205938.138810 40019240.252013 -10454698.736717 42000 C06
-7739650.178097 26950197.453193 31610770.131201 47000 C07
-18954605.798508 28365051.516679 -24936553.051780 40000 C08
-2527587.740988 41683090.215383 -1299409.885279 36000 C09
1022940.586703 29238139.703049 30835099.575435 32000 C10
-14247237.909058 29210666.677931 -26825559.995652 37000 C13
-7459392.998375 39651308.614221 -11269913.432486 38000 C16
time 2025/01/17 09:24:21.000
-6765426.675126 23962555.959906 -8034308.542799 41000 G07
-1239212.562471 17042314.665453 20323491.890175 49000 G14
6905666.314900 19478055.622925 16970763.156794 41000 G17
15984606.831957 19843154.712746 8115258.995729 32000 G19
1189353.885628 26230874.646254 3019414.426413 31000 G30
-15704146.910501 19949298.583776 2869744.210906 39000 R10
-3963354.904630 17459070.188291 18166308.738920 51000 R11
-2563786.880574 18615047.881052 17267171.362066 51000 R21
6747411.240795 24592133.827085 130099.110209 41000 R22
-14719713.193262 39465873.809573 -1212382.499497 47000 C03
-7204743.798658 40018830.482303 -10457083.769409 41000 C06
-7740593.309564 26949790.792534 31610873.094090 47000 C07
-18954854.679151 28366651.866038 -24934554.211653 40000 C08
-2526338.439355 41683058.192557 -1301935.100895 37000 C09
1022124.288867 29237537.153289 30835673.441941 32000 C10
-14247580.840777 29212152.745117 -26823785.706480 37000 C13
-7458179.857016 39650842.113379 -11272309.533597 37000 C16
time 2025/01/17 09:24:22.000
-6765719.563095 23961434.492641 -8037257.064758 41000 G07
-1241580.331975 17043352.136657 20322451.163632 49000 G14
6903876.518082 19476972.465232 16972803.484371 41000 G17
15983658.718389 19842681.374024 8118189.622196 33000 G19
1188959.013260 26231228.620971 3016310.190737 32000 G30
-15704294.022039 19949694.015160 2866216.107447 39000 R10
-3964932.919368 17460994.879583 18164112.380151 51000 R11
-2564330.033316 18612741.088656 17269575.713276 51000 R21
6747564.610019 24592076.940232 133670.828231 39000 R22
-14719717.410816 39465872.181635 -1212330.105246 47000 C03
-7203549.517786 40018420.535682 -10459468.745773 41000 C06
-7741536.500593 26949384.270358 31610975.889961 47000 C07
-18955103.327056 28368252.252679 -24932555.239806 39000 C08
-2525089.142028 41683025.981354 -1304460.309399 37000 C09
1021307.903292 29236934.726313 30836247.148392 31000 C10
-14247923.555637 29213638.862060 -26822011.274422 34000 C13
-7456966.782920 39650375.431467 -11274705.573587 37000 C16
time 2025/01/17 09:24:23.000
-6766012.500036 23960312.662183 -8040205.407811 41000 G07
-1243947.930351 17044389.680968 20321410.004351 49000 G14
6902086.456097 19475889.266198 16974843.458134 40000 G17
15982710.287582 19842207.865495 8121120.079449 33000 G19
1188564.173145 26231582.226442 3013205.889937 33000 G30
-15704440.784123 19950089.097283 2862687.935459 39000 R10
-3966510.579271 17462919.474454 18161915.584991 51000 R11
-2564873.474649 18610434.028111 17271979.650276 51000 R21
6747717.844596 24592019.570653 137242.543041 40000 R22
-14719721.628461 39465870.553932 -1212277.704536 47000 C03
-7202355.296213 40018010.412154 -10461853.665813 41000 C06
-7742479.751173 26948977.886670 31611078.518814 47000 C07
-18955351.742218 28369852.676575 -24930556.136243 40000 C08
-2523839.849022 41682993.581775 -1306985.510800 38000 C09
1020491.429987 29236332.422125 30836820.694792 31000 C10
-14248266.053627 29215125.028727 -26820236.699493 34000 C13
-7455753.776114 39649908.568494 -11277101.552442 38000 C16
time 2025/01/17 09:24:24.000
-6766305.485998 23959190.468556 -8043153.571896 40000 G07
-1246315.357546 17045427.298340 20320368.412356 49000 G14
6900296.128971 19474806.025883 16976883.078038 40000 G17
15981761.539536 19841734.187217 8124050.367388 34000 G19
1188169.365232 26231935.462659 3010101.524052 33000 G30
-15704587.196801 19950483.830088 2859159.695028 40000 R10
-3968087.884319 17464843.972812 18159718.353496 51000 R11
-2565417.204602 18608126.699501 17274383.173010 51000 R21
6747870.944454 24591961.718370 140814.254583 40000 R22
-14719725.846196 39465868.926465 -1212225.297370 47000 C03
-7201161.133964 40017600.111729 -10464238.529516 41000 C06
-7743423.061278 26948571.641480 31611180.980647 47000 C07
-18955599.924633 28371453.137694 -24928556.900972 40000 C08
-2522590.560379 41682960.993818 -1309510.705059 37000 C09
1019674.868996 29235730.240758 30837394.081118 30000 C10
-14248608.334743 29216611.245090 -26818461.981696 35000 C13
-7454540.836620 39649441.524469 -11279497.470158 37000 C16
time 2025/01/17 09:24:25.000
-6766598.521023 23958067.911795 -8046101.556909 39000 G07
-1248682.613484 17046464.988720 20319326.387679 49000 G14
6898505.536745 19473722.744357 16978922.344018 40000 G17
15980812.474251 19841260.339248 8126980.485919 34000 G19
1187774.589476 26232288.329609 3006997.093163 34000 G30
-15704733.260121 19950878.213511 2855631.386273 40000 R10
-3969664.834480 17466768.374548 18157520.685744 51000 R11
-2565961.223197 18605819.102942 17276786.281390 51000 R21
6748023.909517 24591903.383405 144385.962710 39000 R22
-14719730.064022 39465867.299232 -1212172.883746 47000 C03
-7199967.031082 40017189.634421 -10466623.336837 41000 C06
-7744366.430881 26948165.534802 31611283.275460 48000 C07
-18955847.874293 28373053.635985 -24926557.534024 41000 C08
-2521341.276137 41682928.217485 -1312035.892137 37000 C09
1018858.220318 29235128.182210 30837967.307381 33000 C10
-14248950.398973 29218097.511099 -26816687.121064 34000 C13
-7453327.964476 39648974.299405 -11281893.326698 37000 C16
time 2025/01/17 09:24:26.000
-6766891.605161 23956944.991916 -8049049.362810 39000 G07
-1251049.698147 17047502.752078 20318283.930328 49000 G14
6896714.679420 19472639.421662 16980961.256062 39000 G17
15979863.091698 19840786.321632 8129910.435036 34000 G19
1187379.845828 26232640.827280 3003892.597338 34000 G30
-15704878.974132 19951272.247500 2852103.009239 40000 R10
-3971241.429756 17468692.679596 18155322.581761 51000 R11
-2566505.530469 18603511.238492 17279188.975383 51000 R21
6748176.739714 24591844.565777 147957.667375 39000 R22
-14719734.281939 39465865.672235 -1212120.463666 47000 C03
-7198772.987573 40016778.980233 -10469008.087799 41000 C06
-7745309.859972 26947759.566638 31611385.403253 48000 C07
-18956095.591194 28374654.171434 -24924558.035386 41000 C08
-2520091.996309 41682895.252775 -1314561.072054 36000 C09
1018041.483970 29234526.246494 30838540.373578 32000 C10
-14249292.246313 29219583.826736 -26814912.117590 35000 C13
-7452115.159691 39648506.893306 -11284289.122083 38000 C16
time 2025/01/17 09:24:27.000
-6767184.738459 23955821.708948 -8051996.989514 40000 G07
-1253416.611472 17048540.588365 20317241.040332 49000 G14
6894923.557028 19471556.057863 16982999.814115 39000 G17
15978913.391877 19840312.134425 8132840.214646 34000 G19
1186985.134243 26232992.955658 3000788.036655 34000 G30
-15705024.338883 19951665.931994 2848574.564023 40000 R10
-3972817.670125 17470616.887858 18153124.041612 51000 R11
-2567050.126445 18601203.106247 17281591.254925 51000 R21
6748329.434971 24591785.265507 151529.368495 38000 R22
-14719738.499945 39465864.045473 -1212068.037130 47000 C03
-7197579.003472 40016368.149175 -10471392.782376 41000 C06
-7746253.348525 26947353.737000 31611487.364024 48000 C07
-18956343.075332 28376254.744001 -24922558.405076 41000 C08
-2518842.720924 41682862.099689 -1317086.244790 36000 C09
1017224.659977 29233924.433628 30839113.279700 32000 C10
-14249633.876756 29221070.191971 -26813136.971282 35000 C13
-7450902.422309 39648039.306188 -11286684.856268 37000 C16
time 2025/01/17 09:24:28.000
-6767477.920960 23954698.062922 -8054944.436934 40000 G07
-1255783.353396 17049578.497534 20316197.717717 48000 G14
6893132.169601 19470472.653023 16985038.018127 38000 G17
15977963.374781 19839837.777683 8135769.824669 35000 G19
1186590.454672 26233344.714733 2997683.411171 34000 G30
-15705169.354420 19952059.266934 2845046.050740 40000 R10
-3974393.555560 17472540.999236 18150925.065363 51000 R11
-2567595.011150 18598894.706307 17283993.119939 51000 R21
6748481.995214 24591725.482618 155101.065937 37000 R22
-14719742.718042 39465862.418946 -1212015.604138 47000 C03
-7196385.078815 40015957.141259 -10473777.420533 41000 C06
-7747196.896515 26946948.045898 31611589.157773 48000 C07
-18956590.326698 28377855.353641 -24920558.643120 41000 C08
-2517593.450015 41682828.758227 -1319611.410321 36000 C09
1016407.748355 29233322.743621 30839686.025746 32000 C10
-14249975.290292 29222556.606759 -26811361.682164 36000 C13
-7449689.752357 39647571.538061 -11289080.529236 37000 C16
time 2025/01/17 09:24:29.000
-6767771.152718 23953574.053843 -8057891.705054 40000 G07
-1258149.923894 17050616.479551 20315153.962494 49000 G14
6891340.517150 19469389.207191 16987075.868072 38000 G17
15977013.040381 19839363.251449 8138699.265103 35000 G19
1186195.807067 26233696.104495 2994578.720948 35000 G30
-15705314.020794 19952452.252263 2841517.469438 41000 R10
-3975969.086062 17474465.013660 18148725.653044 51000 R11
-2568140.184617 18596586.038736 17286394.570392 51000 R21
6748634.420370 24591665.217131 158672.759653 37000 R22
-14719746.936230 39465860.792654 -1211963.164689 47000 C03
-7195191.213613 40015545.956490 -10476162.002284 42000 C06
-7748140.503931 26946542.493337 31611690.784499 48000 C07
-18956837.345289 28379456.000333 -24918558.749510 42000 C08
-2516344.183605 41682795.228389 -1322136.568644 37000 C09
1015590.749113 29232721.176480 30840258.611720 32000 C10
-14250316.486918 29224043.071087 -26809586.250226 37000 C13
-7448477.149849 39647103.588930 -11291476.141002 37000 C16
time 2025/01/17 09:24:30.000
-6768064.433778 23952449.681739 -8060838.793794 40000 G07
-1260516.322918 17051654.534375 20314109.774685 48000 G14
6889548.599689 19468305.720422 16989113.363916 38000 G17
15976062.388680 19838888.555782 8141628.535843 34000 G19
1185801.191381 26234047.124930 2991473.966055 34000 G30
-15705458.338053 19952844.887926 2837988.820191 41000 R10
-3977544.261617 17476388.931043 18146525.804709 51000 R11
-2568685.646877 18594277.103615 17288795.606228 51000 R21
6748786.710369 24591604.469064 162244.449586 37000 R22
-14719751.154507 39465859.166598 -1211910.718786 47000 C03
-7193997.407890 40015134.594876 -10478546.527622 42000 C06
-7749084.170753 26946137.079326 31611792.244202 48000 C07
-18957084.131101 28381056.684047 -24916558.724253 42000 C08
-2515094.921716 41682761.510175 -1324661.719754 36000 C09
1014773.662277 29232119.732225 30840831.037611 32000 C10
-14250657.466626 29225529.584922 -26807810.675479 36000 C13
-7447264.614809 39646635.458803 -11293871.691554 37000 C16
time 2025/01/17 09:24:31.000
-6768357.764184 23951324.946644 -8063785.703058 40000 G07
-1262882.550395 17052692.661952 20313065.154322 49000 G14
6887756.417264 19467222.192786 16991150.505593 38000 G17
15975111.419672 19838413.690737 8144557.636809 34000 G19
1185406.607568 26234397.776025 2988369.146573 34000 G30
-15705602.306243 19953237.173858 2834460.103135 40000 R10
-3979119.082191 17478312.751276 18144325.520433 50000 R11
-2569231.397953 18591967.901055 17291196.227364 51000 R21
6748938.865134 24591543.238442 165816.135582 37000 R22
-14719755.372875 39465857.540776 -1211858.266427 47000 C03
-7192803.661688 40014723.056431 -10480930.996503 41000 C06
-7750027.896950 26945731.803877 31611893.536880 48000 C07
-18957330.684126 28382657.404730 -24914558.567384 42000 C08
-2513845.664392 41682727.603585 -1327186.863607 36000 C09
1013956.487869 29231518.410869 30841403.303414 32000 C10
-14250998.229406 29227016.148216 -26806034.957953 36000 C13
-7446052.147284 39646167.147698 -11296267.180841 38000 C16
time 2025/01/17 09:24:32.000
-6768651.143987 23950199.848570 -8066732.432815 40000 G07
-1265248.606303 17053730.862252 20312020.101413 49000 G14
6885963.969877 19466138.624327 16993187.293086 38000 G17
15974160.133330 19837938.656359 8147486.567995 34000 G19
1185012.055578 26234748.057773 2985264.262543 34000 G30
-15705745.925416 19953629.110008 2830931.318302 40000 R10
-3980693.547788 17480236.474293 18142124.800244 50000 R11
-2569777.437878 18589658.431117 17293596.433768 51000 R21
6749090.884593 24591481.525285 169387.817601 36000 R22
-14719759.591333 39465855.915190 -1211805.807613 47000 C03
-7191609.975018 40014311.341157 -10483315.408942 41000 C06
-7750971.682513 26945326.666994 31611994.662535 48000 C07
-18957577.004360 28384258.162368 -24912558.278889 42000 C08
-2512596.411643 41682693.508620 -1329712.000224 36000 C09
1013139.225895 29230917.212419 30841975.409133 32000 C10
-14251338.775254 29228502.760956 -26804259.097632 37000 C13
-7444839.747280 39645698.655617 -11298662.608890 37000 C16
time 2025/01/17 09:24:33.000
-6768944.573232 23949074.387549 -8069678.982972 41000 G07
-1267614.490582 17054769.135227 20310974.615986 49000 G14
6884171.257562 19465055.015112 16995223.726341 37000 G17
15973208.529658 19837463.452706 8150415.329286 33000 G19
1184617.535365 26235097.970158 2982159.314056 34000 G30
-15705889.195618 19954020.696314 2827402.465806 40000 R10
-3982267.658385 17482160.099998 18139923.644206 50000 R11
-2570323.766680 18587348.693895 17295996.225372 51000 R21
6749242.768674 24591419.329612 172959.495551 36000 R22
-14719763.809881 39465854.289839 -1211753.342345 46000 C03
-7190416.347912 40013899.449067 -10485699.764917 41000 C06
-7751915.527417 26944921.668688 31612095.621164 48000 C07
-18957823.091797 28385858.956914 -24910557.858794 42000 C08
-2511347.163505 41682659.225280 -1332237.129573 36000 C09
1012321.876383 29230316.136893 30842547.354759 32000 C10
-14251679.104161 29229989.423096 -26802483.094547 37000 C13
-7443627.414836 39645229.982575 -11301057.975662 37000 C16
time 2025/01/17 09:24:34.000
-6769238.051968 23947948.563594 -8072625.353491 40000 G07
-1269980.203190 17055807.480837 20309928.698059 49000 G14
6882378.280326 19463971.365187 16997259.805334 37000 G17
15972256.608634 19836988.079827 8153343.920659 34000 G19
1184223.046879 26235447.513171 2979054.301150 33000 G30
-15706032.116899 19954411.932721 2823873.545709 39000 R10
-3983841.413973 17484083.628310 18137722.052362 51000 R11
-2570870.384390 18585038.689467 17298395.602128 51000 R21
6749394.517303 24591356.651447 176531.169346 37000 R22
-14719768.028519 39465852.664723 -1211700.870622 47000 C03
-7189222.780389 40013487.380166 -10488084.064426 41000 C06
-7752859.431646 26944516.808966 31612196.412767 48000 C07
-18958068.946433 28387459.788346 -24908557.307096 42000 C08
-2510097.920000 41682624.753565 -1334762.251651 36000 C09
1011504.439343 29229715.184297 30843119.140295 32000 C10
-14252019.216122 29231476.134621 -26800706.948687 36000 C13
-7442415.149972 39644761.128578 -11303453.281159 38000 C16
time 2025/01/17 09:24:35.000
-6769531.580243 23946822.376730 -8075571.544303 41000 G07
-1272345.744083 17056845.899042 20308882.347651 49000 G14
6880585.038197 19462887.674613 16999295.530020 37000 G17
15971304.370246 19836512.537773 8156272.342054 33000 G19
1183828.590074 26235796.686801 2975949.223910 35000 G30
-15706174.689308 19954802.819170 2820344.558097 39000 R10
-3985414.814537 17486007.059141 18135520.024764 51000 R11
-2571417.291035 18582728.417915 17300794.563980 51000 R21
6749546.130407 24591293.490810 180102.838907 38000 R22
-14719772.247247 39465851.039842 -1211648.392444 47000 C03
-7188029.272478 40013075.134464 -10490468.307448 41000 C06
-7753803.395179 26944112.087837 31612297.037344 48000 C07
-18958314.568263 28389060.656631 -24906556.623803 42000 C08
-2508848.681160 41682590.093475 -1337287.366438 37000 C09
1010686.914796 29229114.354648 30843690.765733 32000 C10
-14252359.111129 29232962.895491 -26798930.660071 36000 C13
-7441202.952713 39644292.093636 -11305848.525369 38000 C16
time 2025/01/17 09:24:36.000
-6769825.158100 23945695.826992 -8078517.555309 41000 G07
-1274711.113202 17057884.389795 20307835.564788 49000 G14
6878791.531202 19461803.943451 17001330.900352 36000 G17
15970351.814488 19836036.826598 8159200.593392 33000 G19
1183434.164902 26236145.491034 2972844.082394 33000 G30
-15706316.912891 19955193.355601 2816815.503074 39000 R10
-3986987.860053 17487930.392395 18133317.561478 50000 R11
-2571964.486643 18580417.879339 17303193.110855 51000 R21
6749697.607914 24591229.847722 183674.504155 37000 R22
-14719776.466065 39465849.415196 -1211595.907813 47000 C03
-7186835.824209 40012662.711972 -10492852.493968 41000 C06
-7754747.417993 26943707.505310 31612397.494893 48000 C07
-18958559.957281 28390661.561726 -24904555.808938 42000 C08
-2507599.447009 41682555.245011 -1339812.473926 37000 C09
1009869.302765 29228513.647960 30844262.231069 31000 C10
-14252698.789174 29234449.705672 -26797154.228711 36000 C13
-7439990.823085 39643822.877758 -11308243.708280 38000 C16
time 2025/01/17 09:24:37.000
-6770118.785589 23944568.914398 -8081463.386457 41000 G07
-1277076.310487 17058922.953048 20306788.349497 49000 G14
6876997.759382 19460720.171769 17003365.916270 36000 G17
15969398.941356 19835560.946359 8162128.674596 32000 G19
1183039.771322 26236493.925855 2969738.876721 33000 G30
-15706458.787698 19955583.541956 2813286.380732 39000 R10
-3988560.550503 17489853.627977 18131114.662561 50000 R11
-2572511.971240 18578107.073829 17305591.242691 51000 R21
6749848.949748 24591165.722204 187246.164966 36000 R22
-14719780.684973 39465847.790785 -1211543.416728 47000 C03
-7185642.435613 40012250.112699 -10495236.623957 41000 C06
-7755691.500063 26943303.061396 31612497.785415 48000 C07
-18958805.113479 28392262.503590 -24902554.862522 42000 C08
-2506350.217585 41682520.208172 -1342337.574080 37000 C09
1009051.603265 29227913.064246 30844833.536300 30000 C10
-14253038.250248 29235936.565123 -26795377.654630 36000 C13
-7438778.761126 39643353.480958 -11310638.829858 38000 C16
time 2025/01/17 09:24:38.000
-6770412.462757 23943441.638969 -8084409.037688 41000 G07
-1279441.335901 17059961.588764 20305740.701793 49000 G14
6875203.722740 19459636.359612 17005400.577755 37000 G17
15968445.750830 19835084.897103 8165056.585628 32000 G19
1182645.409278 26236841.991259 2966633.606894 33000 G30
-15706600.313778 19955973.378178 2809757.191141 39000 R10
-3990132.885874 17491776.765806 18128911.328061 50000 R11
-2573059.744857 18575796.001465 17307988.959437 51000 R21
6750000.155838 24591101.114279 190817.821258 36000 R22
-14719784.903971 39465846.166610 -1211490.919191 47000 C03
-7184449.106709 40011837.336652 -10497620.697419 41000 C06
-7756635.641373 26942898.756101 31612597.908908 48000 C07
-18959050.036853 28393863.482195 -24900553.784557 42000 C08
-2505100.992911 41682484.982959 -1344862.666897 37000 C09
1008233.816312 29227312.603514 30845404.681425 31000 C10
-14253377.494347 29237423.473825 -26793600.937821 36000 C13
-7437566.766853 39642883.903244 -11313033.890106 37000 C16
time 2025/01/17 09:24:39.000
-6770706.189650 23942314.000731 -8087354.508931 41000 G07
-1281806.189402 17061000.296903 20304692.621696 49000 G14
6873409.421300 19458552.507040 17007434.884764 36000 G17
15967492.242902 19834608.678884 8167984.326420 32000 G19
1182251.078727 26237189.687230 2963528.273009 33000 G30
-15706741.491178 19956362.864210 2806227.934388 38000 R10
-3991704.866158 17493699.805799 18126707.558023 50000 R11
-2573607.807524 18573484.662321 17310386.261045 51000 R21
6750151.226110 24591036.023967 194389.472973 36000 R22
-14719789.123059 39465844.542669 -1211438.415200 47000 C03
-7183255.837520 40011424.383840 -10500004.714346 41000 C06
-7757579.841905 26942494.589434 31612697.865371 48000 C07
-18959294.727399 28395464.497511 -24898552.575049 42000 C08
-2503851.773011 41682449.569373 -1347387.752369 37000 C09
1007415.941917 29226712.265774 30845975.666445 30000 C10
-14253716.521463 29238910.431748 -26791824.078293 35000 C13
-7436354.840295 39642414.144624 -11315428.889008 37000 C16
time 2025/01/17 09:24:40.000
-6770999.966316 23941185.999707 -8090299.800118 41000 G07
-1284170.870938 17062039.077422 20303644.109228 49000 G14
6871614.855082 19457468.614107 17009468.837259 37000 G17
15966538.417554 19834132.291752 8170911.896928 33000 G19
1181856.779618 26237537.013759 2960422.875118 34000 G30
-15706882.319948 19956751.999992 2802698.610555 38000 R10
-3993276.491337 17495622.747867 18124503.352502 50000 R11
-2574156.159269 18571173.056489 17312783.147453 51000 R21
6750302.160492 24590970.451290 197961.120018 37000 R22
-14719793.342237 39465842.918963 -1211385.904756 47000 C03
-7182062.628075 40011011.254271 -10502388.674719 41000 C06
-7758524.101638 26942090.561403 31612797.654805 48000 C07
-18959539.185112 28397065.549507 -24896551.234004 42000 C08
-2502602.557915 41682413.967413 -1349912.830477 37000 C09
1006597.980108 29226112.051046 30846546.491350 30000 C10
-14254055.331588 29240397.438853 -26790047.076064 35000 C13
-7435142.981479 39641944.205109 -11317823.826549 37000 C16
time 2025/01/17 09:24:41.000
-6771293.792802 23940057.635920 -8093244.911185 41000 G07
-1286535.380458 17063077.930275 20302595.164412 49000 G14
6869820.024122 19456384.680879 17011502.435186 36000 G17
15965584.274789 19833655.735765 8173839.297050 34000 G19
1181462.511907 26237883.970834 2957317.413297 35000 G30
-15707022.800136 19957140.785469 2799169.219720 37000 R10
-3994847.761395 17497545.591920 18122298.711553 49000 R11
-2574704.800120 18568861.184054 17315179.618601 51000 R21
6750452.958910 24590904.396269 201532.762292 38000 R22
-14719797.561504 39465841.295493 -1211333.387860 47000 C03
-7180869.478399 40010597.947954 -10504772.578526 41000 C06
-7759468.420551 26941686.672016 31612897.277209 48000 C07
-18959783.409986 28398666.638145 -24894549.761440 42000 C08
-2501353.347651 41682378.177079 -1352437.901208 36000 C09
1005779.930912 29225511.959347 30847117.156130 30000 C10
-14254393.924716 29241884.495115 -26788269.931138 36000 C13
-7433931.190424 39641474.084707 -11320218.702731 37000 C16
time 2025/01/17 09:24:42.000
-6771587.669155 23938928.909395 -8096189.842066 41000 G07
-1288899.717913 17064116.855421 20301545.787269 49000 G14
6868024.928434 19455300.707409 17013535.678512 37000 G17
15964629.814578 19833179.010966 8176766.526784 34000 G19
1181068.275543 26238230.558443 2954211.887606 34000 G30
-15707162.931791 19957529.220580 2795639.761976 37000 R10
-3996418.676317 17499468.337872 18120093.635229 49000 R11
-2575253.730107 18566549.045103 17317575.674431 51000 R21
6750603.621290 24590837.858925 205104.399713 39000 R22
-14719801.780861 39465839.672258 -1211280.864512 47000 C03
-7179676.388519 40010184.464898 -10507156.425752 41000 C06
-7760412.798623 26941282.921283 31612996.732581 48000 C07
-18960027.402015 28400267.763390 -24892548.157366 41000 C08
-2500104.142248 41682342.198372 -1354962.964545 37000 C09
1004961.794341 29224911.990687 30847687.660787 27000 C10
-14254732.300840 29243371.600498 -26786492.643526 36000 C13
-7432719.467165 39641003.783429 -11322613.517525 37000 C16
time 2025/01/17 09:24:43.000
-6771881.595420 23937799.820162 -8099134.592670 42000 G07
-1291263.883236 17065155.852809 20300495.977829 49000 G14
6866229.568057 19454216.693763 17015568.567181 38000 G17
15963675.036928 19832702.117418 8179693.586008 33000 G19
1180674.070486 26238576.776570 2951106.298158 33000 G30
-15707302.714960 19957917.305265 2792110.237446 36000 R10
-3997989.236074 17501390.985616 18117888.123601 49000 R11
-2575802.949253 18564236.639738 17319971.314870 51000 R21
6750754.147561 24590770.839279 208676.032205 37000 R22
-14719806.000308 39465838.049257 -1211228.334713 47000 C03
-7178483.358471 40009770.805115 -10509540.216367 40000 C06
-7761357.235827 26940879.309216 31613096.020921 48000 C07
-18960271.161193 28401868.925196 -24890546.421811 42000 C08
-2498854.941739 41682306.031293 -1357488.020462 36000 C09
1004143.570390 29224312.145062 30848258.005332 26000 C10
-14255070.459950 29244858.754960 -26784715.213253 36000 C13
-7431507.811742 39640533.301292 -11325008.270887 31000 C16
time 2025/01/17 09:24:44.000
-6772175.571646 23936670.368244 -8102079.162938 42000 G07
-1293627.876387 17066194.922400 20299445.736110 49000 G14
6864433.943008 19453132.639996 17017601.101157 39000 G17
15962719.941828 19832225.055171 8182620.474664 33000 G19
1180279.896684 26238922.625206 2948000.644988 33000 G30
-15707442.149692 19958305.039468 2788580.646195 35000 R10
-3999559.440657 17503313.535072 18115682.176716 49000 R11
-2576352.457587 18561923.968040 17322366.539862 51000 R21
6750904.537647 24590703.337355 212247.659642 37000 R22
-14719810.219844 39465836.426492 -1211175.798462 47000 C03
-7177290.388276 40009356.968614 -10511923.950362 39000 C06
-7762301.732147 26940475.835821 31613195.142228 49000 C07
-18960514.687514 28403470.123535 -24888544.554777 42000 C08
-2497605.746154 41682269.675841 -1360013.068943 36000 C09
1003325.259110 29223712.422507 30848828.189741 25000 C10
-14255408.402039 29246345.958475 -26782937.640321 34000 C13
-7430296.224164 39640062.638298 -11327402.962844 30000 C16
time 2025/01/17 09:24:45.000
-6772469.597881 23935540.553652 -8105023.552835 41000 G07
-1295991.697343 17067234.064162 20298395.062122 49000 G14
6862638.053284 19452048.546149 17019633.280428 38000 G17
15961764.529259 19831747.824276 8185547.192712 34000 G19
1179885.754085 26239268.104345 2944894.928131 35000 G30
-15707581.236039 19958692.423136 2785050.988253 35000 R10
-4001129.290065 17505235.986170 18113475.794605 49000 R11
-2576902.255145 18559611.030071 17324761.349375 51000 R21
6751054.791478 24590635.353172 215819.281982 38000 R22
-14719814.439470 39465834.803961 -1211123.255759 47000 C03
-7176097.477951 40008942.955398 -10514307.627748 41000 C06
-7763246.287570 26940072.501102 31613294.096502 49000 C07
-18960757.980977 28405071.358389 -24886542.556255 41000 C08
-2496356.555503 41682233.132016 -1362538.110007 37000 C09
1002506.860514 29223112.823033 30849398.214013 0 C10
-14255746.127105 29247833.211025 -26781159.924723 36000 C13
-7429084.704461 39639591.794457 -11329797.593374 37000 C16
time 2025/01/17 09:24:46.000
-6772763.674172 23934410.376413 -8107967.762285 41000 G07
-1298355.346047 17068273.278050 20297343.955889 48000 G14
6860841.898922 19450964.412290 17021665.104938 38000 G17
15960808.799208 19831270.424782 8188473.740103 33000 G19
1179491.642646 26239613.213971 2941789.147681 36000 G30
-15707719.974046 19959079.456208 2781521.263736 35000 R10
-4002698.784280 17507158.338818 18111268.977325 49000 R11
-2577452.341954 18557297.825920 17327155.743348 51000 R21
6751204.908980 24590566.886751 219390.899148 39000 R22
-14719818.659186 39465833.181666 -1211070.706606 47000 C03
-7174904.627520 40008528.765477 -10516691.248511 40000 C06
-7764190.902073 26939669.305071 31613392.883743 48000 C07
-18961001.041574 28406672.629719 -24884540.426263 41000 C08
-2495107.369820 41682196.399820 -1365063.143627 36000 C09
1001688.374589 29222513.346628 30849968.078166 0 C10
-14256083.635140 29249320.512581 -26779382.066469 36000 C13
-7427873.252654 39639120.769779 -11332192.162474 36000 C16
time 2025/01/17 09:24:47.000
-6773057.800566 23933279.836558 -8110911.791205 42000 G07
-1300718.822438 17069312.564014 20296292.417440 48000 G14
6859045.479947 19449880.238475 17023696.574645 38000 G17
15959852.751671 19830792.856745 8191400.116752 33000 G19
1179097.562321 26239957.954070 2938683.303724 36000 G30
-15707858.363764 19959466.138625 2777991.472735 34000 R10
-4004267.923280 17509080.592922 18109061.724939 49000 R11
-2578002.718039 18554984.355684 17329549.721710 51000 R21
6751354.890080 24590497.938115 222962.511039 39000 R22
-14719822.878991 39465831.559605 -1211018.151001 46000 C03
-7173711.837018 40008114.398861 -10519074.812624 41000 C06
-7765135.575633 26939266.247736 31613491.503950 48000 C07
-18961243.869300 28408273.937485 -24882538.164817 41000 C08
-2493858.189134 41682159.479251 -1367588.169791 37000 C09
1000869.801375 29221913.993322 30850537.782181 0 C10
-14256420.926134 29250807.863097 -26777604.065582 35000 C13
-7426661.868773 39638649.564273 -11334586.670124 37000 C16
time 2025/01/17 09:24:48.000
-6773351.977109 23932148.934106 -8113855.639538 41000 G07
-1303082.126474 17070351.922017 20295240.446792 48000 G14
6857248.796384 19448796.024765 17025727.689503 38000 G17
15958896.386639 19830315.120220 8194326.322590 33000 G19
1178703.513059 26240302.324635 2935577.396298 35000 G30
-15707996.405240 19959852.470330 2774461.615343 33000 R10
-4005836.707053 17511002.748393 18106854.037497 49000 R11
-2578553.383431 18552670.619446 17331943.284409 51000 R21
6751504.734704 24590428.507285 226534.117563 38000 R22
-14719827.098885 39465829.937780 -1210965.588946 47000 C03
-7172519.106469 40007699.855560 -10521458.320075 41000 C06
-7766080.308230 26938863.329107 31613589.957121 48000 C07
-18961486.464150 28409875.281653 -24880535.771929 41000 C08
-2492609.013476 41682122.370311 -1370113.188474 37000 C09
1000051.140888 29221314.763126 30851107.326058 0 C10
-14256758.000080 29252295.262541 -26775825.922074 35000 C13
-7425450.552847 39638178.177951 -11336981.116309 37000 C16
time 2025/01/17 09:24:49.000
-6773646.203850 23931017.669081 -8116799.307216 42000 G07
-1305445.258110 17071391.352015 20294188.043966 49000 G14
6855451.848254 19447711.771215 17027758.449476 39000 G17
15957939.704105 19829837.215260 8197252.357545 32000 G19
1178309.494812 26240646.325654 2932471.425469 35000 G30
-15708134.098523 19960238.451266 2770931.691628 34000 R10
-4007405.135584 17512924.805147 18104645.915052 50000 R11
-2579104.338157 18550356.617287 17334336.431389 51000 R21
6751654.442780 24590358.594283 230105.718635 38000 R22
-14719831.318870 39465828.316189 -1210913.020441 47000 C03
-7171326.435895 40007285.135581 -10523841.770858 41000 C06
-7767025.099845 26938460.549190 31613688.243257 49000 C07
-18961728.826119 28411476.662196 -24878533.247602 42000 C08
-2491359.842872 41682085.073000 -1372638.199666 36000 C09
999232.393144 29220715.656050 30851676.709793 0 C10
-14257094.856973 29253782.710888 -26774047.635947 35000 C13
-7424239.304900 39637706.610822 -11339375.501015 37000 C16
time 2025/01/17 09:24:50.000
-6773940.480836 23929886.041500 -8119742.794196 42000 G07
-1307808.217311 17072430.853972 20293135.208976 49000 G14
6853654.635568 19446627.477875 17029788.854536 38000 G17
15956982.704030 19829359.141904 8200178.221643 31000 G19
1177915.507533 26240989.957115 2929365.391306 35000 G30
-15708271.443664 19960624.081376 2767401.701661 34000 R10
-4008973.208869 17514846.763109 18102437.357638 50000 R11
-2579655.582250 18548042.349278 17336729.162608 51000 R21
6751804.014235 24590288.199128 233677.314200 36000 R22
-14719835.538943 39465826.694834 -1210860.445486 47000 C03
-7170133.825316 40006870.238931 -10526225.164974 41000 C06
-7767969.950465 26938057.907992 31613786.362357 49000 C07
-18961970.955202 28413078.079085 -24876530.591839 42000 C08
-2490110.677336 41682047.587317 -1375163.203381 37000 C09
998413.558157 29220116.672105 30852245.933387 0 C10
-14257431.496807 29255270.208119 -26772269.207196 35000 C13
-7423028.124949 39637234.862891 -11341769.824252 39000 C16
time 2025/01/17 09:24:51.000
-6774234.808113 23928754.051394 -8122686.100385 41000 G07
-1310171.004009 17073470.427838 20292081.941854 48000 G14
6851857.158369 19445543.144817 17031818.904620 38000 G17
15956025.386432 19828880.900217 8203103.914734 31000 G19
1177521.551174 26241333.219008 2926259.293872 34000 G30
-15708408.440709 19961009.360601 2763871.645548 34000 R10
-4010540.926881 17516768.622174 18100228.365330 50000 R11
-2580207.115735 18545727.815524 17339121.477991 51000 R21
6751953.448997 24590217.321844 237248.904147 36000 R22
-14719839.759105 39465825.073713 -1210807.864081 46000 C03
-7168941.274766 40006455.165620 -10528608.502394 41000 C06
-7768914.860062 26937655.405525 31613884.314421 48000 C07
-18962212.851394 28414679.532278 -24874527.804662 42000 C08
-2488861.516908 41682009.913263 -1377688.199583 37000 C09
997594.635949 29219517.811306 30852814.996834 0 C10
-14257767.919572 29256757.754182 -26770490.635855 35000 C13
-7421817.013031 39636762.934172 -11344164.085985 39000 C16
time 2025/01/17 09:24:52.000
-6774529.185728 23927621.698788 -8125629.225716 41000 G07
-1312533.618152 17074510.073568 20291028.242623 48000 G14
6850059.416673 19444458.772091 17033848.599695 38000 G17
15955067.751297 19828402.490252 8206029.436768 30000 G19
1177127.625691 26241676.111317 2923153.133263 34000 G30
-15708545.089707 19961394.288881 2760341.523389 34000 R10
-4012108.289600 17518690.382251 18098018.938184 50000 R11
-2580758.938637 18543413.016116 17341513.377472 51000 R21
6752102.746990 24590145.962453 240820.488366 37000 R22
-14719843.979358 39465823.452828 -1210755.276227 46000 C03
-7167748.784278 40006039.915660 -10530991.783090 41000 C06
-7769859.828612 26937253.041797 31613982.099446 48000 C07
-18962454.514688 28416281.021731 -24872524.886095 42000 C08
-2487612.361627 41681972.050839 -1380213.188232 37000 C09
996775.626544 29218919.073670 30853383.900125 0 C10
-14258104.125262 29258245.349051 -26768711.921925 35000 C13
-7420605.969178 39636290.824678 -11346558.286191 38000 C16
time 2025/01/17 09:24:53.000
-6774823.613728 23926488.983705 -8128572.170127 42000 G07
-1314896.059701 17075549.791124 20289974.111298 49000 G14
6848261.410500 19443374.359756 17035877.939722 38000 G17
15954109.798593 19827923.912050 8208954.787746 29000 G19
1176733.731034 26242018.634034 2920046.909521 34000 G30
-15708681.390708 19961778.866161 2756811.335241 35000 R10
-4013675.297020 17520612.043261 18095809.076242 50000 R11
-2581311.050989 18541097.951127 17343904.861006 51000 R21
6752251.908142 24590074.120975 244392.066800 38000 R22
-14719848.199699 39465821.832177 -1210702.681924 46000 C03
-7166556.353864 40005624.489056 -10533375.007077 41000 C06
-7770804.856101 26936850.816816 31614079.717434 48000 C07
-18962695.945080 28417882.547425 -24870521.836128 42000 C08
-2486363.211503 41681934.000045 -1382738.169350 37000 C09
995956.529954 29218320.459204 30853952.643263 0 C10
-14258440.113870 29259732.992698 -26766933.065414 35000 C13
-7419394.993409 39635818.534415 -11348952.424868 38000 C16
time 2025/01/17 09:24:54.000
-6775118.092159 23925355.906177 -8131514.933530 42000 G07
-1317258.328589 17076589.580454 20288919.547912 49000 G14
6846463.139891 19442289.907878 17037906.924642 38000 G17
15953151.528343 19827445.165681 8211879.967501 29000 G19
1176339.867158 26242360.787145 2916940.622745 34000 G30
-15708817.343759 19962163.092379 2753281.081226 35000 R10
-4015241.949113 17522533.605100 18093598.779578 50000 R11
-2581863.452814 18538782.620663 17346295.928516 51000 R21
6752400.932381 24590001.797433 247963.639328 39000 R22
-14719852.420129 39465820.211761 -1210650.081173 47000 C03
-7165363.983567 40005208.885822 -10535758.174307 41000 C06
-7771749.942499 26936448.730594 31614177.168382 49000 C07
-18962937.142562 28419484.109305 -24868518.654800 42000 C08
-2485114.066576 41681895.760881 -1385263.142898 37000 C09
995137.346203 29217721.967927 30854521.226239 0 C10
-14258775.885386 29261220.685076 -26765154.066349 35000 C13
-7418184.085760 39635346.063396 -11351346.501989 38000 C16
time 2025/01/17 09:24:55.000
-6775412.621068 23924222.466224 -8134457.515864 42000 G07
-1319620.424776 17077629.441519 20287864.552480 49000 G14
6844664.604861 19441205.416510 17039935.554422 38000 G17
15952192.940516 19826966.251185 8214804.976041 28000 G19
1175946.034014 26242702.570639 2913834.272976 34000 G30
-15708952.948910 19962546.967481 2749750.761411 35000 R10
-4016808.245868 17524455.067687 18091388.048235 50000 R11
-2582416.144141 18536467.024803 17348686.579951 51000 R21
6752549.819631 24589928.991848 251535.205875 39000 R22
-14719856.640649 39465818.591580 -1210597.473973 47000 C03
-7164171.673407 40004793.105964 -10538141.284781 41000 C06
-7772695.087791 26936046.783137 31614274.452290 48000 C07
-18963178.107130 28421085.707348 -24866515.342105 42000 C08
-2483864.926877 41681857.333348 -1387788.108858 37000 C09
994318.075306 29217123.599848 30855089.649052 0 C10
-14259111.439805 29262708.426165 -26763374.924727 35000 C13
-7416973.246253 39634873.411631 -11353740.517547 38000 C16
time 2025/01/17 09:24:56.000
-6775707.200503 23923088.663862 -8137399.917085 42000 G07
-1321982.348220 17078669.374281 20286809.125023 48000 G14
6842865.805420 19440120.885702 17041963.829037 38000 G17
15951234.035108 19826487.168621 8217729.813276 27000 G19
1175552.231556 26243043.984505 2910727.860303 34000 G30
-15709088.206209 19962930.491408 2746220.375871 36000 R10
-4018374.187276 17526376.430939 18089176.882261 49000 R11
-2582969.125002 18534151.163622 17351076.815263 51000 R21
6752698.569823 24589855.704242 255106.766367 40000 R22
-14719860.861257 39465816.971634 -1210544.860325 46000 C03
-7162979.423408 40004377.149491 -10540524.338487 40000 C06
-7773640.291958 26935644.974452 31614371.569159 48000 C07
-18963418.838781 28422687.341525 -24864511.898053 42000 C08
-2482615.792427 41681818.717445 -1390313.067228 37000 C09
993498.717278 29216525.354978 30855657.911702 0 C10
-14259446.777121 29264196.215932 -26761595.640558 35000 C13
-7415762.474915 39634400.579128 -11356134.471528 38000 C16
time 2025/01/17 09:24:57.000
-6776001.830512 23921954.499120 -8140342.137117 42000 G07
-1324344.098872 17079709.378695 20285753.265561 48000 G14
6841066.741596 19439036.315515 17043991.748441 38000 G17
15950274.812110 19826007.918039 8220654.479145 27000 G19
1175158.459733 26243385.028733 2907621.384766 35000 G30
-15709223.115707 19963313.664104 2742689.924686 36000 R10
-4019939.773322 17528297.694769 18086965.281708 49000 R11
-2583522.395425 18531835.037208 17353466.634395 51000 R21
6752847.182881 24589781.934636 258678.320721 41000 R22
-14719865.081955 39465815.351923 -1210492.240229 47000 C03
-7161787.233594 40003961.016411 -10542907.335418 40000 C06
-7774585.554979 26935243.304550 31614468.518986 49000 C07
-18963659.337507 28424289.011799 -24862508.322654 42000 C08
-2481366.663248 41681779.913174 -1392838.018004 37000 C09
992679.272139 29215927.233331 30856226.014183 0 C10
-14259781.897326 29265684.054349 -26759816.213849 35000 C13
-7414551.771768 39633927.565896 -11358528.363928 38000 C16
time 2025/01/17 09:24:58.000
-6776296.511142 23920819.972019 -8143284.175895 43000 G07
-1326705.676693 17080749.454723 20284696.974112 48000 G14
6839267.413404 19437951.706002 17046019.312600 38000 G17
15949315.271496 19825528.499486 8223578.973634 27000 G19
1174764.718498 26243725.703312 2904514.846427 35000 G30
-15709357.677451 19963696.485511 2739159.407943 36000 R10
-4021505.003994 17530218.859093 18084753.246625 49000 R11
-2584075.955439 18529518.645642 17355856.037291 51000 R21
6752995.658734 24589707.683052 262249.868851 41000 R22
-14719869.302742 39465813.732446 -1210439.613685 47000 C03
-7160595.103985 40003544.706731 -10545290.275571 40000 C06
-7775530.876838 26934841.773437 31614565.301772 49000 C07
-18963899.603306 28425890.718140 -24860504.615914 42000 C08
-2480117.539370 41681740.920533 -1395362.961170 36000 C09
991859.739904 29215329.234916 30856793.956495 0 C10
-14260116.800414 29267171.941380 -26758036.644614 35000 C13
-7413341.136837 39633454.371944 -11360922.194739 38000 C16
time 2025/01/17 09:24:59.000
-6776591.242442 23919685.082571 -8146226.033386 44000 G07
-1329067.081651 17081789.602330 20283640.250691 48000 G14
6837467.820848 19436867.057207 17048046.521499 38000 G17
15948355.413258 19825048.913016 8226503.296666 27000 G19
1174371.007801 26244066.008232 2901408.245346 35000 G30
-15709491.891492 19964078.955575 2735628.825688 36000 R10
-4023069.879292 17532139.923840 18082540.777046 49000 R11
-2584629.805077 18527201.988987 17358245.023919 51000 R21
6753143.997310 24589632.949510 265821.410714 41000 R22
-14719873.523618 39465812.113205 -1210386.980694 47000 C03
-7159403.034602 40003128.220458 -10547673.158944 40000 C06
-7776476.257521 26934440.381117 31614661.917518 49000 C07
-18964139.636174 28427492.460534 -24858500.777822 42000 C08
-2478868.420814 41681701.739524 -1397887.896723 36000 C09
991040.120582 29214731.359740 30857361.738640 0 C10
-14260451.486382 29268659.877023 -26756256.932826 35000 C13
-7412130.570137 39632980.997278 -11363315.963966 38000 C16
time 2025/01/17 09:25:00.000
-6776886.024459 23918549.830810 -8149167.709501 43000 G07
-1331428.313679 17082829.821465 20282583.095326 48000 G14
6835667.963976 19435782.369204 17050073.375065 38000 G17
15947395.237385 19824569.158679 8229427.448187 27000 G19
1173977.327594 26244405.943482 2898301.581585 36000 G30
-15709625.757877 19964461.074236 2732098.178031 37000 R10
-4024634.399187 17534060.888906 18080327.873040 49000 R11
-2585183.944365 18524885.067344 17360633.594204 51000 R21
6753292.198536 24589557.734034 269392.946200 43000 R22
-14719877.744582 39465810.494198 -1210334.341255 47000 C03
-7158211.025477 40002711.557602 -10550055.985514 40000 C06
-7777421.697003 26934039.127603 31614758.366221 49000 C07
-18964379.436103 28429094.238928 -24856496.808410 41000 C08
-2477619.307605 41681662.370146 -1400412.824656 36000 C09
990220.414201 29214133.607823 30857929.360608 0 C10
-14260785.955221 29270147.861223 -26754477.078526 34000 C13
-7410920.071706 39632507.441911 -11365709.671577 37000 C16
time 2025/01/17 09:25:01.000
-6777180.857237 23917414.216760 -8152109.204167 43000 G07
-1333789.372725 17083870.112083 20281525.508043 48000 G14
6833867.842809 19434697.642049 17052099.873263 38000 G17
15946434.743880 19824089.236537 8232351.428094 27000 G19
1173583.677836 26244745.509047 2895194.855247 37000 G30
-15709759.276656 19964842.841434 2728567.465071 37000 R10
-4026198.563662 17535981.754199 18078114.534668 49000 R11
-2585738.373327 18522567.880809 17363021.748078 51000 R21
6753440.262336 24589482.036644 272964.475195 43000 R22
-14719881.965636 39465808.875426 -1210281.695369 47000 C03
-7157019.076640 40002294.718175 -10552438.755255 39000 C06
-7778367.195260 26933638.012903 31614854.647881 49000 C07
-18964619.003088 28430696.053286 -24854492.707692 41000 C08
-2476370.199778 41681622.812401 -1402937.744942 36000 C09
989400.620779 29213535.979178 30858496.822397 0 C10
-14261120.206919 29271635.893941 -26752697.081730 34000 C13
-7409709.641570 39632033.705854 -11368103.317557 37000 C16
time 2025/01/17 09:25:02.000
-6777475.740826 23916278.240443 -8155050.517325 43000 G07
-1336150.258750 17084910.474145 20280467.488857 48000 G14
6832067.457362 19433612.875794 17054126.016058 37000 G17
15945473.932724 19823609.146636 8235275.236349 28000 G19
1173190.058473 26245084.704919 2892088.066371 38000 G30
-15709892.447877 19965224.257114 2725036.686885 38000 R10
-4027762.372708 17537902.519639 18075900.761972 49000 R11
-2586293.091995 18520250.429457 17365409.485496 51000 R21
6753588.188640 24589405.857363 276535.997643 42000 R22
-14719886.186778 39465807.256889 -1210229.043037 47000 C03
-7155827.188112 40001877.702183 -10554821.468169 39000 C06
-7779312.752274 26933237.037026 31614950.762498 49000 C07
-18964858.337125 28432297.903580 -24852488.475671 41000 C08
-2475121.097358 41681583.066288 -1405462.657569 37000 C09
988580.740328 29212938.473812 30859064.124006 0 C10
-14261454.241475 29273123.975161 -26750916.942431 33000 C13
-7408499.279752 39631559.789114 -11370496.901903 38000 C16
time 2025/01/17 09:25:03.000
-6777770.675271 23915141.901886 -8157991.648898 44000 G07
-1338510.971699 17085950.907607 20279409.037794 48000 G14
6830266.807666 19432528.070503 17056151.803403 37000 G17
15944512.803898 19823128.889026 8238198.872915 28000 G19
1172796.469462 26245423.531084 2888981.215038 38000 G30
-15710025.271590 19965605.321217 2721505.843554 38000 R10
-4029325.826305 17539823.185131 18073686.555014 50000 R11
-2586848.100396 18517932.713380 17367796.806393 51000 R21
6753735.977373 24589329.196213 280107.513441 43000 R22
-14719890.408010 39465805.638587 -1210176.384258 47000 C03
-7154635.359921 40001460.509635 -10557204.124234 39000 C06
-7780258.368024 26932836.199980 31615046.710071 49000 C07
-18965097.438208 28433899.789774 -24850484.112361 42000 C08
-2473872.000378 41681543.131807 -1407987.562514 37000 C09
987760.772872 29212341.091743 30859631.265428 0 C10
-14261788.058878 29274612.104840 -26749136.660652 36000 C13
-7407288.986283 39631085.691705 -11372890.424590 38000 C16
time 2025/01/17 09:25:04.000
-6778065.660619 23914005.201113 -8160932.598826 44000 G07
-1340871.511523 17086991.412425 20278350.154874 48000 G14
6828465.893740 19431443.226228 17058177.235262 37000 G17
15943551.357402 19822648.463763 8241122.337701 30000 G19
1172402.910752 26245761.987533 2885874.301308 39000 G30
-15710157.747843 19965986.033687 2717974.935163 38000 R10
-4030888.924440 17541743.750591 18071471.913844 49000 R11
-2587403.398556 18515614.732665 17370183.710710 51000 R21
6753883.628464 24589252.053214 283679.022508 44000 R22
-14719894.629330 39465804.020520 -1210123.719033 47000 C03
-7153443.592093 40001043.140541 -10559586.723439 39000 C06
-7781204.042490 26932435.501773 31615142.490598 49000 C07
-18965336.306331 28435501.711831 -24848479.617776 41000 C08
-2472622.908865 41681503.008960 -1410512.459764 37000 C09
986940.718428 29211743.832982 30860198.246662 0 C10
-14262121.659123 29276100.282952 -26747356.236394 36000 C13
-7406078.761195 39630611.413636 -11375283.885596 38000 C16
time 2025/01/17 09:25:05.000
-6778360.696917 23912868.138147 -8163873.367038 44000 G07
-1343231.878174 17088031.988557 20277290.840121 47000 G14
6826664.715618 19430358.343036 17060202.311581 37000 G17
15942589.593227 19822167.870902 8244045.630639 30000 G19
1172009.382298 26246100.074252 2882767.325258 39000 G30
-15710289.876685 19966366.394463 2714443.961808 38000 R10
-4032451.667097 17543664.215927 18069256.838518 49000 R11
-2587958.986506 18513296.487397 17372570.198390 51000 R21
6754031.141838 24589174.428390 287250.524756 44000 R22
-14719898.850739 39465802.402687 -1210071.047363 47000 C03
-7152251.884654 40000625.594909 -10561969.265772 39000 C06
-7782149.775649 26932034.942416 31615238.104080 49000 C07
-18965574.941490 28437103.669720 -24846474.991925 42000 C08
-2471373.822850 41681462.697747 -1413037.349300 37000 C09
986120.577014 29211146.697541 30860765.067703 0 C10
-14262455.042201 29277588.509460 -26745575.669676 36000 C13
-7404868.604507 39630136.954916 -11377677.284922 37000 C16
time 2025/01/17 09:25:06.000
-6778655.784213 23911730.713015 -8166813.953462 44000 G07
-1345592.071600 17089072.635957 20276231.093558 48000 G14
6824863.273319 19429273.420980 17062227.032324 37000 G17
15941627.511356 19821687.110492 8246968.751687 29000 G19
1171615.884052 26246437.791232 2879660.286949 40000 G30
-15710421.658165 19966746.403490 2710912.923560 38000 R10
-4034014.054258 17545584.581049 18067041.329091 50000 R11
-2588514.864272 18510977.977663 17374956.269375 51000 R21
6754178.517423 24589096.321762 290822.020098 44000 R22
-14719903.072236 39465800.785089 -1210018.369247 47000 C03
-7151060.237635 40000207.872751 -10564351.751207 39000 C06
-7783095.567482 26931634.521916 31615333.550516 49000 C07
-18965813.343679 28438705.663404 -24844470.234819 42000 C08
-2470124.742361 41681422.198167 -1415562.231104 37000 C09
985300.348647 29210549.685433 30861331.728550 0 C10
-14262788.208106 29279076.784334 -26743794.960503 36000 C13
-7403658.516249 39629662.315556 -11380070.622546 38000 C16
time 2025/01/17 09:25:07.000
-6778950.922550 23910592.925748 -8169754.358016 45000 G07
-1347952.091736 17090113.354576 20275170.915212 48000 G14
6823061.566874 19428188.460124 17064251.397443 36000 G17
15940665.111788 19821206.182589 8249891.700758 30000 G19
1171222.415970 26246775.138457 2876553.186478 40000 G30
-15710553.092330 19967126.060707 2707381.820543 38000 R10
-4035576.085901 17547504.845859 18064825.385630 49000 R11
-2589071.031878 18508659.203565 17377341.923591 51000 R21
6754325.755144 24589017.733352 294393.508413 44000 R22
-14719907.293822 39465799.167726 -1209965.684686 47000 C03
-7149868.651067 39999789.974076 -10566734.179725 39000 C06
-7784041.417961 26931234.240284 31615428.829904 49000 C07
-18966051.512891 28440307.692836 -24842465.346487 42000 C08
-2468875.667430 41681381.510222 -1418087.105159 37000 C09
984480.033353 29209952.796675 30861898.229193 0 C10
-14263121.156830 29280565.107537 -26742014.108895 36000 C13
-7402448.496454 39629187.495567 -11382463.898447 38000 C16
time 2025/01/17 09:25:08.000
-6779246.111981 23909454.776357 -8172694.580666 44000 G07
-1350311.938566 17091154.144385 20274110.305092 47000 G14
6821259.596294 19427103.460516 17066275.406910 36000 G17
15939702.394492 19820725.087236 8252814.477845 29000 G19
1170828.977999 26247112.115921 2873446.023875 40000 G30
-15710684.179233 19967505.366060 2703850.652803 38000 R10
-4037137.762027 17549425.010288 18062609.008165 49000 R11
-2589627.489360 18506340.165161 17379727.161007 51000 R21
6754472.854932 24588938.663181 297964.989680 44000 R22
-14719911.515497 39465797.550598 -1209912.993680 47000 C03
-7148677.124958 39999371.898888 -10569116.551344 39000 C06
-7784987.327079 26930834.097524 31615523.942245 49000 C07
-18966289.449123 28441909.758000 -24840460.326918 42000 C08
-2467626.598070 41681340.633911 -1420611.971475 37000 C09
983659.631136 29209356.031272 30862464.569638 0 C10
-14263453.888367 29282053.479045 -26740233.114850 35000 C13
-7401238.545136 39628712.494955 -11384857.112632 38000 C16
time 2025/01/17 09:25:09.000
-6779541.352549 23908316.264871 -8175634.621331 45000 G07
-1352671.612026 17092195.005335 20273049.263226 47000 G14
6819457.361599 19426018.422213 17068299.060688 36000 G17
15938739.359461 19820243.824488 8255737.082884 29000 G19
1170435.570091 26247448.723612 2870338.799205 40000 G30
-15710814.918920 19967884.319490 2700319.420430 38000 R10
-4038699.082616 17551345.074244 18060392.196756 49000 R11
-2590184.236744 18504020.862546 17382111.981559 51000 R21
6754619.816711 24588859.111272 301536.463775 43000 R22
-14719915.737261 39465795.933704 -1209860.296230 47000 C03
-7147485.659348 39998953.647199 -10571498.866025 39000 C06
-7785933.294808 26930434.093648 31615618.887538 49000 C07
-18966527.152369 28443511.858859 -24838455.176125 41000 C08
-2466377.534313 41681299.569235 -1423136.830032 37000 C09
982839.142024 29208759.389240 30863030.749877 0 C10
-14263786.402712 29283541.898827 -26738451.978376 34000 C13
-7400028.662326 39628237.313733 -11387250.265077 39000 C16
time 2025/01/17 09:25:10.000
-6779836.644302 23907177.391314 -8178574.479944 45000 G07
-1355031.112067 17093235.937382 20271987.789636 47000 G14
6817654.862820 19424933.345277 17070322.358727 36000 G17
15937776.006709 19819762.394409 8258659.515733 28000 G19
1170042.192204 26247784.961516 2867231.512566 41000 G30
-15710945.311440 19968262.920939 2696788.123524 37000 R10
-4040260.047649 17553265.037630 18058174.951463 49000 R11
-2590741.274055 18501701.295814 17384496.385179 51000 R21
6754766.640409 24588779.077646 305107.930610 43000 R22
-14719919.959112 39465794.317045 -1209807.592335 47000 C03
-7146294.254257 39998535.219018 -10573881.123767 38000 C06
-7786879.321128 26930034.228663 31615713.665782 49000 C07
-18966764.622626 28445113.995376 -24836449.894124 42000 C08
-2465128.476196 41681258.316195 -1425661.680798 37000 C09
982018.566032 29208162.870592 30863596.769907 0 C10
-14264118.699853 29285030.366842 -26736670.699497 37000 C13
-7398818.848053 39627761.951909 -11389643.355771 38000 C16
time 2025/01/17 09:25:11.000
-6780131.987288 23906038.155706 -8181514.156450 45000 G07
-1357390.438652 17094276.940489 20270925.884339 47000 G14
6815852.099977 19423848.229762 17072345.300992 35000 G17
15936812.336223 19819280.797049 8261581.776344 27000 G19
1169648.844285 26248120.829626 2864124.163990 40000 G30
-15711075.356845 19968641.170351 2693256.762142 38000 R10
-4041820.657122 17555184.900372 18055957.272326 49000 R11
-2591298.601325 18499381.465035 17386880.371826 51000 R21
6754913.325954 24588698.562326 308679.390115 43000 R22
-14719924.181052 39465792.700621 -1209754.881996 47000 C03
-7145102.909708 39998116.614351 -10576263.324562 38000 C06
-7787825.406024 26929634.502576 31615808.276977 49000 C07
-18967001.859887 28446716.167525 -24834444.480916 42000 C08
-2463879.423731 41681216.874790 -1428186.523787 37000 C09
981197.903174 29207566.475337 30864162.629729 0 C10
-14264450.779788 29286518.883075 -26734889.278201 36000 C13
-7397609.102338 39627286.409493 -11392036.384705 38000 C16
time 2025/01/17 09:25:12.000
-6780427.381553 23904898.558079 -8184453.650764 46000 G07
-1359749.591720 17095318.014607 20269863.547362 46000 G14
6814049.073095 19422763.075729 17074367.887439 35000 G17
15935848.347989 19818799.032462 8264503.864660 27000 G19
1169255.526289 26248456.327928 2861016.753567 40000 G30
-15711205.055181 19969019.067668 2689725.336392 38000 R10
-4043380.911008 17557104.662370 18053739.159411 49000 R11
-2591856.218579 18497061.370309 17389263.941429 51000 R21
6755059.873271 24588617.565333 312250.842197 42000 R22
-14719928.403081 39465791.084432 -1209702.165214 47000 C03
-7143911.625734 39997697.833210 -10578645.468385 38000 C06
-7788771.549471 26929234.915397 31615902.721122 49000 C07
-18967238.864146 28448318.375262 -24832438.936523 41000 C08
-2462630.376963 41681175.245021 -1430711.358955 37000 C09
980377.153475 29206970.203491 30864728.329333 0 C10
-14264782.642509 29288007.447485 -26733107.714510 34000 C13
-7396399.425217 39626810.686497 -11394429.351854 38000 C16
time 2025/01/17 09:25:13.000
-6780722.827144 23903758.598452 -8187392.962829 46000 G07
-1362108.571223 17096359.159694 20268800.778727 46000 G14
6812245.782193 19421677.883231 17076390.118031 34000 G17
15934884.041992 19818317.100695 8267425.780640 26000 G19
1168862.238169 26248791.456410 2857909.281366 40000 G30
-15711334.406497 19969396.612831 2686193.846358 39000 R10
-4044940.809298 17559024.323539 18051520.612768 49000 R11
-2592414.125846 18494741.011718 17391647.093933 51000 R21
6755206.282289 24588536.086689 315822.286768 42000 R22
-14719932.625198 39465789.468477 -1209649.441988 47000 C03
-7142720.402356 39997278.875602 -10581027.555230 38000 C06
-7789717.751448 26928835.467136 31615996.998216 49000 C07
-18967475.635400 28449920.618556 -24830433.260952 41000 C08
-2461381.335908 41681133.426888 -1433236.186308 37000 C09
979556.316950 29206374.055067 30865293.868719 0 C10
-14265114.288006 29289496.060031 -26731326.008444 36000 C13
-7395189.816708 39626334.782928 -11396822.257215 38000 C16
time 2025/01/17 09:25:14.000
-6781018.324109 23902618.276849 -8190332.092581 46000 G07
-1364467.377122 17097400.375710 20267737.578451 46000 G14
6810442.227304 19420592.652332 17078411.992720 34000 G17
15933919.418221 19817835.001802 8270347.524216 25000 G19
1168468.979875 26249126.215063 2854801.747440 40000 G30
-15711463.410845 19969773.805785 2682662.292109 39000 R10
-4046500.351977 17560943.883793 18049301.632450 49000 R11
-2592972.323154 18492420.389344 17394029.829286 51000 R21
6755352.552935 24588454.126417 319393.723750 42000 R22
-14719936.847404 39465787.852757 -1209596.712319 47000 C03
-7141529.239603 39996859.741538 -10583409.585079 38000 C06
-7790664.011938 26928436.157798 31616091.108259 49000 C07
-18967712.173642 28451522.897374 -24828427.454215 42000 C08
-2460132.300602 41681091.420392 -1435761.005818 37000 C09
978735.393615 29205778.030075 30865859.247886 0 C10
-14265445.716276 29290984.720699 -26729544.159992 36000 C13
-7393980.276837 39625858.698798 -11399215.100777 38000 C16
time 2025/01/17 09:25:15.000
-6781313.872493 23901477.593299 -8193271.039942 46000 G07
-1366826.009357 17098441.662607 20266673.946562 46000 G14
6808638.408443 19419507.383085 17080433.511471 34000 G17
15932954.476672 19817352.735838 8273269.095313 25000 G19
1168075.751362 26249460.603875 2851694.151864 41000 G30
-15711592.068271 19970150.646471 2679130.673741 39000 R10
-4048059.539028 17562863.343039 18047082.218512 49000 R11
-2593530.810531 18490099.503280 17396412.147422 51000 R21
6755498.685134 24588371.684538 322965.153042 42000 R22
-14719941.069697 39465786.237271 -1209543.976207 47000 C03
-7140338.137500 39996440.431026 -10585791.557921 39000 C06
-7791610.330917 26928036.987395 31616185.051250 49000 C07
-18967948.478867 28453125.211680 -24826421.516323 42000 C08
-2458883.271063 41681049.225533 -1438285.817489 37000 C09
977914.383491 29205182.128528 30866424.466827 0 C10
-14265776.927308 29292473.429440 -26727762.169186 37000 C13
-7392770.805639 39625382.434117 -11401607.882513 38000 C16
time 2025/01/17 09:25:16.000
-6781609.472346 23900336.547819 -8196209.804862 47000 G07
-1369184.467894 17099483.020350 20265609.883074 46000 G14
6806834.325632 19418422.075545 17082454.674248 33000 G17
15931989.217330 19816870.302854 8276190.493881 25000 G19
1167682.552580 26249794.622835 2848586.494698 41000 G30
-15711720.378826 19970527.134833 2675598.991332 40000 R10
-4049618.370445 17564782.701202 18044862.370997 49000 R11
-2594089.588007 18487778.353600 17398794.048297 51000 R21
6755644.678816 24588288.761074 326536.574583 42000 R22
-14719945.292079 39465784.622021 -1209491.233653 47000 C03
-7139147.096071 39996020.944073 -10588173.473748 39000 C06
-7792556.708368 26927637.955933 31616278.827189 49000 C07
-18968184.551072 28454727.561445 -24824415.447280 41000 C08
-2457634.247320 41681006.842311 -1440810.621303 37000 C09
977093.286592 29204586.350437 30866989.525543 0 C10
-14266107.921099 29293962.186237 -26725980.036017 37000 C13
-7391561.403132 39624905.988893 -11404000.602425 39000 C16
time 2025/01/17 09:25:17.000
-6781905.123712 23899195.140436 -8199148.387268 47000 G07
-1371542.752679 17100524.448891 20264545.388012 46000 G14
6805029.978893 19417336.729771 17084475.481009 31000 G17
15931023.640181 19816387.702899 8279111.719874 25000 G19
1167289.383484 26250128.271932 2845478.776017 42000 G30
-15711848.342559 19970903.270811 2672067.244974 39000 R10
-4051176.846208 17566701.958185 18042642.089965 49000 R11
-2594648.655608 18485456.940394 17401175.531848 51000 R21
6755790.533907 24588205.356048 330107.988266 41000 R22
-14719949.514550 39465783.007005 -1209438.484656 47000 C03
-7137956.115342 39995601.280689 -10590555.332543 39000 C06
-7793503.144272 26927239.063420 31616372.436075 49000 C07
-18968420.390250 28456329.946635 -24822409.247099 41000 C08
-2456385.229401 41680964.270728 -1443335.417248 37000 C09
976272.102938 29203990.695817 30867554.424029 0 C10
-14266438.697640 29295450.991053 -26724197.760500 37000 C13
-7390352.069343 39624429.363136 -11406393.260497 39000 C16
time 2025/01/17 09:25:18.000
-6782200.826641 23898053.371170 -8202086.787102 47000 G07
-1373900.863667 17101565.948192 20263480.461396 46000 G14
6803225.368262 19416251.345826 17086495.931700 30000 G17
15930057.745210 19815904.936026 8282032.773236 26000 G19
1166896.244023 26250461.551155 2842370.995876 41000 G30
-15711975.959518 19971279.054351 2668535.434738 40000 R10
-4052734.966306 17568621.113906 18040421.375465 49000 R11
-2595208.013363 18483135.263746 17403556.598020 51000 R21
6755936.250333 24588121.469482 333679.394003 41000 R22
-14719953.737108 39465781.392223 -1209385.729216 47000 C03
-7136765.195334 39995181.440882 -10592937.134305 38000 C06
-7794449.638607 26926840.309865 31616465.877908 49000 C07
-18968655.996397 28457932.367215 -24820402.915792 41000 C08
-2455136.217340 41680921.510782 -1445860.205298 36000 C09
975450.832545 29203395.164677 30868119.162282 0 C10
-14266769.256926 29296939.843863 -26722415.342639 36000 C13
-7389142.804299 39623952.556855 -11408785.856719 38000 C16
time 2025/01/17 09:25:19.000
-23337203.094329 12539856.400654 -597451.619867 33000 G03
-6782496.581178 23896911.240050 -8205025.004288 47000 G07
-1376258.800809 17102607.518207 20262415.103250 46000 G14
6801420.493757 19415165.923766 17088516.026289 30000 G17
15929091.532416 19815422.002290 8284953.653885 26000 G19
1166503.134151 26250794.460494 2839263.154344 42000 G30
-15712103.229754 19971654.485393 2665003.560715 40000 R10
-4054292.730726 17570540.168276 18038200.227551 49000 R11
-2595767.661302 18480813.323739 17405937.246758 51000 R21
6756081.828021 24588037.101397 337250.791726 41000 R22
-14719957.959754 39465779.777676 -1209332.967335 47000 C03
-7135574.336082 39994761.424662 -10595318.879004 38000 C06
-7795396.191353 26926441.695276 31616559.152686 49000 C07
-18968891.369507 28459534.823149 -24818396.453369 42000 C08
-2453887.211160 41680878.562475 -1448384.985446 36000 C09
974629.475431 29202799.757030 30868683.740301 0 C10
-14267099.598949 29298428.744631 -26720632.782448 36000 C13
-7387933.608029 39623475.570063 -11411178.391070 39000 C16
time 2025/01/17 09:25:20.000
-23337347.221100 12539699.387771 -594211.098056 33000 G03
-6782792.387371 23895768.747097 -8207963.038767 47000 G07
-1378616.564057 17103649.158894 20261349.313593 46000 G14
6799615.355374 19414080.463631 17090535.764762 30000 G17
15928125.001768 19814938.901735 8287874.361817 25000 G19
1166110.053819 26251126.999937 2836155.251490 42000 G30
-15712230.153316 19972029.563882 2661471.622985 40000 R10
-4055850.139451 17572459.121207 18035978.646276 48000 R11
-2596327.599451 18478491.120462 17408317.478002 51000 R21
6756227.266899 24587952.251816 340822.181339 39000 R22
-14719962.182489 39465778.163364 -1209280.199013 47000 C03
-7134383.537600 39994341.232036 -10597700.566650 38000 C06
-7796342.802491 26926043.219662 31616652.260410 49000 C07
-18969126.509576 28461137.314407 -24816389.859841 41000 C08
-2452638.210887 41680835.425807 -1450909.757681 36000 C09
973808.031616 29202204.472890 30869248.158079 0 C10
-14267429.723702 29299917.693323 -26718850.079940 36000 C13
-7386724.480556 39622998.402768 -11413570.863543 39000 C16
time 2025/01/17 09:25:21.000
-23337490.994942 12539542.193936 -590970.563509 32000 G03
-6783088.245266 23894625.892338 -8210900.890467 47000 G07
-1380974.153361 17104690.870209 20260283.092449 46000 G14
6797809.953144 19412994.965482 17092555.147073 28000 G17
15927158.153284 19814455.634426 8290794.896885 24000 G19
1165717.002982 26251459.169472 2833047.287387 42000 G30
-15712356.730252 19972404.289759 2657939.621632 40000 R10
-4057407.192466 17574377.972608 18033756.631696 48000 R11
-2596887.827838 18476168.654001 17410697.291694 51000 R21
6756372.566894 24587866.920761 344393.562754 39000 R22
-14719966.405311 39465776.549287 -1209227.424249 47000 C03
-7133192.799928 39993920.863016 -10600082.197202 38000 C06
-7797289.472000 26925644.883031 31616745.201078 49000 C07
-18969361.416598 28462739.840957 -24814383.135212 41000 C08
-2451389.216550 41680792.100779 -1453434.521989 37000 C09
972986.501117 29201609.312269 30869812.415616 0 C10
-14267759.631180 29301406.689918 -26717067.235112 36000 C13
-7385515.421906 39622521.054978 -11415963.274127 39000 C16
time 2025/01/17 09:25:22.000
-23337634.415877 12539384.819100 -587730.016330 33000 G03
-6783384.154911 23893482.675794 -8213838.559324 47000 G07
-1383331.568672 17105732.652109 20259216.439839 46000 G14
6796004.287125 19411909.429399 17094574.173141 27000 G17
15926190.986905 19813972.200391 8293715.259179 24000 G19
1165323.981591 26251790.969089 2829939.262096 42000 G30
-15712482.960612 19972778.662967 2654407.556747 40000 R10
-4058963.889757 17576296.722395 18031534.183863 48000 R11
-2597448.346491 18473845.924442 17413076.687779 51000 R21
6756517.727934 24587781.108254 347964.935883 39000 R22
-14719970.628222 39465774.935444 -1209174.643044 47000 C03
-7132002.123080 39993500.317607 -10602463.770667 38000 C06
-7798236.199859 26925246.685392 31616837.974691 49000 C07
-18969596.090568 28464342.402759 -24812376.279502 41000 C08
-2450140.228181 41680748.587390 -1455959.278347 36000 C09
972164.883950 29201014.275178 30870376.512908 0 C10
-14268089.321372 29302895.734366 -26715284.247996 36000 C13
-7384306.432108 39622043.526706 -11418355.622803 39000 C16
time 2025/01/17 09:25:23.000
-23337777.483930 12539227.263211 -584489.456524 33000 G03
-6783680.116352 23892339.097493 -8216776.045267 48000 G07
-1385688.809948 17106774.504555 20258149.355784 46000 G14
6794198.357321 19410823.855427 17096592.842948 26000 G17
15925223.502661 19813488.599705 8296635.448510 25000 G19
1164930.989600 26252122.398777 2826831.175694 42000 G30
-15712608.844445 19973152.683448 2650875.428417 40000 R10
-4060520.231308 17578215.370474 18029311.302833 48000 R11
-2598009.155437 18471522.931871 17415455.666195 51000 R21
6756662.749944 24587694.814317 351536.300639 39000 R22
-14719974.851221 39465773.321835 -1209121.855399 47000 C03
-7130811.507090 39993079.595822 -10604845.287023 38000 C06
-7799182.986046 26924848.626753 31616930.581246 49000 C07
-18969830.531481 28465944.999781 -24810369.292720 42000 C08
-2448891.245801 41680704.885641 -1458484.026755 36000 C09
971343.180137 29200419.361633 30870940.449949 0 C10
-14268418.794274 29304384.826650 -26713501.118583 36000 C13
-7383097.511189 39621565.817961 -11420747.909559 39000 C16
time 2025/01/17 09:25:24.000
-23337920.199122 12539069.526222 -581248.884215 32000 G03
-6783976.129636 23891195.157458 -8219713.348231 48000 G07
-1388045.877132 17107816.427498 20257081.840308 45000 G14
6792392.163792 19409738.243646 17098611.156412 25000 G17
15924255.700544 19813004.832420 8299555.464812 25000 G19
1164538.026959 26252453.458524 2823723.028236 42000 G30
-15712734.381800 19973526.351146 2647343.236718 40000 R10
-4062076.217107 17580133.916762 18027087.988657 47000 R11
-2598570.254704 18469199.676376 17417834.226887 51000 R21
6756807.632854 24587608.038973 355107.656942 39000 R22
-14719979.074307 39465771.708462 -1209069.061313 47000 C03
-7129620.951978 39992658.697667 -10607226.746261 38000 C06
-7800129.830543 26924450.707124 31617023.020745 49000 C07
-18970064.739332 28467547.631988 -24808362.174876 42000 C08
-2447642.269445 41680660.995534 -1461008.767180 36000 C09
970521.389694 29199824.571643 30871504.226740 0 C10
-14268748.049878 29305873.966730 -26711717.846894 36000 C13
-7381888.659177 39621087.928754 -11423140.134376 39000 C16
time 2025/01/17 09:25:25.000
-23338062.561476 12538911.608081 -578008.299449 32000 G03
-6784272.194810 23890050.855712 -8222650.468152 48000 G07
-1390402.770182 17108858.420899 20256013.893431 45000 G14
6790585.706487 19408652.594068 17100629.113577 24000 G17
15923287.580555 19812520.898594 8302475.307993 26000 G19
1164145.093622 26252784.148320 2820614.819794 42000 G30
-15712859.572726 19973899.666002 2643810.981744 40000 R10
-4063631.847137 17582052.361168 18024864.241390 47000 R11
-2599131.644320 18466876.158038 17420212.369800 51000 R21
6756952.376589 24587520.782243 358679.004705 40000 R22
-14719983.297481 39465770.095322 -1209016.260787 47000 C03
-7128430.457773 39992237.623152 -10609608.148367 38000 C06
-7801076.733329 26924052.926510 31617115.293185 49000 C07
-18970298.714116 28469150.299351 -24806354.925977 42000 C08
-2446393.299133 41680616.917067 -1463533.499629 36000 C09
969699.512637 29199229.905221 30872067.843276 0 C10
-14269077.088177 29307363.154576 -26709934.432937 36000 C13
-7380679.876093 39620609.859093 -11425532.297255 39000 C16
time 2025/01/17 09:25:26.000
-23338204.571016 12538753.508742 -574767.702316 31000 G03
-6784568.311922 23888906.192281 -8225587.404963 48000 G07
-1392759.489047 17109900.484713 20254945.515176 45000 G14
6788778.985504 19407566.906795 17102646.714317 26000 G17
15922319.142664 19812036.798271 8305394.978044 28000 G19
1163752.189540 26253114.468153 2817506.550436 43000 G30
-15712984.417272 19974272.627960 2640278.663570 40000 R10
-4065187.121385 17583970.703605 18022640.061086 47000 R11
-2599693.324314 18464552.376945 17422590.094876 51000 R21
6757096.981077 24587433.044150 362250.343844 41000 R22
-14719987.520743 39465768.482418 -1208963.453821 47000 C03
-7127240.024500 39991816.372286 -10611989.493328 38000 C06
-7802023.694384 26923655.284923 31617207.398568 49000 C07
-18970532.455827 28470753.001828 -24804347.546043 42000 C08
-2445144.334894 41680572.650241 -1466058.224080 35000 C09
968877.548984 29198635.362378 30872631.299555 0 C10
-14269405.909165 29308852.390162 -26708150.876716 36000 C13
-7379471.161966 39620131.608987 -11427924.398176 39000 C16
time 2025/01/17 09:25:27.000
-23338346.227764 12538595.228151 -571527.092849 31000 G03
-6784864.481017 23887761.167189 -8228524.158594 48000 G07
-1395116.033680 17110942.618899 20253876.705564 45000 G14
6786972.000769 19406481.181827 17104663.958703 25000 G17
15921350.386874 19811552.531509 8308314.474868 29000 G19
1163359.314668 26253444.418013 2814398.220231 44000 G30
-15713108.915488 19974645.236962 2636746.282295 39000 R10
-4066742.039838 17585888.943986 18020415.447796 47000 R11
-2600255.294712 18462228.333184 17424967.402056 51000 R21
6757241.446245 24587344.824716 365821.674275 42000 R22
-14719991.744093 39465766.869748 -1208910.640416 47000 C03
-7126049.652188 39991394.945079 -10614370.781125 38000 C06
-7802970.713688 26923257.782369 31617299.336891 49000 C07
-18970765.964461 28472355.739390 -24802340.035077 42000 C08
-2443895.376757 41680528.195058 -1468582.940522 35000 C09
968055.498759 29198040.943131 30873194.595571 0 C10
-14269734.512834 29310341.673451 -26706367.178245 36000 C13
-7378262.516826 39619653.178450 -11430316.437118 39000 C16
time 2025/01/17 09:25:28.000
-23338487.531745 12538436.766262 -568286.471138 30000 G03
-6785160.702144 23886615.780459 -8231460.728982 48000 G07
-1397472.404033 17111984.823413 20252807.464617 45000 G14
6785164.752388 19405395.419270 17106680.846599 30000 G17
15920381.313165 19811068.098357 8311233.798431 30000 G19
1162966.468955 26253773.997889 2811289.829238 44000 G30
-15713233.067424 19975017.492952 2633213.837981 39000 R10
-4068296.602479 17587807.082222 18018190.401575 47000 R11
-2600817.555544 18459904.026837 17427344.291286 51000 R21
6757385.772021 24587256.123963 369392.995905 42000 R22
-14719995.967531 39465765.257312 -1208857.820571 47000 C03
-7124859.340860 39990973.341538 -10616752.011752 38000 C06
-7803917.791219 26922860.418858 31617391.108155 49000 C07
-18970999.240013 28473958.512004 -24800332.393090 42000 C08
-2442646.424753 41680483.551516 -1471107.648932 35000 C09
967233.361973 29197446.647489 30873757.731324 0 C10
-14270062.899179 29311831.004417 -26704583.337528 36000 C13
-7377053.940692 39619174.567487 -11432708.414083 39000 C16
time 2025/01/17 09:25:29.000
-23338628.482978 12538278.123025 -565045.837278 31000 G03
-6785456.975349 23885470.032115 -8234397.116062 48000 G07
-1399828.600058 17113027.098213 20251737.792356 45000 G14
6783357.240370 19404309.619173 17108697.377984 28000 G17
15919411.921528 19810583.498867 8314152.948671 30000 G19
1162573.652355 26254103.207770 2808181.377526 44000 G30
-15713356.873128 19975389.395872 2629681.330728 39000 R10
-4069850.809294 17589725.118224 18015964.922478 47000 R11
-2601380.106835 18457579.457996 17429720.762504 51000 R21
6757529.958331 24587166.941915 372964.308651 43000 R22
-14720000.191056 39465763.645111 -1208804.994288 47000 C03
-7123669.090541 39990551.561672 -10619133.185197 38000 C06
-7804864.926959 26922463.194397 31617482.712358 50000 C07
-18971232.282477 28475561.319635 -24798324.620095 42000 C08
-2441397.478904 41680438.719618 -1473632.349306 35000 C09
966411.138647 29196852.475464 30874320.706809 0 C10
-14270391.068192 29313320.383021 -26702799.354583 36000 C13
-7375845.433599 39618695.776113 -11435100.329043 39000 C16
time 2025/01/17 09:25:30.000
-23338769.081490 12538119.298389 -561805.191304 31000 G03
-6785753.300679 23884323.922182 -8237333.319769 48000 G07
-1402184.621705 17114069.443253 20250667.688805 44000 G14
6781549.464721 19403223.781584 17110713.552834 29000 G17
15918442.211935 19810098.733083 8317071.925576 31000 G19
1162180.864820 26254432.047644 2805072.865166 44000 G30
-15713480.332650 19975760.945665 2626148.760617 39000 R10
-4071404.660274 17591643.051909 18013739.010552 46000 R11
-2601942.948614 18455254.626743 17432096.815656 51000 R21
6757674.005102 24587077.278592 376535.612427 44000 R22
-14720004.414669 39465762.033145 -1208752.161565 47000 C03
-7122478.901254 39990129.605490 -10621514.301449 38000 C06
-7805812.120886 26922066.108994 31617574.149501 49000 C07
-18971465.091848 28477164.162248 -24796316.716102 41000 C08
-2440148.539240 41680393.699362 -1476157.041627 35000 C09
965588.828798 29196258.427070 30874883.522023 0 C10
-14270719.019866 29314809.809239 -26701015.229411 34000 C13
-7374636.995564 39618216.804333 -11437492.181998 39000 C16
time 2025/01/17 09:25:31.000
-23338909.327303 12537960.292306 -558564.533281 30000 G03
-6786049.678181 23883177.450684 -8240269.340033 48000 G07
-1404540.468931 17115111.858495 20249597.153983 45000 G14
6779741.425454 19402137.906552 17112729.371123 29000 G17
15917472.184392 19809613.801066 8319990.729037 31000 G19
1161788.106304 26254760.517501 2801964.292229 44000 G30
-15713603.446039 19976132.142272 2622616.127737 39000 R10
-4072958.155399 17593560.883186 18011512.665856 47000 R11
-2602506.080909 18452929.533163 17434472.450685 51000 R21
6757817.912263 24586987.134017 380106.907151 44000 R22
-14720008.638369 39465760.421413 -1208699.322404 47000 C03
-7121288.773033 39989707.473002 -10623895.360485 38000 C06
-7806759.372981 26921669.162660 31617665.419582 49000 C07
-18971697.668122 28478767.039809 -24794308.681124 41000 C08
-2438899.605788 41680348.490751 -1478681.725884 34000 C09
964766.432446 29195664.502319 30875446.176963 0 C10
-14271046.754193 29316299.283031 -26699230.962034 34000 C13
-7373428.626619 39617737.652159 -11439883.972932 38000 C16
time 2025/01/17 09:25:32.000
-23339049.220441 12537801.104723 -555323.863258 30000 G03
-6786346.107902 23882030.617647 -8243205.176788 48000 G07
-1406896.141686 17116154.343893 20248526.187913 44000 G14
6777933.122620 19401051.994153 17114744.832777 29000 G17
15916501.838878 19809128.702863 8322909.359024 31000 G19
1161395.376758 26255088.617330 2798855.658776 45000 G30
-15713726.213344 19976502.985638 2619083.432167 39000 R10
-4074511.294656 17595478.611965 18009285.888444 47000 R11
-2603069.503749 18450604.177342 17436847.667536 51000 R21
6757961.679740 24586896.508213 383678.192750 44000 R22
-14720012.862158 39465758.809915 -1208646.476806 46000 C03
-7120098.705898 39989285.164216 -10626276.362299 38000 C06
-7807706.683223 26921272.355401 31617756.522601 49000 C07
-18971930.011294 28480369.952287 -24792300.515166 42000 C08
-2437650.678581 41680303.093783 -1481206.402050 33000 C09
963943.949606 29195070.701223 30876008.671627 0 C10
-14271374.271168 29317788.804372 -26697446.552450 35000 C13
-7372220.326790 39617258.319602 -11442275.701827 38000 C16
time 2025/01/17 09:25:33.000
-23339188.760926 12537641.735594 -552083.181347 30000 G03
-6786642.589888 23880883.423093 -8246140.829968 48000 G07
-1409251.639918 17117196.899404 20247454.790618 45000 G14
6776124.556231 19399966.044436 17116759.937771 29000 G17
15915531.175394 19808643.438532 8325827.815445 30000 G19
1161002.676134 26255416.347119 2795746.964875 45000 G30
-15713848.634615 19976873.475705 2615550.673994 39000 R10
-4076064.078032 17597396.238159 18007058.678368 47000 R11
-2603633.217160 18448278.559365 17439222.466150 51000 R21
6758105.307460 24586805.401201 387249.469127 44000 R22
-14720017.086033 39465757.198652 -1208593.624769 46000 C03
-7118908.699871 39988862.679140 -10628657.306888 38000 C06
-7808654.051591 26920875.687226 31617847.458558 49000 C07
-18972162.121358 28481972.899648 -24790292.218240 41000 C08
-2436401.757647 41680257.508460 -1483731.070110 33000 C09
963121.380296 29194477.023793 30876571.006011 0 C10
-14271701.570785 29319278.373232 -26695662.000669 35000 C13
-7371012.096106 39616778.806672 -11444667.368667 38000 C16
time 2025/01/17 09:25:34.000
-23339327.948778 12537482.184870 -548842.487646 27000 G03
-6786939.124187 23879735.867048 -8249076.299505 48000 G07
-1411606.963586 17118239.524987 20246382.962117 45000 G14
6774315.726310 19398880.057459 17118774.686064 30000 G17
15914560.193938 19808158.008130 8328746.098213 32000 G19
1160610.004385 26255743.706859 2792638.210596 45000 G30
-15713970.709901 19977243.612416 2612017.853299 39000 R10
-4077616.505513 17599313.761683 18004831.035679 47000 R11
-2604197.221169 18445952.679321 17441596.846469 51000 R21
6758248.795351 24586713.813005 390820.736175 45000 R22
-14720021.309996 39465755.587623 -1208540.766294 47000 C03
-7117718.754988 39988440.017786 -10631038.194219 38000 C06
-7809601.478066 26920479.158143 31617938.227451 49000 C07
-18972393.998309 28483575.881855 -24788283.790359 41000 C08
-2435152.842997 41680211.734782 -1486255.730086 33000 C09
962298.724536 29193883.470043 30877133.180112 0 C10
-14272028.653034 29320767.989571 -26693877.306712 34000 C13
-7369803.934589 39616299.113378 -11447058.973445 38000 C16
time 2025/01/17 09:25:35.000
-23339466.784024 12537322.452502 -545601.782198 29000 G03
-6787235.710845 23878587.949536 -8252011.585334 48000 G07
-1413962.112635 17119282.220596 20245310.702436 45000 G14
6772506.632881 19397794.033279 17120789.077615 30000 G17
15913588.894474 19807672.411697 8331664.207340 32000 G19
1160217.361463 26256070.696539 2789529.395995 45000 G30
-15714092.439252 19977613.395713 2608484.970172 39000 R10
-4079168.577086 17601231.182449 18002602.960431 46000 R11
-2604761.515806 18443626.537291 17443970.808439 51000 R21
6758392.143340 24586621.743647 394391.993838 45000 R22
-14720025.534047 39465753.976829 -1208487.901382 47000 C03
-7116528.871267 39988017.180160 -10633419.024293 38000 C06
-7810548.962628 26920082.768161 31618028.829281 49000 C07
-18972625.642142 28485178.898874 -24786275.231537 42000 C08
-2433903.934678 41680165.772749 -1488780.381922 32000 C09
961475.982343 29193290.039985 30877695.193927 0 C10
-14272355.517911 29322257.653368 -26692092.470574 35000 C13
-7368595.842266 39615819.239728 -11449450.516152 38000 C16
time 2025/01/17 09:25:36.000
-23339605.266686 12537162.538437 -542361.065045 30000 G03
-6787532.349910 23877439.670581 -8254946.687390 48000 G07
-1416317.087025 17120324.986192 20244238.011591 44000 G14
6770697.275989 19396707.971967 17122803.112360 31000 G17
15912617.277016 19807186.649297 8334582.142697 32000 G19
1159824.747321 26256397.316146 2786420.521153 45000 G30
-15714213.822717 19977982.825539 2604952.024694 38000 R10
-4080720.292736 17603148.500368 18000374.452678 46000 R11
-2605326.101097 18441300.133367 17446344.351998 51000 R21
6758535.351352 24586529.193149 397963.241999 46000 R22
-14720029.758185 39465752.366269 -1208435.030034 47000 C03
-7115339.048740 39987594.166273 -10635799.797087 38000 C06
-7811496.505256 26919686.517288 31618119.264047 49000 C07
-18972857.052853 28486781.950675 -24784266.541777 41000 C08
-2432655.032709 41680119.622362 -1491305.025626 32000 C09
960653.153735 29192696.733632 30878257.047452 0 C10
-14272682.165408 29323747.364582 -26690307.492276 35000 C13
-7367387.819167 39615339.185737 -11451841.996762 38000 C16
time 2025/01/17 09:25:37.000
-6787829.041429 23876291.030207 -8257881.605606 48000 G07
-1418671.886700 17121367.821728 20243164.889610 44000 G14
6768887.655637 19395621.873567 17124816.790281 31000 G17
15911645.341539 19806700.720976 8337499.904266 32000 G19
1159432.161911 26256723.565672 2783311.586128 45000 G30
-15714334.860346 19978351.901838 2601419.016952 39000 R10
-4082271.652445 17605065.715348 17998145.512478 47000 R11
-2605890.977070 18438973.467630 17448717.477093 51000 R21
6758678.419318 24586436.161534 401534.480592 46000 R22
-14720033.982410 39465750.755944 -1208382.152248 47000 C03
-7114149.287429 39987170.976133 -10638180.512594 38000 C06
-7812444.105930 26919290.405533 31618209.531747 49000 C07
-18973088.230436 28488385.037222 -24782257.721095 41000 C08
-2431406.137115 41680073.283621 -1493829.661185 33000 C09
959830.238732 29192103.550996 30878818.740684 0 C10
-14273008.595517 29325237.123185 -26688522.371824 36000 C13
-7366179.865314 39614858.951410 -11454233.415275 39000 C16
time 2025/01/17 09:25:38.000
-6788125.785447 23875142.028441 -8260816.339912 48000 G07
-1421026.511616 17122410.727163 20242091.336512 45000 G14
6767077.771837 19394535.738131 17126830.111350 30000 G17
15910673.088031 19806214.626785 8340417.491989 31000 G19
1159039.605184 26257049.445104 2780202.590986 45000 G30
-15714455.552187 19978720.624552 2597885.947032 39000 R10
-4083822.656204 17606982.827307 17995916.139879 47000 R11
-2606456.143753 18436646.540168 17451090.183667 51000 R21
6758821.347163 24586342.648824 405105.709546 46000 R22
-14720038.206723 39465749.145853 -1208329.268026 47000 C03
-7112959.587358 39986747.609748 -10640561.170804 39000 C06
-7813391.764629 26918894.432903 31618299.632382 49000 C07
-18973319.174886 28489988.158479 -24780248.769501 41000 C08
-2430157.247930 41680026.756528 -1496354.288574 32000 C09
959007.237347 29191510.492088 30879380.273621 0 C10
-14273334.808234 29326726.929151 -26686737.109222 35000 C13
-7364971.980737 39614378.536759 -11456624.771668 39000 C16
time 2025/01/17 09:25:39.000
-23340018.599404 12536681.705574 -532638.844047 30000 G03
-6788422.582013 23873992.665304 -8263750.890246 48000 G07
-1423380.961725 17123453.702454 20241017.352319 44000 G14
6765267.624496 19393449.565645 17128843.075657 0 G17
15909700.516503 19805728.366787 8343334.905743 31000 G19
1158647.077094 26257374.954432 2777093.535800 45000 G30
-15714575.898291 19979088.993624 2594352.815009 39000 R10
-4085373.303997 17608899.836153 17993686.334937 47000 R11
-2607021.601173 18434319.351064 17453462.471662 51000 R21
6758964.134814 24586248.655041 408676.928748 46000 R22
-14720042.431122 39465747.535997 -1208276.377368 47000 C03
-7111769.948552 39986324.067127 -10642941.771709 38000 C06
-7814339.481333 26918498.599408 31618389.565950 49000 C07
-18973549.886199 28491591.314414 -24778239.687004 41000 C08
-2428908.365184 41679980.041081 -1498878.907775 32000 C09
958184.149600 29190917.556921 30879941.646261 0 C10
-14273660.803550 29328216.782440 -26684951.704489 35000 C13
-7363764.165460 39613897.941795 -11459016.065935 39000 C16
time 2025/01/17 09:25:40.000
-23340155.671963 12536521.064234 -529398.080817 30000 G03
-6788719.431173 23872842.940821 -8266685.256544 48000 G07
-1425735.236981 17124496.747558 20239942.937052 44000 G14
6763457.213881 19392363.356313 17130855.682890 0 G17
15908727.626935 19805241.941031 8346252.145494 30000 G19
1158254.577594 26257700.093645 2773984.420637 45000 G30
-15714695.898706 19979457.008998 2590819.620972 38000 R10
-4086923.595810 17610816.741801 17991456.097705 47000 R11
-2607587.349359 18431991.900408 17455834.341021 51000 R21
6759106.782200 24586154.180208 412248.138144 44000 R22
-14720046.655610 39465745.926375 -1208223.480274 47000 C03
-7110580.371041 39985900.348281 -10645322.315283 38000 C06
-7815287.256022 26918102.905055 31618479.332452 49000 C07
-18973780.364368 28493194.504994 -24776230.473617 41000 C08
-2427659.488893 41679933.137283 -1501403.518799 32000 C09
957360.975512 29190324.745509 30880502.858597 0 C10
-14273986.581458 29329706.683026 -26683166.157628 35000 C13
-7362556.419508 39613417.166525 -11461407.298064 39000 C16
time 2025/01/17 09:25:41.000
-23340292.392053 12536360.240952 -526157.306243 30000 G03
-6789016.332974 23871692.855018 -8269619.438734 48000 G07
-1428089.337328 17125539.862430 20238868.090736 44000 G14
15907754.419308 19804755.349563 8349169.211212 28000 G19
1157862.106635 26258024.862732 2770875.245565 45000 G30
-15714815.553483 19979824.670614 2587286.365012 39000 R10
-4088473.531631 17612733.544163 17989225.428234 46000 R11
-2608153.388337 18429664.188280 17458205.791690 51000 R21
6759249.289247 24586059.224348 415819.337609 44000 R22
-14720050.880184 39465744.316987 -1208170.576744 46000 C03
-7109390.854851 39985476.453217 -10647702.801517 39000 C06
-7816235.088675 26917707.349854 31618568.931887 49000 C07
-18974010.609390 28494797.730184 -24774221.129347 41000 C08
-2426410.619088 41679886.045132 -1503928.121620 32000 C09
956537.715098 29189732.057862 30881063.910629 0 C10
-14274312.141952 29331196.630871 -26681380.468656 36000 C13
-7361348.742912 39612936.210962 -11463798.468034 39000 C16
time 2025/01/17 09:25:42.000
-23340428.759699 12536199.235677 -522916.520402 31000 G03
-6789313.287462 23870542.407922 -8272553.436743 48000 G07
-1430443.262722 17126583.047028 20237792.813392 45000 G14
15906780.893595 19804268.592430 8352086.102880 26000 G19
1157469.664171 26258349.261682 2767766.010655 45000 G30
-15714934.862671 19980191.978417 2583753.047218 39000 R10
-4090023.111441 17614650.243147 17986994.326585 47000 R11
-2608719.718134 18427336.214777 17460576.823603 51000 R21
6759391.655883 24585963.787483 419390.527091 42000 R22
-14720055.104845 39465742.707834 -1208117.666779 47000 C03
-7108201.400008 39985052.381946 -10650083.230396 39000 C06
-7817182.979270 26917311.933812 31618658.364253 49000 C07
-18974240.621259 28496400.989946 -24772211.654213 41000 C08
-2425161.755816 41679838.764631 -1506452.716192 30000 C09
955714.368379 29189139.493996 30881624.802351 0 C10
-14274637.485025 29332686.625945 -26679594.637582 36000 C13
-7360141.135697 39612455.075116 -11466189.575834 39000 C16
time 2025/01/17 09:25:43.000
-23340564.774923 12536038.048361 -519675.723345 29000 G03
-6789610.294686 23869391.599547 -8275487.250530 47000 G07
-1432797.013126 17127626.301313 20236717.105037 44000 G14
6758024.402085 19389104.507488 17136891.362354 30000 G17
1157077.250152 26258673.290485 2764656.715956 45000 G30
-15715053.826319 19980558.932352 2580219.667646 38000 R10
-4091572.335237 17616566.838676 17984762.792796 46000 R11
-2609286.338780 18425007.979967 17462947.436718 51000 R21
6759533.882034 24585867.869636 422961.706482 42000 R22
-14720059.329593 39465741.098915 -1208064.750379 47000 C03
-7107012.006531 39984628.134474 -10652463.601920 38000 C06
-7818130.927793 26916916.656937 31618747.629552 49000 C07
-18974470.399970 28498004.284256 -24770202.048214 41000 C08
-2423912.899088 41679791.295778 -1508977.302531 31000 C09
954890.935367 29188547.053917 30882185.533764 0 C10
-14274962.610671 29334176.668227 -26677808.664401 35000 C13
-7358933.597881 39611973.758992 -11468580.621467 38000 C16
time 2025/01/17 09:25:44.000
-6789907.354691 23868240.429929 -8278420.880006 47000 G07
-1435150.588478 17128669.625236 20235640.965699 45000 G14
6756212.938092 19388018.151035 17138902.541467 30000 G17
1156684.864530 26258996.949131 2761547.361544 45000 G30
-15715172.444477 19980925.532359 2576686.226403 39000 R10
-4093121.202995 17618483.330652 17982530.826934 46000 R11
-2609853.250302 18422679.483949 17465317.630967 51000 R21
6759675.967628 24585771.470829 426532.875710 40000 R22
-14720063.554429 39465739.490231 -1208011.827544 47000 C03
-7105822.674453 39984203.710813 -10654843.916064 39000 C06
-7819078.934217 26916521.519238 31618836.727781 50000 C07
-18974699.945519 28499607.613073 -24768192.311367 41000 C08
-2422664.048923 41679743.638576 -1511501.880639 33000 C09
954067.416084 29187954.737642 30882746.104863 0 C10
-14275287.518883 29335666.757675 -26676022.549138 35000 C13
-7357726.129503 39611492.262606 -11470971.604897 38000 C16
time 2025/01/17 09:25:45.000
-23340835.748201 12535715.127406 -513194.095851 30000 G03
-6790204.467524 23867088.899091 -8281354.325101 48000 G07
-1437503.988736 17129713.018757 20234564.395398 45000 G14
6754401.210836 19386931.757959 17140913.363424 28000 G17
1156292.507261 26259320.237607 2758437.947499 44000 G30
-15715290.717194 19981291.778380 2573152.723579 38000 R10
-4094669.714699 17620399.718984 17980298.429055 46000 R11
-2610420.452724 18420350.726814 17467687.406290 51000 R21
6759817.912592 24585674.591085 430104.034671 38000 R22
-14720067.779351 39465737.881780 -1207958.898274 47000 C03
-7104633.403798 39983779.110970 -10657224.172815 39000 C06
-7820026.998524 26916126.520724 31618925.658940 49000 C07
-18974929.257899 28501210.976360 -24766182.443688 41000 C08
-2421415.205361 41679695.793023 -1514026.450481 32000 C09
953243.810549 29187362.545184 30883306.515643 0 C10
-14275612.209653 29337156.894259 -26674236.291798 35000 C13
-7356518.730584 39611010.585967 -11473362.526119 37000 C16
time 2025/01/17 09:25:46.000
-23340970.706301 12535553.393668 -509953.265561 31000 G03
-6790501.633232 23865937.007053 -8284287.585763 48000 G07
-1439857.213851 17130756.481832 20233487.394156 45000 G14
6752589.220376 19385845.328337 17142923.828145 30000 G17
1155900.178295 26259643.155903 2755328.473877 44000 G30
-15715408.644520 19981657.670360 2569619.159253 39000 R10
-4096217.870339 17622316.003589 17978065.599209 47000 R11
-2610987.946076 18418021.708639 17470056.762634 51000 R21
6759959.716853 24585577.230427 433675.183280 38000 R22
-14720072.004361 39465736.273565 -1207905.962571 47000 C03
-7103444.194591 39983354.334954 -10659604.372165 40000 C06
-7820975.120693 26915731.661403 31619014.423029 49000 C07
-18975158.337107 28502814.374091 -24764172.445179 41000 C08
-2420166.368426 41679647.759122 -1516551.012048 30000 C09
952420.118779 29186770.476553 30883866.766103 0 C10
-14275936.682974 29338647.077947 -26672449.892394 36000 C13
-7355311.401152 39610528.729083 -11475753.385120 37000 C16
time 2025/01/17 09:25:47.000
-23341105.312069 12535391.477694 -506712.424407 31000 G03
-6790798.851863 23864784.753840 -8287220.661924 48000 G07
-1442210.263776 17131800.014419 20232409.961993 45000 G14
6750776.966678 19384758.862193 17144933.935655 32000 G17
1155507.877583 26259965.704010 2752218.940738 44000 G30
-15715526.226505 19982023.208243 2566085.533495 38000 R10
-4097765.669909 17624232.184388 17975832.337437 46000 R11
-2611555.730387 18415692.429507 17472425.699949 51000 R21
6760101.380340 24585479.388876 437246.321482 37000 R22
-14720076.229457 39465734.665583 -1207853.020433 47000 C03
-7102255.046857 39982929.382775 -10661984.514103 40000 C06
-7821923.300707 26915336.941282 31619103.020047 49000 C07
-18975387.183137 28504417.806228 -24762162.315854 41000 C08
-2418917.538136 41679599.536871 -1519075.565348 31000 C09
951596.340791 29186178.531762 30884426.856238 0 C10
-14276260.938842 29340137.308712 -26670663.350928 36000 C13
-7354104.141231 39610046.691964 -11478144.181889 37000 C16
time 2025/01/17 09:25:48.000
-23341239.565533 12535229.379431 -503471.572372 31000 G03
-6791096.123463 23863632.139476 -8290153.553518 48000 G07
-1444563.138468 17132843.616477 20231332.098931 45000 G14
6748964.449793 19383672.359601 17146943.685882 33000 G17
1155115.605079 26260287.881916 2749109.348156 44000 G30
-15715643.463198 19982388.391970 2562551.846406 38000 R10
-4099313.113387 17626148.261283 17973598.643804 46000 R11
-2612123.805683 18413362.889506 17474794.218176 51000 R21
6760242.902979 24585381.066457 440817.449152 37000 R22
-14720080.454640 39465733.057836 -1207800.071862 47000 C03
-7101065.960621 39982504.254440 -10664364.598615 40000 C06
-7822871.538543 26914942.360370 31619191.449994 49000 C07
-18975615.795985 28506021.272742 -24760152.055718 41000 C08
-2417668.714539 41679551.126272 -1521600.110324 29000 C09
950772.476601 29185586.710822 30884986.786049 0 C10
-14276584.977248 29341627.586520 -26668876.667413 35000 C13
-7352896.950844 39609564.474620 -11480534.916420 37000 C16
time 2025/01/17 09:25:49.000
-23341373.466715 12535067.098830 -500230.709557 30000 G03
-6791393.448080 23862479.163987 -8293086.260479 48000 G07
-1446915.837875 17133887.287960 20230253.804994 45000 G14
6747151.669723 19382585.820604 17148953.078810 33000 G17
1154723.360735 26260609.689611 2745999.696192 45000 G30
-15715760.354649 19982753.221486 2559018.098055 37000 R10
-4100860.200765 17628064.234194 17971364.518357 45000 R11
-2612692.171992 18411033.088722 17477162.317256 51000 R21
6760384.284697 24585282.263191 444388.566230 37000 R22
-14720084.679910 39465731.450323 -1207747.116857 47000 C03
-7099876.935909 39982078.949959 -10666744.625690 39000 C06
-7823819.834183 26914547.918675 31619279.712869 49000 C07
-18975844.175646 28507624.773596 -24758141.664784 41000 C08
-2416419.897635 41679502.527325 -1524124.647018 29000 C09
949948.526232 29184995.013748 30885546.555528 0 C10
-14276908.798185 29343117.911337 -26667089.841863 36000 C13
-7351689.830025 39609082.077063 -11482925.588687 39000 C16
time 2025/01/17 09:25:50.000
-23341507.015638 12534904.635843 -496989.836028 31000 G03
-6791690.825758 23861325.827401 -8296018.782728 48000 G07
-1449268.361943 17134931.028823 20229175.080205 45000 G14
6745338.626501 19381499.245266 17150962.114389 34000 G17
1154331.144504 26260931.127082 2742889.984932 44000 G30
-15715876.900907 19983117.696730 2555484.288552 38000 R10
-4102406.932012 17629980.103013 17969129.961172 46000 R11
-2613260.829339 18408703.027250 17479529.997123 51000 R21
6760525.525421 24585182.979101 447959.672621 35000 R22
-14720088.905267 39465729.843044 -1207694.155420 47000 C03
-7098687.972754 39981653.469344 -10669124.595300 39000 C06
-7824768.187602 26914153.616207 31619367.808671 49000 C07
-18976072.322112 28509228.308747 -24756131.143077 41000 C08
-2415171.087479 41679453.740031 -1526649.175360 28000 C09
949124.489700 29184403.440552 30886106.164674 0 C10
-14277232.401646 29344608.283131 -26665302.874286 37000 C13
-7350482.778796 39608599.499301 -11485316.198681 38000 C16
time 2025/01/17 09:25:51.000
-23341640.212326 12534741.990417 -493748.951813 30000 G03
-6791988.256545 23860172.129742 -8298951.120201 48000 G07
-1451620.710621 17135974.839022 20228095.924588 45000 G14
6743525.320143 19380412.633640 17152970.792587 35000 G17
1153938.956339 26261252.194320 2739780.214437 44000 G30
-15715993.102022 19983481.817648 2551950.417976 38000 R10
-4103953.307124 17631895.867662 17966894.972291 46000 R11
-2613829.777752 18406372.705175 17481897.257722 51000 R21
6760666.625080 24585083.214211 451530.768232 36000 R22
-14720093.130710 39465728.236000 -1207641.187549 47000 C03
-7097499.071179 39981227.812602 -10671504.507437 40000 C06
-7825716.598779 26913759.452975 31619455.737399 49000 C07
-18976300.235382 28510831.878167 -24754120.490599 40000 C08
-2413922.284113 41679404.764391 -1529173.695310 24000 C09
948300.367023 29183811.991244 30886665.613483 0 C10
-14277555.787626 29346098.701874 -26663515.764690 34000 C13
-7349275.797190 39608116.741347 -11487706.746381 38000 C16
time 2025/01/17 09:25:52.000
-23341773.056802 12534579.162506 -490508.057023 30000 G03
-6792285.740490 23859018.071026 -8301883.272856 47000 G07
-1453972.883888 17137018.718524 20227016.338155 45000 G14
6741711.750671 19379325.985782 17154979.113365 35000 G17
1153546.796189 26261572.891316 2736670.384747 43000 G30
-15716108.958044 19983845.584186 2548416.486371 38000 R10
-4105499.326102 17633811.528072 17964659.551744 46000 R11
-2614399.017263 18404042.122562 17484264.099019 51000 R21
6760807.583600 24584982.968542 455101.852994 35000 R22
-14720097.356240 39465726.629190 -1207588.213246 47000 C03
-7096310.231197 39980801.979738 -10673884.362113 39000 C06
-7826665.067704 26913365.428983 31619543.499055 49000 C07
-18976527.915450 28512435.481835 -24752109.707344 40000 C08
-2412673.487530 41679355.600404 -1531698.206922 27000 C09
947476.158213 29183220.665836 30887224.901956 0 C10
-14277878.956118 29347589.167537 -26661728.513080 35000 C13
-7348068.885220 39607633.803207 -11490097.231797 38000 C16
time 2025/01/17 09:25:53.000
-23341905.549089 12534416.152060 -487267.151728 30000 G03
-6792583.277640 23857863.651278 -8304815.240622 48000 G07
-1456324.881682 17138062.667281 20225936.320931 45000 G14
6739897.918110 19378239.301749 17156987.076682 37000 G17
1153154.664006 26261893.218059 2733560.495937 44000 G30
-15716224.469023 19984208.996283 2544882.493851 38000 R10
-4107044.988927 17635727.084149 17962423.699593 46000 R11
-2614968.547898 18401711.279502 17486630.520949 51000 R21
6760948.400910 24584882.242116 458672.926851 34000 R22
-14720101.581857 39465725.022614 -1207535.232511 47000 C03
-7095121.452842 39980375.970764 -10676264.159301 39000 C06
-7827613.594352 26912971.544240 31619631.093636 49000 C07
-18976755.362311 28514039.119710 -24750098.793333 40000 C08
-2411424.697769 41679306.248072 -1534222.710161 28000 C09
946651.863291 29182629.464339 30887784.030088 0 C10
-14278201.907114 29349079.680086 -26659941.119470 35000 C13
-7346862.042915 39607150.684889 -11492487.654913 38000 C16
time 2025/01/17 09:25:54.000
-23342037.689210 12534252.959029 -484026.235993 29000 G03
-6792880.868039 23856708.870533 -8307747.023410 48000 G07
-1458676.703946 17139106.685246 20224855.872944 45000 G14
6738083.822492 19377152.581605 17158994.682488 38000 G17
1152762.559747 26262213.174536 2730450.548099 43000 G30
-15716339.635007 19984572.053883 2541348.440516 38000 R10
-4108590.295573 17637642.535790 17960187.415911 46000 R11
-2615538.369681 18399380.176098 17488996.523441 51000 R21
6761089.076936 24584781.034959 462243.989653 33000 R22
-14720105.807561 39465723.416273 -1207482.245343 47000 C03
-7093932.736147 39979949.785691 -10678643.898972 40000 C06
-7828562.178699 26912577.798758 31619718.521142 49000 C07
-18976982.575959 28515642.791751 -24748087.748584 40000 C08
-2410175.914834 41679256.707394 -1536747.205058 26000 C09
945827.482278 29182038.386768 30888342.997875 0 C10
-14278524.640610 29350570.239493 -26658153.583864 35000 C13
-7345655.270311 39606667.386409 -11494878.015695 38000 C16
time 2025/01/17 09:25:55.000
-23342169.477188 12534089.583366 -480785.309923 31000 G03
-6793178.511731 23855553.728824 -8310678.621131 48000 G07
-1461028.350612 17140150.772366 20223774.994226 45000 G14
6736269.463857 19376065.825416 17161001.930725 38000 G17
1152370.483366 26262532.760734 2727340.541321 43000 G30
-15716454.456046 19984934.756924 2537814.326470 38000 R10
-4110135.246018 17639557.882896 17957950.700762 46000 R11
-2616108.482634 18397048.812454 17491362.106416 51000 R21
6761229.611601 24584679.347093 465815.041263 32000 R22
-14720110.033351 39465721.810165 -1207429.251745 47000 C03
-7092744.081141 39979523.424530 -10681023.581108 39000 C06
-7829510.820715 26912184.192547 31619805.781572 49000 C07
-18977209.556388 28517246.497909 -24746076.573129 41000 C08
-2408927.138794 41679206.978372 -1539271.691518 28000 C09
945003.015203 29181447.433145 30888901.805305 0 C10
-14278847.156592 29352060.845700 -26656365.906303 36000 C13
-7344448.567442 39606183.907781 -11497268.314116 38000 C16
time 2025/01/17 09:25:56.000
-23342300.913047 12533926.025020 -477544.373537 31000 G03
-6793476.208768 23854398.226156 -8313610.033767 48000 G07
-1463379.821668 17141194.928614 20222693.684782 45000 G14
6734454.842203 19374979.033224 17163008.821381 39000 G17
1151978.434811 26262851.976646 2724230.475631 44000 G30
-15716568.932191 19985297.105357 2534280.151745 38000 R10
-4111679.840266 17641473.125402 17955713.554174 46000 R11
-2616678.886793 18394717.188623 17493727.269855 51000 R21
6761370.004839 24584577.178540 469386.081700 30000 R22
-14720114.259227 39465720.204292 -1207376.251715 47000 C03
-7091555.487835 39979096.887284 -10683403.205726 40000 C06
-7830459.520394 26911790.725611 31619892.874926 50000 C07
-18977436.303595 28518850.238176 -24744065.266943 41000 C08
-2407678.369672 41679157.061007 -1541796.169536 28000 C09
944178.462067 29180856.603469 30889460.452386 0 C10
-14279169.455060 29353551.498705 -26654578.086762 35000 C13
-7343241.934318 39605700.249006 -11499658.550196 38000 C16
time 2025/01/17 09:25:57.000
-23342431.996812 12533762.283940 -474303.426905 29000 G03
-6793773.959199 23853242.362549 -8316541.261263 48000 G07
-1465731.117076 17142239.153951 20221611.944629 45000 G14
6732639.957543 19373892.205080 17165015.354428 40000 G17
1151586.414030 26263170.822265 2721120.351070 44000 G30
-15716683.063492 19985659.099126 2530745.916413 38000 R10
-4113224.078312 17643388.263231 17953475.976187 46000 R11
-2617249.582188 18392385.304675 17496092.013714 51000 R21
6761510.256576 24584474.529321 472957.110902 34000 R22
-14720118.485190 39465718.598653 -1207323.245253 47000 C03
-7090366.956253 39978670.173962 -10685782.772814 40000 C06
-7831408.277723 26911397.397955 31619979.801205 49000 C07
-18977662.817577 28520454.012525 -24742053.830030 41000 C08
-2406429.607451 41679106.955297 -1544320.639189 25000 C09
943353.822886 29180265.897750 30890018.939118 0 C10
-14279491.536008 29355042.198479 -26652790.125249 35000 C13
-7342035.370957 39605216.410092 -11502048.723938 37000 C16
time 2025/01/17 09:25:58.000
-23342562.728503 12533598.360080 -471062.470145 30000 G03
-6794071.763065 23852086.138047 -8319472.303509 48000 G07
-1468082.236754 17143283.448319 20220529.773805 45000 G14
6730824.809926 19372805.341057 17167021.529798 40000 G17
1151194.420982 26263489.297575 2718010.167749 43000 G30
-15716796.849997 19986020.738168 2527211.620614 37000 R10
-4114767.960125 17645303.296272 17951237.966884 45000 R11
-2617820.568839 18390053.160732 17498456.337901 51000 R21
6761650.366737 24584371.399462 476528.128672 32000 R22
-14720122.711240 39465716.993249 -1207270.232361 47000 C03
-7089178.486436 39978243.284578 -10688162.282332 40000 C06
-7832357.092664 26911004.209593 31620066.560405 49000 C07
-18977889.098326 28522057.820899 -24740042.262429 41000 C08
-2405180.852229 41679056.661246 -1546845.100319 25000 C09
942529.097689 29179675.316010 30890577.265489 0 C10
-14279813.399425 29356532.944972 -26651002.021793 37000 C13
-7340828.877408 39604732.391058 -11504438.835283 38000 C16
time 2025/01/17 09:25:59.000
-23342693.108146 12533434.253389 -467821.503273 31000 G03
-6794369.620415 23850929.552668 -8322403.160452 48000 G07
-1470433.180670 17144327.811682 20219447.172326 46000 G14
6729009.399370 19371718.441207 17169027.347458 40000 G17
1150802.455618 26263807.402567 2714899.925729 43000 G30
-18406956.952045 12525406.029939 -12357499.094540 34000 R09
-15716910.291757 19986382.022429 2523677.264400 38000 R10
-4116311.485694 17647218.224443 17948999.526310 46000 R11
-2618391.846775 18387720.756872 17500820.242369 51000 R21
6761790.335250 24584267.788985 480099.134972 34000 R22
-14720126.937376 39465715.388078 -1207217.213038 47000 C03
-7087990.078403 39977816.219138 -10690541.734278 40000 C06
-7833305.965205 26910611.160533 31620153.152528 49000 C07
-18978115.145838 28523661.663274 -24738030.564139 41000 C08
-2403932.103961 41679006.178850 -1549369.553060 27000 C09
941704.286491 29179084.858258 30891135.431499 0 C10
-14280135.045306 29358023.738160 -26649213.776398 37000 C13
-7339622.453686 39604248.191909 -11506828.884243 38000 C16
time 2025/01/17 09:26:00.000
-23342823.135765 12533269.963815 -464580.526344 30000 G03
-6794667.531299 23849772.606423 -8325333.832058 48000 G07
-1472783.948796 17145372.244005 20218364.140203 46000 G14
6727193.725873 19370631.505574 17171032.807394 41000 G17
1150410.517887 26264125.137234 2711789.625043 43000 G30
-18405810.378107 12524152.910448 -12360480.831341 32000 R09
-15717023.388821 19986742.951854 2520142.847851 38000 R10
-4117854.655019 17649133.047671 17946760.654501 46000 R11
-2618963.416030 18385388.093152 17503183.727087 51000 R21
6761930.162045 24584163.697910 483670.129796 35000 R22
-14720131.163598 39465713.783142 -1207164.187284 46000 C03
-7086801.732167 39977388.977648 -10692921.128665 40000 C06
-7834254.895332 26910218.250778 31620239.577573 49000 C07
-18978340.960111 28525265.539629 -24736018.735154 40000 C08
-2402683.362712 41678955.508114 -1551893.997323 27000 C09
940879.389301 29178494.524500 30891693.437150 0 C10
-14280456.473648 29359514.578027 -26647425.389051 36000 C13
-7338416.099806 39603763.812651 -11509218.870823 38000 C16
time 2025/01/17 09:26:01.000
-23342952.811381 12533105.491312 -461339.539480 30000 G03
-6794965.495762 23848615.299345 -8328264.318245 48000 G07
-1475134.541071 17146416.745239 20217280.677467 45000 G14
6725377.789474 19369544.534223 17173037.909550 41000 G17
15888223.460151 19794988.802657 8407473.879734 32000 G19
1150018.607742 26264442.501562 2708679.265776 43000 G30
-18404663.640491 12522899.387979 -12363462.269694 31000 R09
-15717136.141241 19987103.526385 2516608.371046 38000 R10
-4119397.468081 17651047.765861 17944521.351521 46000 R11
-2619535.276626 18383055.169675 17505546.791984 51000 R21
6762069.847048 24584059.126262 487241.112986 36000 R22
-14720135.389906 39465712.178440 -1207111.155101 46000 C03
-7085613.447762 39976961.560119 -10695300.465466 40000 C06
-7835203.883021 26909825.480339 31620325.835539 49000 C07
-18978566.541137 28526869.449920 -24734006.775497 40000 C08
-2401434.628484 41678904.649035 -1554418.433147 26000 C09
940054.406143 29177904.314753 30892251.282434 0 C10
-14280777.684442 29361005.464531 -26645636.859778 36000 C13
-7337209.815804 39603279.253298 -11511608.794996 37000 C16
time 2025/01/17 09:26:02.000
-23343082.135022 12532940.835827 -458098.542673 31000 G03
-6795263.513850 23847457.631462 -8331194.618935 48000 G07
-1477484.957442 17147461.315340 20216196.784139 46000 G14
6723561.590202 19368457.527215 17175042.653881 41000 G17
15887243.571082 19794498.743483 8410387.276182 32000 G19
1149626.725136 26264759.495542 2705568.847997 43000 G30
-18403516.739278 12521645.462530 -12366443.409526 30000 R09
-15717248.549064 19987463.745965 2513073.834081 37000 R10
-4120939.924865 17652962.378924 17942281.617422 46000 R11
-2620107.428591 18380721.986530 17507909.437000 51000 R21
6762209.390186 24583954.074065 490812.084461 37000 R22
-14720139.616301 39465710.573972 -1207058.116487 47000 C03
-7084425.225214 39976533.966561 -10697679.744666 40000 C06
-7836152.928250 26909432.849224 31620411.926427 49000 C07
-18978791.888912 28528473.394113 -24731994.685180 40000 C08
-2400185.901341 41678853.601616 -1556942.860443 26000 C09
939229.337036 29177314.229029 30892808.967350 0 C10
-14281098.677680 29362496.397640 -26643848.188588 36000 C13
-7336003.601709 39602794.513861 -11513998.656742 38000 C16
time 2025/01/17 09:26:03.000
-23343211.106707 12532775.997315 -454857.536065 31000 G03
-6795561.585609 23846299.602799 -8334124.734062 48000 G07
-1479835.197863 17148505.954263 20215112.460244 46000 G14
6721745.128078 19367370.484605 17177047.040350 41000 G17
15886263.363736 19794008.519758 8413300.497241 31000 G19
1149234.870023 26265076.119162 2702458.371776 43000 G30
-18402369.674550 12520391.134103 -12369424.250762 30000 R09
-15717360.612342 19987823.610537 2509539.237051 37000 R10
-4122482.025354 17654876.886769 17940041.452264 46000 R11
-2620679.871951 18378388.543807 17510271.662074 51000 R21
6762348.791387 24583848.541341 494383.044140 37000 R22
-14720143.842782 39465708.969738 -1207005.071444 46000 C03
-7083237.064552 39976106.196982 -10700058.966244 40000 C06
-7837102.030996 26909040.357444 31620497.850234 49000 C07
-18979017.003430 28530077.372170 -24729982.464217 40000 C08
-2398937.181291 41678802.365857 -1559467.279237 27000 C09
938404.181998 29176724.267341 30893366.491892 0 C10
-14281419.453355 29363987.377312 -26642059.375501 36000 C13
-7334797.457549 39602309.594351 -11516388.456043 38000 C16
time 2025/01/17 09:26:04.000
-23343339.726460 12532610.975725 -451616.519719 31000 G03
-6795859.711087 23845141.213380 -8337054.663562 48000 G07
-1482185.262280 17149550.661964 20214027.705804 46000 G14
6719928.403129 19366283.406453 17179051.068912 41000 G17
15885282.838097 19793518.131531 8416213.542866 31000 G19
1148843.042355 26265392.372411 2699347.837194 43000 G30
-18401222.446396 12519136.402707 -12372404.793310 31000 R09
-15717472.331123 19988183.120044 2506004.580031 37000 R10
-4124023.769533 17656791.289306 17937800.856102 46000 R11
-2621252.606732 18376054.841591 17512633.467148 51000 R21
6762488.050577 24583742.528112 497953.991931 38000 R22
-14720148.069349 39465707.365738 -1206952.019972 46000 C03
-7082048.965801 39975678.251393 -10702438.130192 40000 C06
-7838051.191241 26908648.005005 31620583.606960 49000 C07
-18979241.884687 28531681.384062 -24727970.112616 40000 C08
-2397688.468367 41678750.941758 -1561991.689504 26000 C09
937578.941048 29176134.429702 30893923.856058 0 C10
-14281740.011461 29365478.403529 -26640270.420515 36000 C13
-7333591.383347 39601824.494776 -11518778.192894 37000 C16
time 2025/01/17 09:26:05.000
-23343467.994306 12532445.771008 -448375.493684 31000 G03
-6796157.890329 23843982.463229 -8339984.407369 48000 G07
-1484535.150648 17150595.438400 20212942.520842 46000 G14
6718111.415379 19365196.292816 17181054.739527 41000 G17
15884301.994178 19793027.578866 8419126.412927 30000 G19
1148451.242084 26265708.255280 2696237.244302 42000 G30
-18400075.054883 12517881.268329 -12375385.037128 31000 R09
-15717583.705457 19988542.274428 2502469.863114 37000 R10
-4125565.157391 17658705.586448 17935559.828989 45000 R11
-2621825.632962 18373720.879970 17514994.852167 51000 R21
6762627.167684 24583636.034403 501524.927748 39000 R22
-14720152.296003 39465705.761973 -1206898.962071 46000 C03
-7080860.928991 39975250.129804 -10704817.236486 40000 C06
-7839000.408962 26908255.791917 31620669.196605 49000 C07
-18979466.532678 28533285.429746 -24725957.630394 40000 C08
-2396439.762591 41678699.329320 -1564516.091242 25000 C09
936753.614203 29175544.716124 30894481.059845 0 C10
-14282060.351991 29366969.476247 -26638481.323649 36000 C13
-7332385.379130 39601339.215147 -11521167.867281 38000 C16
time 2025/01/17 09:26:06.000
-23343595.910268 12532280.383115 -445134.458047 31000 G03
-6796456.123384 23842823.352374 -8342913.965412 48000 G07
-1486884.862924 17151640.283529 20211856.905377 46000 G14
6716294.164855 19364109.143753 17183058.052151 41000 G17
15883320.831948 19792536.861806 8422039.107429 29000 G19
1148059.469163 26266023.767757 2693126.593176 42000 G30
-18398927.500098 12516625.730973 -12378364.982131 33000 R09
-15717694.735395 19988901.073635 2498935.086374 37000 R10
-4127106.188912 17660619.778106 17933318.370981 45000 R11
-2622398.950669 18371386.659029 17517355.817074 51000 R21
6762766.142636 24583529.060236 505095.851510 40000 R22
-14720156.522742 39465704.158441 -1206845.897741 47000 C03
-7079672.954140 39974821.832221 -10707196.285132 40000 C06
-7839949.684141 26907863.718187 31620754.619169 49000 C07
-18979690.947398 28534889.509194 -24723945.017558 40000 C08
-2395191.063995 41678647.528544 -1567040.484428 28000 C09
935928.201481 29174955.126618 30895038.103250 0 C10
-14282380.474937 29368460.595441 -26636692.084909 36000 C13
-7331179.444925 39600853.755474 -11523557.479189 38000 C16
time 2025/01/17 09:26:07.000
-23343723.474367 12532114.811998 -441893.412895 30000 G03
-6796754.410296 23841663.880839 -8345843.337625 48000 G07
-1489234.399052 17152685.197306 20210770.859434 46000 G14
6714476.651575 19363021.959318 17185061.006753 41000 G17
15882339.351419 19792045.980413 8424951.626247 29000 G19
1147667.723543 26266338.909833 2690015.883879 42000 G30
-18397779.782124 12515369.790643 -12381344.628241 33000 R09
-15717805.420986 19989259.517606 2495400.249903 37000 R10
-4128646.864082 17662533.864191 17931076.482131 45000 R11
-2622972.559879 18369052.178853 17519716.361812 51000 R21
6762904.975360 24583421.605634 508666.763135 39000 R22
-14720160.749568 39465702.555144 -1206792.826983 47000 C03
-7078485.041279 39974393.358655 -10709575.276101 40000 C06
-7840899.016756 26907471.783823 31620839.874650 49000 C07
-18979915.128841 28536493.622372 -24721932.274118 40000 C08
-2393942.372620 41678595.539430 -1569564.869023 27000 C09
935102.702902 29174365.661199 30895594.986269 0 C10
-14282700.380295 29369951.761079 -26634902.704304 37000 C13
-7329973.580757 39600368.115766 -11525947.028606 37000 C16
time 2025/01/17 09:26:08.000
-23343850.686630 12531949.057605 -438652.358259 30000 G03
-6797052.751114 23840504.048649 -8348772.523939 48000 G07
-1491583.758984 17153730.179687 20209684.383037 46000 G14
6712658.875568 19361934.739571 17187063.603283 41000 G17
15881357.552558 19791554.934731 8427863.969382 27000 G19
1147276.005179 26266653.681495 2686905.116491 42000 G30
-18396631.901035 12514113.447332 -12384323.975402 33000 R09
-15717915.762279 19989617.606283 2491865.353800 36000 R10
-4130187.182887 17664447.844614 17928834.162495 45000 R11
-2623546.460618 18366717.439534 17522076.486320 51000 R21
6763043.665783 24583313.670620 512237.662516 40000 R22
-14720164.976479 39465700.952081 -1206739.749798 46000 C03
-7077297.190437 39973964.709116 -10711954.209379 40000 C06
-7841848.406786 26907079.988836 31620924.963049 49000 C07
-18980139.077004 28538097.769239 -24719919.400093 40000 C08
-2392693.688463 41678543.361979 -1572089.245074 26000 C09
934277.118485 29173776.319879 30896151.708896 0 C10
-14283020.068056 29371442.973125 -26633113.181849 36000 C13
-7328767.786659 39599882.296037 -11528336.515509 37000 C16
time 2025/01/17 09:26:09.000
-23343977.547077 12531783.119890 -435411.294271 30000 G03
-6797351.145880 23839343.855843 -8351701.524256 48000 G07
-1493932.942649 17154775.230618 20208597.476219 46000 G14
6710840.836877 19360847.484581 17189065.841683 41000 G17
15880375.435386 19791063.724825 8430776.136686 30000 G19
1146884.314024 26266968.082731 2683794.291097 42000 G30
-18395483.856931 12512856.701063 -12387303.023489 33000 R09
-15718025.759325 19989975.339608 2488330.398171 36000 R10
-4131727.145295 17666361.719266 17926591.412153 45000 R11
-2624120.652907 18364382.441181 17524436.190517 51000 R21
6763182.213832 24583205.255218 515808.549545 40000 R22
-14720169.203477 39465699.349252 -1206686.666185 47000 C03
-7076109.401648 39973535.883616 -10714333.084935 40000 C06
-7842797.854199 26906688.333237 31621009.884362 49000 C07
-18980362.791877 28539701.949750 -24717906.395509 40000 C08
-2391445.011581 41678490.996191 -1574613.612505 26000 C09
933451.448253 29173187.102675 30896708.271128 0 C10
-14283339.538210 29372934.231534 -26631323.517570 36000 C13
-7327562.062669 39599396.296301 -11530725.939862 38000 C16
time 2025/01/17 09:26:10.000
-23344104.055734 12531616.998802 -432170.220948 29000 G03
-6797649.594644 23838183.302433 -8354630.338538 48000 G07
-1496281.950017 17155820.350063 20207510.138994 46000 G14
6709022.535508 19359760.194394 17191067.721933 41000 G17
15879392.999875 19790572.350741 8433688.128153 30000 G19
1146492.650031 26267282.113533 2680683.407750 42000 G30
-18394335.649881 12511599.551820 -12390281.772464 33000 R09
-15718135.412173 19990332.717527 2484795.383075 36000 R10
-4133266.751309 17668275.488076 17924348.231138 45000 R11
-2624695.136778 18362047.183862 17526795.474366 51000 R21
6763320.619434 24583096.359452 519379.424159 41000 R22
-14720173.430560 39465697.746657 -1206633.576144 47000 C03
-7074921.674930 39973106.882162 -10716711.902771 40000 C06
-7843747.358985 26906296.817031 31621094.638592 50000 C07
-18980586.273460 28541306.163882 -24715893.260362 40000 C08
-2390196.342015 41678438.442068 -1577137.971280 27000 C09
932625.692191 29172598.009574 30897264.672982 37000 C10
-14283658.790753 29374425.536285 -26629533.711464 36000 C13
-7326356.408799 39598910.116562 -11533115.301678 38000 C16
time 2025/01/17 09:26:11.000
-23344230.212625 12531450.694291 -428929.138340 28000 G03
-6797948.097455 23837022.388437 -8357558.966742 48000 G07
-1498630.781063 17156865.537990 20206422.371372 46000 G14
6707203.971470 19358672.869059 17193069.244006 41000 G17
15878410.246015 19790080.812530 8436599.943721 30000 G19
1146101.013147 26267595.773892 2677572.466495 42000 G30
-18393187.279953 12510341.999591 -12393260.222285 33000 R09
-15718244.720874 19990689.739984 2481260.308572 36000 R10
-4134806.000926 17670189.150972 17922104.619483 45000 R11
-2625269.912264 18359711.667641 17529154.337832 51000 R21
6763458.882518 24582986.983342 522950.286297 41000 R22
-14720177.657729 39465696.144296 -1206580.479677 46000 C03
-7073734.010298 39972677.704758 -10719090.662898 40000 C06
-7844696.921132 26905905.440223 31621179.225737 49000 C07
-18980809.521749 28542910.411620 -24713879.994638 40000 C08
-2388947.679744 41678385.699609 -1579662.321482 27000 C09
931799.850367 29172009.040625 30897820.914421 37000 C10
-14283977.825682 29375916.887361 -26627743.763523 36000 C13
-7325150.825067 39598423.756827 -11535504.600960 37000 C16
time 2025/01/17 09:26:12.000
-23344356.017772 12531284.206308 -425688.046567 29000 G03
-6798246.654357 23835861.113887 -8360487.408778 48000 G07
-1500979.435722 17157910.794347 20205334.173385 46000 G14
6705385.144804 19357585.508643 17195070.407846 41000 G17
15877427.173805 19789589.110250 8439511.583300 32000 G19
1145709.403325 26267909.063798 2674461.467397 42000 G30
-18392038.747240 12509084.044391 -12396238.372848 33000 R09
-15718353.685478 19991046.406923 2477725.174759 35000 R10
-4136344.894124 17672102.707855 17919860.577259 45000 R11
-2625844.979387 18357375.892621 17531512.780841 51000 R21
6763597.003012 24582877.126913 526521.135884 39000 R22
-14720181.884984 39465694.542169 -1206527.376782 46000 C03
-7072546.407786 39972248.351418 -10721469.365282 40000 C06
-7845646.540610 26905514.202824 31621263.645797 49000 C07
-18981032.536736 28544514.692910 -24711866.598374 40000 C08
-2387699.024846 41678332.768817 -1582186.662992 27000 C09
930973.922778 29171420.195825 30898376.995457 36000 C10
-14284296.642986 29377408.284713 -26625953.673777 36000 C13
-7323945.311509 39597937.217111 -11537893.837678 37000 C16
time 2025/01/17 09:26:13.000
-23344481.471198 12531117.534807 -422446.945700 28000 G03
-6798545.265399 23834699.478807 -8363415.664585 48000 G07
-1503327.913947 17158956.119092 20204245.545054 46000 G14
6703566.055525 19356498.113198 17197071.213422 41000 G17
15876443.783236 19789097.243953 8442423.046832 32000 G19
1145317.820521 26268221.983239 2671350.410546 42000 G30
-18390890.051818 12507825.686212 -12399216.224097 34000 R09
-15718462.306034 19991402.718284 2474189.981747 35000 R10
-4137883.430888 17674016.158634 17917616.104521 46000 R11
-2626420.338175 18355039.858889 17533870.803336 51000 R21
6763734.980842 24582766.790187 530091.972792 38000 R22
-14720186.112325 39465692.940276 -1206474.267461 46000 C03
-7071358.867419 39971818.822148 -10723848.009916 40000 C06
-7846596.217402 26905123.104842 31621347.898771 49000 C07
-18981255.318418 28546119.007723 -24709853.071576 40000 C08
-2386450.377308 41678279.649689 -1584710.995882 27000 C09
930147.909440 29170831.475186 30898932.916087 37000 C10
-14284615.242662 29378899.728322 -26624163.442222 36000 C13
-7322739.868152 39597450.497422 -11540283.011819 37000 C16
time 2025/01/17 09:26:14.000
-23344606.572929 12530950.679735 -419205.835779 27000 G03
-6798843.930625 23833537.483220 -8366343.734098 48000 G07
-1505676.215695 17160001.512183 20203156.486400 46000 G14
6701746.703662 19355410.682784 17199071.660687 41000 G17
15875460.074283 19788605.213686 8445334.334297 33000 G19
1144926.264685 26268534.532204 2668239.296000 42000 G30
-18389741.193770 12506566.925060 -12402193.775946 34000 R09
-15718570.582592 19991758.674013 2470654.729593 35000 R10
-4139421.611209 17675929.503226 17915371.201316 46000 R11
-2626995.988654 18352703.566528 17536228.405264 51000 R21
6763872.815935 24582655.973189 533662.796939 38000 R22
-14720190.339751 39465691.338617 -1206421.151714 47000 C03
-7070171.389224 39971389.116961 -10726226.596782 40000 C06
-7847545.951488 26904732.146284 31621431.984659 49000 C07
-18981477.866790 28547723.356027 -24707839.414251 40000 C08
-2385201.737178 41678226.342229 -1587235.320097 27000 C09
929321.810371 29170242.878719 30899488.676310 37000 C10
-14284933.624701 29380391.218155 -26622373.068868 36000 C13
-7321534.495017 39596963.597771 -11542672.123377 38000 C16
time 2025/01/17 09:26:15.000
-23344731.322988 12530783.641042 -415964.716861 27000 G03
-6799142.650086 23832375.127146 -8369271.617270 48000 G07
-1508024.340926 17161046.973580 20202066.997441 46000 G14
6699927.089220 19354323.217447 17201071.749625 40000 G17
15874476.046916 19788113.019490 8448245.445696 32000 G19
1144534.735767 26268846.710686 2665128.123803 42000 G30
-18388592.173165 12505307.760920 -12405171.028362 33000 R09
-15718678.515204 19992114.274056 2467119.418358 34000 R10
-4140959.435081 17677842.741554 17913125.867688 46000 R11
-2627571.930856 18350367.015609 17538585.586583 51000 R21
6764010.508222 24582544.675940 537233.608309 37000 R22
-14720194.567264 39465689.737192 -1206368.029540 46000 C03
-7068983.973216 39970959.235859 -10728605.125891 40000 C06
-7848495.742853 26904341.327157 31621515.903460 49000 C07
-18981700.181848 28549327.737799 -24705825.626394 40000 C08
-2383953.104488 41678172.846436 -1589759.635611 27000 C09
928495.625583 29169654.406431 30900044.276125 36000 C10
-14285251.789100 29381882.754185 -26620582.553720 37000 C13
-7320329.192125 39596476.518163 -11545061.172351 37000 C16
time 2025/01/17 09:26:16.000
-23344855.721400 12530616.418679 -412723.588987 27000 G03
-6799441.423827 23831212.410612 -8372199.314025 48000 G07
-1510372.289594 17162092.503241 20200977.078198 46000 G14
6698107.212241 19353235.717257 17203071.480172 40000 G17
15873491.701147 19787620.661429 8451156.380899 32000 G19
1144143.233721 26269158.518673 2662016.894038 42000 G30
-18387442.990093 12504048.193804 -12408147.981242 34000 R09
-15718786.103919 19992469.518354 2463584.048144 34000 R10
-4142496.902485 17679755.873522 17910880.103698 46000 R11
-2628148.164805 18348030.206225 17540942.347229 51000 R21
6764148.057627 24582432.898464 540804.406744 37000 R22
-14720198.794861 39465688.136001 -1206314.900941 46000 C03
-7067796.619428 39970529.178855 -10730983.597213 40000 C06
-7849445.591473 26903950.647471 31621599.655175 49000 C07
-18981922.263587 28550932.152995 -24703811.708030 40000 C08
-2382704.479211 41678119.162308 -1592283.942524 28000 C09
927669.355095 29169066.058337 30900599.715530 37000 C10
-14285569.735848 29383374.336373 -26618791.896796 37000 C13
-7319123.959508 39595989.258612 -11547450.158717 38000 C16
time 2025/01/17 09:26:17.000
-23344979.768187 12530449.012599 -409482.452268 27000 G03
-6799740.251893 23830049.333650 -8375126.824277 48000 G07
-1512720.061629 17163138.101113 20199886.728705 46000 G14
6696287.072746 19352148.182266 17205070.852295 40000 G17
15872507.036976 19787128.139561 8454067.139825 32000 G19
1143751.758502 26269469.956153 2658905.606789 42000 G30
-18386293.644639 12502788.223715 -12411124.634507 34000 R09
-15718893.348786 19992824.406848 2460048.619067 33000 R10
-4144034.013401 17681668.899034 17908633.909411 46000 R11
-2628724.690525 18345693.138481 17543298.687128 51000 R21
6764285.464079 24582320.640785 544375.192194 35000 R22
-14720203.022545 39465686.535044 -1206261.765916 46000 C03
-7066609.327889 39970098.945960 -10733362.010731 41000 C06
-7850395.497323 26903560.107235 31621683.239801 49000 C07
-18982144.112001 28552536.601576 -24701797.659178 40000 C08
-2381455.861451 41678065.289851 -1594808.240664 29000 C09
926842.998933 29168477.834454 30901154.994515 37000 C10
-14285887.464940 29384865.964687 -26617001.098108 36000 C13
-7317918.797197 39595501.819130 -11549839.082453 37000 C16
time 2025/01/17 09:26:18.000
-23345103.463371 12530281.422752 -406241.306793 26000 G03
-6800039.134333 23828885.896276 -8378054.147987 48000 G07
-1515067.657011 17164183.767164 20198795.948970 46000 G14
6694466.670754 19351060.612530 17207069.865957 40000 G17
15871522.054365 19786635.453924 8456977.722489 32000 G19
1143360.310057 26269781.023119 2655794.262089 41000 G30
-18385144.136869 12501527.850640 -12414100.988117 33000 R09
-15719000.249856 19993178.939486 2456513.131163 32000 R10
-4145570.767828 17683581.818017 17906387.284862 46000 R11
-2629301.508048 18343355.812436 17545654.606249 51000 R21
6764422.727504 24582207.902925 547945.964531 37000 R22
-14720207.250314 39465684.934321 -1206208.624466 46000 C03
-7065422.098616 39969668.537178 -10735740.366449 40000 C06
-7851345.460390 26903169.706456 31621766.657339 49000 C07
-18982365.727087 28554141.083523 -24699783.479827 39000 C08
-2380207.251190 41678011.229062 -1597332.530116 29000 C09
926016.557108 29167889.734789 30901710.113082 37000 C10
-14286204.976371 29386357.639102 -26615210.157656 36000 C13
-7316713.705207 39595014.199723 -11552227.943567 37000 C16
time 2025/01/17 09:26:19.000
-23345226.806977 12530113.649091 -403000.152647 27000 G03
-6800338.071191 23827722.098527 -8380981.285056 48000 G07
-1517415.075660 17165229.501336 20197704.739032 46000 G14
6692646.006307 19349973.008118 17209068.521098 39000 G17
15870536.753342 19786142.604590 8459888.128721 33000 G19
1142968.888344 26270091.719557 2652682.860050 42000 G30
-18383994.466881 12500267.074595 -12417077.041962 33000 R09
-15719106.807179 19993533.116206 2452977.584572 31000 R10
-4147107.165737 17685494.630363 17904140.230130 46000 R11
-2629878.617395 18341018.228205 17548010.104506 51000 R21
6764559.847828 24582094.684911 551516.723655 38000 R22
-14720211.478169 39465683.333832 -1206155.476591 46000 C03
-7064234.931650 39969237.952526 -10738118.664322 40000 C06
-7852295.480643 26902779.445145 31621849.907787 49000 C07
-18982587.108837 28555745.598778 -24697769.170021 40000 C08
-2378958.648464 41677956.979942 -1599856.810843 29000 C09
925190.029645 29167301.759360 30902265.071222 37000 C10
-14286522.270130 29387849.359572 -26613419.075468 36000 C13
-7315508.683582 39594526.400406 -11554616.742014 37000 C16
time 2025/01/17 09:26:20.000
-23345349.799028 12529945.691565 -399758.989886 25000 G03
-6800637.062512 23826557.940430 -8383908.235412 48000 G07
-1519762.317529 17166275.303587 20196613.098912 46000 G14
6690825.079426 19348885.369083 17211066.817683 39000 G17
15869551.133879 19785649.591602 8462798.358514 33000 G19
1142577.493315 26270402.045456 2649571.400732 42000 G30
-18382844.634755 12499005.895581 -12420052.795969 33000 R09
-15719213.020805 19993886.936951 2449441.979375 32000 R10
-4148643.207112 17687407.335981 17901892.745271 46000 R11
-2630456.018593 18338680.385878 17550365.181841 51000 R21
6764696.824980 24581980.986763 555087.469504 38000 R22
-14720215.706109 39465681.733577 -1206102.322292 46000 C03
-7063047.827017 39968807.192011 -10740496.904338 39000 C06
-7853245.558062 26902389.323310 31621932.991145 49000 C07
-18982808.257246 28557350.147312 -24695754.729760 40000 C08
-2377710.053324 41677902.542493 -1602381.082786 29000 C09
924363.416566 29166713.908181 30902819.868933 38000 C10
-14286839.346210 29389341.126063 -26611627.851556 35000 C13
-7314303.732349 39594038.421192 -11557005.477777 36000 C16
time 2025/01/17 09:26:21.000
-23345472.439548 12529777.550127 -396517.818593 26000 G03
-6800936.108346 23825393.422002 -8386834.999010 48000 G07
-1522109.382585 17167321.173879 20195521.028625 46000 G14
6689003.890129 19347797.695480 17213064.755678 39000 G17
15868565.195969 19785156.415015 8465708.411798 33000 G19
1142186.124921 26270712.000807 2646459.884187 41000 G30
-18381694.640571 12497744.313597 -12423028.250068 33000 R09
-15719318.890783 19994240.401668 2445906.315631 32000 R10
-4150178.891949 17689319.934795 17899644.830328 47000 R11
-2631033.711670 18336342.285525 17552719.838212 51000 R21
6764833.658888 24581866.808505 558658.202000 38000 R22
-14720219.934134 39465680.133556 -1206049.161568 47000 C03
-7061860.784731 39968376.255640 -10742875.086507 39000 C06
-7854195.692632 26901999.340958 31622015.907413 49000 C07
-18983029.172312 28558954.729099 -24693740.159050 40000 C08
-2376461.465777 41677847.916715 -1604905.345974 29000 C09
923536.717879 29166126.181258 30903374.506214 38000 C10
-14287156.204608 29390832.938553 -26609836.485918 35000 C13
-7313098.851522 39593550.262085 -11559394.150867 37000 C16
time 2025/01/17 09:26:22.000
-23345594.728563 12529609.224720 -393276.638726 22000 G03
-6801235.208742 23824228.543257 -8389761.575814 48000 G07
-1524456.270801 17168367.112179 20194428.528185 46000 G14
6687182.438420 19346709.987354 17215062.335064 39000 G17
15867578.939590 19784663.074875 8468618.288548 33000 G19
1141794.783110 26271021.585604 2643348.310458 41000 G30
-18380544.484386 12496482.328620 -12426003.404244 33000 R09
-15719424.417165 19994593.510303 2442370.593397 31000 R10
-4151714.220250 17691232.426736 17897396.485329 47000 R11
-2631611.696659 18334003.927211 17555074.073585 51000 R21
6764970.349480 24581752.150160 562228.921093 38000 R22
-14720224.162245 39465678.533769 -1205995.994421 47000 C03
-7060673.804813 39967945.143418 -10745253.210829 39000 C06
-7855145.884340 26901609.498094 31622098.656591 49000 C07
-18983249.854031 28560559.344118 -24691725.457882 40000 C08
-2375212.885844 41677793.102608 -1607429.600404 29000 C09
922709.933598 29165538.578600 30903928.983069 38000 C10
-14287472.845318 29392324.797025 -26608044.978547 35000 C13
-7311894.041124 39593061.923093 -11561782.761280 37000 C16
time 2025/01/17 09:26:23.000
-23345716.666096 12529440.715302 -390035.450445 23000 G03
-6801534.363746 23823063.304225 -8392687.965742 48000 G07
-1526802.982122 17169413.118440 20193335.597617 46000 G14
6685360.724327 19345622.244766 17217059.555798 38000 G17
15866592.364756 19784169.571247 8471527.988638 33000 G19
1141403.467835 26271330.799835 2640236.679618 41000 G30
-18379394.166297 12495219.940666 -12428978.258388 34000 R09
-15719529.600000 19994946.262797 2438834.812777 31000 R10
-4153249.191992 17693144.811704 17895147.710344 47000 R11
-2632189.973586 18331665.311032 17557427.887893 51000 R21
6765106.896685 24581637.011750 565799.626679 37000 R22
-14720228.390442 39465676.934216 -1205942.820849 47000 C03
-7059486.887292 39967513.855358 -10747631.277278 39000 C06
-7856096.133164 26901219.794727 31622181.238678 49000 C07
-18983470.302398 28562163.992329 -24689710.626275 40000 C08
-2373964.313552 41677738.100173 -1609953.846068 30000 C09
921883.063743 29164951.100220 30904483.299490 38000 C10
-14287789.268334 29393816.701439 -26606253.329463 36000 C13
-7310689.301177 39592573.404226 -11564171.309010 37000 C16
time 2025/01/17 09:26:24.000
-23345838.252169 12529272.021821 -386794.253798 24000 G03
-6801833.573400 23821897.704944 -8395614.168696 48000 G07
-1529149.516480 17170459.192609 20192242.236953 46000 G14
6683538.747901 19344534.467787 17219056.417810 38000 G17
15865605.471453 19783675.904181 8474437.512013 33000 G19
1141012.179053 26271639.643487 2637124.991765 41000 G30
-18378243.686391 12493957.149743 -12431952.812410 34000 R09
-15719634.439339 19995298.659094 2435298.973864 30000 R10
-4154783.807151 17695057.089597 17892898.505443 48000 R11
-2632768.542470 18329326.437096 17559781.281057 51000 R21
6765243.300427 24581521.393301 569370.318638 37000 R22
-14720232.618723 39465675.334897 -1205889.640854 47000 C03
-7058300.032204 39967082.391470 -10750009.285827 39000 C06
-7857046.439072 26900830.230869 31622263.653672 49000 C07
-18983690.517405 28563768.673683 -24687695.664259 39000 C08
-2372715.748946 41677682.909411 -1612478.082910 30000 C09
921056.108341 29164363.746138 30905037.455470 38000 C10
-14288105.473645 29395308.651748 -26604461.538692 36000 C13
-7309484.631724 39592084.705500 -11566559.794011 37000 C16
time 2025/01/17 09:26:25.000
-23345959.486806 12529103.144231 -383553.048897 25000 G03
-6802132.837754 23820731.745432 -8398540.184626 48000 G07
-1531495.873831 17171505.334644 20191148.446214 46000 G14
6681716.509151 19343446.656466 17221052.921076 39000 G17
15864618.259678 19783182.073734 8477346.858596 34000 G19
1140620.916715 26271948.116550 2634013.246959 41000 G30
-18377093.044747 12492693.955849 -12434927.066242 34000 R09
-15719738.935230 19995650.699134 2431763.076771 32000 R10
-4156318.065719 17696969.260334 17890648.870672 48000 R11
-2633347.403342 18326987.305481 17562134.253030 51000 R21
6765379.560636 24581405.294835 572940.996901 37000 R22
-14720236.847090 39465673.735811 -1205836.454435 47000 C03
-7057113.239569 39966650.751763 -10752387.236471 39000 C06
-7857996.802051 26900440.806527 31622345.901575 49000 C07
-18983910.499049 28565373.388152 -24685680.571838 40000 C08
-2371467.192059 41677627.530324 -1615002.310912 29000 C09
920229.067406 29163776.516362 30905591.451008 38000 C10
-14288421.461248 29396800.647933 -26602669.606232 35000 C13
-7308280.032789 39591595.826924 -11568948.216275 37000 C16
time 2025/01/17 09:26:26.000
-23346080.370032 12528934.082480 -380311.835763 26000 G03
-6802432.156857 23819565.425703 -8401466.013497 48000 G07
-1533842.054150 17172551.544512 20190054.225411 47000 G14
6679894.008087 19342358.810852 17223049.065572 39000 G17
15863630.729397 19782688.079945 8480256.028398 34000 G19
1140229.680769 26272256.219017 2630901.445236 41000 G30
-18375942.241429 12491430.358968 -12437901.019853 34000 R09
-15719843.087725 19996002.382865 2428227.121529 31000 R10
-4157851.967696 17698881.323842 17888398.806067 48000 R11
-2633926.556233 18324647.916252 17564486.803776 51000 R21
6765515.677239 24581288.716375 576511.661420 36000 R22
-14720241.075542 39465672.136960 -1205783.261594 47000 C03
-7055926.509407 39966218.936244 -10754765.129210 39000 C06
-7858947.222085 26900051.521705 31622427.982385 50000 C07
-18984130.247327 28566978.135722 -24683665.348997 40000 C08
-2370218.642897 41677571.962910 -1617526.530102 29000 C09
919401.940950 29163189.410901 30906145.286104 39000 C10
-14288737.231137 29398292.689973 -26600877.532077 36000 C13
-7307075.504383 39591106.768502 -11571336.575818 37000 C16
time 2025/01/17 09:26:27.000
-23346200.901870 12528764.836518 -377070.614459 27000 G03
-6802731.530753 23818398.745788 -8404391.655225 48000 G07
-1536188.057385 17173597.822168 20188959.574569 46000 G14
6678071.244738 19341270.931005 17225044.851252 38000 G17
15862642.880607 19782193.922871 8483165.021338 34000 G19
1139838.471169 26272563.950878 2627789.586671 41000 G30
-18374791.276529 12490166.359110 -12440874.673147 33000 R09
-15719946.896874 19996353.710232 2424691.108224 31000 R10
-4159385.513063 17700793.280029 17886148.311689 48000 R11
-2634506.001167 18322308.269501 17566838.933233 51000 R21
6765651.650164 24581171.657944 580082.312080 36000 R22
-14720245.304079 39465670.538342 -1205730.062329 47000 C03
-7054739.841741 39965786.944920 -10757142.964036 39000 C06
-7859897.699153 26899662.376414 31622509.896101 49000 C07
-18984349.762234 28568582.916346 -24681649.995762 40000 C08
-2368970.101452 41677516.207169 -1620050.740535 28000 C09
918574.728992 29162602.429767 30906698.960756 38000 C10
-14289052.783304 29399784.777827 -26599085.316251 36000 C13
-7305871.046537 39590617.530247 -11573724.872620 38000 C16
time 2025/01/17 09:26:28.000
-23346321.082345 12528595.406297 -373829.385084 28000 G03
-6803030.959489 23817231.705720 -8407317.109726 48000 G07
-1538533.883470 17174644.167560 20187864.493719 46000 G14
6676248.219144 19340183.016992 17227040.278059 38000 G17
15861654.713303 19781699.602568 8486073.837343 34000 G19
1139447.287870 26272871.312119 2624677.671355 40000 G30
-18373640.150128 12488901.956277 -12443848.026047 33000 R09
-15720050.362727 19996704.681173 2421155.036978 32000 R10
-4160918.701801 17702705.128798 17883897.387601 49000 R11
-2635085.738169 18319968.365331 17569190.641327 51000 R21
6765787.479338 24581054.119567 583652.948778 37000 R22
-14720249.532702 39465668.939958 -1205676.856643 46000 C03
-7053553.236606 39965354.777804 -10759520.740919 39000 C06
-7860848.233228 26899273.370663 31622591.642724 49000 C07
-18984569.043762 28570187.729983 -24679634.512155 40000 C08
-2367721.567850 41677460.263106 -1622574.942003 29000 C09
917747.431556 29162015.572977 30907252.474956 39000 C10
-14289368.117741 29401276.911457 -26597292.958768 36000 C13
-7304666.659286 39590128.112171 -11576113.106649 37000 C16
time 2025/01/17 09:26:29.000
-23346440.911479 12528425.791769 -370588.147689 27000 G03
-6803330.443112 23816064.305517 -8410242.376950 48000 G07
-1540879.532373 17175690.580651 20186768.982876 47000 G14
6674424.931320 19339095.068864 17229035.345964 38000 G17
15860666.227464 19781205.119081 8488982.476380 33000 G19
1139056.130821 26273178.302733 2621565.699335 40000 G30
-18372488.862301 12487637.150465 -12446821.078494 33000 R09
-15720153.485335 19997055.295636 2417618.907841 32000 R10
-4162451.533901 17704616.870064 17881646.033852 48000 R11
-2635665.767267 18317628.203819 17571541.928013 51000 R21
6765923.164688 24580936.101267 587223.571451 38000 R22
-14720253.761409 39465667.341809 -1205623.644534 46000 C03
-7052366.694026 39964922.434905 -10761898.459848 39000 C06
-7861798.824295 26898884.504460 31622673.222252 49000 C07
-18984788.091910 28571792.576605 -24677618.898177 40000 C08
-2366473.042024 41677404.130717 -1625099.134680 29000 C09
916920.048656 29161428.840540 30907805.828704 39000 C10
-14289683.234444 29402769.090839 -26595500.459631 36000 C13
-7303462.342654 39589638.514285 -11578501.277898 37000 C16
time 2025/01/17 09:26:30.000
-23346560.389296 12528255.992885 -367346.902378 27000 G03
-6803629.981665 23814896.545217 -8413167.456799 48000 G07
-1543225.004016 17176737.061385 20185673.042077 46000 G14
6672601.381300 19338007.086685 17231030.054915 38000 G17
15859677.423101 19780710.472475 8491890.938333 32000 G19
1138664.999980 26273484.922706 2618453.670717 40000 G30
-18371337.413147 12486371.941692 -12449793.830374 33000 R09
-15720256.264746 19997405.553560 2414082.720953 31000 R10
-4163984.009335 17706528.503723 17879394.250518 48000 R11
-2636246.088481 18315287.785074 17573892.793209 51000 R21
6766058.706141 24580817.603069 590794.179979 38000 R22
-14720257.990202 39465665.743893 -1205570.426004 46000 C03
-7051180.214036 39964489.916235 -10764276.120792 39000 C06
-7862749.472322 26898495.777816 31622754.634684 49000 C07
-18985006.906669 28573397.456165 -24675603.153857 40000 C08
-2365224.524061 41677347.810006 -1627623.318433 30000 C09
916092.580318 29160842.232475 30908359.021990 39000 C10
-14289998.133402 29404261.315926 -26593707.818867 36000 C13
-7302258.096676 39589148.736602 -11580889.386336 37000 C16
time 2025/01/17 09:26:31.000
-23346679.515821 12528086.009593 -364105.649158 28000 G03
-6803929.575200 23813728.424830 -8416092.349247 48000 G07
-1545570.298388 17177783.609734 20184576.671327 47000 G14
6670777.569096 19336919.070504 17233024.404886 38000 G17
15858688.300187 19780215.662793 8494799.223193 32000 G19
1138273.895293 26273791.172031 2615341.585522 40000 G30
-18370185.802727 12485106.329938 -12452766.281662 33000 R09
-15720358.701011 19997755.454891 2410546.476359 32000 R10
-4165516.128110 17708440.029712 17877142.037623 49000 R11
-2636826.701847 18312947.109153 17576243.236890 51000 R21
6766194.103626 24580698.624993 594364.774319 40000 R22
-14720262.219080 39465664.146210 -1205517.201052 46000 C03
-7049993.796648 39964057.221798 -10766653.723765 39000 C06
-7863700.177303 26898107.190734 31622835.880022 49000 C07
-18985225.488037 28575002.368647 -24673587.279181 40000 C08
-2363976.013977 41677291.300973 -1630147.493274 30000 C09
915265.026549 29160255.748785 30908912.054820 39000 C10
-14290312.814613 29405753.586704 -26591915.036467 36000 C13
-7301053.921360 39588658.779124 -11583277.431985 37000 C16
time 2025/01/17 09:26:32.000
-23346798.291077 12527915.841848 -360864.388169 28000 G03
-6804229.223761 23812559.944387 -8419017.054212 48000 G07
-1547915.415424 17178830.225647 20183479.870657 47000 G14
6668953.494737 19335831.020382 17235018.395830 38000 G17
15857698.858719 19779720.690091 8497707.330876 31000 G19
1137882.816715 26274097.050698 2612229.443832 39000 G30
-18369034.031130 12483840.315212 -12455738.432267 32000 R09
-15720460.794181 19998104.999575 2407010.174134 32000 R10
-4167047.890204 17710351.447931 17874889.395233 48000 R11
-2637407.607387 18310606.176154 17578593.258988 51000 R21
6766329.357070 24580579.167065 597935.354368 40000 R22
-14720266.448042 39465662.548762 -1205463.969678 46000 C03
-7048807.441892 39963624.351605 -10769031.268746 39000 C06
-7864650.939211 26897718.743225 31622916.958263 49000 C07
-18985443.836009 28576607.314008 -24671571.274174 40000 C08
-2362727.511776 41677234.603617 -1632671.659233 29000 C09
914437.387375 29159669.389487 30909464.927186 39000 C10
-14290627.278068 29407245.903135 -26590122.112445 36000 C13
-7299849.816742 39588168.641865 -11585665.414816 36000 C16
time 2025/01/17 09:26:33.000
-23346916.715086 12527745.489601 -357623.119483 28000 G03
-6804528.927393 23811391.103917 -8421941.571614 48000 G07
-1550260.355070 17179876.909078 20182382.640092 47000 G14
6667129.158257 19334742.936382 17237012.027700 39000 G17
15856709.098694 19779225.554426 8500615.261302 31000 G19
1137491.764199 26274402.558694 2609117.245731 39000 G30
-18367882.098441 12482573.897520 -12458710.282105 33000 R09
-15720562.544306 19998454.187549 2403473.814407 33000 R10
-4168579.295598 17712262.758285 17872636.323414 48000 R11
-2637988.805126 18308264.986171 17580942.859436 51000 R21
6766464.466401 24580459.229308 601505.920029 40000 R22
-14720270.677090 39465660.951547 -1205410.731884 46000 C03
-7047621.149798 39963191.305667 -10771408.755716 38000 C06
-7865601.758022 26897330.435299 31622997.869406 49000 C07
-18985661.950580 28578212.292211 -24669555.138849 39000 C08
-2361479.017510 41677177.717941 -1635195.816251 29000 C09
913609.662814 29159083.154596 30910017.639084 39000 C10
-14290941.523761 29408738.265186 -26588329.046815 36000 C13
-7298645.782855 39587678.324840 -11588053.334799 36000 C16
time 2025/01/17 09:26:34.000
-23347034.787877 12527574.952796 -354381.843062 28000 G03
-6804828.686146 23810221.903440 -8424865.901405 49000 G07
-1552605.117294 17180923.659989 20181284.979647 47000 G14
6665304.559661 19333654.818548 17239005.300473 39000 G17
15855719.020095 19778730.255846 8503523.014432 29000 G19
1137100.737696 26274707.696011 2606004.991269 39000 G30
-18366730.004733 12481307.076856 -12461681.831121 33000 R09
-15720663.951436 19998803.018764 2399937.397218 33000 R10
-4170110.344290 17714173.960699 17870382.822201 48000 R11
-2638570.295095 18305923.539278 17583292.038193 51000 R21
6766599.431546 24580338.811745 605076.471234 41000 R22
-14720274.906222 39465659.354567 -1205357.487670 46000 C03
-7046434.920384 39962758.083990 -10773786.184674 38000 C06
-7866552.633723 26896942.266960 31623078.613453 49000 C07
-18985879.831745 28579817.303230 -24667538.873206 39000 C08
-2360230.531202 41677120.643945 -1637719.964320 29000 C09
912781.852880 29158497.044119 30910570.190513 39000 C10
-14291255.551686 29410230.672825 -26586535.839585 35000 C13
-7297441.819714 39587187.828052 -11590441.191946 36000 C16
time 2025/01/17 09:26:35.000
-23347152.509470 12527404.231390 -351140.559053 28000 G03
-6805128.500067 23809052.342974 -8427790.043537 48000 G07
-1554949.702060 17181970.478343 20180186.889340 47000 G14
6663479.698971 19332566.666938 17240998.214115 39000 G17
15854728.622913 19778234.794404 8506430.590207 29000 G19
1136709.737156 26275012.462642 2602892.680493 40000 G30
-18365577.750087 12480039.853216 -12464653.079247 32000 R09
-15720765.015622 19999151.493163 2396400.922634 32000 R10
-4171641.036273 17716085.055093 17868128.891642 48000 R11
-2639152.077322 18303581.835548 17585640.795215 51000 R21
6766734.252433 24580217.914400 608647.007909 41000 R22
-14720279.135439 39465657.757820 -1205304.237034 46000 C03
-7045248.753676 39962324.686583 -10776163.555610 38000 C06
-7867503.566296 26896554.238217 31623159.190403 49000 C07
-18986097.479501 28581422.347039 -24665522.477247 40000 C08
-2358982.052879 41677063.381629 -1640244.103430 27000 C09
911953.957588 29157911.058066 30911122.581474 39000 C10
-14291569.361838 29411723.126038 -26584742.490745 36000 C13
-7296237.927343 39586697.151512 -11592828.986248 36000 C16
time 2025/01/17 09:26:36.000
-23347269.879891 12527233.325330 -347899.267488 27000 G03
-6805428.369203 23807882.422546 -8430713.997937 48000 G07
-1557294.109314 17183017.364094 20179088.369195 47000 G14
6661654.576214 19331478.481610 17242990.768579 39000 G17
15853737.907138 19777739.170154 8509337.988563 28000 G19
1136318.762532 26275316.858574 2599780.313481 40000 G30
-18364425.334576 12478772.226597 -12467624.026429 33000 R09
-15720865.736915 19999499.610689 2392864.390760 33000 R10
-4173171.371532 17717996.041378 17865874.531792 49000 R11
-2639734.151834 18301239.875072 17587989.130441 51000 R21
6766868.928991 24580096.537296 612217.529970 41000 R22
-14720283.364741 39465656.161307 -1205250.979978 46000 C03
-7044062.649695 39961891.113454 -10778540.868517 38000 C06
-7868454.555720 26896166.349077 31623239.600254 49000 C07
-18986314.893843 28583027.423600 -24663505.950988 39000 C08
-2357733.582542 41677005.930993 -1642768.233618 27000 C09
911125.976953 29157325.196449 30911674.811964 39000 C10
-14291882.954211 29413215.624783 -26582949.000317 36000 C13
-7295034.105768 39586206.295229 -11595216.717693 37000 C16
time 2025/01/17 09:26:37.000
-23347386.899162 12527062.234571 -344657.968489 25000 G03
-6805728.293599 23806712.142185 -8433637.764527 48000 G07
-1559638.339004 17184064.317195 20177989.419238 47000 G14
6659829.191414 19330390.262620 17244982.963830 39000 G17
15852746.872760 19777243.383147 8512245.209443 27000 G19
1135927.813777 26275620.883798 2596667.890306 40000 G30
-18363272.758283 12477504.197000 -12470594.672587 33000 R09
-15720966.115364 19999847.371283 2389327.801695 33000 R10
-4174701.350050 17719906.919458 17863619.742713 48000 R11
-2640316.518656 18298897.657942 17590337.043808 50000 R21
6767003.461146 24579974.680457 615788.037316 40000 R22
-14720287.594128 39465654.565027 -1205197.716502 45000 C03
-7042876.608472 39961457.364614 -10780918.123373 38000 C06
-7869405.601973 26895778.599550 31623319.843007 48000 C07
-18986532.074766 28584632.532876 -24661489.294442 39000 C08
-2356485.120247 41676948.292039 -1645292.354816 25000 C09
910297.910999 29156739.459283 30912226.881976 39000 C10
-14292196.328794 29414708.169022 -26581155.368319 37000 C13
-7293830.355020 39585715.259217 -11597604.386255 36000 C16
time 2025/01/17 09:26:38.000
-23347503.567307 12526890.959062 -341416.662110 25000 G03
-6806028.273301 23805541.501918 -8436561.343242 48000 G07
-1561982.391079 17185111.337602 20176890.039493 47000 G14
6658003.544599 19329302.010029 17246974.799821 39000 G17
15851755.519786 19776747.433445 8515152.252737 27000 G19
1135536.890845 26275924.538301 2593555.411047 40000 G30
-18362120.021292 12476235.764428 -12473565.017645 33000 R09
-15721066.151019 20000194.774891 2385791.155509 33000 R10
-4176230.971813 17721817.689246 17861364.524459 48000 R11
-2640899.177811 18296555.184250 17592684.535254 50000 R21
6767137.848825 24579852.343907 619358.529858 41000 R22
-14720291.823600 39465652.968981 -1205144.446607 46000 C03
-7041690.630037 39961023.440072 -10783295.320159 38000 C06
-7870356.705033 26895390.989643 31623399.918661 48000 C07
-18986749.022264 28586237.674832 -24659472.507622 39000 C08
-2355236.665987 41676890.464766 -1647816.467080 27000 C09
909469.759746 29156153.846582 30912778.791506 39000 C10
-14292509.485584 29416200.758728 -26579361.594755 36000 C13
-7292626.675129 39585224.043484 -11599991.991920 37000 C16
time 2025/01/17 09:26:39.000
-23347619.884351 12526719.498755 -338175.348424 24000 G03
-6806328.308357 23804370.501770 -8439484.734013 48000 G07
-1564326.265490 17186158.425271 20175790.229982 47000 G14
6656177.635792 19328213.723893 17248966.276514 39000 G17
15850763.848192 19776251.321092 8518059.118430 28000 G19
1135145.993686 26276227.822076 2590442.875759 39000 G30
-18360967.123682 12474966.928882 -12476535.061532 33000 R09
-15721165.843931 20000541.821457 2382254.452296 34000 R10
-4177760.236807 17723728.350651 17859108.877086 48000 R11
-2641482.129328 18294212.454084 17595031.604722 50000 R21
6767272.091957 24579729.527669 622929.007510 41000 R22
-14720296.053156 39465651.373170 -1205091.170292 46000 C03
-7040504.714413 39960589.339839 -10785672.458864 38000 C06
-7871307.864878 26895003.519368 31623479.827214 48000 C07
-18986965.736333 28587842.849432 -24657455.590541 40000 C08
-2353988.219808 41676832.449176 -1650340.570356 29000 C09
908641.523209 29155568.358356 30913330.540554 39000 C10
-14292822.424573 29417693.393869 -26577567.679633 35000 C13
-7291423.066114 39584732.648041 -11602379.534685 36000 C16
time 2025/01/17 09:26:40.000
-23347735.850319 12526547.853597 -334934.027414 24000 G03
-6806628.398812 23803199.141767 -8442407.936774 48000 G07
-1566669.962192 17187205.580158 20174689.990727 47000 G14
6654351.465023 19327125.404272 17250957.393862 39000 G17
15849771.857963 19775755.046140 8520965.806472 28000 G19
1134755.122254 26276530.735112 2587330.284514 38000 G30
-18359814.065542 12473697.690371 -12479504.804156 33000 R09
-15721265.194150 20000888.510922 2378717.692142 34000 R10
-4179289.145017 17725638.903586 17856852.800651 49000 R11
-2642065.373233 18291869.467527 17597378.252161 50000 R21
6767406.190469 24579606.231768 626499.470190 41000 R22
-14720300.282797 39465649.777591 -1205037.887559 46000 C03
-7039318.861627 39960155.063924 -10788049.539475 38000 C06
-7872259.081488 26894616.188730 31623559.568667 49000 C07
-18987182.216969 28589448.056642 -24655438.543211 39000 C08
-2352739.781775 41676774.245271 -1652864.664558 29000 C09
907813.201411 29154982.994619 30913882.129113 39000 C10
-14293135.145755 29419186.074413 -26575773.622966 35000 C13
-7290219.528005 39584241.072898 -11604767.014531 36000 C16
time 2025/01/17 09:26:41.000
-6806928.544712 23802027.421941 -8445330.951442 47000 G07
-1569013.481124 17188252.802215 20173589.321758 46000 G14
6652525.032327 19326037.051230 17252948.151816 38000 G17
15848779.549099 19775258.608646 8523872.316776 28000 G19
1134364.276504 26276833.277395 2584217.637410 38000 G30
-18358660.846956 12472428.048898 -12482474.245439 31000 R09
-15721364.201726 20001234.843230 2375180.875149 33000 R10
-4180817.696425 17727549.347951 17854596.295219 48000 R11
-2642648.909549 18289526.224681 17599724.477494 50000 R21
6767540.144287 24579482.456227 630069.917774 40000 R22
-14720304.512522 39465648.182247 -1204984.598407 45000 C03
-7038133.071711 39959720.612337 -10790426.561964 37000 C06
-7873210.354837 26894228.997740 31623639.143019 48000 C07
-18987398.464164 28591053.296420 -24653421.365652 39000 C08
-2351491.351896 41676715.853050 -1655388.749710 27000 C09
906984.794369 29154397.755385 30914433.557180 39000 C10
-14293447.649121 29420678.800315 -26573979.424780 35000 C13
-7289016.060841 39583749.318070 -11607154.431419 35000 C16
time 2025/01/17 09:26:42.000
-6807228.746102 23800855.342318 -8448253.777945 48000 G07
-1571356.822232 17189300.091394 20172488.223099 47000 G14
6650698.337728 19324948.664824 17254938.550335 39000 G17
15847786.921595 19774762.008665 8526778.649268 30000 G19
1133973.456388 26277135.448917 2581104.934499 39000 G30
-18357507.468003 12471158.004464 -12485443.385309 32000 R09
-15721462.866709 20001580.818323 2371644.001410 33000 R10
-4182345.891012 17729459.683656 17852339.360849 48000 R11
-2643232.738301 18287182.725634 17602070.280666 50000 R21
6767673.953340 24579358.201071 633640.350196 41000 R22
-14720308.742332 39465646.587136 -1204931.302836 46000 C03
-7036947.344690 39959285.985088 -10792803.526322 38000 C06
-7874161.684906 26893841.946407 31623718.550268 49000 C07
-18987614.477915 28592658.568729 -24651404.057878 39000 C08
-2350242.930212 41676657.272516 -1657912.825772 28000 C09
906156.302108 29153812.640670 30914984.824748 39000 C10
-14293759.934663 29422171.571543 -26572185.085083 35000 C13
-7287812.664641 39583257.383565 -11609541.785352 36000 C16
time 2025/01/17 09:26:43.000
-6807529.003033 23799682.902912 -8451176.416251 48000 G07
-1573699.985495 17190347.447666 20171386.694761 47000 G14
6648871.381224 19323860.245095 17256928.589406 39000 G17
15846793.975438 19774265.246247 8529684.803900 30000 G19
1133582.661855 26277437.249669 2577992.175841 39000 G30
-18356353.928757 12469887.557063 -12488412.223711 33000 R09
-15721561.189151 20001926.436149 2368107.070966 33000 R10
-4183873.728784 17731369.910632 17850081.997570 48000 R11
-2643816.859523 18284838.970449 17604415.661646 50000 R21
6767807.617555 24579233.466322 637210.767389 41000 R22
-14720312.972226 39465644.992259 -1204878.000848 46000 C03
-7035761.680583 39958851.182183 -10795180.432550 38000 C06
-7875113.071681 26893455.034735 31623797.790416 49000 C07
-18987830.258218 28594263.873552 -24649386.619880 40000 C08
-2348994.516722 41676598.503668 -1660436.892786 29000 C09
905327.724631 29153227.650476 30915535.931823 40000 C10
-14294072.002380 29423664.388088 -26570390.603859 35000 C13
-7286609.339428 39582765.269391 -11611929.076322 36000 C16
time 2025/01/17 09:26:44.000
-6807829.315548 23798510.103758 -8454098.866265 48000 G07
-1576042.970845 17191394.870975 20170284.736776 47000 G14
6647044.162867 19322771.792117 17258918.268962 39000 G17
15845800.710624 19773768.321448 8532590.780591 31000 G19
1133191.892861 26277738.679640 2574879.361518 39000 G30
-18355200.229302 12468616.706695 -12491380.760570 31000 R09
-15721659.169101 20002271.696649 2364570.083940 34000 R10
-4185401.209713 17733280.028775 17847824.205458 48000 R11
-2644401.273235 18282494.959230 17606760.620355 50000 R21
6767941.136860 24579108.252005 640781.169242 41000 R22
-14720317.202205 39465643.397616 -1204824.692442 46000 C03
-7034576.079420 39958416.203634 -10797557.280625 38000 C06
-7876064.515136 26893068.262736 31623876.863460 49000 C07
-18988045.805067 28595869.210837 -24647369.051690 39000 C08
-2347746.111466 41676539.546507 -1662960.950716 29000 C09
904499.061969 29152642.784822 30916086.878396 39000 C10
-14294383.852261 29425157.249894 -26568595.981146 35000 C13
-7285406.085233 39582272.975562 -11614316.304307 36000 C16
time 2025/01/17 09:26:45.000
-6808129.683695 23797336.944879 -8457021.127929 48000 G07
-1578385.778244 17192442.361283 20169182.349162 48000 G14
6645216.682666 19321683.305938 17260907.588977 39000 G17
15844807.127140 19773271.234320 8535496.579298 33000 G19
1132801.149355 26278039.738821 2571766.491581 40000 G30
-18354046.369727 12467345.453374 -12494348.995790 31000 R09
-15721756.806611 20002616.599767 2361033.040398 34000 R10
-4186928.333795 17735190.038006 17845565.984555 48000 R11
-2644985.979466 18280150.692062 17609105.156744 50000 R21
6768074.511183 24578982.558143 644351.555684 41000 R22
-14720321.432268 39465641.803206 -1204771.377618 46000 C03
-7033390.541227 39957981.049449 -10799934.070534 37000 C06
-7877016.015252 26892681.630417 31623955.769402 49000 C07
-18988261.118458 28597474.580561 -24645351.353305 39000 C08
-2346497.714475 41676480.401034 -1665484.999540 28000 C09
903670.314135 29152058.043720 30916637.664463 40000 C10
-14294695.484301 29426650.156939 -26566801.216944 35000 C13
-7284202.902080 39581780.502085 -11616703.469299 36000 C16
time 2025/01/17 09:26:46.000
-6808430.107522 23796163.426296 -8459943.201189 48000 G07
-1580728.407645 17193489.918547 20168079.531941 48000 G14
6643388.940647 19320594.786616 17262896.549412 39000 G17
15843813.224974 19772773.984914 8538402.199957 34000 G19
1132410.431290 26278340.427201 2568653.566097 40000 G30
-18352892.350095 12466073.797081 -12497316.929343 31000 R09
-15721854.101729 20002961.145448 2357495.940436 34000 R10
-4188455.101015 17737099.938235 17843307.334918 48000 R11
-2645570.978242 18277806.169024 17611449.270759 50000 R21
6768207.740452 24578856.384759 647921.926638 40000 R22
-14720325.662416 39465640.209030 -1204718.056378 45000 C03
-7032205.066029 39957545.719637 -10802310.802266 37000 C06
-7877967.572011 26892295.137784 31624034.508239 48000 C07
-18988476.198387 28599079.982688 -24643333.524739 39000 C08
-2345249.325771 41676421.067249 -1668009.039256 27000 C09
902841.481147 29151473.427180 30917188.290024 39000 C10
-14295006.898494 29428143.109196 -26565006.311256 35000 C13
-7282999.789991 39581287.848970 -11619090.571294 36000 C16
time 2025/01/17 09:26:47.000
-6808730.587075 23794989.548031 -8462865.085983 49000 G07
-1583070.859010 17194537.542727 20166976.285132 48000 G14
6641560.936827 19319506.234204 17264885.150234 39000 G17
15842819.004109 19772276.573278 8541307.642539 35000 G19
1132019.738615 26278640.744775 2565540.585108 41000 G30
-18351738.170491 12464801.737819 -12500284.561150 31000 R09
-15721951.054507 20003305.333637 2353958.784106 33000 R10
-4189981.511369 17739009.729386 17841048.256587 49000 R11
-2646156.269594 18275461.390193 17613792.962356 51000 R21
6768340.824594 24578729.731878 651492.282021 40000 R22
-14720329.892648 39465638.615088 -1204664.728720 46000 C03
-7031019.653842 39957110.214205 -10804687.475827 37000 C06
-7878919.185396 26891908.784845 31624113.079973 49000 C07
-18988691.044851 28600685.417200 -24641315.565983 39000 C08
-2344000.945367 41676361.545153 -1670533.069879 28000 C09
902012.563019 29150888.935212 30917738.755079 40000 C10
-14295318.094835 29429636.106641 -26563211.264082 35000 C13
-7281796.748992 39580795.016227 -11621477.610279 36000 C16
time 2025/01/17 09:26:48.000
-6809031.122404 23793815.310102 -8465786.782266 49000 G07
-1585413.132312 17195585.233788 20165872.608748 48000 G14
6639732.671222 19318417.648754 17266873.391412 39000 G17
15841824.464526 19771778.999461 8544212.907007 36000 G19
1131629.071281 26278940.691532 2562427.548670 41000 G30
-18350583.830986 12463529.275580 -12503251.891162 32000 R09
-15722047.664997 20003649.164280 2350421.571480 33000 R10
-4191507.564852 17740919.411381 17838788.749606 49000 R11
-2646741.853550 18273116.355641 17616136.231493 51000 R21
6768473.763539 24578602.599522 655062.621765 41000 R22
-14720334.122964 39465637.021379 -1204611.394644 46000 C03
-7029834.304687 39956674.533160 -10807064.091212 37000 C06
-7879870.855391 26891522.571606 31624191.484603 49000 C07
-18988905.657845 28602290.884059 -24639297.477052 40000 C08
-2342752.573288 41676301.834745 -1673057.091402 28000 C09
901183.559762 29150304.567822 30918289.059628 40000 C10
-14295629.073319 29431129.149245 -26561416.075429 35000 C13
-7280593.779098 39580302.003860 -11623864.586263 37000 C16
time 2025/01/17 09:26:49.000
-6809331.713549 23792640.712554 -8468708.289924 48000 G07
-1587755.227457 17196632.991668 20164768.502832 48000 G14
6637904.143877 19317329.030335 17268861.272884 39000 G17
15840829.606232 19771281.263525 8547117.993250 36000 G19
1131238.429245 26279240.267459 2559314.456892 42000 G30
-18349429.331686 12462256.410392 -12506218.919241 32000 R09
-15722143.933248 20003992.637315 2346884.302694 34000 R10
-4193033.261427 17742828.984100 17836528.814066 49000 R11
-2647327.730127 18270771.065494 17618479.078073 51000 R21
6768606.557210 24578474.987718 658632.945731 41000 R22
-14720338.353364 39465635.427904 -1204558.054153 46000 C03
-7028649.018612 39956238.676518 -10809440.648367 37000 C06
-7880822.581962 26891136.498082 31624269.722126 49000 C07
-18989120.037361 28603896.383217 -24637279.257976 39000 C08
-2341504.209582 41676241.936029 -1675581.103768 28000 C09
900354.471410 29149720.325036 30918839.203657 40000 C10
-14295939.833935 29432622.236955 -26559620.745333 35000 C13
-7279390.880357 39579808.811890 -11626251.499191 37000 C16
time 2025/01/17 09:26:50.000
-6809632.360560 23791465.755406 -8471629.608907 48000 G07
-1590097.144417 17197680.816329 20163663.967400 49000 G14
6636075.354810 19316240.379001 17270848.794617 39000 G17
15839834.429225 19770783.365524 8550022.901192 37000 G19
1130847.812457 26279539.472547 2556201.309830 42000 G30
-18348274.672646 12460983.142228 -12509185.645383 31000 R09
-15722239.859309 20004335.752687 2343346.977828 34000 R10
-4194558.601091 17744738.447467 17834268.450006 49000 R11
-2647913.899355 18268425.519828 17620821.502051 51000 R21
6768739.205538 24578346.896488 662203.253856 41000 R22
-14720342.583849 39465633.834662 -1204504.707246 46000 C03
-7027463.795630 39955802.644285 -10811817.147302 37000 C06
-7881774.365092 26890750.564277 31624347.792544 49000 C07
-18989334.183396 28605501.914638 -24635260.908766 40000 C08
-2340255.854283 41676181.849004 -1678105.106951 27000 C09
899525.297977 29149136.206861 30919389.187167 41000 C10
-14296250.376678 29434115.369750 -26557825.273792 34000 C13
-7278188.052791 39579315.440326 -11628638.349055 37000 C16
time 2025/01/17 09:26:51.000
-6809933.063484 23790290.438678 -8474550.739160 48000 G07
-1592438.883153 17198728.707733 20162559.002468 49000 G14
6634246.304039 19315151.694805 17272835.956578 38000 G17
15838838.933485 19770285.305508 8552927.630798 37000 G19
1130457.220869 26279838.306788 2553088.107538 42000 G30
-18347119.853970 12459709.471114 -12512152.069457 31000 R09
-15722335.443233 20004678.510344 2339809.596930 34000 R10
-4196083.583839 17746647.801404 17832007.657470 49000 R11
-2648500.361264 18266079.718711 17623163.503390 51000 R21
6768871.708450 24578218.325856 665773.546068 42000 R22
-14720346.814418 39465632.241654 -1204451.353923 46000 C03
-7026278.635769 39955366.436471 -10814193.588003 37000 C06
-7882726.204768 26890364.770199 31624425.695856 48000 C07
-18989548.095947 28607107.478302 -24633242.429416 39000 C08
-2339007.507402 41676121.573672 -1680629.100971 28000 C09
898696.039476 29148552.213306 30919939.010158 40000 C10
-14296560.701542 29435608.547601 -26556029.660810 36000 C13
-7276985.296413 39578821.889170 -11631025.135874 36000 C16
time 2025/01/17 09:26:53.000
-6810534.637253 23787938.726596 -8480392.433182 48000 G07
-1597121.825742 17200824.690583 20160347.784210 48000 G14
6630587.417509 19312974.228071 17276809.200998 39000 G17
15836846.985780 19769288.699643 8558736.554731 38000 G19
1129676.113106 26280434.862683 2546861.537570 44000 G30
-18344809.737992 12457160.919995 -12518084.011218 29000 R09
-15722525.584869 20005362.952280 2332734.667439 33000 R10
-4199132.478514 17750466.180611 17827484.787218 48000 R11
-2649674.163220 18261387.350510 17627846.237880 51000 R21
6769136.277737 24577959.746481 672914.082379 42000 R22
-14720355.275807 39465629.056340 -1204344.628029 46000 C03
-7023908.505508 39954493.494133 -10818946.294649 37000 C06
-7884630.053658 26889593.601259 31624581.001158 48000 C07
-18989975.220573 28610318.702207 -24629205.080361 39000 C08
-2336510.839040 41676000.458086 -1685677.061396 25000 C09
897037.267352 29147384.600112 30921038.174564 41000 C10
-14297180.697606 29438595.038334 -26552438.010579 35000 C13
-7274579.997363 39577834.248144 -11635798.520241 37000 C16
time 2025/01/17 09:26:54.000
-6810835.508192 23786762.331294 -8483312.996818 49000 G07
-1599463.029499 17201872.781942 20159241.530929 48000 G14
6628757.581795 19311885.445645 17278795.283381 39000 G17
15835850.533793 19768790.153900 8561640.748944 38000 G19
1129285.596835 26280732.584318 2543748.170029 44000 G30
-18343654.440858 12455886.040000 -12521049.528743 29000 R09
-15722620.142681 20005704.636446 2329197.119024 33000 R10
-4200656.390415 17752375.205703 17825222.709612 49000 R11
-2650261.503319 18259040.783601 17630186.970919 51000 R21
6769268.343967 24577829.737787 676484.326306 43000 R22
-14720359.506629 39465627.464032 -1204291.255460 46000 C03
-7022723.535160 39954056.759628 -10821322.560570 37000 C06
-7885582.062833 26889208.226413 31624658.403148 49000 C07
-18990188.432639 28611924.362378 -24627186.210679 39000 C08
-2335262.517611 41675939.617836 -1688201.027778 26000 C09
896207.753764 29146800.980496 30921587.515974 41000 C10
-14297490.368793 29440088.351153 -26550641.973350 35000 C13
-7273377.454739 39577340.158292 -11638185.117773 37000 C16
time 2025/01/17 09:26:55.000
-6811136.435230 23785585.576517 -8486233.371453 48000 G07
-1601804.054835 17202920.939865 20158134.848243 48000 G14
6626927.484481 19310796.630589 17280781.005827 38000 G17
15834853.763042 19768291.446355 8564544.764562 37000 G19
1128895.105575 26281029.935064 2540634.747546 44000 G30
-18342498.984399 12454610.757044 -12524014.743944 31000 R09
-15722714.358558 20006045.962670 2325659.514935 34000 R10
-4202179.945342 17754284.121005 17822960.203756 49000 R11
-2650849.136202 18256693.961601 17632527.281081 51000 R21
6769400.264491 24577699.249787 680054.553962 44000 R22
-14720363.737533 39465625.871959 -1204237.876476 46000 C03
-7021538.628035 39953619.849579 -10823698.768203 37000 C06
-7886534.128468 26888822.991327 31624735.638029 48000 C07
-18990401.411202 28613530.054648 -24625167.210911 39000 C08
-2334014.204713 41675878.589280 -1690724.984939 24000 C09
895378.155185 29146217.485553 30922136.696849 41000 C10
-14297799.822075 29441581.708903 -26548845.794717 35000 C13
-7272174.983416 39576845.888894 -11640571.652189 37000 C16
time 2025/01/17 09:26:56.000
-6811437.418414 23784408.462283 -8489153.557039 48000 G07
-1604144.901717 17203969.164315 20157027.736168 48000 G14
6625097.125573 19309707.782949 17282766.368314 38000 G17
15833856.673506 19767792.577054 8567448.601559 37000 G19
1128504.639273 26281326.914915 2537521.270155 44000 G30
-18341343.368687 12453335.071121 -12526979.656770 30000 R09
-15722808.232550 20006386.930898 2322121.855242 34000 R10
-4203703.143296 17756192.926444 17820697.269688 48000 R11
-2651437.061898 18254346.884577 17634867.168325 51000 R21
6769532.039239 24577568.282504 683624.765292 43000 R22
-14720367.968522 39465624.280119 -1204184.491078 46000 C03
-7020353.784154 39953182.763992 -10826074.917549 37000 C06
-7887486.250547 26888437.896008 31624812.705802 48000 C07
-18990614.156256 28615135.778995 -24623148.081053 38000 C08
-2332765.900364 41675817.372419 -1693248.932881 26000 C09
894548.471626 29145634.115289 30922685.717191 41000 C10
-14298109.057448 29443075.111555 -26547049.474689 35000 C13
-7270972.583411 39576351.439957 -11642958.123495 37000 C16
time 2025/01/17 09:26:57.000
-6811738.457790 23783230.988624 -8492073.553493 48000 G07
-1606485.570087 17205017.455244 20155920.194732 48000 G14
6623266.505118 19308618.902797 17284751.370780 38000 G17
15832859.265184 19767293.546057 8570352.259846 36000 G19
1128114.197887 26281623.523857 2534407.737955 44000 G30
-18340187.593813 12452058.982243 -12529944.267122 31000 R09
-15722901.764707 20006727.541072 2318584.140044 34000 R10
-4205225.984252 17758101.621920 17818433.907477 49000 R11
-2652025.280429 18251999.552633 17637206.632580 51000 R21
6769663.668137 24577436.835962 687194.960183 44000 R22
-14720372.199595 39465622.688512 -1204131.099265 46000 C03
-7019169.003546 39952745.502879 -10828451.008584 37000 C06
-7888438.429045 26888052.940464 31624889.606465 48000 C07
-18990826.667798 28616741.535376 -24621128.821126 38000 C08
-2331517.604602 41675755.967255 -1695772.871570 26000 C09
893718.703109 29145050.869719 30923234.576995 41000 C10
-14298418.074902 29444568.559070 -26545253.013283 35000 C13
-7269770.254762 39575856.811494 -11645344.531656 37000 C16
time 2025/01/17 09:26:58.000
-6812039.553403 23782053.155571 -8494993.360739 48000 G07
-1608826.059887 17206065.812604 20154812.223963 48000 G14
6621435.623145 19307529.990190 17286736.013181 37000 G17
15831861.538074 19766794.353418 8573255.739345 35000 G19
1127723.781368 26281919.761881 2531294.151014 44000 G30
-18339031.659855 12450782.490407 -12532908.574939 31000 R09
-15722994.955080 20007067.793135 2315046.369436 34000 R10
-4206748.468194 17760010.207336 17816170.117187 49000 R11
-2652613.791821 18249651.965861 17639545.673785 51000 R21
6769795.151113 24577304.910187 690765.138553 43000 R22
-14720376.430752 39465621.097140 -1204077.701038 46000 C03
-7017984.286246 39952308.066251 -10830827.041281 36000 C06
-7889390.663939 26887668.124707 31624966.340018 48000 C07
-18991038.945821 28618347.323752 -24619109.431147 38000 C08
-2330269.317454 41675694.373789 -1698296.800993 26000 C09
892888.849657 29144467.748858 30923783.276254 41000 C10
-14298726.874431 29446062.051412 -26543456.410516 35000 C13
-7268567.997501 39575362.003520 -11647730.876645 37000 C16
time 2025/01/17 09:26:59.000
-6812340.705301 23780874.963145 -8497912.978717 48000 G07
-1611166.371076 17207114.236352 20153703.823881 48000 G14
6619604.479667 19306441.045181 17288720.295486 37000 G17
15830863.492160 19766294.999188 8576159.040015 34000 G19
1127333.389669 26282215.628977 2528180.509400 44000 G30
-18337875.566904 12449505.595626 -12535872.580118 31000 R09
-15723087.803720 20007407.687031 2311508.543496 34000 R10
-4208270.595111 17761918.682609 17813905.898866 49000 R11
-2653202.596100 18247304.124345 17641884.291885 51000 R21
6769926.488094 24577172.505201 694335.300304 45000 R22
-14720380.661992 39465619.506000 -1204024.296398 46000 C03
-7016799.632270 39951870.454115 -10833203.015641 37000 C06
-7890342.955212 26887283.448742 31625042.906460 49000 C07
-18991250.990322 28619953.144092 -24617089.911125 39000 C08
-2329021.038964 41675632.592022 -1700820.721106 25000 C09
892058.911284 29143884.752717 30924331.814967 41000 C10
-14299035.456028 29447555.588551 -26541659.666394 36000 C13
-7267365.811648 39574867.016042 -11650117.158462 38000 C16
time 2025/01/17 09:27:00.000
-6812641.913530 23779696.411369 -8500832.407370 49000 G07
-1613506.503615 17208162.726450 20152594.994503 48000 G14
6617773.074706 19305352.067823 17290704.217662 37000 G17
15829865.127428 19765795.483417 8579062.161805 32000 G19
1126943.022739 26282511.125137 2525066.813161 45000 G30
-18336719.315023 12448228.297881 -12538836.282637 31000 R09
-15723180.310676 20007747.222706 2307970.662298 35000 R10
-4209792.364997 17763827.047659 17811641.252559 49000 R11
-2653791.693295 18244956.028163 17644222.486834 51000 R21
6770057.679009 24577039.621030 697905.445365 46000 R22
-14720384.893316 39465617.915094 -1203970.885344 46000 C03
-7015615.041643 39951432.666480 -10835578.931656 38000 C06
-7891295.302844 26886898.912577 31625119.305792 49000 C07
-18991462.801296 28621558.996368 -24615070.261060 39000 C08
-2327772.769138 41675570.621953 -1703344.631935 26000 C09
891228.888007 29143301.881306 30924880.193133 42000 C10
-14299343.819688 29449049.170464 -26539862.780916 36000 C13
-7266163.697222 39574371.849066 -11652503.377111 38000 C16
time 2025/01/17 09:27:01.000
-6812943.178137 23778517.500273 -8503751.646621 49000 G07
-1615846.457449 17209211.282850 20151485.735857 48000 G14
6615941.408296 19304263.058181 17292687.779657 37000 G17
15828866.443880 19765295.806162 8581965.104627 31000 G19
1126552.680533 26282806.250350 2521953.062382 45000 G30
-18335562.904307 12446950.597188 -12541799.682388 31000 R09
-15723272.476001 20008086.400103 2304432.725934 34000 R10
-4211313.777834 17765735.302391 17809376.178330 49000 R11
-2654381.083430 18242607.677408 17646560.258567 51000 R21
6770188.723784 24576906.257697 701475.573647 46000 R22
-14720389.124724 39465616.324422 -1203917.467878 46000 C03
-7014430.514393 39950994.703355 -10837954.789308 37000 C06
-7892247.706812 26886514.516221 31625195.538012 49000 C07
-18991674.378739 28623164.880538 -24613050.480975 38000 C08
-2326524.508014 41675508.463585 -1705868.533450 26000 C09
890398.779846 29142719.134638 30925428.410747 42000 C10
-14299651.965405 29450542.797114 -26538065.754101 36000 C13
-7264961.654257 39573876.502607 -11654889.532560 38000 C16
time 2025/01/17 09:27:02.000
-13911952.861886 9559268.033827 20874128.896892 35000 G02
-6813244.499169 23777338.229875 -8506670.696421 48000 G07
-1618186.232538 17210259.905512 20150376.047962 47000 G14
6614109.480406 19303174.016278 17294670.981492 36000 G17
1126162.363009 26283101.004601 2518839.257172 40000 G30
-15723364.299744 20008425.219167 2300894.734489 33000 R10
-4212834.833618 17767643.446726 17807110.676223 51000 R11
-2654970.766534 18240259.072152 17648897.607044 51000 R21
6770319.622352 24576772.415222 705045.685141 39000 R22
-14720393.356216 39465614.733983 -1203864.043998 47000 C03
-7013246.050530 39950556.564745 -10840330.588615 35000 C06
-7893200.167097 26886130.259683 31625271.603119 48000 C07
-18991885.722645 28624770.796573 -24611030.570875 42000 C08
-2325276.255566 41675446.116915 -1708392.425740 28000 C09
889568.586849 29142136.512747 30925976.467787 0 C10
-14299959.893171 29452036.468466 -26536268.585959 39000 C13
-7263759.682772 39573380.976671 -11657275.624814 39000 C16
time 2025/01/17 09:27:03.000
-6813545.876671 23776158.600209 -8509589.556685 49000 G07
-1620525.828833 17211308.594391 20149265.930841 48000 G14
6612277.291190 19302084.942248 17296653.822987 37000 G17
15826868.120265 19764295.967401 8587770.453207 26000 G19
1125772.070098 26283395.387897 2515725.397438 45000 G30
-18333249.606667 12444393.986938 -12547725.573359 31000 R09
-15723455.781957 20008763.679842 2297356.688022 34000 R10
-4214355.532328 17769551.480567 17804844.746301 49000 R11
-2655560.742627 18237910.212509 17651234.532182 51000 R21
6770450.374631 24576638.093640 708615.779547 46000 R22
-14720397.587791 39465613.143777 -1203810.613706 46000 C03
-7012061.650121 39950118.250673 -10842706.329484 37000 C06
-7894152.683684 26885746.142967 31625347.501115 49000 C07
-18992096.833011 28626376.744444 -24609010.530763 38000 C08
-2324028.011999 41675383.581953 -1710916.308437 26000 C09
888738.308938 29141554.015579 30926524.364312 42000 C10
-14300267.602983 29453530.184507 -26534471.276481 36000 C13
-7262557.782802 39572885.271274 -11659661.653839 38000 C16
time 2025/01/17 09:27:04.000
-6813847.310692 23774978.611294 -8512508.227363 49000 G07
-1622865.246287 17212357.349443 20148155.384517 48000 G14
6610444.840547 19300995.836075 17298636.304237 37000 G17
15825868.480165 19763795.805992 8590672.858892 24000 G19
1125381.801773 26283689.400212 2512611.483410 45000 G30
-18332092.719907 12443115.077385 -12550688.064431 30000 R09
-15723546.922689 20009101.782071 2293818.586660 34000 R10
-4215875.873958 17771459.403834 17802578.388612 49000 R11
-2656151.011742 18235561.098539 17653571.033950 51000 R21
6770580.980557 24576503.292965 712185.856992 46000 R22
-14720401.819450 39465611.553805 -1203757.177002 46000 C03
-7010877.313149 39949679.761133 -10845082.011982 37000 C06
-7895105.256547 26885362.166085 31625423.231997 49000 C07
-18992307.709832 28627982.724111 -24606990.360658 39000 C08
-2322779.777144 41675320.858690 -1713440.181921 27000 C09
887907.946228 29140971.643212 30927072.100256 42000 C10
-14300575.094831 29455023.945186 -26532673.825698 36000 C13
-7261355.954369 39572389.386422 -11662047.619632 38000 C16
time 2025/01/17 09:27:05.000
-6814148.801274 23773798.263167 -8515426.708362 48000 G07
-1625204.484835 17213406.170617 20147044.409021 48000 G14
6608612.128556 19299906.697845 17300618.425146 37000 G17
15824868.521223 19763295.483317 8593575.085329 24000 G19
1124991.557983 26283983.041540 2509497.515120 44000 G30
-18330935.674636 12441835.764889 -12553650.252445 29000 R09
-15723637.721992 20009439.525797 2290280.430476 32000 R10
-4217395.858483 17773367.216423 17800311.603228 49000 R11
-10457184.674761 1248586.380201 23247642.631938 0 R20
-2656741.573899 18233211.730352 17655907.112269 51000 R21
6770711.440055 24576368.013225 715755.917295 46000 R22
-14720406.051192 39465609.964067 -1203703.733886 46000 C03
-7009693.039668 39949241.096145 -10847457.636047 37000 C06
-7896057.885661 26884978.329046 31625498.795766 49000 C07
-18992518.353101 28629588.735531 -24604970.060583 39000 C08
-2321531.551108 41675257.947131 -1715964.046021 27000 C09
887077.498712 29140389.395640 30927619.675632 42000 C10
-14300882.368707 29456517.750465 -26530876.233627 37000 C13
-7260154.197509 39571893.322131 -11664433.522163 38000 C16
time 2025/01/17 09:27:06.000
-6814450.348465 23772617.555854 -8518344.999611 48000 G07
-1627543.544426 17214455.057868 20145933.004377 48000 G14
6606779.155247 19298817.527622 17302600.185666 37000 G17
15823868.243430 19762794.999429 8596477.132461 24000 G19
1124601.338680 26284276.311870 2506383.492651 44000 G30
-18329778.470935 12440556.049455 -12556612.137326 29000 R09
-15723728.179916 20009776.910962 2286742.219581 32000 R10
-4218915.485886 17775274.918240 17798044.390209 49000 R11
-10458047.027172 1245521.331870 23247422.933019 0 R20
-2657332.429122 18230862.108044 17658242.767074 51000 R21
6770841.753051 24576232.254445 719325.960361 47000 R22
-14720410.283018 39465608.374562 -1203650.284359 46000 C03
-7008508.829701 39948802.255717 -10849833.201666 37000 C06
-7897010.571002 26884594.631859 31625574.192420 48000 C07
-18992728.762815 28631194.778668 -24602949.630551 39000 C08
-2320283.333904 41675194.847275 -1718487.900751 25000 C09
886246.966407 29139807.272877 30928167.090438 42000 C10
-14301189.424605 29458011.600313 -26529078.500278 36000 C13
-7258952.512246 39571397.078410 -11666819.361420 38000 C16
time 2025/01/17 09:27:07.000
-6814751.952311 23771436.489378 -8521263.101055 48000 G07
-1629882.425027 17215504.011158 20144821.170602 48000 G14
6604945.920634 19297728.325454 17304581.585770 37000 G17
15822867.646804 19762294.354395 8599379.000148 24000 G19
1124211.143814 26284569.211194 2503269.416041 44000 G30
-18328621.108879 12439275.931074 -12559573.719021 29000 R09
-15723818.296511 20010113.937513 2283203.954039 31000 R10
-4220434.756164 17777182.509209 17795776.749598 49000 R11
-10458909.631526 1242456.386079 23247202.676754 0 R20
-2657923.577440 18228512.231687 17660577.998324 51000 R21
6770971.919475 24576096.016649 722895.986119 46000 R22
-14720414.514927 39465606.785290 -1203596.828420 46000 C03
-7007324.683265 39948363.239856 -10852208.708844 36000 C06
-7897963.312556 26884211.074531 31625649.421959 48000 C07
-18992938.938968 28632800.853491 -24600929.070567 38000 C08
-2319035.125539 41675131.559123 -1721011.746140 0 C09
885416.349330 29139225.274932 30928714.344672 42000 C10
-14301496.262520 29459505.494705 -26527280.625652 35000 C13
-7257750.898603 39570900.655267 -11669205.137398 37000 C16
time 2025/01/17 09:27:08.000
-6815053.612860 23770255.063758 -8524181.012640 48000 G07
-1632221.126592 17216553.030444 20143708.907719 48000 G14
6603112.424731 19296639.091394 17306562.625429 37000 G17
15821866.731303 19761793.548251 8602280.688422 27000 G19
1123820.973337 26284861.739504 2500155.285356 44000 G30
-18327463.588556 12437995.409759 -12562534.997436 29000 R09
-15723908.071829 20010450.605393 2279665.633927 31000 R10
-4221953.669308 17779089.989247 17793508.681443 48000 R11
-10459772.487792 1239391.542928 23246981.863146 0 R20
-2658515.018880 18226162.101363 17662912.805966 51000 R21
6771101.939255 24575959.299860 726465.994497 46000 R22
-14720418.746920 39465605.196252 -1203543.366071 46000 C03
-7006140.600389 39947924.048571 -10854584.157564 37000 C06
-7898916.110304 26883827.657069 31625724.484382 48000 C07
-18993148.881557 28634406.959971 -24598908.380638 38000 C08
-2317786.926092 41675068.082678 -1723535.582067 0 C09
884585.647495 29138643.401815 30929261.438332 42000 C10
-14301802.882447 29460999.433615 -26525482.609753 35000 C13
-7256549.356603 39570404.052713 -11671590.850090 38000 C16
time 2025/01/17 09:27:09.000
-6815355.330159 23769073.279021 -8527098.734300 48000 G07
-1634559.649077 17217602.115683 20142596.215747 48000 G14
6601278.667577 19295549.825505 17308543.304589 38000 G17
15820865.496925 19761292.581054 8605182.197204 28000 G19
1123430.827200 26285153.896789 2497041.100665 45000 G30
-18326305.910034 12436714.485493 -12565495.972536 29000 R09
-15723997.505920 20010786.914549 2276127.259329 31000 R10
-4223472.225305 17780997.358264 17791240.185800 49000 R11
-10460635.595938 1236326.802514 23246760.492203 0 R20
-2659106.753469 18223811.717157 17665247.189946 51000 R21
6771231.812317 24575822.104102 730035.985406 47000 R22
-14720422.978996 39465603.607447 -1203489.897311 46000 C03
-7004956.581096 39947484.681872 -10856959.547817 36000 C06
-7899868.964226 26883444.379480 31625799.379690 48000 C07
-18993358.590578 28636013.098078 -24596887.560768 39000 C08
-2316538.735572 41675004.417940 -1726059.408562 0 C09
883754.860920 29138061.653539 30929808.371418 42000 C10
-14302109.284378 29462493.417008 -26523684.452595 36000 C13
-7255347.886275 39569907.270757 -11673976.499479 38000 C16
time 2025/01/17 09:27:10.000
-6815657.104254 23767891.135193 -8530016.265968 49000 G07
-1636897.992436 17218651.266832 20141483.094709 48000 G14
6599444.649182 19294460.527838 17310523.623226 38000 G17
15819863.943631 19760791.452841 8608083.526519 29000 G19
1123040.705357 26285445.683040 2493926.862029 44000 G30
-18325148.073395 12435433.158281 -12568456.644245 29000 R09
-15724086.598836 20011122.864923 2272588.830323 31000 R10
-4224990.424144 17782904.616173 17788971.262722 49000 R11
-10461498.955932 1233262.164929 23246538.563929 0 R20
-2659698.781232 18221461.079157 17667581.150207 51000 R21
6771361.538591 24575684.429401 733605.958765 47000 R22
-14720427.211156 39465602.018876 -1203436.422141 46000 C03
-7003772.625413 39947045.139767 -10859334.879588 37000 C06
-7900821.874300 26883061.241774 31625874.107882 48000 C07
-18993568.066027 28637619.267777 -24594866.610971 38000 C08
-2315290.554001 41674940.564910 -1728583.225616 0 C09
882923.989623 29137480.030114 30930355.143924 42000 C10
-14302415.468307 29463987.444850 -26521886.154189 36000 C13
-7254146.487646 39569410.309411 -11676362.085549 38000 C16
time 2025/01/17 09:27:11.000
-6815958.935193 23766708.632299 -8532933.607579 49000 G07
-1639236.156620 17219700.483847 20140369.544629 48000 G14
6597610.369584 19293371.198456 17312503.581284 39000 G17
15818862.071392 19760290.163656 8610984.676363 29000 G19
1122650.607758 26285737.098247 2490812.569523 45000 G30
-18323990.078728 12434151.428134 -12571417.012466 29000 R09
-15724175.350627 20011458.456460 2269050.347004 30000 R10
-4226508.265813 17784811.762889 17786701.912262 49000 R11
-10462362.567742 1230197.630274 23246316.078331 0 R20
-2660291.102196 18219110.187448 17669914.686695 51000 R21
6771491.118003 24575546.275779 737175.914482 47000 R22
-14720431.443398 39465600.430538 -1203382.940560 46000 C03
-7002588.733361 39946605.422265 -10861710.152873 37000 C06
-7901774.840509 26882678.243957 31625948.668957 48000 C07
-18993777.307898 28639225.469036 -24592845.531253 39000 C08
-2314042.381408 41674876.523588 -1731107.033219 0 C09
882093.033625 29136898.531555 30930901.755847 42000 C10
-14302721.434228 29465481.517116 -26520087.714539 36000 C13
-7252945.160734 39568913.168682 -11678747.608303 38000 C16
time 2025/01/17 09:27:12.000
-6816260.823020 23765525.770364 -8535850.759066 49000 G07
-1641574.141583 17220749.766684 20139255.565530 49000 G14
6595775.828800 19292281.837413 17314483.178734 39000 G17
1122260.534357 26286028.142402 2487698.223204 45000 G30
-15724263.761344 20011793.689103 2265511.809458 32000 R10
-4228025.750299 17786718.798321 17784432.134476 49000 R11
-10463226.431337 1227133.198642 23246093.035414 0 R20
-2660883.716386 18216759.042118 17672247.799352 51000 R21
6771620.550483 24575407.643262 740745.852477 48000 R22
-14720435.675724 39465598.842433 -1203329.452569 46000 C03
-7001404.904966 39946165.529375 -10864085.367657 37000 C06
-7902727.862832 26882295.386038 31626023.062915 48000 C07
-18993986.316187 28640831.701816 -24590824.321633 39000 C08
-2312794.217818 41674812.293975 -1733630.831355 0 C09
881261.992939 29136317.157872 30931448.207186 42000 C10
-14303027.182135 29466975.633771 -26518289.133657 36000 C13
-7251743.905574 39568415.848584 -11681133.067713 38000 C16
time 2025/01/17 09:27:13.000
-6816562.767783 23764342.549416 -8538767.720360 49000 G07
-1643911.947280 17221799.115301 20138141.157432 49000 G14
6593941.026847 19291192.444760 17316462.415543 39000 G17
1121870.485105 26286318.815494 2484583.823147 45000 G30
-15724351.831037 20012128.562798 2261973.217758 31000 R10
-4229542.877591 17788625.722383 17782161.929418 49000 R11
-10464090.546688 1224068.870121 23245869.435184 0 R20
-2661476.623829 18214407.643251 17674580.488124 51000 R21
6771749.835956 24575268.531873 744315.772663 48000 R22
-14720439.908133 39465597.254562 -1203275.958169 46000 C03
-7000221.140258 39945725.461107 -10866460.523923 37000 C06
-7903680.941247 26881912.668024 31626097.289756 48000 C07
-18994195.090889 28642437.966088 -24588802.982114 39000 C08
-2311546.063251 41674747.876072 -1736154.620030 0 C09
880430.867587 29135735.909078 30931994.497936 42000 C10
-14303332.712020 29468469.794778 -26516490.411560 36000 C13
-7250542.722189 39567918.349125 -11683518.463771 38000 C16
time 2025/01/17 09:27:14.000
-6816864.769529 23763158.969474 -8541684.491415 49000 G07
-1646249.573668 17222848.529655 20137026.320358 49000 G14
6592105.963757 19290103.020560 17318441.291664 39000 G17
1121480.459954 26286609.117514 2481469.369405 45000 G30
-15724439.559759 20012463.077489 2258434.571993 32000 R10
-4231059.647681 17790532.534994 17779891.297133 49000 R11
-10464954.913766 1221004.644796 23245645.277644 0 R20
-2662069.824553 18212055.990928 17676912.752963 51000 R21
6771878.974353 24575128.941637 747885.674970 48000 R22
-14720444.140626 39465595.666924 -1203222.457359 46000 C03
-6999037.439260 39945285.217470 -10868835.621660 37000 C06
-7904634.075737 26881530.089924 31626171.349478 49000 C07
-18994403.632001 28644044.261822 -24586781.512704 39000 C08
-2310297.917739 41674683.269880 -1738678.399222 0 C09
879599.657581 29135154.785182 30932540.628098 43000 C10
-14303638.023881 29469964.000125 -26514691.548233 37000 C13
-7249341.610597 39567420.670313 -11685903.796480 38000 C16
time 2025/01/17 09:27:15.000
-6817166.828308 23761975.030552 -8544601.072186 49000 G07
-1648587.020724 17223898.009714 20135911.054317 49000 G14
6590270.639520 19289013.564848 17320419.807096 39000 G17
1121090.458851 26286899.048457 2478354.862017 45000 G30
-15724526.947560 20012797.233124 2254895.872197 32000 R10
-4232576.060573 17792439.236084 17777620.237655 49000 R11
-10465819.532543 1217940.522747 23245420.562801 0 R20
-2662663.318589 18209704.085212 17679244.593834 51000 R21
6772007.965602 24574988.872577 751455.559340 47000 R22
-14720448.373201 39465594.079519 -1203168.950139 47000 C03
-6997853.801983 39944844.798469 -10871210.660883 38000 C06
-7905587.266293 26881147.651740 31626245.242083 49000 C07
-18994611.939521 28645650.589005 -24584759.913386 39000 C08
-2309049.781302 41674618.475398 -1741202.168930 0 C09
878768.362934 29134573.786191 30933086.597673 43000 C10
-14303943.117712 29471458.249786 -26512892.543680 36000 C13
-7248140.570817 39566922.812155 -11688289.065841 39000 C16
time 2025/01/17 09:27:16.000
-6817468.944163 23760790.732693 -8547517.462571 49000 G07
-1650924.288377 17224947.555423 20134795.359344 49000 G14
6588435.054199 19287924.077705 17322397.961756 39000 G17
15813847.926106 19757781.305196 8625487.730241 30000 G19
1120700.481754 26287188.608307 2475240.301090 45000 G30
-15724613.994491 20013131.029645 2251357.118482 33000 R10
-4234092.116236 17794345.825542 17775348.751066 49000 R11
-10466684.402986 1214876.504084 23245195.290660 0 R20
-2663257.105955 18207351.926217 17681576.010654 51000 R21
6772136.809629 24574848.324718 755025.425651 47000 R22
-14720452.605860 39465592.492348 -1203115.436511 46000 C03
-6996670.228465 39944404.204115 -10873585.641560 37000 C06
-7906540.512880 26880765.353486 31626318.967568 49000 C07
-18994820.013441 28647256.947574 -24582738.184206 39000 C08
-2307801.653975 41674553.492629 -1743725.929128 0 C09
877936.983673 29133992.912124 30933632.406650 43000 C10
-14304247.993502 29472952.543706 -26511093.397939 36000 C13
-7246939.602891 39566424.774667 -11690674.271812 39000 C16
time 2025/01/17 09:27:17.000
-6817771.117135 23759606.075935 -8550433.662472 49000 G07
-1653261.376547 17225997.166724 20133679.235479 49000 G14
6586599.207832 19286834.559195 17324375.755591 39000 G17
1120310.528620 26287477.797054 2472125.686723 44000 G30
-15724700.700601 20013464.466990 2247818.311006 33000 R10
-4235607.814640 17796252.303258 17773076.837446 49000 R11
-10467549.525050 1211812.588938 23244969.461230 0 R20
-2663851.186671 18204999.514058 17683907.003339 51000 R21
6772265.506360 24574707.298087 758595.273764 47000 R22
-14720456.838601 39465590.905410 -1203061.916475 46000 C03
-6995486.718747 39943963.434426 -10875960.563643 37000 C06
-7907493.815469 26880383.195174 31626392.525933 48000 C07
-18995027.853754 28648863.337480 -24580716.325195 39000 C08
-2306553.535805 41674488.321575 -1746249.679761 0 C09
877105.519827 29133412.163001 30934178.055022 43000 C10
-14304552.651244 29474446.881845 -26509294.111030 37000 C13
-7245738.706852 39565926.557864 -11693059.414363 38000 C16
time 2025/01/17 09:27:18.000
-6818073.347277 23758421.060286 -8553349.671866 49000 G07
-1655598.285223 17227046.843588 20132562.682725 50000 G14
6584763.100419 19285745.009360 17326353.188588 39000 G17
15811840.035301 19756776.636977 8631287.692676 29000 G19
1119920.599393 26287766.614693 2469011.018932 44000 G30
-15724787.065942 20013797.545108 2244279.449797 33000 R10
-4237123.155793 17798158.669170 17770804.496820 49000 R11
-10468414.898716 1208748.777370 23244743.074514 0 R20
-2664445.560771 18202646.848791 17686237.571865 51000 R21
6772394.055725 24574565.792705 762165.103655 47000 R22
-14720461.071426 39465589.318705 -1203008.390030 46000 C03
-6994303.272838 39943522.489404 -10878335.427152 37000 C06
-7908447.174052 26880001.176807 31626465.917178 49000 C07
-18995235.460459 28650469.758714 -24578694.336333 39000 C08
-2305305.426798 41674422.962235 -1748773.420860 0 C09
876273.971400 29132831.538824 30934723.542793 43000 C10
-14304857.090934 29475941.264187 -26507494.682942 36000 C13
-7244537.882717 39565428.161751 -11695444.493502 38000 C16
time 2025/01/17 09:27:19.000
-6818375.634636 23757235.685768 -8556265.490697 49000 G07
-1657935.014368 17228096.585976 20131445.701103 49000 G14
6582926.731983 19284655.428257 17328330.260709 39000 G17
15810835.611412 19756274.062035 8634187.403889 27000 G19
1119530.694026 26288055.061213 2465896.297787 44000 G30
-15724873.090567 20014130.263945 2240740.534906 33000 R10
-4238638.139693 17800064.923202 17768531.729227 49000 R11
-10469280.523956 1205685.069460 23244516.130517 0 R20
-2665040.228285 18200293.930488 17688567.716191 51000 R21
6772522.457652 24574423.808599 765734.915244 47000 R22
-14720465.304333 39465587.732234 -1202954.857177 46000 C03
-6993119.890759 39943081.369056 -10880710.232087 37000 C06
-7909400.588613 26879619.298391 31626539.141303 48000 C07
-18995442.833551 28652076.211245 -24576672.217625 38000 C08
-2304057.326979 41674357.414609 -1751297.152415 0 C09
875442.338408 29132251.039605 30935268.869961 43000 C10
-14305161.312567 29477435.690713 -26505695.113673 36000 C13
-7243337.130510 39564929.586337 -11697829.509222 38000 C16
time 2025/01/17 09:27:20.000
-6818677.979256 23756049.952412 -8559181.118886 49000 G07
-1660271.563922 17229146.393840 20130328.290639 49000 G14
6581090.102547 19283565.815942 17330306.971917 39000 G17
15809830.868547 19755771.326622 8637086.934939 27000 G19
1119140.812474 26288343.136604 2462781.523364 44000 G30
-15724958.774526 20014462.623444 2237201.566456 34000 R10
-4240152.766318 17801971.065253 17766258.534739 49000 R11
-10470146.400730 1202621.465329 23244288.629247 0 R20
-2665635.189233 18197940.759248 17690897.436245 51000 R21
6772650.712069 24574281.345791 769304.708437 47000 R22
-14720469.537324 39465586.145995 -1202901.317916 46000 C03
-6991936.572541 39942640.073394 -10883084.978424 37000 C06
-7910354.059125 26879237.559937 31626612.198307 49000 C07
-18995649.973026 28653682.695033 -24574649.969092 39000 C08
-2302809.236381 41674291.678699 -1753820.874403 0 C09
874610.620873 29131670.665356 30935814.036521 43000 C10
-14305465.316136 29478930.161375 -26503895.403249 37000 C13
-7242136.450253 39564430.831632 -11700214.461514 38000 C16
time 2025/01/17 09:27:21.000
-6818980.381182 23754863.860255 -8562096.556339 49000 G07
-1662607.933815 17230196.267124 20129210.451370 50000 G14
6579253.212162 19282476.172487 17332283.322144 39000 G17
15808825.806683 19755268.430784 8639986.285806 26000 G19
1118750.954690 26288630.840854 2459666.695758 43000 G30
-15725044.117868 20014794.623547 2233662.544547 34000 R10
-4241667.035642 17803877.095218 17763984.913429 49000 R11
-10471012.529006 1199557.965076 23244060.570709 0 R20
-2666230.443638 18195587.335181 17693226.731951 51000 R21
6772778.818901 24574138.404308 772874.483105 47000 R22
-14720473.770397 39465584.559991 -1202847.772248 47000 C03
-6990753.318219 39942198.602431 -10885459.666128 38000 C06
-7911307.585561 26878855.961455 31626685.088189 49000 C07
-18995856.878876 28655289.210029 -24572627.590762 39000 C08
-2301561.155042 41674225.754507 -1756344.586787 0 C09
873778.818821 29131090.416096 30936359.042466 43000 C10
-14305769.101631 29480424.676134 -26502095.551690 37000 C13
-7240935.841992 39563931.897654 -11702599.350329 39000 C16
time 2025/01/17 09:27:22.000
-6819282.840461 23753677.409318 -8565011.803001 49000 G07
-1664944.124013 17231246.205791 20128092.183310 50000 G14
6577416.060839 19281386.497941 17334259.311365 39000 G17
15807820.425796 19754765.374567 8642885.456472 25000 G19
1118361.120627 26288918.173955 2456551.815023 43000 G30
-15725129.120644 20015126.264198 2230123.469265 35000 R10
-4243180.947661 17805783.013019 17761710.865341 49000 R11
-10471878.908759 1196494.568773 23243831.954907 0 R20
-2666825.991525 18193233.658365 17695555.603262 51000 R21
6772906.778079 24573994.984175 776444.239182 47000 R22
-14720478.003553 39465582.974219 -1202794.220173 46000 C03
-6989570.127816 39941756.956175 -10887834.295195 38000 C06
-7912261.167905 26878474.502952 31626757.810948 49000 C07
-18996063.551100 28656895.756210 -24570605.082632 39000 C08
-2300313.082983 41674159.642033 -1758868.289571 0 C09
872946.932267 29130510.291835 30936903.887794 43000 C10
-14306072.669047 29481919.234961 -26500295.559004 37000 C13
-7239735.305742 39563432.784409 -11704984.175675 39000 C16
time 2025/01/17 09:27:23.000
-6819585.357141 23752490.599620 -8567926.858828 48000 G07
-1667280.134484 17232296.209804 20126973.486475 50000 G14
6575578.648595 19280296.792356 17336234.939549 39000 G17
15806814.725868 19754262.158018 8645784.446906 26000 G19
1117971.310232 26289205.135900 2453436.881203 43000 G30
-15725213.782907 20015457.545345 2226584.340660 35000 R10
-4244694.502369 17807688.818577 17759436.390518 49000 R11
-10472745.539958 1193431.276515 23243602.781848 0 R20
-2667421.832926 18190879.728870 17697884.050137 51000 R21
6773034.589530 24573851.085413 780013.976605 47000 R22
-14720482.236792 39465581.388681 -1202740.661691 47000 C03
-6988387.001350 39941315.134633 -10890208.865625 37000 C06
-7913214.806141 26878093.184435 31626830.366585 48000 C07
-18996269.989692 28658502.333545 -24568582.444710 39000 C08
-2299065.020231 41674093.341277 -1761391.982737 0 C09
872114.961223 29129930.292581 30937448.572505 43000 C10
-14306376.018380 29483413.837836 -26498495.425185 37000 C13
-7238534.841524 39562933.491905 -11707368.937549 38000 C16
time 2025/01/17 09:27:24.000
-6819887.931268 23751303.431189 -8570841.723742 48000 G07
-1669615.965172 17233346.279114 20125854.360894 50000 G14
6573740.975458 19279207.055792 17338210.206653 39000 G17
15805808.706912 19753758.781202 8648683.256977 27000 G19
1117581.523462 26289491.726677 2450321.894383 43000 G30
-15725298.104707 20015788.466930 2223045.158831 35000 R10
-4246207.699753 17809594.511802 17757161.489018 49000 R11
-10473612.422567 1190368.088411 23243373.051538 0 R20
-2668017.967864 18188525.546791 17700212.072514 51000 R21
6773162.253182 24573706.708049 783583.695282 47000 R22
-14720486.470114 39465579.803375 -1202687.096803 47000 C03
-6987203.938852 39940873.137814 -10892583.377397 38000 C06
-7914168.500246 26877712.005912 31626902.755099 49000 C07
-18996476.194648 28660108.941998 -24566559.677008 39000 C08
-2297816.966805 41674026.852241 -1763915.666291 0 C09
871282.905711 29129350.418349 30937993.096595 43000 C10
-14306679.149623 29484908.484723 -26496695.150248 37000 C13
-7237334.449368 39562434.020153 -11709753.635933 39000 C16
time 2025/01/17 09:27:25.000
-6820190.562889 23750115.904053 -8573756.397677 48000 G07
-1671951.616030 17234396.413678 20124734.806588 50000 G14
6571903.041455 19278117.288306 17340185.112634 38000 G17
15804802.368923 19753255.244173 8651581.886620 28000 G19
1117191.760266 26289777.946278 2447206.854625 43000 G30
-15725382.086095 20016119.028899 2219505.923868 36000 R10
-4247720.539799 17811500.092603 17754886.160898 49000 R11
-10474479.556557 1187305.004546 23243142.763983 0 R20
-2668614.396365 18186171.112215 17702539.670334 51000 R21
6773289.768963 24573561.852108 787153.395121 47000 R22
-14720490.703518 39465578.218303 -1202633.525508 47000 C03
-6986020.940348 39940430.965731 -10894957.830497 38000 C06
-7915122.250199 26877330.967391 31626974.976489 48000 C07
-18996682.165964 28661715.581535 -24564536.779538 39000 C08
-2296568.922748 41673960.174926 -1766439.340188 0 C09
870450.765747 29128770.669148 30938537.460062 43000 C10
-14306982.062769 29486403.175594 -26494894.734200 38000 C13
-7236134.129301 39561934.369165 -11712138.270809 39000 C16
time 2025/01/17 09:27:26.000
-23352691.186578 12518451.509096 -185826.632733 32000 G03
-6820493.252049 23748928.018236 -8576670.880569 48000 G07
-1674287.087009 17235446.613451 20123614.823582 50000 G14
6570064.846605 19277027.489953 17342159.657460 38000 G17
15803795.711883 19752751.546981 8654480.335799 29000 G19
1116802.020597 26290063.794693 2444091.761998 43000 G30
-15725465.727123 20016449.231194 2215966.635850 36000 R10
-4249233.022495 17813405.560893 17752610.406213 49000 R11
-10475346.941897 1184242.025012 23242911.919187 0 R20
-2669211.118453 18183816.425230 17704866.843543 51000 R21
6773417.136801 24573416.517612 790723.076037 47000 R22
-14720494.937005 39465576.633465 -1202579.947807 47000 C03
-6984838.005859 39939988.618389 -10897332.224918 38000 C06
-7916076.055980 26876950.068880 31627047.030755 48000 C07
-18996887.903635 28663322.252122 -24562513.752309 39000 C08
-2295320.888079 41673893.309332 -1768963.004433 0 C09
869618.541352 29128191.044994 30939081.662900 43000 C10
-14307284.757812 29487897.910408 -26493094.177060 38000 C13
-7234933.881351 39561434.538952 -11714522.842164 39000 C16
time 2025/01/17 09:27:27.000
-23352790.679137 12518271.120885 -182585.049525 32000 G03
-6820795.998794 23747739.773766 -8579585.172346 48000 G07
-1676622.378063 17236496.878389 20122494.411898 50000 G14
6568226.390934 19275937.660789 17344133.841090 38000 G17
15802788.735786 19752247.689679 8657378.604442 29000 G19
1116412.304409 26290349.271912 2440976.616573 42000 G30
-15725549.027840 20016779.073762 2212427.294863 36000 R10
-4250745.147829 17815310.916583 17750334.225019 49000 R11
-10476214.578553 1181179.149918 23242680.517158 0 R20
-2669808.134155 18181461.485923 17707193.592082 51000 R21
6773544.356623 24573270.704588 794292.737946 47000 R22
-14720499.170574 39465575.048859 -1202526.363701 47000 C03
-6983655.135415 39939546.095800 -10899706.560642 39000 C06
-7917029.917568 26876569.310388 31627118.917896 48000 C07
-18997093.407656 28664928.953724 -24560490.595335 39000 C08
-2294072.862829 41673826.255461 -1771486.659003 0 C09
868786.232544 29127611.545897 30939625.705108 43000 C10
-14307587.234746 29489392.689139 -26491293.478832 38000 C13
-7233733.705541 39560934.529522 -11716907.349988 39000 C16
time 2025/01/17 09:27:28.000
-23352889.821782 12518090.545480 -179343.462413 32000 G03
-6821098.803173 23746551.170668 -8582499.272947 48000 G07
-1678957.489144 17237547.208449 20121373.571560 50000 G14
6566387.674475 19274847.800877 17346107.663476 38000 G17
15801781.440618 19751743.672318 8660276.692504 31000 G19
1116022.611652 26290634.377926 2437861.418414 42000 G30
-15725631.988298 20017108.556546 2208887.900994 37000 R10
-4252256.915787 17817216.159584 17748057.617370 49000 R11
-10477082.466496 1178116.379343 23242448.557901 0 R20
-2670405.443496 18179106.294382 17709519.915897 51000 R21
6773671.428358 24573124.413060 797862.380756 47000 R22
-14720503.404227 39465573.464487 -1202472.773189 47000 C03
-6982472.329039 39939103.397973 -10902080.837662 38000 C06
-7917983.834942 26876188.691923 31627190.637912 48000 C07
-18997298.678023 28666535.686307 -24558467.308627 39000 C08
-2292824.847022 41673759.013313 -1774010.303894 0 C09
867953.839339 29127032.171868 30940169.586683 43000 C10
-14307889.493563 29490887.511750 -26489492.639531 38000 C13
-7232533.601902 39560434.340888 -11719291.794262 39000 C16
time 2025/01/17 09:27:29.000
-23352988.614539 12517909.782830 -176101.871441 31000 G03
-6821401.665229 23745362.208970 -8585413.182302 48000 G07
-1681292.420207 17238597.603586 20120252.302588 50000 G14
6564548.697235 19273757.910263 17348081.124596 38000 G17
15800773.826376 19751239.494954 8663174.599909 32000 G19
1115632.942280 26290919.112726 2434746.167591 42000 G30
-15725714.608548 20017437.679489 2205348.454332 37000 R10
-4253768.326359 17819121.289809 17745780.583322 49000 R11
-10477950.605694 1175053.713383 23242216.041421 0 R20
-2671003.046502 18176750.850692 17711845.814932 51000 R21
6773798.351934 24572977.643052 801432.004387 47000 R22
-14720507.637961 39465571.880348 -1202419.176273 47000 C03
-6981289.586763 39938660.524918 -10904455.055951 38000 C06
-7918937.808083 26875808.213492 31627262.190802 49000 C07
-18997503.714732 28668142.449837 -24556443.892194 39000 C08
-2291576.840690 41673691.582889 -1776533.939082 0 C09
867121.361757 29126452.922923 30940713.307621 43000 C10
-14308191.534257 29492382.378215 -26487691.659162 38000 C13
-7231333.570456 39559933.973058 -11721676.174980 39000 C16
time 2025/01/17 09:27:30.000
-23353087.057430 12517728.832890 -172860.276718 31000 G03
-6821704.585011 23744172.888694 -8588326.900348 47000 G07
-1683627.171204 17239648.063758 20119130.605008 51000 G14
6562709.459257 19272667.989014 17350054.224393 37000 G17
15799765.893059 19750735.157643 8666072.326575 33000 G19
1115243.296243 26291203.476302 2431630.864166 42000 G30
-15725796.888642 20017766.442538 2201808.954958 38000 R10
-4255279.379533 17821026.307171 17743503.122928 49000 R11
-10478818.996116 1171991.152136 23241982.967724 0 R20
-2671600.943199 18174395.154939 17714171.289132 51000 R21
6773925.127277 24572830.394590 805001.608748 46000 R22
-14720511.871778 39465570.296442 -1202365.572951 47000 C03
-6980106.908604 39938217.476642 -10906829.215512 38000 C06
-7919891.836970 26875427.875104 31627333.576566 48000 C07
-18997708.517777 28669749.244276 -24554420.346052 39000 C08
-2290328.843858 41673623.964191 -1779057.564556 0 C09
866288.799815 29125873.799070 30941256.867919 44000 C10
-14308493.356824 29493877.288500 -26485890.537737 38000 C13
-7230133.611228 39559433.426044 -11724060.492129 39000 C16
time 2025/01/17 09:27:31.000
-23353185.150483 12517547.695609 -169618.678281 30000 G03
-6822007.562565 23742983.209869 -8591240.427019 47000 G07
-1685961.742087 17240698.588919 20118008.478842 51000 G14
6560869.960553 19271578.037181 17352026.962841 37000 G17
15798757.640658 19750230.660439 8668969.872435 33000 G19
1114853.673495 26291487.468645 2428515.508211 42000 G30
-15725878.828629 20018094.845636 2198269.402954 38000 R10
-4256790.075298 17822931.211581 17741225.236242 49000 R11
-10479687.637732 1168928.695688 23241749.336817 0 R20
-2672199.133611 18172039.207212 17716496.338439 51000 R21
6774051.754317 24572682.667697 808571.193753 46000 R22
-14720516.105678 39465568.712769 -1202311.963225 47000 C03
-6978924.294593 39937774.253157 -10909203.316324 39000 C06
-7920845.921581 26875047.676767 31627404.795203 48000 C07
-18997913.087156 28671356.069601 -24552396.670200 39000 C08
-2289080.856555 41673556.157219 -1781581.180304 0 C09
865456.153532 29125294.800322 30941800.267575 43000 C10
-14308794.961255 29495372.242574 -26484089.275263 38000 C13
-7228933.724246 39558932.699855 -11726444.745696 39000 C16
time 2025/01/17 09:27:32.000
-23353282.893720 12517366.370939 -166377.076228 30000 G03
-6822310.597936 23741793.172520 -8594153.762247 47000 G07
-1688296.132812 17241749.179027 20116885.924112 51000 G14
6559030.201161 19270488.054828 17353999.339886 37000 G17
15797749.069169 19749726.003397 8671867.237422 34000 G19
1114464.073988 26291771.089746 2425400.099791 42000 G30
-15725960.428562 20018422.888727 2194729.798409 38000 R10
-4258300.413640 17824836.002951 17738946.923321 49000 R11
-10480556.530508 1165866.344142 23241515.148704 0 R20
-2672797.617765 18169683.007596 17718820.962800 51000 R21
6774178.232981 24572534.462399 812140.759318 46000 R22
-14720520.339660 39465567.129329 -1202258.347095 47000 C03
-6977741.744751 39937330.854470 -10911577.358382 38000 C06
-7921800.061898 26874667.618488 31627475.846713 48000 C07
-18998117.422862 28672962.925770 -24550372.864656 39000 C08
-2287832.878803 41673488.161974 -1784104.786320 0 C09
864623.422926 29124715.926693 30942343.506585 44000 C10
-14309096.347546 29496867.240408 -26482287.871750 38000 C13
-7227733.909541 39558431.794504 -11728828.935658 39000 C16
time 2025/01/17 09:27:33.000
-23353380.287167 12517184.858830 -163135.470597 30000 G03
-6822613.691172 23740602.776674 -8597066.905966 47000 G07
-1690630.343328 17242799.834036 20115762.940842 51000 G14
6557190.181097 19269398.042007 17355971.355497 38000 G17
15796740.178578 19749221.186567 8674764.421488 34000 G19
1114074.497673 26292054.339595 2422284.638976 42000 G30
-15726041.688492 20018750.571757 2191190.141399 38000 R10
-4259810.394548 17826740.681194 17736668.184218 49000 R11
-10481425.674409 1162804.097603 23241280.403394 0 R20
-2673396.395687 18167326.556178 17721145.162157 51000 R21
6774304.563197 24572385.778720 815710.305353 45000 R22
-14720524.573724 39465565.546123 -1202204.724560 46000 C03
-6976559.259109 39936887.280593 -10913951.341663 38000 C06
-7922754.257900 26874287.700276 31627546.731096 48000 C07
-18998321.524892 28674569.812747 -24548348.929437 38000 C08
-2286584.910636 41673419.978456 -1786628.382580 0 C09
863790.608016 29124137.178194 30942886.584946 44000 C10
-14309397.515689 29498362.281961 -26480486.327217 37000 C13
-7226534.167132 39557930.709998 -11731213.062014 38000 C16
time 2025/01/17 09:27:34.000
-23353477.330848 12517003.159235 -159893.861477 30000 G03
-6822916.842318 23739412.022355 -8599979.858117 47000 G07
-1692964.373590 17243850.553902 20114639.529056 51000 G14
6555349.900385 19268307.998773 17357943.009638 37000 G17
15795730.968875 19748716.210002 8677661.424575 34000 G19
1113684.944504 26292337.218183 2419169.125833 42000 G30
-15726122.608469 20019077.894670 2187650.432017 38000 R10
-4261320.018012 17828645.246223 17734389.018987 49000 R11
-10482295.069418 1159741.956117 23241045.100887 0 R20
-2673995.467400 18164969.853047 17723468.936454 51000 R21
6774430.744894 24572236.616686 819279.831780 45000 R22
-14720528.807871 39465563.963149 -1202151.095622 46000 C03
-6975376.837690 39936443.531534 -10916325.266160 38000 C06
-7923708.509565 26873907.922138 31627617.448350 48000 C07
-18998525.393241 28676176.730504 -24546324.864544 38000 C08
-2285336.952081 41673351.606668 -1789151.969070 0 C09
862957.708819 29123558.554836 30943429.502655 43000 C10
-14309698.465677 29499857.367209 -26478684.641664 37000 C13
-7225334.497050 39557429.446350 -11733597.124743 39000 C16
time 2025/01/17 09:27:35.000
-23353574.024788 12516821.272104 -156652.248925 29000 G03
-6823220.051421 23738220.909590 -8602892.618624 47000 G07
-1695298.223552 17244901.338584 20113515.688775 51000 G14
6553509.359055 19267217.925187 17359914.302262 36000 G17
15794721.440050 19748211.073755 8680558.246623 35000 G19
1113295.414430 26292619.725501 2416053.560419 42000 G30
-15726203.188545 20019404.857410 2184110.670342 39000 R10
-4262829.284018 17830549.697948 17732109.427684 49000 R11
-10483164.715490 1156679.919823 23240809.241194 0 R20
-2674594.832932 18162612.898289 17725792.285635 51000 R21
6774556.777998 24572086.976320 822849.338506 44000 R22
-14720533.042099 39465562.380409 -1202097.460281 46000 C03
-6974194.480522 39935999.607302 -10918699.131853 39000 C06
-7924662.816874 26873528.284084 31627687.998476 48000 C07
-18998729.027905 28677783.679004 -24544300.669991 38000 C08
-2284089.003167 41673283.046610 -1791675.545771 0 C09
862124.725352 29122980.056632 30943972.259709 43000 C10
-14309999.197506 29501352.496121 -26476882.815101 37000 C13
-7224134.899321 39556928.003570 -11735981.123832 39000 C16
time 2025/01/17 09:27:36.000
-23353670.369011 12516639.197389 -153410.633027 28000 G03
-6823523.318527 23737029.438405 -8605805.187428 47000 G07
-1697631.893167 17245952.188035 20112391.420022 51000 G14
6551668.557127 19266127.821304 17361885.233335 36000 G17
15793711.592090 19747705.777875 8683454.887589 35000 G19
1112905.907405 26292901.861540 2412937.942805 42000 G30
-15726283.428771 20019731.459922 2180570.856464 39000 R10
-4264338.192555 17832454.036282 17729829.410365 48000 R11
-10484034.612598 1153617.988802 23240572.824320 0 R20
-2675194.492308 18160255.691990 17728115.209645 51000 R21
6774682.662438 24571936.857648 826418.825445 44000 R22
-14720537.276410 39465560.797901 -1202043.818537 46000 C03
-6973012.187630 39935555.507908 -10921072.938734 39000 C06
-7925617.179806 26873148.786120 31627758.381473 48000 C07
-18998932.428879 28679390.658213 -24542276.345788 39000 C08
-2282841.063916 41673214.298283 -1794199.112686 0 C09
861291.657635 29122401.683593 30944514.856106 43000 C10
-14310299.711169 29502847.668663 -26475080.847541 38000 C13
-7222935.373970 39556426.381669 -11738365.059271 39000 C16
time 2025/01/17 09:27:37.000
-23353766.363543 12516456.935040 -150169.013820 29000 G03
-6823826.643683 23735837.608828 -8608717.564456 46000 G07
-1699965.382390 17247003.102213 20111266.722820 51000 G14
6549827.494636 19265037.687185 17363855.802807 37000 G17
15792701.424991 19747200.322419 8686351.347395 35000 G19
1112516.423382 26293183.626289 2409822.273073 42000 G30
-15726363.329198 20020057.702149 2177030.990471 39000 R10
-4265846.743611 17834358.261137 17727548.967082 49000 R11
-10484904.760707 1150556.163154 23240335.850270 0 R20
-2675794.445552 18157898.234238 17730437.708429 51000 R21
6774808.398142 24571786.260694 829988.292515 43000 R22
-14720541.510804 39465559.215627 -1201990.170389 47000 C03
-6971829.959039 39935111.233360 -10923446.686791 40000 C06
-7926571.598341 26872769.428254 31627828.597340 48000 C07
-18999135.596160 28680997.668097 -24540251.891949 38000 C08
-2281593.134359 41673145.361687 -1796722.669790 0 C09
860458.505687 29121823.435733 30945057.291841 44000 C10
-14310600.006659 29504342.884804 -26473278.738991 38000 C13
-7221735.921024 39555924.580656 -11740748.931046 40000 C16
time 2025/01/17 09:27:38.000
-23353862.008407 12516274.485011 -146927.391415 29000 G03
-6824130.026936 23734645.420880 -8611629.749654 46000 G07
-1702298.691171 17248054.081074 20110141.597193 51000 G14
6547986.171603 19263947.522885 17365826.010645 36000 G17
15791690.938745 19746694.707440 8689247.625977 35000 G19
1112126.962313 26293465.019740 2406706.551282 42000 G30
-15726442.889878 20020383.584038 2173491.072438 39000 R10
-4267354.937174 17836262.372424 17725268.097892 49000 R11
-10485775.159792 1147494.442958 23240098.319050 0 R20
-2676394.692692 18155540.525117 17732759.781931 51000 R21
6774933.985038 24571635.185484 833557.739631 43000 R22
-14720545.745279 39465557.633586 -1201936.515840 47000 C03
-6970647.794770 39934666.783667 -10925820.376017 40000 C06
-7927526.072459 26872390.210496 31627898.646077 48000 C07
-18999338.529741 28682604.708624 -24538227.308480 39000 C08
-2280345.214530 41673076.236825 -1799246.217057 0 C09
859625.269524 29121245.313062 30945599.566913 44000 C10
-14310900.083971 29505838.144515 -26471476.489460 38000 C13
-7220536.540506 39555422.600541 -11743132.739149 40000 C16
time 2025/01/17 09:27:39.000
-23353957.303628 12516091.847252 -143685.765872 30000 G03
-6824433.468331 23733452.874591 -8614541.742948 46000 G07
-1704631.819464 17249105.124573 20109016.043163 51000 G14
6546144.588048 19262857.328460 17367795.856811 36000 G17
15790680.133334 19746188.932986 8692143.723305 34000 G19
1111737.524149 26293746.041884 2403590.777491 42000 G30
-15726522.110860 20020709.105532 2169951.102457 39000 R10
-4268862.773234 17838166.370058 17722986.802848 49000 R11
-10486645.809809 1144432.828342 23239860.230668 0 R20
-2676995.233752 18153182.564715 17735081.430096 51000 R21
6775059.423055 24571483.632041 837127.166710 44000 R22
-14720549.979836 39465556.051778 -1201882.854888 47000 C03
-6969465.694853 39934222.158839 -10928194.006394 40000 C06
-7928480.602138 26872011.132852 31627968.527683 48000 C07
-18999541.229620 28684211.779757 -24536202.595398 37000 C08
-2279097.304446 41673006.923696 -1801769.754496 0 C09
858791.949164 29120667.315594 30946141.681318 44000 C10
-14311199.943097 29507333.447758 -26469674.098963 35000 C13
-7219337.232444 39554920.441336 -11745516.483565 40000 C16
time 2025/01/17 09:27:40.000
-23354052.249233 12515909.021712 -140444.137223 30000 G03
-6824736.967914 23732259.969987 -8617453.544271 46000 G07
-1706964.767224 17250156.232667 20107890.060754 51000 G14
6544302.743981 19261767.103955 17369765.341285 35000 G17
15789669.008763 19745682.999117 8695039.639276 35000 G19
1111348.108842 26294026.692712 2400474.951770 42000 G30
-15726600.992198 20021034.266575 2166411.080609 39000 R10
-4270370.251779 17840070.253950 17720705.082004 49000 R11
-10487516.710738 1141371.319368 23239621.585127 0 R20
-2677596.068757 18150824.353119 17737402.652868 51000 R21
6775184.712118 24571331.600391 840696.573656 44000 R22
-14720554.214476 39465554.470203 -1201829.187534 47000 C03
-6968283.659316 39933777.358886 -10930567.577902 40000 C06
-7929435.187359 26871632.195331 31628038.242158 48000 C07
-18999743.695792 28685818.881464 -24534177.752707 38000 C08
-2277849.404136 41672937.422302 -1804293.282089 0 C09
857958.544627 29120089.443338 30946683.635054 44000 C10
-14311499.584031 29508828.794504 -26467871.567509 36000 C13
-7218137.996866 39554418.103050 -11747900.164276 40000 C16
time 2025/01/17 09:27:41.000
-23354146.845244 12515726.008346 -137202.505585 31000 G03
-6825040.525733 23731066.707092 -8620365.153563 46000 G07
-1709297.534403 17251207.405311 20106763.649988 51000 G14
6542460.639461 19260676.849450 17371734.463989 34000 G17
15788657.565015 19745176.905882 8697935.373855 34000 G19
1110958.716345 26294306.972213 2397359.074199 42000 G30
-15726679.533941 20021359.067113 2162871.006986 38000 R10
-4271877.372797 17841974.024012 17718422.935416 49000 R11
-10488387.862549 1138309.916120 23239382.382433 0 R20
-2678197.197733 18148465.890417 17739723.450189 51000 R21
6775309.852158 24571179.090560 844265.960387 44000 R22
-14720558.449197 39465552.888861 -1201775.513778 46000 C03
-6967101.688177 39933332.383815 -10932941.090545 39000 C06
-7930389.828101 26871253.397940 31628107.789502 48000 C07
-18999945.928252 28687426.013712 -24532152.780420 39000 C08
-2276601.513630 41672867.732644 -1806816.799820 0 C09
857125.055929 29119511.696309 30947225.428116 44000 C10
-14311799.006768 29510324.184721 -26466068.895107 37000 C13
-7216938.833795 39553915.585694 -11750283.781277 39000 C16
time 2025/01/17 09:27:42.000
-23354241.091687 12515542.807104 -133960.871008 31000 G03
-6825344.141834 23729873.085934 -8623276.570753 46000 G07
-1711630.120952 17252258.642461 20105636.810889 51000 G14
6540618.274489 19259586.564986 17373703.224910 34000 G17
15787645.802077 19744670.653332 8700830.926991 34000 G19
1110569.346610 26294586.880380 2394243.144829 42000 G30
-15726757.736142 20021683.507091 2159330.881649 38000 R10
-4273384.136276 17843877.680156 17716140.363139 48000 R11
-10489259.265205 1135248.618714 23239142.622594 0 R20
-2678798.620706 18146107.176694 17742043.822007 51000 R21
6775434.843102 24571026.102571 847835.326818 45000 R22
-14720562.684001 39465551.307752 -1201721.833621 46000 C03
-6965919.781471 39932887.233639 -10935314.544292 39000 C06
-7931344.524343 26870874.740688 31628177.169714 49000 C07
-19000147.926995 28689033.176461 -24530127.678554 38000 C08
-2275353.632952 41672797.854722 -1809340.307678 0 C09
856291.483091 29118934.074518 30947767.060502 44000 C10
-14312098.211301 29511819.618379 -26464266.081765 38000 C13
-7215739.743261 39553412.889279 -11752667.334546 39000 C16
time 2025/01/17 09:27:43.000
-23354334.988587 12515359.417935 -130719.233533 33000 G03
-6825647.816262 23728679.106538 -8626187.795776 46000 G07
-1713962.526826 17253309.944073 20104509.543479 51000 G14
6538775.649094 19258496.250622 17375671.624005 32000 G17
15786633.719944 19744164.241522 8703726.298616 34000 G19
1110179.999589 26294866.417202 2391127.163731 42000 G30
-15726835.598851 20022007.586453 2155790.704707 37000 R10
-4274890.542204 17845781.222293 17713857.365227 48000 R11
-10490130.918677 1132187.427226 23238902.305613 0 R20
-2679400.337700 18143748.212039 17744363.768263 51000 R21
6775559.684877 24570872.636449 851404.672864 45000 R22
-14720566.918886 39465549.726876 -1201668.147063 46000 C03
-6964737.939218 39932441.908365 -10937687.939139 40000 C06
-7932299.276066 26870496.223583 31628246.382793 48000 C07
-19000349.692019 28690640.369688 -24528102.447107 38000 C08
-2274105.762140 41672727.788538 -1811863.805632 0 C09
855457.826128 29118356.577976 30948308.532210 43000 C10
-14312397.197623 29513315.095446 -26462463.127492 38000 C13
-7214540.725288 39552910.013815 -11755050.824074 40000 C16
time 2025/01/17 09:27:44.000
-23354428.535968 12515175.840793 -127477.593258 30000 G03
-6825951.549064 23727484.768932 -8629098.828566 45000 G07
-1716294.751979 17254361.310104 20103381.847783 51000 G14
6536932.763316 19257405.906425 17377639.661217 31000 G17
15785621.318609 19743657.670505 8706621.488662 33000 G19
1109790.675235 26295145.582671 2388011.130986 43000 G30
-15726913.122120 20022331.305142 2152250.476239 38000 R10
-4276396.590571 17847684.650337 17711573.941736 47000 R11
-10491002.822936 1129126.341752 23238661.431498 0 R20
-2680002.348742 18141388.996536 17746683.288905 51000 R21
6775684.377413 24570718.692220 854973.998442 45000 R22
-14720571.153853 39465548.146234 -1201614.454104 47000 C03
-6963556.161443 39931996.408003 -10940061.275076 39000 C06
-7933254.083248 26870117.846633 31628315.428739 49000 C07
-19000551.223317 28692247.593352 -24526077.086098 37000 C08
-2272857.901215 41672657.534092 -1814387.293680 0 C09
854624.085061 29117779.206696 30948849.843235 44000 C10
-14312695.965730 29514810.615894 -26460660.032296 38000 C13
-7213341.779904 39552406.959313 -11757434.249846 41000 C16
time 2025/01/17 09:27:45.000
-23354521.733855 12514992.075630 -124235.950271 29000 G03
-6826255.340286 23726290.073141 -8632009.669056 46000 G07
-1718626.796362 17255412.740509 20102253.723822 51000 G14
6535089.617153 19256315.532435 17379607.336538 30000 G17
15784608.598067 19743150.940336 8709516.497060 32000 G19
1109401.373500 26295424.376776 2384895.046653 43000 G30
-15726990.306000 20022654.663106 2148710.196322 37000 R10
-4277902.281363 17849587.964199 17709290.092720 47000 R11
-10491874.977928 1126065.362455 23238420.000260 0 R20
-2680604.653855 18139029.530276 17749002.383872 51000 R21
6775808.920637 24570564.269908 858543.303470 45000 R22
-14720575.388902 39465546.565824 -1201560.754745 47000 C03
-6962374.448173 39931550.732562 -10942434.552088 40000 C06
-7934208.945869 26869739.609845 31628384.307552 48000 C07
-19000752.520886 28693854.847418 -24524051.595538 37000 C08
-2271610.050204 41672587.091387 -1816910.771810 0 C09
853790.259907 29117201.960691 30949390.993574 44000 C10
-14312994.515614 29516306.179682 -26458856.796195 38000 C13
-7212142.907132 39551903.725782 -11759817.611854 41000 C16
time 2025/01/17 09:27:46.000
-23354614.582272 12514808.122397 -120994.304642 32000 G03
-6826559.189972 23725095.019201 -8634920.317159 45000 G07
-1720958.659909 17256464.235235 20101125.171630 51000 G14
6533246.210674 19255225.128736 17381574.649879 27000 G17
15783595.558319 19742644.051074 8712411.323720 31000 G19
1109012.094337 26295702.799509 2381778.910814 42000 G30
-15727067.150542 20022977.660282 2145169.865097 37000 R10
-4279407.614556 17851491.163773 17707005.818256 48000 R11
-10492747.383642 1123004.489364 23238178.011899 0 R20
-2681207.253060 18136669.813369 17751321.053087 51000 R21
6775933.314475 24570409.369540 862112.587816 45000 R22
-14720579.624033 39465544.985647 -1201507.048986 46000 C03
-6961192.799447 39931104.882057 -10944807.770134 40000 C06
-7935163.863899 26869361.513232 31628453.019230 49000 C07
-19000953.584719 28695462.131836 -24522025.975460 39000 C08
-2270362.209146 41672516.460422 -1819434.239983 0 C09
852956.350691 29116624.839976 30949931.983222 43000 C10
-14313292.847266 29517801.786774 -26457053.419206 37000 C13
-7210944.107013 39551400.313239 -11762200.910058 40000 C16
time 2025/01/17 09:27:47.000
-23354707.081245 12514623.981045 -117752.656410 33000 G03
-6826863.098173 23723899.607125 -8637830.772837 45000 G07
-1723290.342601 17257515.794250 20099996.191217 51000 G14
6531402.543923 19254134.695395 17383541.601182 25000 G17
15782582.199348 19742137.002767 8715305.968603 30000 G19
1108622.837696 26295980.850861 2378662.723511 42000 G30
-15727143.655797 20023300.296622 2141629.482584 37000 R10
-4280912.590158 17853394.248997 17704721.118367 47000 R11
-10493620.040049 1119943.722554 23237935.466420 0 R20
-2681810.146389 18134309.845871 17753639.296524 51000 R21
6776057.558858 24570253.991139 865681.851443 45000 R22
-14720583.859246 39465543.405703 -1201453.336827 46000 C03
-6960011.215273 39930658.856490 -10947180.929239 39000 C06
-7936118.837332 26868983.556796 31628521.563773 48000 C07
-19001154.414815 28697069.446595 -24520000.225844 39000 C08
-2269114.378056 41672445.641199 -1821957.698216 0 C09
852122.357422 29116047.844558 30950472.812179 43000 C10
-14313590.960684 29519297.437149 -26455249.901325 36000 C13
-7209745.379553 39550896.721686 -11764584.144482 39000 C16
time 2025/01/17 09:27:48.000
-23354799.230799 12514439.651524 -114511.005644 33000 G03
-6827167.064935 23722703.836933 -8640741.036044 46000 G07
-1725621.844401 17258567.417516 20098866.782601 51000 G14
6529558.616888 19253044.232447 17385508.190447 23000 G17
15781568.521129 19741629.795460 8718200.431701 26000 G19
1108233.603527 26296258.530825 2375546.484799 41000 G30
-15727219.821818 20023622.572072 2138089.048847 36000 R10
-4282417.208164 17855297.219791 17702435.993099 47000 R11
-10494492.947121 1116883.062115 23237692.363829 0 R20
-2682413.333872 18131949.627853 17755957.114143 51000 R21
6776181.653714 24570098.134729 869251.094292 44000 R22
-14720588.094540 39465541.825992 -1201399.618268 46000 C03
-6958829.695675 39930212.655870 -10949554.029391 39000 C06
-7937073.866150 26868605.740543 31628589.941183 48000 C07
-19001355.011170 28698676.791669 -24517974.346692 37000 C08
-2267866.556953 41672374.633718 -1824481.146507 0 C09
851288.280115 29115470.974446 30951013.480446 43000 C10
-14313888.855863 29520793.130791 -26453446.242545 36000 C13
-7208546.724776 39550392.951132 -11766967.315120 39000 C16
time 2025/01/17 09:27:49.000
-23354891.030958 12514255.133785 -111269.352411 34000 G03
-6827471.090303 23721507.708659 -8643651.106692 46000 G07
-1727953.165249 17259619.104980 20097736.945811 51000 G14
15780554.523674 19741122.429217 8721094.712891 24000 G19
1107844.391785 26296535.839389 2372430.194768 41000 G30
-15727295.648655 20023944.486573 2134548.564003 36000 R10
-4283921.468552 17857200.076052 17700150.442525 47000 R11
-10495366.104810 1113822.508192 23237448.704136 0 R20
-2683016.815529 18129589.159420 17758274.505870 51000 R21
6776305.598970 24569941.800337 872820.316241 45000 R22
-14720592.329916 39465540.246514 -1201345.893309 46000 C03
-6957648.240683 39929766.280210 -10951927.070567 40000 C06
-7938028.950325 26868228.064485 31628658.151457 48000 C07
-19001555.373778 28700284.167007 -24515948.338035 38000 C08
-2266618.745880 41672303.437981 -1827004.584813 0 C09
850454.118792 29114894.229655 30951553.988017 43000 C10
-14314186.532795 29522288.867652 -26451642.442892 36000 C13
-7207348.142720 39549889.001593 -11769350.421933 39000 C16
time 2025/01/17 09:27:50.000
-23354982.481747 12514070.427783 -108027.696819 33000 G03
-6827775.174321 23720311.222340 -8646560.984692 45000 G07
-1730284.305079 17260670.856593 20096606.680879 51000 G14
15779540.206968 19740614.904086 8723988.812131 24000 G19
1107455.202424 26296812.776544 2369313.853498 40000 G30
-15727371.136359 20024266.040069 2131008.028173 35000 R10
-4285425.371295 17859102.817678 17697864.466719 47000 R11
-10496239.513093 1110762.060851 23237204.487344 0 R20
-2683620.591381 18127228.440681 17760591.471630 51000 R21
6776429.394553 24569784.987987 876389.517187 44000 R22
-14720596.565373 39465538.667268 -1201292.161951 45000 C03
-6956466.850330 39929319.729520 -10954300.052743 38000 C06
-7938984.089832 26867850.528632 31628726.194595 47000 C07
-19001755.502634 28701891.572577 -24513922.199883 38000 C08
-2265370.944864 41672232.053989 -1829528.013121 0 C09
849619.873479 29114317.610202 30952094.334884 42000 C10
-14314483.991471 29523784.647686 -26449838.502396 35000 C13
-7206149.633417 39549384.873082 -11771733.464899 39000 C16
time 2025/01/17 09:27:51.000
-6828079.317037 23719114.377991 -8649470.670000 45000 G07
-1732615.263860 17261722.672315 20095475.987822 51000 G14
15778525.571026 19740107.220134 8726882.729293 22000 G19
1107066.035394 26297089.342282 2366197.461041 40000 G30
-15727446.284983 20024587.232505 2127467.441409 34000 R10
-4286928.916395 17861005.444592 17695578.065719 47000 R11
-10497113.171942 1107701.720171 23236959.713460 0 R20
-2684224.661456 18124867.471705 17762908.011383 51000 R21
6776553.040393 24569627.697706 879958.697046 46000 R22
-14720600.800912 39465537.088256 -1201238.424195 43000 C03
-6955285.524638 39928873.003808 -10956672.975912 37000 C06
-7939939.284655 26867473.132989 31628794.070596 46000 C07
-19001955.397734 28703499.008340 -24511895.932252 38000 C08
-2264123.153932 41672160.481742 -1832051.431422 0 C09
848785.544189 29113741.116095 30952634.521047 42000 C10
-14314781.231886 29525280.470874 -26448034.421049 38000 C13
-7204951.196886 39548880.565606 -11774116.444018 38000 C16
time 2025/01/17 09:27:52.000
-6828383.518498 23717917.175641 -8652380.162550 44000 G07
-1734946.041541 17262774.552101 20094344.866665 51000 G14
15777510.615815 19739599.377401 8729776.464386 25000 G19
1106676.890647 26297365.536593 2363081.017465 39000 G30
-15727521.094576 20024908.063826 2123926.803810 34000 R10
-4288432.103840 17862907.956709 17693291.239578 47000 R11
-10497987.081320 1104641.486262 23236714.382490 0 R20
-2684829.025780 18122506.252583 17765224.125070 51000 R21
6776676.536416 24569469.929518 883527.855740 46000 R22
-14720605.036533 39465535.509477 -1201184.680040 45000 C03
-6954104.263636 39928426.103087 -10959045.840053 37000 C06
-7940894.534773 26867095.877565 31628861.779461 48000 C07
-19002155.059075 28705106.474270 -24509869.535142 39000 C08
-2262875.373108 41672088.721243 -1834574.839703 0 C09
847951.130939 29113164.747347 30953174.546503 43000 C10
-14315078.254034 29526776.337183 -26446230.198864 38000 C13
-7203752.833156 39548376.079176 -11776499.359271 40000 C16
time 2025/01/17 09:27:53.000
-6828687.778749 23716719.615319 -8655289.462265 43000 G07
-1737276.638079 17263826.495909 20093213.317428 51000 G14
15776495.341323 19739091.375938 8732670.017359 25000 G19
1106287.768137 26297641.359467 2359964.522849 39000 G30
-15727595.565192 20025228.533979 2120386.115433 33000 R10
-4289934.933619 17864810.353940 17691003.988353 46000 R11
-10498861.241190 1101581.359241 23236468.494441 0 R20
-2685433.684377 18120144.783400 17767539.812637 51000 R21
6776799.882552 24569311.683447 887096.993203 46000 R22
-14720609.272235 39465533.930931 -1201130.929488 45000 C03
-6952923.067342 39927979.027361 -10961418.645170 37000 C06
-7941849.840165 26866718.762368 31628929.321188 48000 C07
-19002354.486650 28706713.970328 -24507843.008571 40000 C08
-2261627.602417 41672016.772490 -1837098.237962 0 C09
847116.633749 29112588.503968 30953714.411250 42000 C10
-14315375.057910 29528272.246585 -26444425.835848 40000 C13
-7202554.542249 39547871.413803 -11778882.210653 40000 C16
time 2025/01/17 09:27:54.000
-6828992.097837 23715521.697046 -8658198.569093 43000 G07
-1739607.053429 17264878.503696 20092081.340135 51000 G14
15775479.747531 19738583.215793 8735563.388181 27000 G19
1105898.667813 26297916.810899 2356847.977236 39000 G30
-15727669.696880 20025548.642906 2116845.376385 34000 R10
-4291437.405724 17866712.636201 17688716.312092 46000 R11
-10499735.651526 1098521.339178 23236222.049319 0 R20
-2686038.637274 18117783.064239 17769855.074033 51000 R21
6776923.078728 24569152.959519 890666.109338 46000 R22
-14720613.508018 39465532.352617 -1201077.172537 45000 C03
-6951741.935786 39927531.776643 -10963791.391242 36000 C06
-7942805.200812 26866341.787405 31628996.695777 48000 C07
-19002553.680457 28708321.496485 -24505816.352544 39000 C08
-2260379.841892 41671944.635487 -1839621.626169 0 C09
846282.052636 29112012.385973 30954254.115284 43000 C10
-14315671.643508 29529768.199048 -26442621.332007 40000 C13
-7201356.324191 39547366.569494 -11781264.998156 40000 C16
time 2025/01/17 09:27:55.000
-6829296.475809 23714323.420850 -8661107.482964 44000 G07
-1741937.287541 17265930.575415 20090948.934809 51000 G14
15774463.834424 19738074.897016 8738456.576809 28000 G19
1105509.589630 26298191.890875 2353731.380717 39000 G30
-15727743.489694 20025868.390554 2113304.586735 32000 R10
-4292939.520139 17868614.803402 17686428.210857 45000 R11
-10500610.312288 1095461.426193 23235975.047132 0 R20
-2686643.884496 18115421.095186 17772169.909202 51000 R21
6777046.124873 24568993.757759 894235.204060 46000 R22
-14720617.743883 39465530.774536 -1201023.409188 45000 C03
-6950560.868989 39927084.350939 -10966164.078265 37000 C06
-7943760.616694 26865964.952685 31629063.903228 48000 C07
-19002752.640492 28709929.052706 -24503789.567072 40000 C08
-2259132.091556 41671872.310233 -1842145.004324 0 C09
845447.387616 29111436.393370 30954793.658604 42000 C10
-14315968.010822 29531264.194541 -26440816.687352 40000 C13
-7200158.179007 39546861.546263 -11783647.721763 40000 C16
time 2025/01/17 09:27:56.000
-6829600.912709 23713124.786759 -8664016.203810 43000 G07
-1744267.340372 17266982.711024 20089816.101472 51000 G14
15773447.602013 19737566.419670 8741349.583130 29000 G19
1105120.533538 26298466.599389 2350614.733347 39000 G30
-15727816.943683 20026187.776867 2109763.746569 32000 R10
-4294441.276855 17870516.855454 17684139.684699 45000 R11
-10501485.223459 1092401.620336 23235727.487882 0 R20
-2687249.426068 18113058.876330 17774484.318087 51000 R21
6777169.020915 24568834.078192 897804.277279 47000 R22
-14720621.979830 39465529.196689 -1200969.639442 45000 C03
-6949379.866980 39926636.750261 -10968536.706217 37000 C06
-7944716.087790 26865588.258215 31629130.943541 48000 C07
-19002951.366749 28711536.638959 -24501762.652164 39000 C08
-2257884.351443 41671799.796731 -1844668.372396 0 C09
844612.638709 29110860.526172 30955333.041206 43000 C10
-14316264.159843 29532760.233030 -26439011.901898 40000 C13
-7198960.106726 39546356.344118 -11786030.381458 40000 C16
time 2025/01/17 09:27:57.000
-6829905.408587 23711925.794796 -8666924.731569 43000 G07
-1746597.211874 17268034.910479 20088682.840149 51000 G14
15772431.050289 19737057.783808 8744242.407082 28000 G19
1104731.499489 26298740.936433 2347498.035179 38000 G30
-15727890.058900 20026506.801788 2106222.855996 32000 R10
-4295942.675860 17872418.792269 17681850.733676 45000 R11
-10502360.385000 1089341.921714 23235479.371576 0 R20
-2687855.262014 18110696.407760 17776798.300633 51000 R21
6777291.766781 24568673.920844 901373.328911 47000 R22
-14720626.215857 39465527.619074 -1200915.863299 45000 C03
-6948198.929787 39926188.974619 -10970909.275084 37000 C06
-7945671.614081 26865211.704002 31629197.816714 47000 C07
-19003149.859224 28713144.255207 -24499735.607835 39000 C08
-2256636.621574 41671727.094980 -1847191.730388 0 C09
843777.805932 29110284.784393 30955872.263087 42000 C10
-14316560.090568 29534256.314485 -26437206.975650 40000 C13
-7197762.107375 39545850.963072 -11788412.977227 40000 C16
time 2025/01/17 09:27:58.000
-6830209.963486 23710726.444991 -8669833.066172 44000 G07
-1748926.902001 17269087.173737 20087549.150861 51000 G14
15771414.179224 19736548.989472 8747135.048663 28000 G19
1104342.487434 26299014.901997 2344381.286286 37000 G30
-15727962.835397 20026825.465266 2102681.915064 32000 R10
-4297443.717142 17874320.613759 17679561.357843 46000 R11
-10503235.796878 1086282.330434 23235230.698222 0 R20
-2688461.392361 18108333.689560 17779111.856784 51000 R21
6777414.362401 24568513.285739 904942.358873 47000 R22
-14720630.451966 39465526.041692 -1200862.080760 45000 C03
-6947018.057426 39925741.024019 -10973281.784871 36000 C06
-7946627.195545 26864835.290056 31629264.522748 48000 C07
-19003348.117914 28714751.901417 -24497708.434093 39000 C08
-2255388.901981 41671654.204982 -1849715.078275 0 C09
842942.889305 29109709.168043 30956411.324243 43000 C10
-14316855.802990 29535752.438871 -26435401.908622 40000 C13
-7196564.180976 39545345.403134 -11790795.509065 41000 C16
time 2025/01/17 09:27:59.000
-6830514.577453 23709526.737366 -8672741.207557 45000 G07
-1751256.410704 17270139.500750 20086415.033634 51000 G14
15770396.988837 19736040.036730 8750027.507729 28000 G19
1103953.497330 26299288.496070 2341264.486766 37000 G30
-15728035.273224 20027143.767243 2099140.923868 32000 R10
-4298944.400690 17876222.319837 17677271.557252 46000 R11
-10504111.459060 1083222.846591 23234981.467827 0 R20
-2689067.817134 18105970.721818 17781424.986485 51000 R21
6777536.807701 24568352.172903 908511.367076 47000 R22
-14720634.688156 39465524.464542 -1200808.291823 45000 C03
-6945837.249927 39925292.898473 -10975654.235553 38000 C06
-7947582.832163 26864459.016384 31629331.061642 48000 C07
-19003546.142814 28716359.577554 -24495681.130951 39000 C08
-2254141.192689 41671581.126738 -1852238.416051 0 C09
842107.888846 29109133.677135 30956950.224672 44000 C10
-14317151.297102 29537248.606162 -26433596.700816 37000 C13
-7195366.327557 39544839.664313 -11793177.976955 40000 C16
time 2025/01/17 09:28:00.000
-6830819.250536 23708326.671949 -8675649.155659 44000 G07
-1753585.737941 17271191.891478 20085280.488488 51000 G14
15769379.479118 19735530.925634 8752919.784227 27000 G19
1103564.529124 26299561.718645 2338147.636651 37000 G30
-15728107.372432 20027461.707664 2095599.882512 32000 R10
-4300444.726496 17878123.910418 17674981.331957 46000 R11
-10504987.371522 1080163.470247 23234731.680392 0 R20
-2689674.536357 18103607.504620 17783737.689682 51000 R21
6777659.102610 24568190.582360 912080.353443 47000 R22
-14720638.924427 39465522.887626 -1200754.496491 46000 C03
-6944656.507321 39924844.597990 -10978026.627113 37000 C06
-7948538.523912 26864082.882993 31629397.433395 48000 C07
-19003743.933918 28717967.283585 -24493653.698418 39000 C08
-2252893.493725 41671507.860249 -1854761.743701 0 C09
841272.804571 29108558.311680 30957488.964371 44000 C10
-14317446.572898 29538744.816324 -26431791.352248 38000 C13
-7194168.547146 39544333.746623 -11795560.380882 39000 C16
time 2025/01/17 09:28:01.000
-6831123.982780 23707126.248767 -8678556.910411 44000 G07
-1755914.883662 17272244.345875 20084145.515447 51000 G14
15768361.650057 19735021.656237 8755811.878099 27000 G19
1103175.582771 26299834.569712 2335030.736027 37000 G30
-15728179.133075 20027779.286474 2092058.791057 33000 R10
-4301944.694547 17880025.385414 17672690.682012 46000 R11
-10505863.534223 1077104.201532 23234481.335929 0 R20
-2690281.550054 18101244.038056 17786049.966315 51000 R21
6777781.247057 24568028.514137 915649.317884 47000 R22
-14720643.160780 39465521.310942 -1200700.694762 45000 C03
-6943475.829628 39924396.122580 -10980398.959544 37000 C06
-7949494.270774 26863706.889893 31629463.638007 48000 C07
-19003941.491225 28719575.019476 -24491626.136506 39000 C08
-2251645.805122 41671434.405516 -1857285.061201 0 C09
840437.636500 29107983.071690 30958027.543337 44000 C10
-14317741.630374 29540241.069326 -26429985.862923 38000 C13
-7192970.839767 39543827.650071 -11797942.720836 39000 C16
time 2025/01/17 09:28:02.000
-6831428.774230 23705925.467847 -8681464.471740 46000 G07
-1758243.847824 17273296.863899 20083010.114535 51000 G14
6503716.319829 19237774.672678 17413002.407133 40000 G17
15767343.501653 19734512.228595 8758703.789266 28000 G19
1102786.658221 26300107.049264 2331913.784949 35000 G30
-15728250.555202 20028096.503618 2088517.649610 32000 R10
-4303444.304830 17881926.744733 17670399.607477 44000 R11
-10506739.947125 1074045.040561 23234230.434444 0 R20
-2690888.858252 18098880.322210 17788361.816333 51000 R21
6777903.240969 24567865.968258 919218.260315 45000 R22
-14720647.397213 39465519.734491 -1200646.886638 46000 C03
-6942295.216878 39923947.472252 -10982771.232828 39000 C06
-7950450.072728 26863331.037090 31629529.675477 47000 C07
-19004138.814728 28721182.785195 -24489598.445222 38000 C08
-2250398.126898 41671360.762540 -1859808.368558 0 C09
839602.384650 29107407.957178 30958565.961568 43000 C10
-14318036.469520 29541737.365134 -26428180.232858 37000 C13
-7191773.205449 39543321.374671 -11800324.996798 41000 C16
time 2025/01/17 09:28:03.000
-6831733.624934 23704724.329214 -8684371.839591 47000 G07
-1760572.630376 17274349.445502 20081874.285775 51000 G14
6501868.491286 19236683.772302 17414963.561390 41000 G17
15766325.033901 19734002.642763 8761595.517654 27000 G19
1102397.755428 26300379.157290 2328796.783488 34000 G30
-15728321.638866 20028413.359040 2084976.458256 34000 R10
-4304943.557337 17883827.988291 17668108.108401 45000 R11
-10507616.610204 1070985.987395 23233978.975942 0 R20
-2691496.460976 18096516.357170 17790673.239679 51000 R21
6778025.084275 24567702.944748 922787.180650 46000 R22
-14720651.633728 39465518.158273 -1200593.072119 46000 C03
-6941114.669090 39923498.647015 -10985143.446961 40000 C06
-7951405.929752 26862955.324593 31629595.545806 49000 C07
-19004335.904423 28722790.580704 -24487570.624583 39000 C08
-2249150.459086 41671286.931322 -1862331.665744 0 C09
838767.049042 29106832.968156 30959104.219058 44000 C10
-14318331.090333 29543233.703716 -26426374.462059 37000 C13
-7190575.644214 39542814.920430 -11802707.208762 39000 C16
time 2025/01/17 09:28:04.000
-6832038.534939 23703522.832892 -8687279.013899 46000 G07
-1762901.231274 17275402.090643 20080738.029190 51000 G14
6500020.402839 19235592.843215 17416924.353005 41000 G17
15765306.246782 19733492.898789 8764487.063238 26000 G19
1102008.874345 26300650.893781 2325679.731728 32000 G30
-15728392.384119 20028729.852686 2081435.217061 35000 R10
-4306442.452054 17885729.115999 17665816.184843 45000 R11
-10508493.523446 1067927.042069 23233726.960424 0 R20
-2692104.358250 18094152.143024 17792984.236297 51000 R21
6778146.776902 24567539.443634 926356.078796 45000 R22
-14720655.870324 39465516.582288 -1200539.251204 46000 C03
-6939934.186298 39923049.646880 -10987515.601919 41000 C06
-7952361.841829 26862579.752409 31629661.248992 48000 C07
-19004532.760307 28724398.405974 -24485542.674593 39000 C08
-2247902.801717 41671212.911863 -1864854.952744 0 C09
837931.629691 29106258.104634 30959642.315807 43000 C10
-14318625.492805 29544730.085042 -26424568.550535 37000 C13
-7189378.156093 39542308.287362 -11805089.356710 38000 C16
time 2025/01/17 09:28:05.000
-6832343.504289 23702320.978912 -8690185.994590 46000 G07
-1765229.650470 17276454.799277 20079601.344804 51000 G14
6498172.054517 19234501.885477 17418884.781934 41000 G17
15764287.140274 19732982.996718 8767378.425992 27000 G19
1101620.014920 26300922.258730 2322562.629705 31000 G30
-15728462.791011 20029045.984502 2077893.926114 35000 R10
-4307940.988970 17887630.127767 17663523.836859 44000 R11
-10509370.686798 1064868.204745 23233474.387901 0 R20
-2692712.550099 18091787.679859 17795294.806131 51000 R21
6778268.318780 24567375.464940 929924.954683 44000 R22
-14720660.107000 39465515.006536 -1200485.423895 46000 C03
-6938753.768523 39922600.471856 -10989887.697693 42000 C06
-7953317.808935 26862204.320546 31629726.785035 47000 C07
-19004729.382375 28726006.260966 -24483514.595268 39000 C08
-2246655.154821 41671138.704165 -1867378.229532 0 C09
837096.126617 29105683.366627 30960180.251809 43000 C10
-14318919.676932 29546226.509083 -26422762.498295 36000 C13
-7188180.741105 39541801.475474 -11807471.440638 38000 C16
time 2025/01/17 09:28:07.000
-6832953.621213 23699916.198076 -8695999.374868 46000 G07
-1769885.943574 17278560.406846 20077326.692719 51000 G14
6494474.578342 19232319.884272 17422804.551585 42000 G17
15762247.969086 19731962.718518 8773160.602685 25000 G19
1100842.360862 26301463.873962 2316328.275213 29000 G30
-15728602.589921 20029677.162418 2070811.195312 35000 R10
-4310936.989353 17891431.803131 17658937.867834 44000 R11
-10511125.763729 1058750.854407 23232967.571862 0 R20
-2693929.817623 18087058.006815 17799914.665229 51000 R21
6778510.949996 24567046.074916 937062.639271 45000 R22
-14720668.580596 39465511.855729 -1200377.750092 46000 C03
-6936393.128125 39921701.597176 -10994631.711651 41000 C06
-7955229.908157 26861453.877818 31629857.355692 47000 C07
-19005121.925047 28729222.059993 -24479458.048644 38000 C08
-2244159.892493 41670989.724052 -1872424.752564 0 C09
835424.869371 29104534.267198 30961255.641569 43000 C10
-14319507.390120 29549219.485171 -26419149.971713 36000 C13
-7185786.130651 39540787.315286 -11812235.416357 39000 C16
time 2025/01/17 09:28:08.000
-6833258.768878 23698713.271275 -8698905.774323 46000 G07
-1772213.817387 17279613.305693 20076188.725067 51000 G14
6492625.450551 19231228.840924 17424763.892218 43000 G17
15761227.904369 19731452.342483 8776051.416562 24000 G19
1100453.566138 26301734.124223 2313211.022916 25000 G30
-15728671.982042 20029992.208411 2067269.755618 36000 R10
-4312434.452799 17893332.466554 17656644.246900 44000 R11
-10512003.677235 1055692.341605 23232713.328360 0 R20
-2694538.893348 18084692.797113 17802223.954382 51000 R21
6778632.039191 24566880.663636 940631.447818 45000 R22
-14720672.817515 39465510.280674 -1200323.903600 46000 C03
-6935212.905554 39921251.897540 -10997003.629806 42000 C06
-7956186.040230 26861078.866968 31629922.390303 48000 C07
-19005317.845641 28730830.003955 -24477429.581372 39000 C08
-2242912.277154 41670914.951640 -1874947.998702 0 C09
834589.115236 29103959.905802 30961793.095318 44000 C10
-14319800.919170 29550716.037157 -26417343.497388 36000 C13
-7184588.935232 39540279.967006 -11814617.308128 39000 C16
time 2025/01/17 09:28:09.000
-6833563.976074 23697509.986918 -8701811.979902 46000 G07
-1774541.509312 17280666.267855 20075050.329707 51000 G14
6490776.062986 19230137.769153 17426722.870008 42000 G17
15760207.520268 19730941.808584 8778942.047260 24000 G19
-15728741.036010 20030306.892351 2063728.266517 36000 R10
-4313931.558400 17895233.013686 17654350.201759 45000 R11
-10512881.840730 1052633.937161 23232458.527878 0 R20
-2695148.263748 18082327.338738 17804532.816530 51000 R21
6778752.977350 24566714.774877 944200.233762 43000 R22
-14720677.054515 39465508.705853 -1200270.050714 46000 C03
-6934032.748103 39920802.023053 -10999375.488727 42000 C06
-7957142.227253 26860703.996471 31629987.257771 48000 C07
-19005513.532403 28732437.977505 -24475400.984806 38000 C08
-2241664.672399 41670839.990994 -1877471.234577 0 C09
833753.277449 29103385.669967 30962330.388311 44000 C10
-14320094.229849 29552212.631729 -26415536.882388 36000 C13
-7183391.813058 39539772.439951 -11816999.135817 39000 C16
time 2025/01/17 09:28:10.000
-6833869.242848 23696306.345035 -8704717.991538 46000 G07
-1776869.019304 17281719.293290 20073911.506661 51000 G14
6488926.415671 19229046.669015 17428681.484917 42000 G17
15759186.816760 19730431.116867 8781832.494757 24000 G19
-15728809.751875 20030621.214185 2060186.728092 35000 R10
-4315428.306146 17897133.444442 17652055.732464 45000 R11
-10513760.254176 1049575.641184 23232203.170422 0 R20
-2695757.928847 18079961.631779 17806841.251618 51000 R21
6778873.764399 24566548.408666 947768.997002 41000 R22
-14720681.291596 39465507.131264 -1200216.191435 46000 C03
-6932852.655796 39920351.973723 -11001747.288404 42000 C06
-7958098.469204 26860329.266335 31630051.958093 48000 C07
-19005708.985327 28734045.980611 -24473372.258956 38000 C08
-2240417.078241 41670764.842113 -1879994.460201 0 C09
832917.356029 29102811.559704 30962867.520544 44000 C10
-14320387.322151 29553709.268855 -26413730.126722 37000 C13
-7182194.764153 39539264.734130 -11819380.899415 39000 C16
time 2025/01/17 09:28:11.000
-6834174.569245 23695102.345649 -8707623.809168 46000 G07
-1779196.347315 17282772.381952 20072772.255954 51000 G14
6487076.508640 19227955.540571 17430639.736898 43000 G17
15758165.793795 19729920.267364 8784722.759108 25000 G19
-15728878.129690 20030935.173858 2056645.140424 36000 R10
-4316924.696025 17899033.758733 17649760.839071 45000 R11
-10514638.917543 1046517.453760 23231947.256000 0 R20
-2696367.888672 18077595.676325 17809149.259589 51000 R21
6778994.400266 24566381.565028 951337.737442 41000 R22
-14720685.528757 39465505.556908 -1200162.325763 46000 C03
-6931672.628661 39919901.749561 -11004119.028819 41000 C06
-7959054.766062 26859954.676568 31630116.491269 48000 C07
-19005904.204409 28735654.013236 -24471343.403835 38000 C08
-2239169.494711 41670689.504998 -1882517.675556 0 C09
832081.350996 29102237.575027 30963404.492013 44000 C10
-14320680.196070 29555205.948501 -26411923.230402 36000 C13
-7180997.788543 39538756.849556 -11821762.598905 39000 C16
time 2025/01/17 09:28:12.000
-6834479.955311 23693897.988789 -8710529.432723 46000 G07
-1781523.493300 17283825.533798 20071632.577607 51000 G14
6485226.341911 19226864.383873 17432597.625919 43000 G17
15757144.451396 19729409.260144 8787612.840172 26000 G19
-15728946.169506 20031248.771314 2053103.503601 36000 R10
-4318420.728026 17900933.956469 17647465.521636 46000 R11
-10515517.830797 1043459.374993 23231690.784617 0 R20
-2696978.143246 18075229.472459 17811456.840390 51000 R21
6779114.884880 24566214.243989 954906.455006 42000 R22
-14720689.765999 39465503.982784 -1200108.453697 46000 C03
-6930492.666723 39919451.350577 -11006490.709962 41000 C06
-7960011.117808 26859580.227177 31630180.857299 48000 C07
-19006099.189646 28737262.075351 -24469314.419448 38000 C08
-2237921.921845 41670613.979652 -1885040.880611 0 C09
831245.262366 29101663.715946 30963941.302716 44000 C10
-14320972.851600 29556702.670642 -26410116.193431 36000 C13
-7179800.886251 39538248.786235 -11824144.234284 39000 C16
time 2025/01/17 09:28:13.000
-6834785.401094 23692693.274478 -8713434.862145 46000 G07
-1783850.457217 17284878.748786 20070492.471642 51000 G14
6483375.915508 19225773.198978 17434555.151944 43000 G17
15756122.789553 19728898.095259 8790502.737886 26000 G19
-15729013.871376 20031562.006502 2049561.817676 36000 R10
-4319916.402144 17902834.037572 17645169.780206 45000 R11
-10516396.993916 1040401.404939 23231433.756278 0 R20
-2697588.692596 18072863.020263 17813763.993972 51000 R21
6779235.218170 24566046.445573 958475.149632 41000 R22
-14720694.003322 39465502.408893 -1200054.575239 46000 C03
-6929312.770003 39919000.776778 -11008862.331829 42000 C06
-7960967.524422 26859205.918171 31630245.056183 48000 C07
-19006293.941033 28738870.166918 -24467285.305811 38000 C08
-2236674.359664 41670538.266074 -1887564.075364 0 C09
830409.090156 29101089.982472 30964477.952652 44000 C10
-14321265.288735 29558199.435244 -26408309.015822 36000 C13
-7178604.057302 39537740.544178 -11826525.805540 39000 C16
time 2025/01/17 09:28:14.000
-6835090.906637 23691488.202748 -8716340.097353 45000 G07
-1786177.239005 17285932.026864 20069351.938089 51000 G14
6481525.229468 19224681.985950 17436512.314918 43000 G17
15755100.808269 19728386.772767 8793392.452160 26000 G19
-15729081.235349 20031874.879361 2046020.082785 35000 R10
-4321411.718356 17904734.001939 17642873.614851 45000 R11
-10517276.406859 1037343.543721 23231176.170990 0 R20
-2698199.536743 18070496.319841 17816070.720262 51000 R21
6779355.400063 24565878.169807 962043.821197 41000 R22
-14720698.240725 39465500.835235 -1200000.690390 46000 C03
-6928132.938534 39918550.028176 -11011233.894391 41000 C06
-7961923.985879 26858831.749558 31630309.087920 47000 C07
-19006488.458565 28740478.287901 -24465256.062937 38000 C08
-2235426.808217 41670462.364267 -1890087.259762 0 C09
829572.834388 29100516.374621 30965014.441814 44000 C10
-14321557.507468 29559696.242269 -26406501.697590 36000 C13
-7177407.301731 39537232.123401 -11828907.312643 39000 C16
time 2025/01/17 09:28:15.000
-6835396.471989 23690282.773623 -8719245.138291 45000 G07
-1788503.838630 17286985.367995 20068210.976966 51000 G14
6479674.283807 19223590.744839 17438469.114815 43000 G17
15754078.507519 19727875.292714 8796281.982982 27000 G19
-15729148.261479 20032187.389839 2042478.299002 36000 R10
-4322906.676656 17906633.849487 17640577.025620 46000 R11
-10518156.069587 1034285.791456 23230918.028763 0 R20
-2698810.675714 18068129.371270 17818377.019216 51000 R21
6779475.430488 24565709.416716 965612.469627 41000 R22
-14720702.478209 39465499.261810 -1199946.799148 47000 C03
-6926953.172337 39918099.104780 -11013605.397646 41000 C06
-7962880.502163 26858457.721346 31630372.952509 47000 C07
-19006682.742239 28742086.438266 -24463226.690838 38000 C08
-2234179.267508 41670386.274232 -1892610.433834 0 C09
828736.495079 29099942.892402 30965550.770201 44000 C10
-14321849.507793 29561193.091691 -26404694.238740 36000 C13
-7176210.619561 39536723.523911 -11831288.755587 39000 C16
time 2025/01/17 09:28:16.000
-6835702.097197 23689076.987120 -8722149.984915 46000 G07
-1790830.256058 17288038.772140 20067069.588289 51000 G14
6477823.078536 19222499.475694 17440425.551609 43000 G17
15753055.887295 19727363.655153 8799171.330289 28000 G19
-15729214.949818 20032499.537884 2038936.466368 36000 R10
-4324401.277048 17908533.580148 17638280.012547 45000 R11
-10519035.982091 1031228.148161 23230659.329597 0 R20
-2699422.109539 18065762.174618 17820682.890795 51000 R21
6779595.309373 24565540.186325 969181.094863 42000 R22
-14720706.715774 39465497.688617 -1199892.901514 47000 C03
-6925773.471431 39917648.006596 -11015976.841593 42000 C06
-7963837.073258 26858083.833539 31630436.649951 48000 C07
-19006876.792051 28743694.617999 -24461197.189497 38000 C08
-2232931.737554 41670309.995967 -1895133.597591 0 C09
827900.072239 29099369.535823 30966086.937814 44000 C10
-14322141.289707 29562689.983485 -26402886.639273 37000 C13
-7175014.010805 39536214.745714 -11833670.134384 39000 C16
time 2025/01/17 09:28:17.000
-6836007.782304 23687870.843281 -8725054.637121 45000 G07
-1793156.491217 17289092.239242 20065927.772095 51000 G14
6475971.613705 19221408.178587 17442381.625236 43000 G17
15752032.947605 19726851.860145 8802060.493971 29000 G19
-15729281.300416 20032811.323437 2035394.585002 35000 R10
-4325895.519501 17910433.193808 17635982.575716 45000 R11
-10519916.144319 1028170.613994 23230400.073502 0 R20
-2700033.838235 18063394.730002 17822988.334917 51000 R21
6779715.036646 24565370.478661 972749.696783 43000 R22
-14720710.953419 39465496.115656 -1199838.997489 47000 C03
-6924593.835853 39917196.733638 -11018348.226196 41000 C06
-7964793.699135 26857710.086150 31630500.180245 48000 C07
-19007070.607996 28745302.827040 -24459167.558960 38000 C08
-2231684.218406 41670233.529477 -1897656.750969 0 C09
827063.565899 29098796.304904 30966622.944643 44000 C10
-14322432.853200 29564186.917606 -26401078.899215 37000 C13
-7173817.475506 39535705.788828 -11836051.448988 39000 C16
time 2025/01/17 09:28:18.000
-6836313.527356 23686664.342135 -8727959.094838 44000 G07
-1795482.544053 17290145.769254 20064785.528411 51000 G14
6474119.889349 19220316.853579 17444337.335647 43000 G17
15751009.688449 19726339.907748 8804949.473952 30000 G19
-15729347.313325 20033122.746442 2031852.655019 35000 R10
-4327389.403995 17912332.690370 17633684.715195 47000 R11
-10520796.556227 1025113.189092 23230140.260490 0 R20
-2700645.861824 18061027.037518 17825293.351518 51000 R21
6779834.612234 24565200.293749 976318.275286 43000 R22
-14720715.191144 39465494.542929 -1199785.087073 47000 C03
-6923414.265637 39916745.285919 -11020719.551428 41000 C06
-7965750.379768 26857336.479188 31630563.543389 48000 C07
-19007264.190068 28746911.065352 -24457137.799241 38000 C08
-2230436.710092 41670156.874762 -1900179.893957 0 C09
826226.976078 29098223.199657 30967158.790685 44000 C10
-14322724.198264 29565683.894015 -26399271.018585 37000 C13
-7172621.013695 39535196.653266 -11838432.699374 39000 C16
time 2025/01/17 09:28:19.000
-6836619.332402 23685457.483692 -8730863.358044 44000 G07
-1797808.414551 17291199.362147 20063642.857244 50000 G14
6472267.905460 19219225.500708 17446292.682837 42000 G17
15749986.109798 19725827.798004 8807838.270224 31000 G19
-15729412.988599 20033433.806847 2028310.676454 34000 R10
-4328882.930546 17914232.069775 17631386.431003 46000 R11
-10521677.217812 1022055.873443 23229879.890558 0 R20
-2701258.180341 18058659.097220 17827597.940573 51000 R21
6779954.036066 24565029.631614 979886.830336 42000 R22
-14720719.428950 39465492.970433 -1199731.170266 46000 C03
-6922234.760788 39916293.663441 -11023090.817314 39000 C06
-7966707.115151 26856963.012656 31630626.739384 47000 C07
-19007457.538265 28748519.332917 -24455107.910329 37000 C08
-2229189.212637 41670080.031822 -1902703.026543 0 C09
825390.302783 29097650.220086 30967694.475942 43000 C10
-14323015.324899 29567180.912705 -26397462.997362 37000 C13
-7171424.625380 39534687.339030 -11840813.885568 38000 C16
time 2025/01/17 09:28:20.000
-6836925.197490 23684250.267976 -8733767.426671 45000 G07
-1800134.102673 17292253.017879 20062499.758614 51000 G14
6470415.662059 19218134.120028 17448247.666772 43000 G17
15748962.211630 19725315.530959 8810726.882768 33000 G19
-15729478.326289 20033744.504600 2024768.649367 35000 R10
-4330376.099152 17916131.331952 17629087.723176 46000 R11
-10522558.129045 1018998.667131 23229618.963712 0 R20
-2701870.793812 18056290.909183 17829902.102039 51000 R21
6780073.308072 24564858.492280 983455.361869 44000 R22
-14720723.666836 39465491.398171 -1199677.247068 46000 C03
-6921055.321325 39915841.866211 -11025462.023856 40000 C06
-7967663.905266 26856589.686560 31630689.768230 48000 C07
-19007650.652585 28750127.629721 -24453077.892211 39000 C08
-2227941.726033 41670003.000658 -1905226.148788 0 C09
824553.546030 29097077.366202 30968230.000415 44000 C10
-14323306.233098 29568677.973642 -26395654.835560 38000 C13
-7170228.310581 39534177.846127 -11843195.007570 40000 C16
time 2025/01/17 09:28:21.000
-6837231.122664 23683042.695019 -8736671.300648 45000 G07
-1802459.608361 17293306.736401 20061356.232550 51000 G14
6468563.159184 19217042.711603 17450202.287401 43000 G17
15747937.993942 19724803.106670 8813615.311508 35000 G19
-15729543.326447 20034054.839645 2021226.573863 34000 R10
-4331868.909787 17918030.476790 17626788.591795 46000 R11
-10523439.289883 1015941.570292 23229357.479961 0 R20
-2702483.702258 18053922.473511 17832205.835846 51000 R21
6780192.428180 24564686.875774 987023.869763 45000 R22
-14720727.904802 39465489.826141 -1199623.317479 46000 C03
-6919875.947286 39915389.894242 -11027833.171018 40000 C06
-7968620.750089 26856216.500910 31630752.629926 48000 C07
-19007843.533022 28751735.955710 -24451047.744924 38000 C08
-2226694.250346 41669925.781272 -1907749.260598 0 C09
823716.705840 29096504.638020 30968765.364097 44000 C10
-14323596.922855 29570175.076797 -26393846.533185 38000 C13
-7169032.069336 39533668.174575 -11845576.065342 40000 C16
time 2025/01/17 09:28:22.000
-6837537.107970 23681834.764852 -8739574.979896 45000 G07
-1804784.931558 17294360.517665 20060212.279080 50000 G14
6466710.396861 19215951.275491 17452156.544683 43000 G17
15746913.456732 19724290.525191 8816503.556367 36000 G19
-15729607.989123 20034364.811924 2017684.450046 33000 R10
-4333361.362437 17919929.504199 17624489.036921 47000 R11
-10524320.700288 1012884.583031 23229095.439313 0 R20
-2703096.905703 18051553.790295 17834509.141932 51000 R21
6780311.396317 24564514.782122 990592.353939 46000 R22
-14720732.142848 39465488.254343 -1199569.381501 46000 C03
-6918696.638694 39914937.747544 -11030204.258789 40000 C06
-7969577.649596 26855843.455715 31630815.324471 48000 C07
-19008036.179571 28753344.310844 -24449017.468485 38000 C08
-2225446.785594 41669848.373665 -1910272.361982 0 C09
822879.782236 29095932.035553 30969300.566984 44000 C10
-14323887.394162 29571672.222125 -26392038.090262 38000 C13
-7167835.901670 39533158.324382 -11847957.058873 40000 C16
time 2025/01/17 09:28:23.000
-6837843.153453 23680626.477501 -8742478.464351 45000 G07
-1807110.072221 17295414.361626 20059067.898226 50000 G14
6464857.375123 19214859.811752 17454110.438571 44000 G17
15745888.599991 19723777.786577 8819391.617287 36000 G19
-15729672.314369 20034674.421383 2014142.278012 33000 R10
-4334853.457089 17921828.414089 17622189.058609 47000 R11
-10525202.360230 1009827.705436 23228832.841775 0 R20
-2703710.404169 18049184.859628 17836812.020239 51000 R21
6780430.212412 24564342.211350 994160.814302 46000 R22
-14720736.380975 39465486.682779 -1199515.439133 46000 C03
-6917517.395582 39914485.426129 -11032575.287145 40000 C06
-7970534.603764 26855470.550984 31630877.851866 48000 C07
-19008228.592227 28754952.695093 -24446987.062899 38000 C08
-2224199.331782 41669770.777837 -1912795.452967 0 C09
822042.775235 29095359.558814 30969835.609072 44000 C10
-14324177.647012 29573169.409594 -26390229.506801 38000 C13
-7166639.807609 39532648.295561 -11850337.988148 40000 C16
time 2025/01/17 09:28:24.000
-6838149.259160 23679417.832994 -8745381.753945 45000 G07
-1809435.030298 17296468.268240 20057923.090015 50000 G14
6463004.093990 19213768.320440 17456063.969032 43000 G17
15744863.423715 19723264.890883 8822279.494192 36000 G19
-15729736.302239 20034983.667967 2010600.057835 33000 R10
-4336345.193733 17923727.206372 17619888.656915 47000 R11
-10526084.269672 1006770.937619 23228569.687353 0 R20
-2704324.197681 18046815.681598 17839114.470711 51000 R21
6780548.876393 24564169.163483 997729.250769 47000 R22
-14720740.619182 39465485.111446 -1199461.490375 46000 C03
-6916338.217972 39914032.930005 -11034946.256076 40000 C06
-7971491.612574 26855097.786724 31630940.212109 48000 C07
-19008420.770987 28756561.108421 -24444956.528181 38000 C08
-2222951.888970 41669692.993790 -1915318.533480 0 C09
821205.684857 29094787.207814 30970370.490358 44000 C10
-14324467.681400 29574666.639174 -26388420.782811 38000 C13
-7165443.787187 39532138.088123 -11852718.853146 40000 C16
time 2025/01/17 09:28:25.000
-6838455.425136 23678208.831358 -8748284.848608 45000 G07
-1811759.805746 17297522.237461 20056777.854467 50000 G14
6461150.553494 19212676.801615 17458017.136020 43000 G17
15743837.927899 19722751.838163 8825167.187017 35000 G19
-15729799.952782 20035292.551622 2007057.789599 32000 R10
-4337836.572358 17925625.880961 17617587.831894 47000 R11
-10526966.428586 1003714.279655 23228305.976054 0 R20
-2704938.286265 18044446.256290 17841416.493293 51000 R21
6780667.388189 24563995.638547 1001297.663257 47000 R22
-14720744.857469 39465483.540346 -1199407.535229 46000 C03
-6915159.105889 39913580.259182 -11037317.165574 40000 C06
-7972448.676005 26854725.162943 31631002.405200 48000 C07
-19008612.715847 28758169.550794 -24442925.864342 38000 C08
-2221704.457180 41669615.021527 -1917841.603513 0 C09
820368.511119 29094214.982566 30970905.210838 44000 C10
-14324757.497320 29576163.910833 -26386611.918302 38000 C13
-7164247.840421 39531627.702076 -11855099.653863 40000 C16
time 2025/01/17 09:28:26.000
-6838761.651429 23676999.472620 -8751187.748280 45000 G07
-1814084.398514 17298576.269245 20055632.191610 50000 G14
6459296.753656 19211585.255332 17459969.939502 44000 G17
15742812.112532 19722238.628469 8828054.695706 35000 G19
-15729863.266052 20035601.072292 2003515.473392 32000 R10
-4339327.592952 17927524.437765 17615286.583604 47000 R11
-10527848.836939 1000657.731643 23228041.707884 0 R20
-2705552.669944 18042076.583792 17843718.087930 51000 R21
6780785.747727 24563821.636568 1004866.051672 47000 R22
-14720749.095836 39465481.969479 -1199353.573693 46000 C03
-6913980.059362 39913127.413670 -11039688.015618 40000 C06
-7973405.794037 26854352.679649 31631064.431139 48000 C07
-19008804.426802 28759778.022180 -24440895.071389 38000 C08
-2220457.036444 41669536.861047 -1920364.663045 0 C09
819531.254040 29093642.883082 30971439.770511 44000 C10
-14325047.094767 29577661.224543 -26384802.913279 38000 C13
-7163051.967344 39531117.137435 -11857480.390278 40000 C16
time 2025/01/17 09:28:27.000
-6839067.938083 23675789.756804 -8754090.452893 44000 G07
-1816408.808560 17299630.363549 20054486.101463 50000 G14
6457442.694503 19210493.681649 17461922.379435 44000 G17
15741785.977604 19721725.261854 8830942.020205 34000 G19
1093070.490597 26306798.269415 2253973.808387 38000 G30
-15729926.242100 20035909.229923 1999973.109304 31000 R10
-4340818.255506 17929422.876700 17612984.912097 47000 R11
-10528731.494699 997601.293673 23227776.882850 0 R20
-2706167.348744 18039706.664193 17846019.254566 51000 R21
6780903.954936 24563647.157571 1008434.415936 46000 R22
-14720753.334283 39465480.398844 -1199299.605769 46000 C03
-6912801.078416 39912674.393479 -11042058.806196 39000 C06
-7974362.966647 26853980.336850 31631126.289925 48000 C07
-19008995.903847 28761386.522539 -24438864.149340 39000 C08
-2219209.626776 41669458.512352 -1922887.712091 0 C09
818693.913638 29093070.909372 30971974.169374 45000 C10
-14325336.473733 29579158.580268 -26382993.767758 38000 C13
-7161856.167980 39530606.394207 -11859861.062382 40000 C16
time 2025/01/17 09:28:28.000
-6839374.285143 23674579.683948 -8756992.962362 44000 G07
-1818733.035821 17300684.520320 20053339.584059 50000 G14
6455588.376070 19209402.080628 17463874.455771 44000 G17
15740759.523113 19721211.738373 8833829.160438 33000 G19
1092682.116125 26307061.086454 2250855.569175 38000 G30
-15729988.880978 20036217.024458 1996430.697426 32000 R10
-4342308.560001 17931321.197667 17610682.817441 47000 R11
-10529614.401825 994544.965867 23227511.500960 0 R20
-2706782.322684 18037336.497591 17848319.993133 51000 R21
6781022.009743 24563472.201584 1012002.755935 46000 R22
-14720757.572810 39465478.828442 -1199245.631457 46000 C03
-6911622.163080 39912221.198620 -11044429.537288 39000 C06
-7975320.193812 26853608.134556 31631187.981558 48000 C07
-19009187.146979 28762995.051835 -24436833.098209 39000 C08
-2217962.228228 41669379.975444 -1925410.750587 0 C09
817856.489936 29092499.061453 30972508.407419 45000 C10
-14325625.634209 29580655.977961 -26381184.481766 38000 C13
-7160660.442362 39530095.472407 -11862241.670146 40000 C16
time 2025/01/17 09:28:30.000
-6839987.160659 23672158.467244 -8762797.395547 44000 G07
-1823380.941759 17302793.021070 20051045.267594 50000 G14
6451878.961511 19207218.796823 17467777.517451 44000 G17
15738705.655449 19720184.221047 8839602.887748 28000 G19
1091905.428687 26307585.605250 2244618.945107 38000 G30
-15730113.147428 20036831.524014 1989345.730769 31000 R10
-4345288.094731 17935117.485293 17606077.358965 47000 R11
-10531380.964036 988432.641158 23226979.066643 0 R20
-2708013.156072 18032595.423790 17852920.185784 51000 R21
6781257.661863 24563120.858746 1019139.362711 46000 R22
-14720766.050104 39465475.688335 -1199137.663672 47000 C03
-6909264.529377 39911314.284948 -11049170.820892 39000 C06
-7977234.811700 26852864.151523 31631310.863358 48000 C07
-19009568.931477 28766212.197048 -24432770.608814 39000 C08
-2215467.464598 41669222.336994 -1930456.795881 0 C09
816181.392724 29091355.743047 30973576.401035 45000 C10
-14326203.299669 29583650.899119 -26377565.488415 37000 C13
-7158269.212494 39529073.093145 -11867002.692555 39000 C16
time 2025/01/17 09:28:31.000
-6840293.689211 23670947.323436 -8765699.319165 44000 G07
-1825704.620368 17303847.364972 20049897.468568 50000 G14
6450023.865415 19206127.114141 17469728.502738 44000 G17
15737678.242236 19719670.227296 8842489.474772 24000 G19
1091517.115619 26307847.306993 2241500.560334 39000 G30
-15730174.775105 20037138.228931 1985803.176093 31000 R10
-4346777.324964 17937015.451802 17603773.995225 47000 R11
-10532264.619067 985376.644402 23226712.014226 0 R20
-2708629.015577 18030224.516734 17855219.639787 51000 R21
6781375.259033 24562944.471944 1022707.629360 46000 R22
-14720770.288871 39465474.118630 -1199083.670199 46000 C03
-6908085.811044 39910860.566149 -11051541.373413 39000 C06
-7978192.202393 26852492.370795 31631372.053526 48000 C07
-19009759.472838 28767820.812920 -24430739.170541 39000 C08
-2214220.099541 41669143.235452 -1932979.802715 0 C09
815343.719242 29090784.272578 30974110.156605 45000 C10
-14326491.804642 29585148.422536 -26375755.781057 37000 C13
-7157073.708284 39528561.635699 -11869383.107199 40000 C16
time 2025/01/17 09:28:32.000
-13933936.839608 9329755.650094 20968657.529043 35000 G02
-6840600.278356 23669735.822685 -8768601.047396 43000 G07
-1828028.116024 17304901.771170 20048749.242370 50000 G14
6448168.510130 19205035.404340 17471679.124285 44000 G17
15736650.509423 19719156.076890 8845375.877298 22000 G19
1091128.822917 26308108.636959 2238382.127131 39000 G30
-15730236.065820 20037444.570534 1982260.573969 31000 R10
-4348266.197103 17938913.300001 17601470.208546 47000 R11
-10533148.523341 982320.758161 23226444.404978 0 R20
-2709245.170324 18027853.363012 17857518.665512 51000 R21
6781492.703517 24562767.608255 1026275.871426 46000 R22
-14720774.527717 39465472.549158 -1199029.670338 46000 C03
-6906907.158418 39910406.672718 -11053911.866406 39000 C06
-7979149.647563 26852120.730601 31631433.076540 48000 C07
-19009949.780270 28769429.457599 -24428707.603222 39000 C08
-2212972.745713 41669063.945702 -1935502.798944 0 C09
814505.962527 29090212.927943 30974643.751350 45000 C10
-14326780.091105 29586645.987807 -26373945.933252 38000 C13
-7155878.277917 39528049.999719 -11871763.457468 40000 C16
time 2025/01/17 09:28:33.000
-13934188.359596 9327200.612296 20969688.224849 35000 G02
-6840906.928143 23668523.965004 -8771502.580207 42000 G07
-1830351.428701 17305956.239633 20047600.589014 50000 G14
6446312.895661 19203943.667467 17473629.382073 43000 G17
1090740.550529 26308369.595140 2235263.645533 37000 G30
-15730297.019626 20037750.548773 1978717.924423 31000 R10
-4349754.711152 17940811.029821 17599165.998960 47000 R11
-10534032.676835 979264.982496 23226176.238903 0 R20
-2709861.620345 18025481.962687 17859817.262931 51000 R21
6781609.995242 24562590.267701 1029844.088858 44000 R22
-14720778.766644 39465470.979917 -1198975.664091 46000 C03
-6905728.571512 39909952.604659 -11056282.299886 39000 C06
-7980107.147201 26851749.230945 31631493.932398 47000 C07
-19010139.853769 28771038.131066 -24426675.906849 39000 C08
813668.122590 29089641.709149 30975177.185271 44000 C10
-14327068.159054 29588143.594917 -26372135.944992 37000 C13
-7154682.921410 39527538.185214 -11874143.743365 40000 C16
time 2025/01/17 09:28:34.000
-13934440.039418 9324645.468707 20970718.488822 34000 G02
-6841213.638618 23667311.750418 -8774403.917541 41000 G07
-1832674.558365 17307010.770320 20046451.508516 50000 G14
6444457.022029 19202851.903574 17475579.276069 42000 G17
1090352.298407 26308630.181529 2232145.115597 37000 G30
-15730357.636574 20038056.163593 1975175.227540 31000 R10
-4351242.867110 17942708.641187 17596861.366506 47000 R11
-10534917.079518 976209.317496 23225907.516007 0 R20
-2710478.365667 18023110.315833 17862115.431998 51000 R21
6781727.134138 24562412.450308 1033412.281582 44000 R22
-14720783.005650 39465469.410910 -1198921.651456 46000 C03
-6904550.050345 39909498.361981 -11058652.673853 37000 C06
-7981064.701288 26851377.871833 31631554.621101 47000 C07
-19010329.693333 28772646.833299 -24424644.081416 39000 C08
812830.199446 29089070.616205 30975710.458369 44000 C10
-14327356.008485 29589641.243844 -26370325.816270 36000 C13
-7153487.638777 39527026.192188 -11876523.964904 39000 C16
time 2025/01/17 09:28:35.000
-13934691.879083 9322090.219415 20971748.320936 34000 G02
-6841520.409824 23666099.178972 -8777305.059286 41000 G07
-1834997.504935 17308065.363170 20045302.000918 50000 G14
6442600.889282 19201760.112732 17477528.806209 42000 G17
1089964.066504 26308890.396115 2229026.537412 37000 G30
-15730417.916716 20038361.414938 1971632.483436 30000 R10
-4352730.664942 17944606.133979 17594556.311279 46000 R11
-10535801.731347 973153.763288 23225638.236299 0 R20
-2711095.406305 18020738.422574 17864413.172623 51000 R21
6781844.120131 24562234.156106 1036980.449460 44000 R22
-14720787.244735 39465467.842135 -1198867.632434 46000 C03
-6903371.594963 39909043.944700 -11061022.988253 38000 C06
-7982022.309793 26851006.653279 31631615.142648 47000 C07
-19010519.298955 28774255.564235 -24422612.126974 39000 C08
811992.193124 29088499.649131 30976243.570632 44000 C10
-14327643.639388 29591138.934536 -26368515.547125 36000 C13
-7152292.430069 39526514.020662 -11878904.122023 39000 C16
time 2025/01/17 09:28:36.000
-13934943.878599 9319534.864540 20972777.721147 34000 G02
-6841827.241803 23664886.250705 -8780206.005347 41000 G07
-1837320.268334 17309120.018127 20044152.066258 50000 G14
6440744.497473 19200668.295013 17479477.972427 42000 G17
1089575.854782 26309150.238885 2225907.911116 37000 G30
-15730477.860103 20038666.302748 1968089.692256 31000 R10
-4354218.104618 17946503.508086 17592250.833363 46000 R11
-10536686.632279 970098.320000 23225368.399790 0 R20
-2711712.742276 18018366.283029 17866710.484722 51000 R21
6781960.953148 24562055.385120 1040548.592361 44000 R22
-14720791.483901 39465466.273592 -1198813.607028 46000 C03
-6902193.205409 39908589.352832 -11063393.243038 37000 C06
-7982979.972681 26850635.575295 31631675.497038 47000 C07
-19010708.670628 28775864.323824 -24420580.043549 40000 C08
811154.103655 29087928.807947 30976776.522050 44000 C10
-14327931.051753 29592636.666940 -26366705.137590 37000 C13
-7151097.295322 39526001.670652 -11881284.214684 39000 C16
time 2025/01/17 09:28:37.000
-13935196.037984 9316979.404110 20973806.689451 34000 G02
-6842134.134603 23663672.965636 -8783106.755680 41000 G07
-1839642.848543 17310174.735158 20043001.704546 49000 G14
6438887.846608 19199576.450463 17481426.774703 43000 G17
1089187.663186 26309409.709835 2222789.236718 35000 G30
-15730537.466788 20038970.826971 1964546.854038 31000 R10
-4355705.186141 17948400.763435 17589944.932793 48000 R11
-10537571.782297 967042.987675 23225098.006482 0 R20
-2712330.373609 18015993.897263 17869007.368260 51000 R21
6782077.633119 24561876.137378 1044116.710236 43000 R22
-14720795.723146 39465464.705281 -1198759.575236 47000 C03
-6901014.881692 39908134.586382 -11065763.438228 38000 C06
-7983937.689942 26850264.637885 31631735.684270 47000 C07
-19010897.808350 28777473.112042 -24418547.831143 40000 C08
810315.931048 29087358.092660 30977309.312626 44000 C10
-14328218.245576 29594134.441037 -26364894.587661 38000 C13
-7149902.234555 39525489.142165 -11883664.242894 39000 C16
time 2025/01/17 09:28:38.000
-13935448.357252 9314423.838163 20974835.225841 33000 G02
-6842441.088276 23662459.323773 -8786007.310261 43000 G07
-1841965.245542 17311229.514230 20041850.915793 49000 G14
6437030.936691 19198484.579126 17483375.213023 42000 G17
1088799.491662 26309668.808960 2219670.514241 35000 G30
-15730596.736823 20039274.987556 1961003.968836 31000 R10
-4357191.909525 17950297.899971 17587638.609588 47000 R11
-10538457.181376 963987.766382 23224827.056379 0 R20
-2712948.300339 18013621.265328 17871303.823217 51000 R21
6782194.159974 24561696.412900 1047684.803045 43000 R22
-14720799.962471 39465463.137203 -1198705.537058 48000 C03
-6899836.623826 39907679.645354 -11068133.573834 40000 C06
-7984895.461566 26849893.841052 31631795.704345 47000 C07
-19011086.712119 28779081.928881 -24416515.489734 39000 C08
809477.675309 29086787.503271 30977841.942364 44000 C10
-14328505.220857 29595632.256820 -26363083.897317 38000 C13
-7148707.247771 39524976.435202 -11886044.206683 38000 C16
time 2025/01/17 09:28:39.000
-13935700.836418 9311868.166751 20975863.330300 33000 G02
-6842748.102866 23661245.325145 -8788907.669019 44000 G07
-1844287.459276 17312284.355294 20040699.700027 49000 G14
6435173.767749 19197392.681058 17485323.287346 42000 G17
1088411.340167 26309927.536248 2216551.743790 34000 G30
-15730655.670260 20039578.784446 1957461.036755 32000 R10
-4358678.274750 17952194.917595 17585331.863814 48000 R11
-10539342.829476 960932.656235 23224555.549489 0 R20
-2713566.522487 18011248.387322 17873599.849526 51000 R21
6782310.533640 24561516.211715 1051252.870689 43000 R22
-14720804.201875 39465461.569358 -1198651.492494 49000 C03
-6898658.431839 39907224.529758 -11070503.649839 41000 C06
-7985853.287530 26849523.184806 31631855.557263 48000 C07
-19011275.381931 28780690.774297 -24414483.019342 39000 C08
808639.336461 29086217.039797 30978374.411259 44000 C10
-14328791.977585 29597130.114243 -26361273.066585 38000 C13
-7147512.335006 39524463.549778 -11888424.106019 38000 C16
time 2025/01/17 09:28:40.000
-13935953.475493 9309312.389957 20976891.002803 33000 G02
-6843055.178417 23660030.969790 -8791807.831865 44000 G07
-1846609.489691 17313339.258305 20039548.057275 49000 G14
6433316.339818 19196300.756323 17487270.997621 42000 G17
1088023.208656 26310185.891689 2213432.925460 34000 G30
-15730714.267152 20039882.217589 1953918.057867 32000 R10
-4360164.281800 17954091.816211 17583024.695538 48000 R11
-10540228.726558 957877.657348 23224283.485822 0 R20
-2714185.040073 18008875.263344 17875895.447122 51000 R21
6782426.754046 24561335.533849 1054820.913069 43000 R22
-14720808.441358 39465460.001744 -1198597.441546 49000 C03
-6897480.305760 39906769.239606 -11072873.666221 40000 C06
-7986811.167811 26849152.669156 31631915.243022 47000 C07
-19011463.817780 28782299.648254 -24412450.419984 39000 C08
807800.914525 29085646.702251 30978906.719305 44000 C10
-14329078.515756 29598628.013271 -26359462.095478 38000 C13
-7146317.496291 39523950.485906 -11890803.940880 38000 C16
time 2025/01/17 09:28:41.000
-13936206.274488 9306756.507857 20977918.243325 34000 G02
-6843362.314975 23658816.257737 -8794707.798724 44000 G07
-1848931.336720 17314394.223205 20038395.987571 49000 G14
6431458.652935 19195208.804985 17489218.343797 43000 G17
1087635.097082 26310443.875273 2210314.059324 36000 G30
-15730772.527549 20040185.286927 1950375.032288 31000 R10
-4361649.930654 17955988.595716 17580717.104831 47000 R11
-10541114.872583 954822.769843 23224010.865387 0 R20
-2714803.853119 18006501.893498 17878190.615933 50000 R21
6782542.821118 24561154.379330 1058388.930072 43000 R22
-14720812.680921 39465458.434363 -1198543.384214 49000 C03
-6896302.245624 39906313.774910 -11075243.622952 40000 C06
-7987769.102378 26848782.294112 31631974.761622 48000 C07
-19011652.019661 28783908.550700 -24410417.691690 40000 C08
806962.409526 29085076.490650 30979438.866496 44000 C10
-14329364.835360 29600125.953862 -26357650.984021 38000 C13
-7145122.731661 39523437.243599 -11893183.711236 37000 C16
time 2025/01/17 09:28:42.000
-13936459.233414 9304200.520550 20978945.051834 34000 G02
-6843669.512581 23657601.189028 -8797607.569498 44000 G07
-1851253.000303 17315449.249947 20037243.490944 49000 G14
6429600.707145 19194116.827110 17491165.325816 43000 G17
1087247.005401 26310701.486990 2207195.145479 35000 G30
-15730830.451504 20040487.992402 1946831.960130 31000 R10
-4363135.221290 17957885.256011 17578409.091767 47000 R11
-10542001.267514 951767.993822 23223737.688190 0 R20
-2715422.961643 18004128.277891 17880485.355885 51000 R21
6782658.734785 24560972.748184 1061956.921585 43000 R22
-14720816.920563 39465456.867215 -1198489.320497 48000 C03
-6895124.251467 39905858.135686 -11077613.519995 39000 C06
-7988727.091207 26848412.059685 31632034.113061 47000 C07
-19011839.987569 28785517.481595 -24408384.834483 39000 C08
806123.821488 29084506.405009 30979970.852825 44000 C10
-14329650.936391 29601623.935976 -26355839.732232 38000 C13
-7143928.041153 39522923.822873 -11895563.417051 36000 C16
time 2025/01/17 09:28:43.000
-13936712.352288 9301644.428044 20979971.428333 34000 G02
-6843976.771288 23656385.763667 -8800507.144177 42000 G07
-1853574.480432 17316504.338501 20036090.567401 49000 G14
6427742.502439 19193024.822737 17493111.943676 43000 G17
1086858.933559 26310958.726836 2204076.183943 34000 G30
-15730888.039069 20040790.333966 1943288.841419 30000 R10
-4364620.153719 17959781.797033 17576100.656367 46000 R11
-10542887.911329 948713.329344 23223463.954237 0 R20
-2716042.365679 18001754.416572 17882779.666961 51000 R21
6782774.494977 24560790.640436 1065524.887564 42000 R22
-14720821.160285 39465455.300298 -1198435.250397 46000 C03
-6893946.323291 39905402.321933 -11079983.357383 38000 C06
-7989685.134290 26848041.965877 31632093.297342 47000 C07
-19012027.721502 28787126.440929 -24406351.848340 39000 C08
805285.150417 29083936.445331 30980502.678297 44000 C10
-14329936.818846 29603121.959601 -26354028.340096 37000 C13
-7142733.424776 39522410.223732 -11897943.058346 38000 C16
time 2025/01/17 09:28:44.000
-13936965.631126 9299088.230384 20980997.372810 34000 G02
-6844284.091143 23655169.981672 -8803406.522711 40000 G07
-1855895.777071 17317559.488830 20034937.216959 49000 G14
6425884.038831 19191932.791913 17495058.197349 43000 G17
1086470.881500 26311215.594806 2200957.174728 34000 G30
-15730945.290298 20041092.311562 1939745.676252 31000 R10
-4366104.727946 17961678.218714 17573791.798663 45000 R11
-10543774.804006 945658.776466 23223189.663530 0 R20
-2716662.065258 17999380.309609 17885073.549124 51000 R21
6782890.101623 24560608.056110 1069092.827980 40000 R22
-14720825.400086 39465453.733614 -1198381.173913 45000 C03
-6892768.461118 39904946.333659 -11082353.135114 35000 C06
-7990643.231615 26847672.012694 31632152.314462 46000 C07
-19012215.221458 28788735.428675 -24404318.733262 41000 C08
804446.396325 29083366.611626 30981034.342912 44000 C10
-14330222.482722 29604620.024723 -26352216.807604 38000 C13
-7141538.882543 39521896.446181 -11900322.635136 39000 C16
time 2025/01/17 09:28:45.000
-13937219.069935 9296531.927690 20982022.885225 34000 G02
-6844591.472187 23653953.843097 -8806305.704976 43000 G07
-1858216.890136 17318614.700870 20033783.439662 50000 G14
6424025.316383 19190840.734719 17497004.086758 43000 G17
1086082.849186 26311472.090887 2197838.117966 33000 G30
-15731002.205240 20041393.925135 1936202.464740 31000 R10
-4367588.943929 17963574.520927 17571482.518758 47000 R11
-10544661.945506 942604.335302 23222914.816078 0 R20
-2717282.060391 17997005.957133 17887367.002277 51000 R21
6783005.554649 24560424.995235 1072660.742660 41000 R22
-14720829.639966 39465452.167162 -1198327.091046 47000 C03
-6891590.664993 39904490.170881 -11084722.853136 38000 C06
-7991601.383142 26847302.200149 31632211.164422 47000 C07
-19012402.487428 28790344.444774 -24402285.489295 40000 C08
803607.559244 29082796.903913 30981565.846660 44000 C10
-14330507.928007 29606118.131273 -26350405.134808 37000 C13
-7140344.414497 39521382.490238 -11902702.147371 38000 C16
time 2025/01/17 09:28:46.000
-13937472.668729 9293975.520011 20983047.965563 33000 G02
-6844898.914467 23652737.347962 -8809204.690920 44000 G07
-1860537.819591 17319669.974581 20032629.235526 49000 G14
6422166.335115 19189748.651206 17498949.611872 42000 G17
1085694.836564 26311728.215073 2194719.013697 30000 G30
-15731058.783949 20041695.174630 1932659.206965 30000 R10
-4369072.801667 17965470.703595 17569172.816696 46000 R11
-10545549.335786 939550.005981 23222639.411891 0 R20
-2717902.351106 17994631.359219 17889660.026376 50000 R21
6783120.853984 24560241.457836 1076228.631548 40000 R22
-14720833.879926 39465450.600943 -1198273.001795 48000 C03
-6890412.934937 39904033.833608 -11087092.511442 39000 C06
-7992559.588857 26846932.528249 31632269.847220 47000 C07
-19012589.519412 28791953.489203 -24400252.116434 39000 C08
802768.639191 29082227.322203 30982097.189537 44000 C10
-14330793.154697 29607616.279234 -26348593.321702 38000 C13
-7139150.020665 39520868.355913 -11905081.595039 37000 C16
time 2025/01/17 09:28:47.000
-13937726.427525 9291419.007373 20984072.613821 33000 G02
-6845206.418033 23651520.496274 -8812103.480524 44000 G07
-1862858.565421 17320725.309935 20031474.604561 48000 G14
6420307.095019 19188656.541411 17500894.772685 41000 G17
1085306.843592 26311983.967352 2191599.862034 32000 G30
-15731115.026477 20041996.059995 1929115.902973 28000 R10
-4370556.301168 17967366.766655 17566862.692501 44000 R11
-10546436.974830 936495.788539 23222363.450970 0 R20
-2718522.937435 17992256.515927 17891952.621394 49000 R21
6783235.999559 24560057.443938 1079796.494591 39000 R22
-14720838.119965 39465449.034956 -1198218.906162 47000 C03
-6889235.270963 39903577.321844 -11089462.110047 37000 C06
-7993517.848753 26846562.996996 31632328.362857 46000 C07
-19012776.317405 28793562.561942 -24398218.614671 37000 C08
801929.636172 29081657.866500 30982628.371550 43000 C10
-14331078.162790 29609114.468592 -26346781.368275 36000 C13
-7137955.701053 39520354.043209 -11907460.978164 35000 C16
time 2025/01/17 09:28:48.000
-13937980.346334 9288862.389859 20985096.829972 33000 G02
-6845513.982929 23650303.288072 -8815002.073698 44000 G07
-1865179.127561 17321780.706878 20030319.546799 48000 G14
6418447.596139 19187564.405402 17502839.569142 41000 G17
1084918.870219 26312239.347718 2188480.663011 33000 G30
-4372039.442410 17969262.710002 17564552.146248 45000 R11
-10547324.862591 933441.683116 23222086.933328 0 R20
-2719143.819396 17989881.427366 17894244.787254 50000 R21
6783350.991300 24559872.953567 1083364.331691 38000 R22
-14720842.360082 39465447.469201 -1198164.804146 47000 C03
-6888057.673100 39903120.635601 -11091831.648933 38000 C06
-7994476.162798 26846193.606402 31632386.711333 47000 C07
-19012962.881403 28795171.662947 -24396184.984032 38000 C08
801090.550210 29081088.536820 30983159.392690 43000 C10
-14331362.952276 29610612.699300 -26344969.274554 37000 C13
-7136761.455705 39519839.552144 -11909840.296702 36000 C16
time 2025/01/17 09:28:49.000
-13938234.425166 9286305.667564 20986120.613986 33000 G02
-6845821.609197 23649085.723397 -8817900.470337 44000 G07
-1867499.505935 17322836.165350 20029164.062279 48000 G14
6416587.838526 19186472.243250 17504784.001175 41000 G17
1084530.916399 26312494.356161 2185361.416724 33000 G30
-4373522.225366 17971158.533529 17562241.178018 45000 R11
-10548212.999031 930387.689823 23221809.858971 0 R20
-2719764.997007 17987506.093647 17896536.523878 50000 R21
6783465.829135 24559687.986753 1086932.142703 38000 R22
-14720846.600279 39465445.903678 -1198110.695748 47000 C03
-6886880.141391 39902663.774894 -11094201.128047 38000 C06
-7995434.530962 26845824.356479 31632444.892645 46000 C07
-19013149.211399 28796780.792162 -24394151.224554 38000 C08
800251.381336 29080519.333182 30983690.252949 43000 C10
-14331647.523148 29612110.971310 -26343157.040568 37000 C13
-7135567.284652 39519324.882731 -11912219.550629 35000 C16
time 2025/01/17 09:28:51.000
-13938743.062954 9281191.908839 20988166.885542 32000 G02
-6846437.046044 23646649.524704 -8823696.673838 45000 G07
-1872139.711267 17324947.266739 20026851.813026 48000 G14
6412867.547144 19184287.840711 17508671.771879 40000 G17
1083755.067214 26313003.257252 2179122.782512 30000 G30
-4376486.716416 17974949.820817 17557617.975790 45000 R11
-10549990.017854 924280.039880 23221254.040134 0 R20
-2721008.239295 17982754.691015 17901118.709267 49000 R21
6783695.042803 24559316.623896 1094067.686210 40000 R22
-14720855.080910 39465442.773329 -1198002.459807 48000 C03
-6884525.276503 39901749.530116 -11098939.906986 38000 C06
-7997351.429596 26845086.278663 31632560.753781 46000 C07
-19013521.169375 28799999.135142 -24390083.319052 39000 C08
798572.794899 29079381.304064 30984751.490825 44000 C10
-14332216.009031 29615107.639160 -26339532.151781 37000 C13
-7133179.165523 39518295.008899 -11916977.864616 35000 C16
time 2025/01/17 09:28:53.000
-13939252.341008 9276077.731559 20990211.428398 32000 G02
-6847052.728953 23644211.900359 -8829492.090626 45000 G07
-1876779.181149 17327058.613792 20024537.856942 48000 G14
6409146.220999 19182103.334199 17512558.084573 40000 G17
1082979.295653 26313510.670559 2172883.959920 30000 G30
-4379449.774299 17978740.627895 17552993.086165 45000 R11
-10551768.031066 918172.839348 23220695.994504 0 R20
-2722252.664513 17978002.308643 17905699.177207 48000 R21
6783923.639995 24558943.355565 1101203.124624 41000 R22
-14720863.561857 39465439.643909 -1197894.198340 48000 C03
-6882170.676453 39900834.587568 -11103678.446866 38000 C06
-7999268.544524 26844348.763599 31632675.946265 46000 C07
-19013892.191310 28803217.590677 -24386014.898171 38000 C08
796893.876972 29078243.779217 30985812.085174 44000 C10
-14332783.620401 29618104.471937 -26335906.701936 37000 C13
-7130791.343831 39517264.421778 -11921735.920113 35000 C16
time 2025/01/17 09:28:54.000
-13939507.220159 9273520.486196 20991233.051486 32000 G02
-6847360.662788 23642992.553666 -8832389.503763 45000 G07
-1879098.640122 17328114.379305 20023380.238926 47000 G14
6407285.170001 19181011.042122 17514500.694020 40000 G17
1082591.438869 26313763.819269 2169764.478214 29000 G30
-4380930.765739 17980635.851088 17550680.008776 45000 R11
-10552657.410463 915119.407924 23220416.136665 0 R20
-2722875.320767 17975625.750331 17907988.766939 48000 R21
6784037.707231 24558756.006918 1104770.804109 41000 R22
-14720867.802448 39465438.079547 -1197840.058036 47000 C03
-6880993.475836 39900376.854666 -11106047.627065 37000 C06
-8000227.183024 26843980.217127 31632733.291759 45000 C07
-19014077.351246 28804826.860523 -24383980.494545 37000 C08
796054.293767 29077675.205938 30986342.141005 42000 C10
-14333067.098123 29619602.950064 -26334093.766675 36000 C13
-7129597.544615 39516748.860773 -11924114.850842 33000 C16
time 2025/01/17 09:28:55.000
-13939762.259411 9270963.136427 20992254.242326 31000 G02
-6847668.658273 23641772.850655 -8835286.719993 45000 G07
-1881417.915070 17329170.206088 20022222.194285 47000 G14
6405423.860407 19179918.724232 17516442.938831 40000 G17
1082203.601350 26314016.596006 2166644.949642 29000 G30
-4382411.398841 17982530.953944 17548366.509728 45000 R11
-10553547.038346 912066.089176 23220135.722153 0 R20
-2723498.272819 17973248.947369 17910277.927123 48000 R21
6784151.620132 24558568.181984 1108338.457020 40000 R22
-14720872.043119 39465436.515418 -1197785.911351 48000 C03
-6879816.341517 39899918.947356 -11108416.747438 38000 C06
-8001185.875528 26843611.811370 31632790.470089 46000 C07
-19014262.277159 28806436.158393 -24381945.962122 39000 C08
795214.627752 29077106.758768 30986872.035942 44000 C10
-14333350.357196 29621101.469314 -26332280.691197 37000 C13
-7128403.819840 39516233.121480 -11926493.716903 34000 C16
time 2025/01/17 09:28:56.000
-13940017.458783 9268405.682254 20993275.000923 32000 G02
-6847976.715459 23640552.791336 -8838183.739290 45000 G07
-1883737.005978 17330226.094113 20021063.723028 47000 G14
6403562.292223 19178826.380573 17518384.818985 40000 G17
1081815.783040 26314269.000767 2163525.374211 30000 G30
-4383891.673614 17984425.936403 17546052.589046 45000 R11
-10554436.914697 909012.883148 23219854.750971 0 R20
-2724121.520702 17970871.899816 17912566.657730 49000 R21
6784265.378629 24558379.880786 1111906.083318 41000 R22
-14720876.283868 39465434.951521 -1197731.758285 47000 C03
-6878639.273507 39899460.865640 -11110785.807999 37000 C06
-8002144.622027 26843243.546329 31632847.481254 45000 C07
-19014446.969045 28808045.484270 -24379911.300893 38000 C08
794374.878936 29076538.437712 30987401.769986 43000 C10
-14333633.397618 29622600.029670 -26330467.475491 36000 C13
-7127210.169533 39515717.203909 -11928872.518282 33000 C16
time 2025/01/17 09:28:57.000
-13940272.818281 9265848.123797 20994295.327237 32000 G02
-6848284.834388 23639332.375750 -8841080.561558 45000 G07
-1886055.912770 17331282.043321 20019904.825192 47000 G14
6401700.465496 19177734.011216 17520326.334424 41000 G17
1081427.983902 26314521.033537 2160405.752059 32000 G30
-4385371.590032 17986320.798354 17543738.246812 46000 R11
-10555327.039472 905959.789966 23219573.223126 0 R20
-2724745.064433 17968494.607786 17914854.958680 48000 R21
6784378.982648 24558191.103354 1115473.682884 41000 R22
-14720880.524696 39465433.387855 -1197677.598840 47000 C03
-6877462.271847 39899002.609535 -11113154.808706 36000 C06
-8003103.422488 26842875.422019 31632904.325252 45000 C07
-19014631.426898 28809654.838096 -24377876.510897 38000 C08
793535.047345 29075970.242787 30987931.343130 43000 C10
-14333916.219380 29624098.631088 -26328654.119584 36000 C13
-7126016.593716 39515201.108069 -11931251.254971 33000 C16
time 2025/01/17 09:28:58.000
-13940528.337919 9263290.461126 20995315.221245 32000 G02
-6848593.015104 23638111.603931 -8843977.186710 45000 G07
-1888374.635387 17332338.053661 20018745.500809 47000 G14
6399838.380261 19176641.616221 17522267.485099 41000 G17
1081040.203885 26314772.694311 2157286.083248 33000 G30
-4386851.148074 17988215.539696 17541423.483097 46000 R11
-10556217.412630 902906.809755 23219291.138631 0 R20
-2725368.904032 17966117.071382 17917142.829903 48000 R21
6784492.432118 24558001.849714 1119041.255600 41000 R22
-14720884.765603 39465431.824422 -1197623.433016 48000 C03
-6876285.336564 39898544.179052 -11115523.749540 38000 C06
-8004062.276885 26842507.438449 31632961.002085 47000 C07
-19014815.650713 28811264.219831 -24375841.592153 39000 C08
792695.133005 29075402.174010 30988460.755366 44000 C10
-14334198.822474 29625597.273528 -26326840.623493 38000 C13
-7124823.092432 39514684.833980 -11933629.926926 34000 C16
time 2025/01/17 09:28:59.000
-13940784.017712 9260732.694281 20996334.682939 32000 G02
-6848901.257655 23636890.475898 -8846873.614702 45000 G07
-1890693.173811 17333394.125101 20017585.749887 47000 G14
6397976.036522 19175549.195633 17524208.270993 41000 G17
1080652.442939 26315023.983079 2154166.367826 34000 G30
-4388330.347746 17990110.160361 17539108.297933 46000 R11
-10557108.034155 899853.942551 23219008.497486 0 R20
-2725993.039530 17963739.290662 17919430.271371 48000 R21
6784605.726967 24557812.119892 1122608.801418 40000 R22
-14720889.006588 39465430.261221 -1197569.260812 48000 C03
-6875108.467676 39898085.574197 -11117892.630509 37000 C06
-8005021.185210 26842139.595622 31633017.511751 46000 C07
-19014999.640490 28812873.629467 -24373806.544639 38000 C08
791855.135923 29074834.231385 30988990.006698 44000 C10
-14334481.206898 29627095.956973 -26325026.987212 37000 C13
-7123629.665697 39514168.381647 -11936008.534152 33000 C16
time 2025/01/17 09:29:00.000
-13941039.857674 9258174.823296 20997353.712312 32000 G02
-6849209.562090 23635668.991669 -8849769.845492 45000 G07
-1893011.527998 17334450.257598 20016425.572449 47000 G14
6396113.434301 19174456.749506 17526148.692072 41000 G17
1080264.701013 26315274.899838 2151046.605830 34000 G30
-4389809.189044 17992004.660271 17536792.691364 46000 R11
-10557998.904007 896801.188465 23218725.299700 0 R20
-2726617.470952 17961361.265711 17921717.283035 48000 R21
6784718.867126 24557621.913912 1126176.320269 40000 R22
-14720893.247652 39465428.698252 -1197515.082229 47000 C03
-6873931.665203 39897626.794977 -11120261.451605 36000 C06
-8005980.147443 26841771.893545 31633073.854250 45000 C07
-19015183.396223 28814483.066964 -24371771.368373 37000 C08
791015.056116 29074266.414923 30989519.097124 42000 C10
-14334763.372647 29628594.681397 -26323213.210743 35000 C13
-7122436.313527 39513651.751076 -11938387.076659 31000 C16
time 2025/01/17 09:29:01.000
-13941295.857813 9255616.848293 20998372.309322 32000 G02
-6849517.928451 23634447.151284 -8852665.878984 45000 G07
-1895329.697878 17335506.451097 20015264.968532 47000 G14
6394250.573646 19173364.277909 17528088.748274 41000 G17
1079876.978069 26315525.444573 2147926.797402 35000 G30
-4391287.671939 17993899.039314 17534476.663475 46000 R11
-10558890.022149 893748.547612 23218441.545282 0 R20
-2727242.198315 17958982.996639 17924003.864815 48000 R21
6784831.852520 24557431.231803 1129743.812037 40000 R22
-14720897.488795 39465427.135516 -1197460.897267 48000 C03
-6872754.929185 39897167.841408 -11122630.212791 37000 C06
-8006939.163554 26841404.332230 31633130.029582 47000 C07
-19015366.917907 28816092.532273 -24369736.063385 39000 C08
790174.893611 29073698.724642 30990048.026636 44000 C10
-14335045.319711 29630093.446750 -26321399.294119 37000 C13
-7121243.035965 39513134.942286 -11940765.554398 33000 C16
time 2025/01/17 09:29:02.000
-6849826.356787 23633224.954759 -8855561.715135 40000 G07
-1897647.683417 17336562.705557 20014103.938153 47000 G14
6392387.454574 19172271.780895 17530028.439569 35000 G17
15705669.873239 19703658.984989 8931881.857604 35000 G19
1079489.274040 26315775.617285 2144806.942479 37000 G30
-4392765.796416 17995793.297394 17532160.214332 50000 R11
-2727867.221645 17956604.483536 17926290.016656 49000 R21
6784944.683079 24557240.073594 1133311.276590 40000 R22
-14720901.730016 39465425.573011 -1197406.705927 46000 C03
-6871578.259629 39896708.713493 -11124998.914088 35000 C06
-8007898.233521 26841036.911685 31633186.037746 47000 C07
-19015550.205540 28817702.025375 -24367700.629668 40000 C08
-2175557.480880 41666597.741859 -2011187.704230 37000 C09
789334.648423 29073131.160550 30990576.795234 36000 C10
-14335327.048086 29631592.253013 -26319585.237335 36000 C13
-7120049.833041 39512617.955289 -11943143.967347 44000 C16
time 2025/01/17 09:29:03.000
-13941808.338681 9250500.586423 21000408.206201 31000 G02
-6850134.847136 23632002.402152 -8858457.353811 44000 G07
-1899965.484563 17337619.020933 20012942.481339 47000 G14
6390524.077108 19171179.258518 17531967.765923 42000 G17
1079101.588901 26316025.417955 2141687.041292 34000 G30
-4394243.562502 17997687.434471 17529843.343931 47000 R11
-10560673.003183 887643.605920 23217872.366574 0 R20
-2728492.540970 17954225.726464 17928575.738527 48000 R21
6785057.358733 24557048.439304 1136878.713974 41000 R22
-14720905.971315 39465424.010738 -1197352.508209 49000 C03
-6870401.656595 39896249.411254 -11127367.555415 38000 C06
-8008857.357336 26840669.631914 31633241.878742 46000 C07
-19015733.259114 28819311.546208 -24365665.067266 39000 C08
788494.320575 29072563.722665 30991105.402909 44000 C10
-14335608.557764 29633091.100136 -26317771.040420 38000 C13
-7118856.704753 39512100.790083 -11945522.315555 33000 C16
time 2025/01/17 09:29:04.000
-6850443.399556 23630779.493444 -8861352.795052 39000 G07
-1902283.101280 17338675.397183 20011780.598108 47000 G14
6388660.441279 19170086.710837 17533906.727291 34000 G17
15703594.264995 19702620.869575 8937642.976642 33000 G19
1078713.922580 26316274.846588 2138567.093720 36000 G30
-4395720.970145 17999581.450404 17527526.052392 50000 R11
-2729118.156308 17951846.725533 17930861.030350 49000 R21
6785169.879408 24556856.328967 1140446.123961 39000 R22
-14720910.212693 39465422.448698 -1197298.304113 45000 C03
-6869225.120065 39895789.934684 -11129736.136849 34000 C06
-8009816.534967 26840302.492927 31633297.552569 46000 C07
-19015916.078630 28820921.094777 -24363629.376142 39000 C08
-2173063.507852 41666427.306428 -2016233.016754 38000 C09
787653.910072 29071996.410987 30991633.849668 37000 C10
-14335889.848744 29634589.988113 -26315956.703356 35000 C13
-7117663.651162 39511583.446695 -11947900.598932 43000 C16
time 2025/01/17 09:29:05.000
-13942321.460422 9245383.909120 21002442.373452 30000 G02
-6850752.014081 23629556.228707 -8864248.038690 43000 G07
-1904600.533515 17339731.834261 20010618.288487 46000 G14
6386796.547099 19168994.137900 17535845.323649 40000 G17
1078326.275053 26316523.903161 2135447.100026 34000 G30
-4397198.019368 18001475.345148 17525208.339720 46000 R11
-10562456.976992 881539.118224 23217300.961417 0 R20
-2729744.067689 17949467.480817 17933145.892087 47000 R21
6785282.245036 24556663.742604 1144013.506584 40000 R22
-14720914.454149 39465420.886889 -1197244.093639 47000 C03
-6868048.650103 39895330.283808 -11132104.658295 36000 C06
-8010775.766403 26839935.494730 31633353.059227 46000 C07
-19016098.664080 28822530.671016 -24361593.556347 38000 C08
786813.416950 29071429.225540 30992162.135499 43000 C10
-14336170.921015 29636088.916886 -26314142.226182 36000 C13
-7116470.672254 39511065.925118 -11950278.817550 31000 C16
time 2025/01/17 09:29:06.000
-13942578.261651 9242825.414853 21003458.808415 30000 G02
-6851060.690766 23628332.607935 -8867143.084738 43000 G07
-1906917.781228 17340788.332124 20009455.552498 46000 G14
6384932.394609 19167901.539774 17537783.554942 40000 G17
1077938.646254 26316772.587677 2132327.060133 34000 G30
-4398674.710140 18003369.118588 17522890.206004 46000 R11
-10563349.336105 878487.044852 23217014.423938 0 R20
-2730370.275133 17947087.992409 17935430.323674 47000 R21
6785394.455542 24556470.680245 1147580.861675 40000 R22
-14720918.695684 39465419.325313 -1197189.876788 47000 C03
-6866872.246709 39894870.458626 -11134473.119797 36000 C06
-8011735.051617 26839568.637333 31633408.398715 45000 C07
-19016281.015464 28824140.274915 -24359557.607861 38000 C08
785972.841212 29070862.166327 30992690.260405 43000 C10
-14336451.774574 29637587.886444 -26312327.608884 36000 C13
-7115277.768086 39510548.225376 -11952656.971331 30000 C16
time 2025/01/17 09:29:07.000
-13942835.223138 9240266.816905 21004474.810921 32000 G02
-6851369.429656 23627108.631160 -8870037.933116 44000 G07
-1909234.844383 17341844.890731 20008292.390159 47000 G14
6383067.983819 19166808.916506 17539721.421148 40000 G17
1077551.036138 26317020.900127 2129206.974138 34000 G30
-4400151.042466 18005262.770653 17520571.651277 46000 R11
-10564241.943316 875435.085246 23216727.329866 0 R20
-2730996.778668 17944708.260384 17937714.325070 48000 R21
6785506.510857 24556277.141914 1151148.189197 40000 R22
-14720922.937297 39465417.763969 -1197135.653560 48000 C03
-6865695.909909 39894410.459148 -11136841.521336 37000 C06
-8012694.390594 26839201.920740 31633463.571035 46000 C07
-19016463.132776 28825749.906439 -24357521.530696 39000 C08
785132.182878 29070295.233360 30993218.224385 44000 C10
-14336732.409416 29639086.896759 -26310512.851468 37000 C13
-7114084.938672 39510030.347474 -11955035.060289 31000 C16
time 2025/01/17 09:29:08.000
-13943092.344895 9237708.115351 21005490.380945 32000 G02
-6851678.230796 23625884.298405 -8872932.583769 43000 G07
-1911551.722939 17342901.510041 20007128.801492 46000 G14
6381203.314749 19165716.268148 17541658.922235 40000 G17
1077163.444661 26317268.840500 2126086.842127 34000 G30
-4401627.016341 18007156.301265 17518252.675585 46000 R11
-10565134.798597 872383.239484 23216439.679209 0 R20
-2731623.578320 17942328.284820 17939997.896229 48000 R21
6785618.410909 24556083.127637 1154715.489079 41000 R22
-14720927.178989 39465416.202856 -1197081.423955 47000 C03
-6864519.639724 39893950.285381 -11139209.862914 36000 C06
-8013653.783320 26838835.344959 31633518.576184 46000 C07
-19016645.016013 28827359.565558 -24355485.324859 39000 C08
784291.441963 29069728.426649 30993746.027437 44000 C10
-14337012.825537 29640585.947803 -26308697.953938 36000 C13
-7112892.184035 39509512.291422 -11957413.084416 30000 C16
time 2025/01/17 09:29:09.000
-13943349.626936 9235149.310234 21006505.518478 32000 G02
-6851987.094232 23624659.609705 -8875827.036616 43000 G07
-1913868.416842 17343958.190006 20005964.786524 46000 G14
6379338.387434 19164623.594763 17543596.058156 40000 G17
1076775.871775 26317516.408788 2122966.664176 34000 G30
-4403102.631747 18009049.710324 17515933.278996 47000 R11
-10566027.901913 869331.507658 23216151.471972 0 R20
-2732250.674110 17939948.065817 17942281.037085 48000 R21
6785730.155628 24555888.637442 1158282.761212 41000 R22
-14720931.420758 39465414.641976 -1197027.187973 47000 C03
-6863343.436189 39893489.937340 -11141578.144494 36000 C06
-8014613.229766 26838468.909998 31633573.414163 46000 C07
-19016826.665170 28828969.252229 -24353448.990371 38000 C08
783450.618491 29069161.746209 30994273.669554 44000 C10
-14337293.022928 29642085.039530 -26306882.916321 37000 C13
-7111699.504199 39508994.057231 -11959791.043703 30000 C16
time 2025/01/17 09:29:10.000
-13943607.069271 9232590.401648 21007520.223488 33000 G02
-6852296.020009 23623434.565090 -8878721.291583 44000 G07
-1916184.926035 17345014.930576 20004800.345285 47000 G14
6377473.201898 19163530.896406 17545532.828871 39000 G17
1076388.317431 26317763.604983 2119846.440339 34000 G30
-4404577.888669 18010942.997737 17513613.461574 47000 R11
-10566921.253223 866279.889894 23215862.708166 0 R20
-2732878.066060 17937567.603469 17944563.747576 48000 R21
6785841.744940 24555693.671355 1161850.005512 40000 R22
-14720935.662606 39465413.081327 -1196972.945614 47000 C03
-6862167.299329 39893029.415033 -11143946.366066 36000 C06
-8015572.729911 26838102.615867 31633628.084971 45000 C07
-19017008.080244 28830578.966419 -24351412.527241 38000 C08
782609.712479 29068595.192052 30994801.150734 44000 C10
-14337573.001584 29643584.171915 -26305067.738621 36000 C13
-7110506.899193 39508475.644911 -11962168.938132 30000 C16
time 2025/01/17 09:29:11.000
-13943864.671912 9230031.389659 21008534.495957 34000 G02
-6852605.008173 23622209.164588 -8881615.348605 43000 G07
-1918501.250470 17346071.731704 20003635.477800 47000 G14
6375607.758188 19162438.173145 17547469.234323 39000 G17
1076000.781583 26318010.429076 2116726.170713 34000 G30
-4406052.787096 18012836.163412 17511293.223379 47000 R11
-10567814.852495 863228.386280 23215573.387797 0 R20
-2733505.754192 17935186.897871 17946846.027641 49000 R21
6785953.178774 24555498.229405 1165417.221866 40000 R22
-14720939.904532 39465411.520911 -1196918.696880 47000 C03
-6860991.229174 39892568.718472 -11146314.527608 36000 C06
-8016532.283731 26837736.462573 31633682.588607 45000 C07
-19017189.261230 28832188.708082 -24349375.935496 38000 C08
781768.723950 29068028.764191 30995328.470972 43000 C10
-14337852.761498 29645083.344916 -26303252.420857 36000 C13
-7109314.369061 39507957.054481 -11964546.767653 30000 C16
time 2025/01/17 09:29:12.000
-13944122.434873 9227472.274325 21009548.335867 34000 G02
-6852914.058768 23620983.408229 -8884509.207607 44000 G07
-1920817.390103 17347128.593347 20002470.184090 47000 G14
6373742.056316 19161345.425030 17549405.274487 39000 G17
1075613.264185 26318256.881057 2113605.855368 34000 G30
-4407527.327016 18014729.207262 17508972.564467 47000 R11
-10568708.699693 860176.996918 23215283.510875 0 R20
-2734133.738530 17932805.949108 17949127.877227 49000 R21
6786064.457059 24555302.311616 1168984.410203 40000 R22
-14720944.146536 39465409.960726 -1196864.441771 46000 C03
-6859815.225749 39892107.847667 -11148682.629110 35000 C06
-8017491.891207 26837370.450126 31633736.925072 45000 C07
-19017370.208123 28833798.477195 -24347339.215133 38000 C08
780927.652922 29067462.462639 30995855.630265 43000 C10
-14338132.302664 29646582.558503 -26301436.963039 35000 C13
-7108121.913784 39507438.285934 -11966924.532343 28000 C16
time 2025/01/17 09:29:13.000
-13944380.358165 9224913.055725 21010561.743195 35000 G02
-6853223.171839 23619757.296045 -8887402.868514 44000 G07
-1923133.344874 17348185.515455 20001304.464189 48000 G14
6371876.096322 19160252.652124 17551340.949309 39000 G17
1075225.765189 26318502.960920 2110485.494367 34000 G30
-4409001.508416 18016622.129191 17506651.484901 48000 R11
-10569602.794780 857125.721911 23214993.077405 0 R20
-2734762.019095 17930424.757277 17951409.296271 49000 R21
6786175.579723 24555105.918019 1172551.570410 40000 R22
-14720948.388618 39465408.400774 -1196810.180286 47000 C03
-6858639.289084 39891646.802629 -11151050.670549 36000 C06
-8018451.552314 26837004.578533 31633791.094364 46000 C07
-19017550.920919 28835408.273702 -24345302.366191 39000 C08
780086.499417 29066896.287410 30996382.628607 44000 C10
-14338411.625075 29648081.812637 -26299621.365185 37000 C13
-7106929.533449 39506919.339305 -11969302.232069 30000 C16
time 2025/01/17 09:29:14.000
-13944638.441800 9222353.733926 21011574.717919 34000 G02
-6853532.347433 23618530.828062 -8890296.331265 44000 G07
-1925449.114736 17349242.497981 20000138.318119 47000 G14
6370009.878232 19159159.854485 17553276.258751 39000 G17
1074838.284544 26318748.668657 2107365.087771 32000 G30
-4410475.331279 18018514.929106 17504329.984745 47000 R11
-10570497.137727 854074.561342 23214702.087396 0 R20
-2735390.595910 17928043.322472 17953690.284712 49000 R21
6786286.546695 24554909.048637 1176118.702410 40000 R22
-14720952.630778 39465406.841054 -1196755.912427 47000 C03
-6857463.419207 39891185.583370 -11153418.651905 37000 C06
-8019411.267028 26836638.847804 31633845.096483 46000 C07
-19017731.399614 28837018.097579 -24343265.388666 39000 C08
779245.263454 29066330.238516 30996909.465994 44000 C10
-14338690.728724 29649581.107288 -26297805.627302 37000 C13
-7105737.228074 39506400.214602 -11971679.866835 29000 C16
time 2025/01/17 09:29:15.000
-13944896.685795 9219794.308954 21012587.260038 35000 G02
-6853841.585598 23617304.004294 -8893189.595823 44000 G07
-1927764.699676 17350299.540897 19998971.745889 47000 G14
6368143.402045 19158067.032153 17555211.202802 39000 G17
1074450.822202 26318994.004262 2104244.635631 31000 G30
-4411948.795621 18020407.606950 17502008.064017 47000 R11
-10571391.728511 851023.515268 23214410.540851 0 R20
-2736019.469008 17925661.644744 17955970.842529 49000 R21
6786397.357904 24554711.703497 1179685.806159 39000 R22
-14720956.873017 39465405.281565 -1196701.638193 48000 C03
-6856287.616128 39890724.189892 -11155786.573199 37000 C06
-8020371.035345 26836273.257940 31633898.931429 46000 C07
-19017911.644207 28838627.948816 -24341228.282541 39000 C08
778403.945039 29065764.315962 30997436.142433 44000 C10
-14338969.613611 29651080.442441 -26295989.749381 37000 C13
-7104544.997653 39505880.911823 -11974057.436687 29000 C16
time 2025/01/17 09:29:16.000
-13945155.090159 9217234.780895 21013599.369522 35000 G02
-6854150.886380 23616076.824775 -8896082.662109 43000 G07
-1930080.099626 17351356.644147 19997804.747532 47000 G14
6366276.667809 19156974.185198 17557145.781401 38000 G17
1074063.378115 26319238.967724 2101124.138025 29000 G30
-4413421.901418 18022300.162617 17499685.722794 47000 R11
-10572286.567088 847972.583818 23214118.437779 0 R20
-2736648.638405 17923279.724204 17958250.969647 48000 R21
6786508.013279 24554513.882627 1183252.881536 38000 R22
-14720961.115333 39465403.722308 -1196647.357585 47000 C03
-6855111.879883 39890262.622209 -11158154.434397 36000 C06
-8021330.857233 26835907.808954 31633952.599202 45000 C07
-19018091.654692 28840237.827359 -24339191.047850 39000 C08
777562.544200 29065198.519763 30997962.657913 43000 C10
-14339248.279726 29652579.818053 -26294173.731445 36000 C13
-7103352.842227 39505361.430984 -11976434.941587 28000 C16
time 2025/01/17 09:29:17.000
-13945413.654906 9214675.149803 21014611.046357 33000 G02
-6854460.249822 23614849.289536 -8898975.530049 42000 G07
-1932395.314547 17352413.807690 19996637.323070 46000 G14
6364409.675537 19155881.313667 17559079.994524 37000 G17
1073675.952237 26319483.559037 2098003.595034 26000 G30
-4414894.648661 18024192.596023 17497362.961129 46000 R11
-10573181.653428 844921.767073 23213825.778189 0 R20
-2737278.104129 17920897.560934 17960530.666015 48000 R21
6786618.512748 24554315.586051 1186819.928486 36000 R22
-14720965.357726 39465402.163283 -1196593.070602 46000 C03
-6853936.210493 39889800.880330 -11160522.235495 35000 C06
-8022290.732676 26835542.500850 31634006.099801 44000 C07
-19018271.431064 28841847.733173 -24337153.684606 38000 C08
776721.060951 29064632.849931 30998489.012436 43000 C10
-14339526.727064 29654079.234090 -26292357.573506 36000 C13
-7102160.761811 39504841.772092 -11978812.381542 27000 C16
time 2025/01/17 09:29:18.000
-13945672.380051 9212115.415731 21015622.290529 34000 G02
-6854769.675975 23613621.398593 -8901868.199604 43000 G07
-1934710.344403 17353471.031485 19995469.472521 46000 G14
6362542.425254 19154788.417619 17561013.842132 38000 G17
1073288.544502 26319727.778202 2094883.006582 27000 G30
-4416367.037351 18026084.907090 17495039.779063 47000 R11
-10574076.987502 841871.065110 23213532.562084 0 R20
-2737907.866205 17918515.155008 17962809.931591 48000 R21
6786728.856240 24554116.813797 1190386.946917 35000 R22
-14720969.600198 39465400.604490 -1196538.777245 47000 C03
-6852760.607976 39889338.964261 -11162889.976494 35000 C06
-8023250.661658 26835177.333637 31634059.433226 45000 C07
-19018450.973322 28843457.666241 -24335116.192799 38000 C08
775879.495307 29064067.306474 30999015.205998 43000 C10
-14339804.955621 29655578.690538 -26290541.275552 36000 C13
-7100968.756445 39504321.935163 -11981189.756512 27000 C16
time 2025/01/17 09:29:19.000
-13945931.265603 9209555.578761 21016633.102012 36000 G02
-6855079.164881 23612393.151979 -8904760.670695 43000 G07
-1937025.189141 17354528.315485 19994301.195914 48000 G14
6360674.916991 19153695.497111 17562947.324181 39000 G17
1072901.154894 26319971.625192 2091762.372988 29000 G30
-4417839.067474 18027977.095725 17492716.176661 49000 R11
-10574972.569273 838820.478036 23213238.789474 0 R20
-2738537.924655 17916132.506523 17965088.766313 50000 R21
6786839.043681 24553917.565895 1193953.936685 38000 R22
-14720973.842748 39465399.045929 -1196484.477515 46000 C03
-6851585.072366 39888876.874016 -11165257.657365 36000 C06
-8024210.644153 26834812.307322 31634112.599476 46000 C07
-19018630.281462 28845067.626522 -24333078.572447 39000 C08
775037.847289 29063501.889406 30999541.238597 44000 C10
-14340082.965391 29657078.187353 -26288724.837610 35000 C13
-7099776.826166 39503801.920212 -11983567.066463 32000 C16
time 2025/01/17 09:29:21.000
-13946449.517977 9204435.596432 21018653.426817 37000 G02
-6855698.331131 23609935.591883 -8910545.017142 42000 G07
-1941654.323016 17356643.063892 19991963.364649 48000 G14
6356939.126670 19151509.582967 17566813.191410 40000 G17
1072126.429833 26320458.202636 2085520.970378 27000 G30
-4420782.051932 18031761.105290 17488067.711136 49000 R11
-10576764.475748 832719.649013 23212649.574775 0 R20
-2739798.930754 17911366.482296 17969645.142908 51000 R21
6787058.950130 24553517.643249 1201087.829976 38000 R22
-14720982.328080 39465395.929503 -1196375.858936 46000 C03
-6849234.201990 39887952.171043 -11169992.838632 35000 C06
-8026130.769579 26834082.677428 31634218.430450 47000 C07
-19018988.195361 28848287.628529 -24329002.946229 39000 C08
773354.304230 29062371.434499 31000592.820875 44000 C10
-14340638.328535 29660077.301916 -26285091.541844 36000 C13
-7097393.190899 39502761.356259 -11988321.491400 32000 C16
time 2025/01/17 09:29:22.000
-6856008.008573 23608706.278430 -8913436.892426 41000 G07
-1943968.612107 17357700.528230 19990793.810017 46000 G14
6355070.844620 19150416.589418 17568745.576558 39000 G17
1071739.094273 26320700.933081 2082400.201415 30000 G30
-4422253.006278 18033652.926085 17485742.848077 47000 R11
-10577660.800404 829669.407187 23212354.132695 0 R20
-2740429.878464 17908983.106678 17971922.684721 49000 R21
6787168.668998 24553316.968554 1204654.733401 39000 R22
-14720986.570863 39465394.371638 -1196321.540086 42000 C03
-6848058.867251 39887489.558325 -11172360.339049 29000 C06
-8027090.912490 26833718.073857 31634271.095174 44000 C07
-19019166.801118 28849897.670227 -24326964.940332 36000 C08
772512.409206 29061806.396672 31001118.370560 41000 C10
-14340915.681905 29661576.919637 -26283274.683997 34000 C13
-7096201.485980 39502240.807285 -11990698.606327 31000 C16
time 2025/01/17 09:29:23.000
-6856317.748952 23607476.609418 -8916328.568981 41000 G07
-1946282.715895 17358758.052592 19989623.829422 46000 G14
6353202.304698 19149323.571638 17570677.595989 38000 G17
1071351.776621 26320943.291336 2079279.387365 31000 G30
-4423723.602015 18035544.624093 17483417.564907 46000 R11
-10578557.372626 826619.280610 23212058.134138 0 R20
-2741061.122640 17906599.488855 17974199.795457 49000 R21
6787278.231531 24553115.818316 1208221.607869 37000 R22
-14720990.813723 39465392.814004 -1196267.214864 40000 C03
-6846883.599511 39887026.771467 -11174727.779306 26000 C06
-8028051.108830 26833353.611215 31634323.592721 42000 C07
-19019345.172740 28851507.739003 -24324926.805934 34000 C08
771670.431881 29061241.485281 31001643.759270 39000 C10
-14341192.816463 29663076.577596 -26281457.686201 33000 C13
-7095009.856221 39501720.080320 -11993075.656244 30000 C16
time 2025/01/17 09:29:24.000
-13947228.099920 9196754.852686 21021680.668436 36000 G02
-6856627.552311 23606246.584885 -8919220.046712 41000 G07
-1948596.634309 17359815.636923 19988453.422901 46000 G14
6351333.506947 19148230.529694 17572609.249648 38000 G17
1070964.476845 26321185.277385 2076158.528418 30000 G30
-4425193.839119 18037436.199208 17481091.861706 46000 R11
-10579454.192368 823569.269423 23211761.579115 0 R20
-2741692.663302 17904215.628936 17976476.475041 49000 R21
6787387.637659 24552914.192562 1211788.453269 36000 R22
-14720995.056661 39465391.256602 -1196212.883271 41000 C03
-6845708.398824 39886563.810488 -11177095.159335 27000 C06
-8029011.358572 26832989.289515 31634375.923092 43000 C07
-19019523.310221 28853117.834794 -24322888.543081 36000 C08
770828.372284 29060676.700344 31002168.986995 40000 C10
-14341469.732201 29664576.275750 -26279640.548483 34000 C13
-7093818.301677 39501199.175387 -11995452.641082 31000 C16
time 2025/01/17 09:29:25.000
-13947487.948183 9194194.399664 21022688.883396 36000 G02
-6856937.418698 23605016.204853 -8922111.325572 41000 G07
-1950910.367324 17360873.281187 19987282.590468 46000 G14
6349464.451377 19147137.463632 17574540.537514 39000 G17
1070577.194897 26321426.891217 2073037.624656 30000 G30
-4426663.717590 18039327.651356 17478765.738512 46000 R11
-10580351.259603 820519.373695 23211464.467631 0 R20
-2742324.500476 17901831.526996 17978752.723432 50000 R21
6787496.887310 24552712.091319 1215355.269528 36000 R22
-14720999.299677 39465389.699432 -1196158.545306 43000 C03
-6844533.265196 39886100.675391 -11179462.479160 28000 C06
-8029971.661702 26832625.108760 31634428.086286 45000 C07
-19019701.213558 28854727.957582 -24320850.151764 38000 C08
769986.230428 29060112.041869 31002694.053735 43000 C10
-14341746.429115 29666076.014074 -26277823.270841 37000 C13
-7092626.822365 39500678.092492 -11997829.560845 33000 C16
time 2025/01/17 09:29:26.000
-6857247.348162 23603785.469331 -8925002.405536 41000 G07
-1953223.914919 17361930.985351 19986111.332134 46000 G14
6347595.137988 19146044.373493 17576471.459574 39000 G17
1070189.930719 26321668.132831 2069916.676063 31000 G30
-4428133.237434 18041218.980468 17476439.195357 46000 R11
-10581248.574306 817469.593491 23211166.799692 0 R20
-2742956.634193 17899447.183092 17981028.540603 49000 R21
6787605.980413 24552509.514612 1218922.056598 36000 R22
-14721003.542770 39465388.142494 -1196104.200969 42000 C03
-6843358.198652 39885637.366185 -11181829.738772 28000 C06
-8030932.018210 26832261.068955 31634480.082302 45000 C07
-19019878.882751 28856338.107360 -24318811.631958 37000 C08
769144.006320 29059547.509861 31003218.959495 42000 C10
-14342022.907204 29667575.792559 -26276005.853259 36000 C13
-7091435.418287 39500156.831637 -12000206.415566 32000 C16
time 2025/01/17 09:29:27.000
-13948008.126211 9189073.186287 21024704.014856 37000 G02
-6857557.340747 23602554.378360 -8927893.286506 42000 G07
-1955537.277024 17362988.749359 19984939.647935 47000 G14
6345725.566835 19144951.259352 17578402.015760 40000 G17
1069802.684271 26321909.002217 2066795.682757 30000 G30
-4429602.398633 18043110.186446 17474112.232312 47000 R11
-10582146.136442 814419.928909 23210868.575305 0 R20
-2743589.064473 17897062.597331 17983303.926481 51000 R21
6787714.916897 24552306.462470 1222488.814351 35000 R22
-14721007.785940 39465386.585788 -1196049.850261 45000 C03
-6842183.199228 39885173.882885 -11184196.938134 35000 C06
-8031892.428068 26831897.170110 31634531.911141 46000 C07
-19020056.317793 28857948.284077 -24316772.983699 39000 C08
768301.699985 29058983.104337 31003743.704267 44000 C10
-14342299.166459 29669075.611158 -26274188.295765 36000 C13
-7090244.089462 39499635.392829 -12002583.205250 29000 C16
time 2025/01/17 09:29:28.000
-13948268.456001 9186512.426074 21025710.931314 39000 G02
-6857867.396497 23601322.931972 -8930783.968408 43000 G07
-1957850.453590 17364046.573166 19983767.537897 49000 G14
6343855.737944 19143858.121263 17580332.206034 42000 G17
1069415.455502 26322149.499366 2063674.644795 29000 G30
-4431071.201170 18045001.269192 17471784.849443 48000 R11
-10583043.945967 811370.380076 23210569.794481 0 R20
-2744221.791335 17894677.769813 17985578.881002 51000 R21
6787823.696690 24552102.934919 1226055.542706 37000 R22
-14721012.029188 39465385.029313 -1195995.493182 47000 C03
-6841008.266938 39884710.225495 -11186564.077258 35000 C06
-8032852.891250 26831533.412234 31634583.572802 48000 C07
-19020233.518680 28859558.487690 -24314734.207005 40000 C08
767459.311445 29058418.825309 31004268.288046 45000 C10
-14342575.206872 29670575.469831 -26272370.598378 36000 C13
-7089052.835960 39499113.776098 -12004959.929793 32000 C16
time 2025/01/17 09:29:29.000
-13948528.946325 9183951.563574 21026717.414907 39000 G02
-6858177.515461 23600091.130184 -8933674.451202 42000 G07
-1960163.444586 17365104.456731 19982595.002036 48000 G14
6341985.651316 19142764.959270 17582262.030384 42000 G17
1069028.244360 26322389.624273 2060553.562214 29000 G30
-4432539.645045 18046892.228631 17469457.046790 48000 R11
-10583942.002859 808320.947048 23210270.457223 0 R20
-2744854.814808 17892292.700604 17987853.404128 51000 R21
6787932.319722 24551898.931985 1229622.241600 37000 R22
-14721016.272514 39465383.473070 -1195941.129732 46000 C03
-6839833.401793 39884246.394020 -11188931.156160 35000 C06
-8033813.407745 26831169.795332 31634635.067284 47000 C07
-19020410.485410 28861168.718180 -24312695.301871 39000 C08
766616.840711 29057854.672785 31004792.710834 45000 C10
-14342851.028440 29672075.368561 -26270552.761093 36000 C13
-7087861.657792 39498591.981447 -12007336.589216 32000 C16
time 2025/01/17 09:29:30.000
-13948789.597196 9181390.598870 21027723.465610 38000 G02
-6858487.697683 23598858.973025 -8936564.734816 42000 G07
-1962476.249962 17366162.400010 19981422.040379 48000 G14
6340115.306997 19141671.773440 17584191.488750 41000 G17
-4434007.730246 18048783.064673 17467128.824414 48000 R11
-10584840.307083 805271.629919 23209970.563539 0 R20
-2745488.134915 17889907.389801 17990127.495801 51000 R21
6788040.785921 24551694.453696 1233188.910946 37000 R22
-14721020.515916 39465381.917059 -1195886.759911 46000 C03
-6838658.603838 39883782.388477 -11191298.174790 34000 C06
-8034773.977528 26830806.319413 31634686.394588 47000 C07
-19020587.217977 28862778.975507 -24310656.268314 39000 C08
765774.287805 29057290.646780 31005316.972626 44000 C10
-14343126.631158 29673575.307315 -26268734.783917 36000 C13
-7086670.554972 39498070.008885 -12009713.183524 31000 C16
time 2025/01/17 09:29:31.000
-13949050.408625 9178829.532026 21028729.083404 38000 G02
-6858797.943210 23597626.460527 -8939454.819177 42000 G07
-1964788.869666 17367220.402954 19980248.652952 48000 G14
6338244.705012 19140578.563828 17586120.581097 41000 G17
-4435475.456761 18050673.777225 17464800.182374 48000 R11
-10585738.858602 802222.428798 23209670.113439 0 R20
-2746121.751676 17887521.837493 17992401.155960 51000 R21
6788149.095215 24551489.500079 1236755.550645 38000 R22
-14721024.759396 39465380.361280 -1195832.383720 46000 C03
-6837483.873090 39883318.208874 -11193665.133148 35000 C06
-8035734.600579 26830442.984485 31634737.554712 47000 C07
-19020763.716378 28864389.259634 -24308617.106348 39000 C08
764931.652747 29056726.747305 31005841.073417 45000 C10
-14343402.015018 29675075.286048 -26266916.666878 36000 C13
-7085479.527536 39497547.858424 -12012089.712690 32000 C16
time 2025/01/17 09:29:32.000
-13949311.380625 9176268.363105 21029734.268271 38000 G02
-6859108.252085 23596393.592719 -8942344.704214 42000 G07
-1967101.303649 17368278.465517 19979074.839781 48000 G14
6336373.845385 19139485.330491 17588049.307386 41000 G17
-4436942.824578 18052564.366197 17462471.120731 48000 R11
-10586637.657381 799173.343780 23209369.106928 0 R20
-2746755.665115 17885136.043775 17994674.384547 51000 R21
6788257.247534 24551284.071162 1240322.160608 38000 R22
-14721029.002953 39465378.805732 -1195778.001160 46000 C03
-6836309.209583 39882853.855222 -11196032.031207 35000 C06
-8036695.276873 26830079.790557 31634788.547656 47000 C07
-19020939.980610 28865999.570526 -24306577.815986 39000 C08
764088.935555 29056162.974372 31006365.013206 45000 C10
-14343677.180014 29676575.304738 -26265098.409977 37000 C13
-7084288.575514 39497025.530078 -12014466.176690 31000 C16
time 2025/01/17 09:29:33.000
-13949572.513207 9173707.092186 21030739.020187 38000 G02
-6859418.624354 23595160.369635 -8945234.389848 42000 G07
-1969413.551858 17369336.587650 19977900.600895 47000 G14
6334502.728154 19138392.073491 17589977.667569 41000 G17
-4438409.833682 18054454.831494 17460141.639548 48000 R11
-10587536.703383 796124.374973 23209067.544018 0 R20
-2747389.875251 17882750.008743 17996947.181498 51000 R21
6788365.242805 24551078.166971 1243888.740740 38000 R22
-14721033.246588 39465377.250417 -1195723.612230 46000 C03
-6835134.613346 39882389.327533 -11198398.868947 34000 C06
-8037656.006389 26829716.737636 31634839.373420 47000 C07
-19021116.010666 28867609.908144 -24304538.397246 39000 C08
763246.136251 29055599.327997 31006888.791985 44000 C10
-14343952.126140 29678075.363340 -26263280.013235 36000 C13
-7083097.698931 39496503.023857 -12016842.575515 30000 C16
time 2025/01/17 09:29:34.000
-13949833.806384 9171145.719320 21031743.339138 38000 G02
-6859729.060064 23593926.791295 -8948123.876032 41000 G07
-1971725.614257 17370394.769314 19976725.936312 48000 G14
6332631.353336 19137298.792879 17591905.661614 42000 G17
-4439876.484070 18056345.173036 17457811.738873 48000 R11
-10588435.996580 793075.522450 23208765.424712 0 R20
-2748024.382113 17880363.732472 17999219.546772 51000 R21
6788473.080958 24550871.787534 1247455.290958 39000 R22
-14721037.490299 39465375.695332 -1195669.216931 46000 C03
-6833960.084394 39881924.625813 -11200765.646376 35000 C06
-8038616.789109 26829353.825730 31634890.032004 47000 C07
-19021291.806545 28869220.272456 -24302498.850134 39000 C08
762403.254850 29055035.808188 31007412.409756 45000 C10
-14344226.853391 29679575.461828 -26261461.476656 37000 C13
-7081906.897814 39495980.339772 -12019218.909147 31000 C16
time 2025/01/17 09:29:35.000
-6860039.559262 23592692.857722 -8951013.162711 41000 G07
-1974037.490806 17371453.010466 19975550.846053 48000 G14
6330759.720955 19136205.488711 17593833.289488 42000 G17
1066705.345042 26323822.556182 2041826.133843 32000 G30
-4441342.775735 18058235.390740 17455481.418755 47000 R11
-10589335.536938 790026.786300 23208462.749018 0 R20
-2748659.185724 17877977.215045 18001491.480317 51000 R21
6788580.761922 24550664.932876 1251021.811199 38000 R22
-14721041.734088 39465374.140480 -1195614.815263 46000 C03
-6832785.622758 39881459.750074 -11203132.363469 35000 C06
-8039577.625014 26828991.054845 31634940.523406 47000 C07
-19021467.368242 28870830.663436 -24300459.174652 39000 C08
761560.291369 29054472.414955 31007935.866515 44000 C10
-14344501.361763 29681075.600186 -26259642.800233 37000 C13
-7080716.172174 39495457.477828 -12021595.177608 31000 C16
time 2025/01/17 09:29:36.000
-6860350.121991 23591458.568953 -8953902.249796 41000 G07
-1976349.181447 17372511.311056 19974375.330148 47000 G14
6328887.831045 19135112.161048 17595760.551142 42000 G17
1066318.255960 26324060.075174 2038704.740907 32000 G30
-4442808.708664 18060125.484511 17453150.679259 47000 R11
-10590235.324419 786978.166637 23208159.516946 0 R20
-2749294.286106 17875590.456560 18003762.982070 51000 R21
6788688.285625 24550457.603027 1254588.301354 38000 R22
-14721045.977954 39465372.585859 -1195560.407227 46000 C03
-6831611.228464 39880994.700326 -11205499.020215 35000 C06
-8040538.514081 26828628.424990 31634990.847628 47000 C07
-19021642.695754 28872441.081039 -24298419.370825 39000 C08
760717.245830 29053909.148313 31008459.162258 44000 C10
-14344775.651247 29682575.778360 -26257823.984002 37000 C13
-7079525.522056 39494934.438045 -12023971.380841 31000 C16
time 2025/01/17 09:29:37.000
-6860660.748296 23590223.925020 -8956791.137214 41000 G07
-1978660.686127 17373569.671035 19973199.388626 47000 G14
6327015.683637 19134018.809948 17597687.446535 43000 G17
1065931.184126 26324297.221859 2035583.303923 33000 G30
-4444274.282839 18062015.454253 17450819.520452 48000 R11
-10591135.358986 783929.663560 23207855.728504 0 R20
-2749929.683277 17873203.457117 18006034.051965 51000 R21
6788795.651995 24550249.798013 1258154.761319 39000 R22
-14721050.221896 39465371.031470 -1195505.992822 46000 C03
-6830436.901542 39880529.476580 -11207865.616588 35000 C06
-8041499.456284 26828265.936175 31635041.004667 47000 C07
-19021817.789075 28874051.525233 -24296379.438661 39000 C08
759874.118253 29053346.008275 31008982.296981 44000 C10
-14345049.721838 29684075.996322 -26256005.027968 37000 C13
-7078334.947480 39494411.220429 -12026347.518851 30000 C16
time 2025/01/17 09:29:39.000
-13951142.681631 9158337.328042 21036758.438760 38000 G02
-6861282.191824 23587753.571750 -8962568.312834 41000 G07
-1983283.137455 17375686.568998 19970846.228808 47000 G14
6323270.616404 19131832.037651 17601540.138409 43000 G17
1065157.092006 26324770.398282 2029340.298085 32000 G30
-4447204.354914 18065795.021323 17446155.945094 48000 R11
-10592936.169259 777833.007490 23207246.482535 0 R20
-2751201.368095 17868428.735667 18010574.896001 51000 R21
6789009.912454 24549832.762599 1265287.590422 39000 R22
-14721058.710013 39465367.923387 -1195397.144909 46000 C03
-6828088.449896 39879598.507128 -11212598.628213 35000 C06
-8043421.500031 26827541.381688 31635140.817199 47000 C07
-19022167.273134 28877272.493260 -24292299.189361 39000 C08
758187.617052 29052220.108053 31010028.083357 44000 C10
-14345597.206319 29687076.551496 -26252366.696513 37000 C13
-7075954.025053 39493364.251743 -12031099.599150 29000 C16
time 2025/01/17 09:29:40.000
-13951404.938641 9155775.344821 21037760.159538 38000 G02
-6861593.009142 23586517.862456 -8965456.600938 41000 G07
-1985594.084034 17376745.106902 19969669.010549 47000 G14
6321397.696618 19130738.616557 17603465.934828 43000 G17
1064770.071628 26325006.428002 2026218.729379 32000 G30
-4448668.852811 18067684.618498 17443823.528630 47000 R11
-10593836.944906 774784.854654 23206941.025019 0 R20
-2751837.655794 17866041.013810 18012844.670057 51000 R21
6789116.806401 24549623.532250 1268853.959412 38000 R22
-14721062.954186 39465366.369693 -1195342.711401 46000 C03
-6826914.325216 39879132.761439 -11214965.043451 35000 C06
-8044382.601545 26827179.316028 31635190.472692 47000 C07
-19022341.663866 28878883.017043 -24290258.872225 39000 C08
757344.243453 29051657.347885 31010550.735012 44000 C10
-14345870.620202 29688576.888661 -26250547.321091 37000 C13
-7074763.677245 39492840.500691 -12033475.541434 28000 C16
time 2025/01/17 09:29:41.000
-13951667.356337 9153213.260069 21038761.447234 38000 G02
-6861903.890224 23585281.798086 -8968344.689161 41000 G07
-1987904.844507 17377803.704033 19968491.366749 47000 G14
6319524.519408 19129645.172234 17605391.364865 42000 G17
15664964.676030 19683304.427491 9044088.602834 34000 G19
1064383.068299 26325242.085388 2023097.116859 32000 G30
-4450132.991943 18069574.091324 17441490.693038 47000 R11
-10594737.967522 771736.818719 23206635.011158 0 R20
-2752474.240387 17863653.051306 18015114.012076 51000 R21
6789223.542733 24549413.826843 1272420.297931 38000 R22
-14721067.198437 39465364.816230 -1195288.271525 46000 C03
-6825740.267991 39878666.841784 -11217331.398305 35000 C06
-8045343.756130 26826817.391431 31635239.961001 47000 C07
-19022515.820394 28880493.567299 -24288218.426770 39000 C08
756500.787878 29051094.714359 31011073.225642 44000 C10
-14346143.815172 29690077.265505 -26248727.805886 36000 C13
-7073573.405065 39492316.571842 -12035851.418474 28000 C16
time 2025/01/17 09:29:42.000
-13951929.934727 9150651.073873 21039762.301820 38000 G02
-6862214.835113 23584045.378683 -8971232.577410 41000 G07
-1990215.418811 17378862.360338 19967313.297442 47000 G14
6317651.084813 19128551.704746 17607316.428466 42000 G17
15663914.552375 19682779.443862 9046961.939216 34000 G19
1063996.081979 26325477.370430 2019975.460632 32000 G30
-4451596.772287 18071463.439698 17439157.438395 48000 R11
-10595639.237062 768688.899811 23206328.440962 0 R20
-2753111.121893 17861264.848260 18017382.921986 51000 R21
6789330.121377 24549203.646406 1275986.605874 38000 R22
-14721071.442764 39465363.262999 -1195233.825283 46000 C03
-6824566.278253 39878200.748176 -11219697.692749 35000 C06
-8046304.963755 26826455.607910 31635289.282128 47000 C07
-19022689.742715 28882104.143986 -24286177.853022 39000 C08
755657.250351 29050532.207493 31011595.555240 44000 C10
-14346416.791222 29691577.681991 -26246908.150910 37000 C13
-7072383.208556 39491792.465216 -12038227.230228 29000 C16
time 2025/01/17 09:29:44.000
-13952455.573633 9145526.397488 21041762.711557 38000 G02
-6862836.916487 23581571.474916 -8977007.753646 41000 G07
-1994836.008640 17380979.850251 19964955.882447 47000 G14
6313903.443656 19126364.700551 17611165.456124 43000 G17
15661813.344699 19681729.018079 9052708.045399 34000 G19
1063222.160177 26325946.823444 2013732.017396 32000 G30
-4454523.256527 18075241.762671 17434489.672259 48000 R11
-10597442.516755 762593.413542 23205713.631605 0 R20
-2754385.775712 17856487.720981 18021919.445179 51000 R21
6789542.805314 24548781.860559 1283119.129524 39000 R22
-14721079.931649 39465360.157232 -1195124.913699 46000 C03
-6822218.501394 39877268.039162 -11224430.100248 35000 C06
-8048227.538017 26825732.464133 31635387.422827 46000 C07
-19023036.884711 28885325.376452 -24282096.320760 39000 C08
753969.929542 29049407.573799 31012639.731315 44000 C10
-14346962.086530 29694578.633696 -26243268.421770 37000 C13
-7070003.042680 39490743.718684 -12042978.657770 29000 C16
time 2025/01/17 09:29:46.000
-13952981.855464 9140401.316101 21043761.388632 38000 G02
-6863459.253639 23579096.151344 -8982782.129201 42000 G07
-1999455.853219 17383097.576310 19962596.765725 47000 G14
6310154.773308 19124177.604393 17615013.017549 43000 G17
15659710.856453 19680677.981272 9058453.395830 33000 G19
1062448.305818 26326414.786996 2007488.400056 32000 G30
-4457448.305490 18079019.586762 17429820.230615 48000 R11
-10599246.783736 756498.396516 23205096.597000 0 R20
-2755661.617451 17851709.632618 18026454.239256 51000 R21
6789754.857644 24548358.174920 1290251.529785 38000 R22
-14721088.420841 39465357.052391 -1195015.976651 46000 C03
-6819870.994817 39876334.634465 -11229162.265897 35000 C06
-8050150.324189 26825009.884750 31635484.894788 47000 C07
-19023383.089829 28888546.714212 -24278014.275473 39000 C08
752282.281154 29048283.446885 31013683.263223 44000 C10
-14347506.506089 29697579.743568 -26239628.133696 37000 C13
-7067623.179799 39489694.261172 -12047729.824005 26000 C16
time 2025/01/17 09:29:47.000
-13953245.237509 9137838.623678 21044760.077380 38000 G02
-6863770.518246 23577857.957200 -8985669.016560 41000 G07
-2001765.495933 17384156.527785 19961416.569273 47000 G14
6308280.052245 19123084.021964 17616936.248337 43000 G17
15658659.132103 19680152.233869 9061325.787478 32000 G19
1062061.403810 26326648.210204 2004366.526271 32000 G30
-4458910.291731 18080908.311520 17427484.881601 48000 R11
-10600149.287380 753451.064185 23204787.245248 0 R20
-2756299.983851 17849320.228237 18028720.987752 51000 R21
6789860.646779 24548145.619746 1293817.683453 38000 R22
-14721092.665552 39465355.500318 -1194961.498578 46000 C03
-6818697.342940 39875867.671257 -11231528.258010 35000 C06
-8051111.796695 26824648.806724 31635533.379990 47000 C07
-19023555.841049 28890157.422497 -24275973.060466 39000 C08
751438.334159 29047721.573496 31014204.787610 44000 C10
-14347778.387448 29699080.357737 -26237807.780082 37000 C13
-7066433.362021 39489169.265813 -12050105.309153 25000 C16
time 2025/01/17 09:29:49.000
-13953772.483914 9132712.935733 21046756.155190 38000 G02
-6864393.239753 23575380.504328 -8991442.190132 41000 G07
-2006384.221973 17386274.607398 19959054.900312 48000 G14
6304529.838486 19120896.788695 17620781.609858 43000 G17
15656554.722904 19679100.281331 9067070.003357 30000 G19
1061287.649904 26327113.939442 1998122.648859 33000 G30
-4461833.187667 18084685.385999 17422812.927498 48000 R11
-10601955.034795 747356.752385 23204166.872885 0 R20
-2757577.607825 17844540.699535 18033253.187367 51000 R21
6790071.750636 24547719.084823 1300949.897458 37000 R22
-14721101.155203 39465352.396866 -1194852.523338 46000 C03
-6816350.242142 39874933.223174 -11236260.060743 35000 C06
-8053034.900435 26823927.074041 31635629.848837 46000 C07
-19023900.640793 28893378.917701 -24271890.245785 38000 C08
749750.194668 29046598.206920 31015247.353232 44000 C10
-14348321.493299 29702081.704388 -26234166.653748 36000 C13
-7064053.954003 39488118.741984 -12054856.083275 27000 C16
time 2025/01/17 09:29:50.000
-13954036.348299 9130149.940339 21047753.544215 39000 G02
-6864704.696743 23574141.245662 -8994328.476200 41000 G07
-2008693.305201 17387333.735442 19957873.427855 48000 G14
6302654.345847 19119803.137970 17622703.740511 43000 G17
15655502.038064 19678574.076312 9069941.827408 29000 G19
1060900.797907 26327346.245459 1995000.645345 33000 G30
-4463294.097340 18086573.735541 17420476.322526 48000 R11
-10602858.278495 744309.773110 23203855.852290 0 R20
-2758216.865443 17842150.575397 18035518.638372 51000 R21
6790177.065214 24547505.105131 1304515.957598 36000 R22
-14721105.400143 39465350.845488 -1194798.026171 46000 C03
-6815176.793278 39874465.738322 -11238625.871325 35000 C06
-8053996.531627 26823566.419400 31635677.832481 46000 C07
-19024072.689309 28894989.704547 -24269848.646139 38000 C08
748906.002210 29046036.713756 31015768.394460 44000 C10
-14348592.717777 29703582.436795 -26232345.881059 36000 C13
-7062864.363789 39487593.213523 -12057231.372278 26000 C16
time 2025/01/17 09:29:51.000
-13954300.373490 9127586.844055 21048750.499973 39000 G02
-6865016.217953 23572901.632204 -8997214.561723 41000 G07
-2011002.201853 17388392.922258 19956691.530106 48000 G14
6300778.596061 19118709.464589 17624625.504383 43000 G17
15654449.033028 19678047.718853 9072813.462187 27000 G19
1060513.962481 26327578.179066 1991878.598699 32000 G30
-4464754.648148 18088461.959846 17418139.298999 48000 R11
-10603761.768820 741262.911683 23203544.275428 0 R20
-2758856.420182 17839760.211503 18037783.656783 51000 R21
6790282.221465 24547290.650654 1308081.986393 35000 R22
-14721109.645160 39465349.294341 -1194743.522639 45000 C03
-6814003.412132 39873998.079606 -11240991.621377 35000 C06
-8054958.215678 26823205.905902 31635725.648939 46000 C07
-19024244.503582 28896600.517517 -24267806.918296 39000 C08
748061.727963 29045475.347355 31016289.274631 44000 C10
-14348863.723285 29705083.208560 -26230524.968688 36000 C13
-7061674.849496 39487067.507390 -12059606.595844 25000 C16
time 2025/01/17 09:29:52.000
-13954564.559500 9125023.646957 21049747.022441 39000 G02
-6865327.803428 23571661.663988 -9000100.446621 41000 G07
-2013310.911888 17389452.167802 19955509.207088 48000 G14
6298902.589150 19117615.768605 17626546.901440 43000 G17
15653395.707785 19677521.209004 9075684.907649 26000 G19
1060127.143580 26327809.740254 1988756.509006 32000 G30
-4466214.840083 18090350.058829 17415801.856972 48000 R11
-10604665.505737 738216.168193 23203232.142305 0 R20
-2759496.272067 17837369.607938 18040048.242548 51000 R21
6790387.219316 24547075.721420 1311647.983741 34000 R22
-14721113.890253 39465347.743425 -1194689.012744 46000 C03
-6812830.098723 39873530.247034 -11243357.310899 36000 C06
-8055919.952568 26822845.533553 31635773.298209 47000 C07
-19024416.083611 28898211.356577 -24265765.062265 39000 C08
747217.371945 29044914.107726 31016809.993744 44000 C10
-14349134.509817 29706584.019653 -26228703.916641 37000 C13
-7060485.411102 39486541.623574 -12061981.754055 25000 C16
time 2025/01/17 09:29:53.000
-13954828.906336 9122460.349143 21050743.111587 39000 G02
-6865639.453212 23570421.341049 -9002986.130814 42000 G07
-2015619.435227 17390511.472014 19954326.458840 48000 G14
6297026.325167 19116522.050089 17628467.931618 43000 G17
15652342.062335 19676994.546824 9078556.163711 24000 G19
1059740.341158 26328040.929015 1985634.376344 33000 G30
-4467674.673118 18092238.032378 17413463.996530 48000 R11
-10605569.489199 735169.542777 23202919.452933 0 R20
-2760136.421112 17834978.764821 18042312.395585 51000 R21
6790492.058694 24546860.317461 1315213.949510 35000 R22
-14721118.135423 39465346.192741 -1194634.496484 46000 C03
-6811656.853098 39873062.240624 -11245722.939838 35000 C06
-8056881.742265 26822485.302366 31635820.780291 47000 C07
-19024587.429389 28899822.221683 -24263723.078072 39000 C08
746372.934185 29044352.994890 31017330.551788 44000 C10
-14349405.077365 29708084.870020 -26226882.724956 37000 C13
-7059296.048823 39486015.562170 -12064356.846522 0 C16
time 2025/01/17 09:29:55.000
-13955358.082548 9117333.451512 21052733.989885 39000 G02
-6866262.945894 23567939.631089 -9008756.896871 41000 G07
-2020235.921710 17392630.256297 19951959.686718 48000 G14
6293273.026024 19114334.545650 17632308.891252 43000 G17
1058966.785556 26328502.189225 1979389.982371 33000 G30
-4470593.262486 18096013.602871 17408787.020566 47000 R11
-10607378.195643 729076.646458 23202292.405468 0 R20
-2761417.610793 17830196.360216 18046839.403315 51000 R21
6790701.261755 24546428.085466 1322345.786085 37000 R22
-14721126.625991 39465343.092067 -1194525.444875 46000 C03
-6809310.565254 39872125.706313 -11250454.016005 35000 C06
-8058805.480023 26821765.263497 31635915.242892 46000 C07
-19024929.418180 28903044.029918 -24259638.725212 38000 C08
744683.813486 29043231.149623 31018371.184675 44000 C10
-14349945.555491 29711086.688501 -26223239.922649 37000 C13
-7056917.551939 39484962.906300 -12069106.835712 0 C16
time 2025/01/17 09:29:56.000
-13955622.911947 9114769.851839 21053728.778993 39000 G02
-23363718.592412 12489274.648887 300416.263842 34000 G03
-6866574.788884 23566698.244126 -9011641.978603 41000 G07
-2022543.884757 17393689.736276 19950775.662894 48000 G14
6291395.990927 19113240.759847 17634228.820620 44000 G17
1058580.032277 26328732.260663 1976267.721168 33000 G30
-4472052.018801 18097901.199637 17406447.905158 47000 R11
-10608282.918557 726030.375745 23201978.047390 0 R20
-2762058.651474 17827804.798908 18049102.257897 51000 R21
6790805.625295 24546211.257485 1325911.656726 38000 R22
-14721130.871389 39465341.542078 -1194470.909527 46000 C03
-6808137.523094 39871657.178434 -11252819.463193 35000 C06
-8059767.428041 26821405.455831 31635962.223410 46000 C07
-19025100.061186 28904654.972975 -24257596.356573 38000 C08
743839.130587 29042670.417217 31018891.259511 44000 C10
-14350215.466058 29712587.656546 -26221418.312052 37000 C13
-7055728.417534 39484436.311920 -12071481.732116 0 C16
time 2025/01/17 09:29:57.000
-13955887.902223 9112206.151678 21054723.134717 39000 G02
-23363765.879569 12489065.640638 303657.657446 34000 G03
-6866886.696367 23565456.502543 -9014526.859387 41000 G07
-2024851.660949 17394749.274752 19949591.213927 48000 G14
6289518.698842 19112146.951724 17636148.382978 43000 G17
1058193.295283 26328961.959643 1973145.417264 32000 G30
-4473510.416191 18099788.670635 17404108.371539 47000 R11
-10609187.887892 722984.223437 23201663.133090 0 R20
-2762699.989412 17825412.998377 18051364.679554 51000 R21
6790909.830079 24545993.954885 1329477.495492 40000 R22
-14721135.116864 39465339.992319 -1194416.367815 46000 C03
-6806964.548802 39871188.476750 -11255184.849780 35000 C06
-8060729.428794 26821045.789353 31636009.036738 46000 C07
-19025270.469928 28906265.941951 -24255553.859801 38000 C08
742994.366011 29042109.811645 31019411.173272 44000 C10
-14350485.157620 29714088.663753 -26219596.561838 37000 C13
-7054539.359181 39483909.539923 -12073856.563056 0 C16
time 2025/01/17 09:29:58.000
-13956153.053391 9109642.351085 21055717.057041 39000 G02
-23363812.820640 12488856.437961 306899.044547 33000 G03
-6867198.668389 23564214.406370 -9017411.539153 41000 G07
-2027159.250237 17395808.871682 19948406.339842 48000 G14
6287641.149804 19111053.121344 17638067.578279 43000 G17
1057806.574525 26329191.286161 1970023.070704 32000 G30
-4474968.454647 18101676.015774 17401768.419768 47000 R11
-10610093.103605 719938.189654 23201347.662579 0 R20
-2763341.624631 17823020.958715 18053626.668228 51000 R21
6791013.876038 24545776.177693 1333043.302307 41000 R22
-14721139.362414 39465338.442793 -1194361.819741 46000 C03
-6805791.642406 39870719.601272 -11257550.175749 35000 C06
-8061691.482256 26820686.264072 31636055.682877 46000 C07
-19025440.644401 28907876.936811 -24253511.234910 38000 C08
742149.519778 29041549.332918 31019930.925954 43000 C10
-14350754.630171 29715589.710089 -26217774.672019 37000 C13
-7053350.376914 39483382.590323 -12076231.328502 0 C16
time 2025/01/17 09:29:59.000
-13956418.365461 9107078.450130 21056710.545945 39000 G02
-23363859.415652 12488647.040808 310140.425065 33000 G03
-6867510.704995 23562971.955635 -9020296.017836 41000 G07
-2029466.652577 17396868.527018 19947221.040663 48000 G14
6285763.343835 19109959.268761 17639986.406489 44000 G17
1057419.869958 26329420.240206 1966900.681586 33000 G30
-4476426.134160 18103563.234967 17399428.049901 47000 R11
-10610998.565666 716892.274473 23201031.635864 0 R20
-2763983.557153 17820628.680012 18055888.223864 51000 R21
6791117.763100 24545557.925937 1336609.077073 42000 R22
-14721143.608041 39465336.893497 -1194307.265305 46000 C03
-6804618.803940 39870250.552013 -11259915.441072 35000 C06
-8062653.588410 26820326.879995 31636102.161827 46000 C07
-19025610.584602 28909487.957520 -24251468.481912 39000 C08
741304.591908 29040988.981049 31020450.517554 44000 C10
-14351023.883705 29717090.795521 -26215952.642605 37000 C13
-7052161.470762 39482855.463131 -12078606.028437 0 C16
time 2025/01/17 09:30:00.000
-13956683.838444 9104514.448887 21057703.601407 39000 G02
-23363905.664632 12488437.449130 313381.798937 33000 G03
-6867822.806231 23561729.150369 -9023180.295363 41000 G07
-2031773.867923 17397928.240717 19946035.316415 48000 G14
6283885.280964 19108865.394032 17641904.867568 44000 G17
1057033.181532 26329648.821773 1963778.249966 32000 G30
-4477883.454719 18105450.328123 17397087.261997 47000 R11
-10611904.274041 713846.477991 23200715.052952 0 R20
-2764625.787000 17818236.162355 18058149.346407 51000 R21
6791221.491193 24545339.199645 1340174.819708 42000 R22
-14721147.853744 39465335.344433 -1194252.704507 46000 C03
-6803446.033423 39869781.328982 -11262280.645744 35000 C06
-8063615.747232 26819967.637130 31636148.473586 46000 C07
-19025780.290527 28911099.004038 -24249425.600824 38000 C08
740459.582417 29040428.756049 31020969.948070 44000 C10
-14351292.918218 29718591.920019 -26214130.473605 37000 C13
-7050972.640743 39482328.158356 -12080980.662863 0 C16
time 2025/01/17 09:30:01.000
-13956949.472354 9101950.347404 21058696.223415 39000 G02
-23363951.567606 12488227.662882 316623.166088 32000 G03
-6868134.972143 23560485.990595 -9026064.371679 41000 G07
-2034080.896226 17398988.012731 19944849.167123 49000 G14
6282006.961215 19107771.497212 17643822.961479 44000 G17
1056646.509198 26329877.030854 1960655.775898 33000 G30
-4479340.416315 18107337.295158 17394746.056110 47000 R11
-10612810.228696 710800.800303 23200397.913852 0 R20
-2765268.314195 17815843.405830 18060410.035804 51000 R21
6791325.060247 24545119.998844 1343740.530123 42000 R22
-14721152.099523 39465333.795600 -1194198.137348 46000 C03
-6802273.330881 39869311.932186 -11264645.789756 35000 C06
-8064577.958704 26819608.535485 31636194.618154 46000 C07
-19025949.762172 28912710.076335 -24247382.591653 38000 C08
739614.491325 29039868.657931 31021489.217498 44000 C10
-14351561.733703 29720093.083549 -26212308.165030 37000 C13
-7049783.886889 39481800.676010 -12083355.231754 0 C16
time 2025/01/17 09:30:02.000
-13957215.267203 9099386.145754 21059688.411947 39000 G02
-23363997.124600 12488017.682014 319864.526444 31000 G03
-6868447.202776 23559242.476344 -9028948.246714 41000 G07
-2036387.737443 17400047.843018 19943662.592810 49000 G14
6280128.384616 19106677.578359 17645740.688184 45000 G17
1056259.852908 26330104.867443 1957533.259455 33000 G30
-4480797.018941 18109224.135981 17392404.432297 47000 R11
-10613716.429595 707755.241500 23200080.218571 0 R20
-2765911.138762 17813450.410528 18062670.292000 51000 R21
6791428.470191 24544900.323561 1347306.208241 43000 R22
-14721156.345378 39465332.246999 -1194143.563828 46000 C03
-6801100.696341 39868842.361638 -11267010.873089 35000 C06
-8065540.222803 26819249.575068 31636240.595532 46000 C07
-19026118.999534 28914321.174380 -24245339.454407 39000 C08
738769.318649 29039308.686704 31022008.325836 44000 C10
-14351830.330154 29721594.286079 -26210485.716892 37000 C13
-7048595.209221 39481273.016104 -12085729.735110 0 C16
time 2025/01/17 09:30:03.000
-13957481.223002 9096821.844003 21060680.166983 39000 G02
-23364042.335641 12487807.506480 323105.879936 31000 G03
-6868759.498176 23557998.607644 -9031831.920401 41000 G07
-2038694.391526 17401107.731530 19942475.593504 49000 G14
6278249.551198 19105583.637531 17647658.047640 45000 G17
1055873.212617 26330332.331530 1954410.700722 34000 G30
-4482253.262585 18111110.850502 17390062.390619 47000 R11
-10614622.876701 704709.801689 23199761.967118 0 R20
-2766554.260721 17811057.176540 18064930.114937 51000 R21
6791531.720952 24544680.173825 1350871.853959 0 R22
-14721160.591309 39465330.698629 -1194088.983947 46000 C03
-6799928.129827 39868372.617347 -11269375.895736 35000 C06
-8066502.539510 26818890.755885 31636286.405719 47000 C07
-19026288.002609 28915932.298131 -24243296.189104 39000 C08
737924.064411 29038748.842382 31022527.273079 44000 C10
-14352098.707567 29723095.527577 -26208663.129199 37000 C13
-7047406.607774 39480745.178650 -12088104.172898 0 C16
time 2025/01/17 09:30:05.000
-13958013.617493 9091692.940494 21062662.376482 39000 G02
-23364131.719970 12487386.571225 329588.565995 30000 G03
-6869384.283451 23555509.807036 -9037598.663410 40000 G07
-2043307.138062 17403227.683028 19940100.320026 49000 G14
6274491.114045 19103395.690196 17651491.664615 45000 G17
1055099.979838 26330786.142169 1948165.456659 33000 G30
-4485164.672862 18114883.900255 17385377.053930 47000 R11
-10616436.509393 698619.279428 23199123.795730 0 R20
-2767841.396898 17806269.992903 18069448.460774 51000 R21
6791737.744644 24544238.451112 1358003.047748 0 R22
-14721169.083398 39465327.602583 -1193979.805105 46000 C03
-6797583.201007 39867432.607586 -11274105.758857 35000 C06
-8068427.330641 26818173.541262 31636377.524515 46000 C07
-19026625.305878 28919154.622596 -24239209.274401 39000 C08
736233.311333 29037629.534512 31023564.684261 44000 C10
-14352634.805245 29726098.127318 -26205017.535232 37000 C13
-7045029.633650 39479688.971150 -12092852.851712 0 C16
time 2025/01/17 09:30:06.000
-13958280.056212 9089128.338846 21063652.830915 39000 G02
-23364175.893311 12487175.811408 332829.898438 30000 G03
-6869696.773421 23554264.875176 -9040481.732621 40000 G07
-2045613.230440 17404287.745932 19938912.045896 49000 G14
6272611.510344 19102301.683790 17653407.922078 45000 G17
15638615.530299 19670134.100965 9115865.227652 31000 G19
1054713.387255 26331012.488707 1945042.771469 34000 G30
-4486619.839490 18116770.235326 17383033.759015 47000 R11
-10617343.694914 695574.197150 23198803.875810 0 R20
-2768485.411167 17803876.043409 18071706.983586 51000 R21
6791840.517434 24544016.878183 1361568.595747 0 R22
-14721173.329556 39465326.054907 -1193925.206145 46000 C03
-6796410.838742 39866962.342132 -11276470.599326 35000 C06
-8069389.805034 26817815.145834 31636422.833125 46000 C07
-19026793.606067 28920765.823252 -24237165.625009 39000 C08
735387.812526 29037070.070982 31024083.148198 43000 C10
-14352902.525503 29727599.485509 -26203194.528962 37000 C13
-7043841.261024 39479160.601125 -12095227.092715 0 C16
time 2025/01/17 09:30:07.000
-13958546.655929 9086563.637342 21064642.851784 39000 G02
-23364219.720806 12486964.856731 336071.223793 29000 G03
-6870009.328340 23553019.588975 -9043364.600233 40000 G07
-2047919.135511 17405347.866885 19937723.346865 49000 G14
6270731.649921 19101207.655630 17655323.812149 45000 G17
15637557.401376 19669605.311824 9118733.825395 31000 G19
1054326.810475 26331238.462715 1941920.044234 34000 G30
-4488074.647107 18118656.443751 17380690.046449 47000 R11
-10618251.126514 692529.234208 23198483.399746 0 R20
-2769129.722922 17801481.855572 18073965.072930 51000 R21
6791943.130759 24543794.830910 1365134.111037 0 R22
-14721177.575790 39465324.507462 -1193870.600824 46000 C03
-6795238.544605 39866491.902975 -11278835.379056 35000 C06
-8070352.331952 26817456.891671 31636467.974542 46000 C07
-19026961.671953 28922377.049484 -24235121.847596 38000 C08
734542.232225 29036510.734401 31024601.451031 43000 C10
-14353170.026700 29729100.882545 -26201371.383173 37000 C13
-7042652.964706 39478632.053590 -12097601.268132 0 C16
time 2025/01/17 09:30:08.000
-13958813.416659 9083998.836036 21065632.439074 40000 G02
-23364263.202481 12486753.707149 339312.541923 28000 G03
-6870321.948256 23551773.948458 -9046247.266189 40000 G07
-2050224.853234 17406408.045844 19936534.222953 50000 G14
6268851.532796 19100113.605767 17657239.334795 45000 G17
15636498.952143 19669076.371153 9121602.232833 32000 G19
1053940.249448 26331464.064188 1938797.275015 35000 G30
-4489529.095706 18120542.525448 17378345.916283 48000 R11
-10619158.804155 689484.390700 23198162.367549 0 R20
-2769774.332187 17799087.429474 18076222.728758 51000 R21
6792045.584549 24543572.309321 1368699.593530 0 R22
-14721181.822100 39465322.960249 -1193815.989144 46000 C03
-6794066.318613 39866021.290121 -11281200.098051 35000 C06
-8071314.911381 26817098.778778 31636512.948767 46000 C07
-19027129.503536 28923988.301268 -24233077.942163 39000 C08
733696.570446 29035951.524779 31025119.592759 43000 C10
-14353437.308831 29730602.318399 -26199548.097870 37000 C13
-7041464.744730 39478103.328560 -12099975.377934 0 C16
time 2025/01/17 09:30:09.000
-13959080.338415 9081433.934971 21066621.592776 40000 G02
-23364306.338363 12486542.362612 342553.852827 27000 G03
-6870634.633218 23550527.953642 -9049129.730446 40000 G07
-2052530.383586 17407468.282774 19935344.674175 50000 G14
6266971.158986 19099019.534253 17659154.489989 45000 G17
15635440.182588 19668547.279004 9124470.449920 31000 G19
1053553.704124 26331689.293120 1935674.463847 35000 G30
-4490983.185294 18122428.480347 17376001.368551 48000 R11
-10620066.727812 686439.666693 23197840.779222 0 R20
-2770419.238992 17796692.765183 18078479.951036 51000 R21
6792147.878732 24543349.313441 1372265.043171 0 R22
-14721186.068485 39465321.413267 -1193761.371103 46000 C03
-6792894.160787 39865550.503578 -11283564.756308 36000 C06
-8072277.543308 26816740.807160 31636557.755799 46000 C07
-19027297.100811 28925599.578580 -24231033.908706 39000 C08
732850.827201 29035392.442124 31025637.573384 44000 C10
-14353704.371893 29732103.793050 -26197724.673047 37000 C13
-7040276.601108 39477574.426039 -12102349.422136 0 C16
time 2025/01/17 09:30:11.000
-13959614.665044 9076303.833918 21068598.599304 40000 G02
-23364391.572853 12486119.088486 349036.452553 27000 G03
-6871260.198446 23548034.901276 -9054894.053494 40000 G07
-2057140.881900 17409588.930325 19932964.302163 50000 G14
6263209.641474 19096831.326527 17662983.697811 45000 G17
15633321.682483 19667488.640484 9130206.312809 28000 G19
1052780.660407 26332138.633323 1929428.716060 34000 G30
-4493890.287342 18126200.009327 17371311.020704 48000 R11
-10621883.313015 680350.577624 23197195.934219 0 R20
-2771709.945287 17791902.722456 18082993.094644 51000 R21
6792351.987992 24542901.898929 1379395.843395 0 R22
-14721194.561483 39465318.319997 -1193652.115947 46000 C03
-6790550.049765 39864608.409479 -11288293.890491 36000 C06
-8074202.964534 26816025.287793 31636646.868281 47000 C07
-19027631.592420 28928822.209589 -24226945.457843 39000 C08
731159.096421 29034274.657780 31026673.051290 44000 C10
-14354237.840779 29735106.858570 -26194077.404943 37000 C13
-7037900.543079 39476516.088592 -12107097.313592 0 C16
time 2025/01/17 09:30:12.000
-13959882.069937 9073738.634100 21069586.452078 40000 G02
-23364433.671513 12485907.158808 352277.741165 26000 G03
-6871573.078798 23546787.843805 -9057775.912102 39000 G07
-2059445.849731 17410649.340836 19931773.478999 50000 G14
6261328.497859 19095737.190448 17664897.750328 45000 G17
15632261.951966 19666959.094242 9133073.958364 27000 G19
1052394.161925 26332362.744576 1926305.779644 34000 G30
-4495343.299758 18128085.583197 17368965.220745 48000 R11
-10622791.974472 677306.212814 23196872.677567 0 R20
-2772355.744810 17789507.344242 18085249.015823 51000 R21
6792453.802924 24542677.480357 1382961.193755 0 R22
-14721198.808095 39465316.773708 -1193597.478832 46000 C03
-6789378.096642 39864137.101951 -11290658.366347 36000 C06
-8075165.753774 26815667.740066 31636691.173730 46000 C07
-19027798.486743 28930433.563192 -24224901.040492 39000 C08
730313.108938 29033715.956125 31027190.548556 43000 C10
-14354504.246588 29736608.449348 -26192253.561714 37000 C13
-7036712.628746 39475986.653696 -12109471.160778 0 C16
time 2025/01/17 09:30:13.000
-13960149.635898 9071173.334823 21070573.871174 39000 G02
-23364475.424486 12485695.033987 355519.022208 26000 G03
-6871886.024373 23545540.432166 -9060657.568707 39000 G07
-2061750.629967 17411709.809118 19930582.231088 49000 G14
6259447.097693 19094643.032958 17666811.435212 45000 G17
15631201.901127 19666429.396751 9135941.413253 26000 G19
1052007.678961 26332586.483253 1923182.801621 34000 G30
-4496795.953100 18129971.029883 17366619.003490 48000 R11
-10623700.881792 674261.967927 23196548.864822 0 R20
-2773001.841951 17787111.728230 18087504.503194 51000 R21
6792555.457965 24542452.587608 1386526.510858 0 R22
-14721203.054783 39465315.227651 -1193542.835359 46000 C03
-6788206.211806 39863665.620783 -11293022.781375 36000 C06
-8076128.595413 26815310.333651 31636735.311984 46000 C07
-19027965.146742 28932044.942156 -24222856.495200 39000 C08
729467.040078 29033157.381492 31027707.884698 43000 C10
-14354770.433300 29738110.078770 -26190429.579037 37000 C13
-7035524.790888 39475457.041363 -12111844.942276 0 C16
time 2025/01/17 09:30:14.000
-23364516.831799 12485482.713978 358760.295587 26000 G03
-6872199.035215 23544292.666393 -9063539.023235 39000 G07
-2064055.222567 17412770.335128 19929390.558450 49000 G14
6257565.441000 19093548.854112 17668724.752428 45000 G17
15630141.529971 19665899.548067 9138808.677388 26000 G19
1051621.211465 26332809.849350 1920059.782031 33000 G30
-4498248.247364 18131856.349303 17364272.368986 48000 R11
-10624610.034947 671217.843038 23196224.495991 0 R20
-2773648.236735 17784715.874499 18089759.556711 51000 R21
6792656.953045 24542227.220709 1390091.794671 37000 R22
-14721206.909563 39465313.832178 -1193488.180665 46000 C03
-6787034.424794 39863194.059794 -11295387.146402 36000 C06
-8077091.320031 26814953.173926 31636779.308138 46000 C07
-19028131.270406 28933656.573964 -24220811.827891 39000 C08
728621.156418 29032599.001060 31028225.070794 43000 C10
-14355035.826682 29739612.090055 -26188605.538820 37000 C13
-7034337.119455 39474927.330570 -12114218.686318 0 C16
time 2025/01/17 09:30:15.000
-23364557.893478 12485270.198731 362001.561272 26000 G03
-6872512.111372 23543044.546506 -9066420.275636 40000 G07
-2066359.627491 17413830.918823 19928198.461110 50000 G14
6255683.527806 19092454.653967 17670637.701940 45000 G17
15629080.838456 19665369.548228 9141675.750800 24000 G19
1051234.759388 26333032.842860 1916936.720936 33000 G30
-4499700.182543 18133741.541370 17361925.317287 48000 R11
-10625519.433900 668173.838239 23195899.571083 0 R20
-2774294.929185 17782319.783136 18092014.176322 51000 R21
6792758.288090 24542001.379692 1393657.045024 36000 R22
-14721211.156292 39465312.286620 -1193433.524485 46000 C03
-6785862.676550 39862722.231385 -11297751.439697 36000 C06
-8078054.266364 26814596.050174 31636823.112008 46000 C07
-19028297.461659 28935268.003558 -24218767.026816 39000 C08
727774.924922 29032040.680508 31028742.084679 43000 C10
-14355301.575092 29741113.796653 -26186781.277349 38000 C13
-7033149.434588 39474397.363408 -12116592.336342 0 C16
time 2025/01/17 09:30:16.000
-23364598.609550 12485057.488198 365242.819198 27000 G03
-6872825.252888 23541796.072535 -9069301.325842 40000 G07
-2068663.844692 17414891.560158 19927005.939091 49000 G14
6253801.358129 19091360.432573 17672550.283716 45000 G17
15628019.826573 19664839.397286 9144542.633437 23000 G19
1050848.322682 26333255.463776 1913813.618413 32000 G30
-4501151.758628 18135626.605998 17359577.848451 48000 R11
-10626429.078620 665129.953623 23195574.090104 0 R20
-2774941.919323 17779923.454229 18094268.361972 51000 R21
6792859.463031 24541775.064582 1397222.261867 36000 R22
-14721215.403097 39465310.741294 -1193378.861948 46000 C03
-6784690.996662 39862250.229363 -11300115.672141 36000 C06
-8079017.265038 26814239.067755 31636866.748683 46000 C07
-19028463.418576 28936879.458421 -24216722.097820 39000 C08
726928.612101 29031482.487011 31029258.937433 43000 C10
-14355567.104391 29742615.541810 -26184956.876449 37000 C13
-7031961.826274 39473867.218842 -12118965.920638 0 C16
time 2025/01/17 09:30:17.000
-23364638.980041 12484844.582331 368484.069289 28000 G03
-6873138.459809 23540547.244510 -9072182.173783 40000 G07
-2070967.874125 17415952.259087 19925812.992418 50000 G14
6251918.932003 19090266.189990 17674462.497712 44000 G17
1050461.901302 26333477.712088 1910690.474551 33000 G30
-4502602.975612 18137511.543100 17357229.962532 48000 R11
-10627338.969068 662086.189288 23195248.053064 0 R20
-2775589.207173 17777526.887865 18096522.113608 51000 R21
6792960.477795 24541548.275408 1400787.445109 36000 R22
-14721219.649977 39465309.196198 -1193324.193055 46000 C03
-6783519.385152 39861778.053735 -11302479.843725 36000 C06
-8079980.316031 26813882.226676 31636910.218162 46000 C07
-19028629.141155 28938490.938519 -24214677.040913 39000 C08
726082.217973 29030924.420581 31029775.629053 43000 C10
-14355832.414573 29744117.325486 -26183132.336138 37000 C13
-7030774.294539 39473336.896880 -12121339.439199 0 C16
time 2025/01/17 09:30:18.000
-23364679.004980 12484631.481084 371725.311478 28000 G03
-6873451.732182 23539298.062456 -9075062.819403 40000 G07
-2073271.715746 17417013.015566 19924619.621113 49000 G14
6250036.249452 19089171.926275 17676374.343892 44000 G17
1050075.495195 26333699.587792 1907567.289378 33000 G30
-4504054.618350 18139396.426059 17354881.832467 48000 R11
-10628249.377778 659042.811710 23194921.421974 0 R20
-2776237.104418 17775129.802106 18098775.397458 51000 R21
6793061.259484 24541320.939367 1404351.568334 36000 R22
-14721223.896932 39465307.651333 -1193269.517805 46000 C03
-6782347.842055 39861305.704515 -11304843.954420 36000 C06
-8080943.419322 26813525.526945 31636953.520444 46000 C07
-19028794.629392 28940102.443814 -24212631.856109 38000 C08
725235.742556 29030366.481228 31030292.159536 43000 C10
-14356097.505633 29745619.147656 -26181307.656417 38000 C13
-7029586.839408 39472806.397534 -12123712.892013 0 C16
time 2025/01/17 09:30:19.000
-23364718.684391 12484418.184406 374966.545722 27000 G03
-6873765.070052 23538048.526398 -9077943.262641 40000 G07
-2075575.369518 17418073.829553 19923425.825199 49000 G14
6248153.310499 19088077.641480 17678285.822223 44000 G17
1049689.104316 26333921.090880 1904444.062978 33000 G30
-4505505.117426 18141281.108249 17352533.114023 48000 R11
-10629159.760715 655999.288434 23194594.273869 0 R20
-2776884.987088 17772732.763181 18101028.281452 51000 R21
6793161.956102 24541093.204923 1407916.683439 36000 R22
-14721228.143963 39465306.106699 -1193214.836199 46000 C03
-6781176.367384 39860833.181709 -11307208.004236 36000 C06
-8081906.574895 26813168.968569 31636996.655529 46000 C07
-19028959.883284 28941713.974282 -24210586.543410 39000 C08
724389.185866 29029808.668964 31030808.528881 43000 C10
-14356362.377566 29747121.008294 -26179482.837290 37000 C13
-7028399.460904 39472275.720813 -12126086.279071 0 C16
time 2025/01/17 09:30:20.000
-23364758.018303 12484204.692251 378207.771937 27000 G03
-6874078.473466 23536798.636362 -9080823.503439 40000 G07
-2077878.835393 17419134.701003 19922231.604700 49000 G14
6246270.115168 19086983.335660 17680196.932669 44000 G17
1049302.728615 26334142.221345 1901320.795415 33000 G30
-4506955.257380 18143165.662656 17350183.978657 48000 R11
-10630070.389284 652955.885694 23194266.569726 0 R20
-2777533.167541 17770335.487053 18103280.731279 51000 R21
6793262.492335 24540864.996496 1411481.764712 37000 R22
-14721232.391069 39465304.562297 -1193160.148236 46000 C03
-6780004.961165 39860360.485326 -11309571.993160 36000 C06
-8082869.782728 26812812.551554 31637039.623417 46000 C07
-19029124.902828 28943325.529892 -24208541.102821 39000 C08
723542.547921 29029250.983799 31031324.737086 43000 C10
-14356627.030367 29748622.907368 -26177657.878768 38000 C13
-7027212.159055 39471744.866730 -12128459.600354 0 C16
time 2025/01/17 09:30:21.000
-13962295.963564 9050647.367332 21078457.609511 38000 G02
-23364797.006742 12483991.004570 381448.990063 27000 G03
-6874391.942468 23535548.392382 -9083703.541720 40000 G07
-2080182.113326 17420195.629869 19921036.959641 49000 G14
6244386.663489 19085889.008873 17682107.675189 44000 G17
1048916.368040 26334362.979183 1898197.486720 33000 G30
-4508405.038200 18145050.089191 17347834.426428 48000 R11
-10630981.263450 649912.603589 23193938.309553 0 R20
-2778181.645798 17767937.973813 18105532.746884 51000 R21
6793362.868110 24540636.314114 1415046.812063 37000 R22
-14721236.638251 39465303.018125 -1193105.453918 46000 C03
-6778833.623428 39859887.615380 -11311935.921168 36000 C06
-8083833.042802 26812456.275907 31637082.424108 46000 C07
-19029289.688020 28944937.110601 -24206495.534365 39000 C08
722695.828741 29028693.425745 31031840.784146 43000 C10
-14356891.464029 29750124.844839 -26175832.780869 38000 C13
-7026024.933881 39471213.835293 -12130832.855866 0 C16
time 2025/01/17 09:30:22.000
-13962564.979700 9048081.175656 21079441.124744 38000 G02
-23364835.649735 12483777.121317 384690.200041 28000 G03
-6874705.477107 23534297.794472 -9086583.377448 40000 G07
-2082485.203285 17421256.616113 19919841.890040 50000 G14
6242502.955475 19084794.661168 17684018.049759 44000 G17
1048530.022546 26334583.364384 1895074.136982 33000 G30
-4509854.459887 18146934.387777 17345484.457379 48000 R11
-10631892.383180 646869.442201 23193609.493357 0 R20
-2778830.421885 17765540.223533 18107784.328225 51000 R21
6793463.083356 24540407.157804 1418611.825419 38000 R22
-14721240.885507 39465301.474184 -1193050.753244 46000 C03
-6777662.354191 39859414.571875 -11314299.788266 36000 C06
-8084796.355101 26812100.141636 31637125.057601 46000 C07
-19029454.238856 28946548.716391 -24204449.838031 39000 C08
721849.028340 29028135.994812 31032356.670062 43000 C10
-14357155.678550 29751626.820696 -26174007.543577 38000 C13
-7024837.785404 39470682.626511 -12133206.045599 0 C16
time 2025/01/17 09:30:23.000
-13962834.157029 9045514.885122 21080424.206131 38000 G02
-23364873.947308 12483563.042442 387931.401805 27000 G03
-6875019.077427 23533046.842669 -9089463.010540 41000 G07
-2084788.105220 17422317.659687 19918646.395922 49000 G14
6240618.991159 19083700.292605 17685928.056334 44000 G17
1048143.692083 26334803.376944 1891950.746258 34000 G30
-4511303.522431 18148818.558323 17343134.071571 48000 R11
-10632803.748439 643826.401627 23193280.121147 0 R20
-2779479.495823 17763142.236310 18110035.475244 51000 R21
6793563.138004 24540177.527592 1422176.804715 39000 R22
-14721245.132839 39465299.930475 -1192996.046214 46000 C03
-6776491.153479 39858941.354823 -11316663.594438 36000 C06
-8085759.719602 26811744.148748 31637167.523896 46000 C07
-19029618.555333 28948160.347216 -24202404.013845 39000 C08
721002.146736 29027578.691011 31032872.394829 43000 C10
-14357419.673922 29753128.834890 -26172182.166922 38000 C13
-7023650.713655 39470151.240398 -12135579.169531 0 C16
time 2025/01/17 09:30:24.000
-13963103.495559 9042948.495812 21081406.853650 38000 G02
-23364911.899489 12483348.767903 391172.595220 27000 G03
-6875332.743471 23531795.537005 -9092342.440921 40000 G07
-2087090.819076 17423378.760542 19917450.477319 49000 G14
6238734.770576 19082605.903244 17687837.694867 44000 G17
1047757.376608 26335023.016850 1888827.314655 33000 G30
-4512752.225815 18150702.600732 17340783.269070 48000 R11
-10633715.359190 640783.481969 23192950.192931 0 R20
-2780128.867632 17760744.012242 18112286.187875 51000 R21
6793663.031983 24539947.423508 1425741.749849 39000 R22
-14721249.380246 39465298.386996 -1192941.332830 46000 C03
-6775320.021328 39858467.964238 -11319027.339654 36000 C06
-8086723.136278 26811388.297252 31637209.822993 46000 C07
-19029782.637447 28949772.003041 -24200358.061822 39000 C08
720155.183954 29027021.514357 31033387.958444 43000 C10
-14357683.450140 29754630.887391 -26170356.650914 38000 C13
-7022463.718665 39469619.676966 -12137952.227638 0 C16
time 2025/01/17 09:30:25.000
-13963372.995302 9040382.007805 21082389.067275 37000 G02
-23364949.506303 12483134.297650 394413.780249 27000 G03
-6875646.475285 23530543.877511 -9095221.668520 41000 G07
-2089393.344802 17424439.918630 19916254.134257 49000 G14
6236850.293757 19081511.493145 17689746.965318 43000 G17
1047371.076072 26335242.284098 1885703.842235 34000 G30
-4514200.570028 18152586.514912 17338432.049939 48000 R11
-10634627.215399 637740.683316 23192619.708718 0 R20
-2780778.537334 17758345.551419 18114536.466062 51000 R21
6793762.765220 24539716.845581 1429306.660720 39000 R22
-14721253.627729 39465296.843748 -1192886.613091 46000 C03
-6774148.957760 39857994.400128 -11321391.023903 36000 C06
-8087686.605110 26811032.587156 31637251.954891 46000 C07
-19029946.485194 28951383.683829 -24198311.981973 38000 C08
719308.140010 29026464.464862 31033903.360901 43000 C10
-14357947.007197 29756132.978164 -26168530.995566 36000 C13
-7021276.800463 39469087.936228 -12140325.219901 0 C16
time 2025/01/17 09:30:26.000
-13963642.656270 9037815.421151 21083370.846994 37000 G02
-23364986.767778 12482919.631634 397654.956845 27000 G03
-6875960.272915 23529291.864213 -9098100.693277 40000 G07
-2091695.682352 17425501.133905 19915057.366761 49000 G14
6234965.560725 19080417.062360 17691655.867651 43000 G17
1046984.790426 26335461.178680 1882580.329058 35000 G30
-4515648.555063 18154470.300776 17336080.414232 48000 R11
-10635539.317026 634698.005780 23192288.668517 0 R20
-2781428.504950 17755946.853930 18116786.309750 51000 R21
6793862.337645 24539485.793839 1432871.537246 40000 R22
-14721257.875286 39465295.300732 -1192831.886999 46000 C03
-6772977.962805 39857520.662505 -11323754.647168 36000 C06
-8088650.126076 26810677.018468 31637293.919589 46000 C07
-19030110.098570 28952995.389548 -24196265.774308 38000 C08
718461.014926 29025907.542538 31034418.602199 43000 C10
-14358210.345087 29757635.107171 -26166705.200894 38000 C13
-7020089.959074 39468556.018196 -12142698.146310 0 C16
time 2025/01/17 09:30:27.000
-13963912.478475 9035248.735924 21084352.192786 37000 G02
-23365023.683940 12482704.769807 400896.124938 27000 G03
-6876274.136405 23528039.497144 -9100979.515118 40000 G07
-2093997.831682 17426562.406322 19913860.174855 49000 G14
6233080.571512 19079322.610950 17693564.401824 43000 G17
1046598.519628 26335679.700586 1879456.775238 36000 G30
-4517096.180911 18156353.958237 17333728.362007 48000 R11
-10636451.664039 631655.449444 23191957.072337 0 R20
-2782078.770502 17753547.919865 18119035.718886 51000 R21
6793961.749186 24539254.268311 1436436.379313 40000 R22
-14721262.122918 39465293.757946 -1192777.154552 46000 C03
-6771807.036482 39857046.751377 -11326118.209446 37000 C06
-8089613.699155 26810321.591195 31637335.717088 46000 C07
-19030273.477571 28954607.120155 -24194219.438850 39000 C08
717613.808718 29025350.747396 31034933.682334 43000 C10
-14358473.463806 29759137.274385 -26164879.266904 37000 C13
-7018903.194517 39468023.922876 -12145071.006864 0 C16
time 2025/01/17 09:30:28.000
-13964182.461927 9032681.952185 21085333.104632 37000 G02
-23365060.254818 12482489.712120 404137.284489 27000 G03
-6876588.065802 23526786.776329 -9103858.133982 40000 G07
-2096299.792746 17427623.735836 19912662.558565 49000 G14
6231195.326142 19078228.138970 17695472.567801 43000 G17
1046212.263622 26335897.849814 1876333.180779 36000 G30
-4518543.447562 18158237.487206 17331375.893321 48000 R11
-10637364.256403 628613.014401 23191624.920184 0 R20
-2782729.334014 17751148.749313 18121284.693413 51000 R21
6794060.999773 24539022.269026 1440001.186827 40000 R22
-14721266.370625 39465292.215391 -1192722.415751 46000 C03
-6770636.178825 39856572.666757 -11328481.710709 37000 C06
-8090577.324326 26809966.305345 31637377.347387 46000 C07
-19030436.622195 28956218.875623 -24192172.975600 39000 C08
716766.521408 29024794.079449 31035448.601302 43000 C10
-14358736.363347 29760639.479776 -26163053.193603 37000 C13
-7017716.506827 39467491.650284 -12147443.801536 0 C16
time 2025/01/17 09:30:29.000
-13964452.606638 9030115.070010 21086313.582512 36000 G02
-23365096.480437 12482274.458532 407378.435347 26000 G03
-6876902.061148 23525533.701811 -9106736.549773 40000 G07
-2098601.565473 17428685.122390 19911464.517928 49000 G14
6229309.824660 19077133.646485 17697380.365525 42000 G17
1045826.022363 26336115.626355 1873209.545780 36000 G30
-4519990.354994 18160120.887575 17329023.008254 48000 R11
-10638277.094073 625570.700780 23191292.212072 0 R20
-2783380.195500 17748749.342386 18123533.233255 51000 R21
6794160.089333 24538789.796015 1443565.959679 39000 R22
-14721270.618408 39465290.673067 -1192667.670598 45000 C03
-6769465.389864 39856098.408658 -11330845.150933 36000 C06
-8091541.001559 26809611.160929 31637418.810486 45000 C07
-19030599.532435 28957830.655897 -24190126.384594 38000 C08
715919.153021 29024237.538714 31035963.359096 43000 C10
-14358999.043703 29762141.723291 -26161226.981027 37000 C13
-7016529.896044 39466959.200438 -12149816.530279 0 C16
time 2025/01/17 09:30:30.000
-13964722.912617 9027548.089486 21087293.626398 36000 G02
-23365132.360822 12482059.008997 410619.577386 27000 G03
-6877216.122486 23524280.273620 -9109614.762419 41000 G07
-2100903.149818 17429746.565939 19910266.052967 49000 G14
6227424.067101 19076039.133557 17699287.794953 42000 G17
1045439.795809 26336333.030198 1870085.870343 37000 G30
-4521436.903196 18162004.159254 17326669.706869 48000 R11
-10639190.177016 622528.508668 23190958.948007 0 R20
-2784031.354981 17746349.699176 18125781.338355 51000 R21
6794259.017796 24538556.849305 1447130.697755 39000 R22
-14721274.866265 39465289.130974 -1192612.919093 45000 C03
-6768294.669633 39855623.977092 -11333208.530087 37000 C06
-8092504.730831 26809256.157955 31637460.106383 45000 C07
-19030762.208288 28959442.460945 -24188079.665843 38000 C08
715071.703578 29023681.125202 31036477.955712 43000 C10
-14359261.504867 29763644.004900 -26159400.629181 37000 C13
-7015343.362187 39466426.573345 -12152189.193100 0 C16
time 2025/01/17 09:30:31.000
-13964993.379881 9024981.010616 21088273.236294 36000 G02
-23365167.896003 12481843.363465 413860.710591 27000 G03
-6877530.249871 23523026.491760 -9112492.771916 41000 G07
-2103204.545775 17430808.066455 19909067.163689 50000 G14
6225538.053453 19074944.600219 17701194.856082 42000 G17
1045053.583902 26336550.061342 1866962.154473 38000 G30
-4522883.092184 18163887.302189 17324315.989178 48000 R11
-10640103.505210 619486.438114 23190625.127994 0 R20
-2784682.812493 17743949.819729 18128029.008699 51000 R21
6794357.785092 24538323.428921 1450695.401062 39000 R22
-14721279.114197 39465287.589112 -1192558.161235 46000 C03
-6767124.018131 39855149.372058 -11335571.848216 37000 C06
-8093468.512141 26808901.296424 31637501.235079 46000 C07
-19030924.649754 28961054.290762 -24186032.819319 39000 C08
714224.173079 29023124.838916 31036992.391157 43000 C10
-14359523.746839 29765146.324597 -26157574.138048 38000 C13
-7014156.905263 39465893.769007 -12154561.790020 0 C16
time 2025/01/17 09:30:32.000
-13965264.008443 9022413.833471 21089252.412181 36000 G02
-23365203.086005 12481627.521885 417101.834962 27000 G03
-6877844.443346 23521772.356257 -9115370.578200 41000 G07
-2105505.753304 17431869.623895 19907867.850114 49000 G14
6223651.783740 19073850.046527 17703101.548880 42000 G17
1044667.386593 26336766.719780 1863838.398222 38000 G30
-4524328.921958 18165770.316299 17321961.855228 48000 R11
-10641017.078626 616444.489192 23190290.752038 0 R20
-2785334.568058 17741549.704125 18130276.244239 51000 R21
6794456.391152 24538089.534889 1454260.069533 38000 R22
-14721283.362203 39465286.047481 -1192503.397023 46000 C03
-6765953.435381 39854674.593568 -11337935.105306 37000 C06
-8094432.345468 26808546.576344 31637542.196575 46000 C07
-19031086.856828 28962666.145315 -24183985.845032 39000 C08
713376.561544 29022568.679865 31037506.665429 43000 C10
-14359785.769614 29766648.682354 -26155747.507631 38000 C13
-7012970.525303 39465360.787439 -12156934.321017 0 C16
time 2025/01/17 09:30:33.000
-13965534.798311 9019846.558142 21090231.154031 35000 G02
-23365237.930856 12481411.484212 420342.950365 27000 G03
-6878158.702953 23520517.867161 -9118248.181156 41000 G07
-2107806.772322 17432931.238197 19906668.112287 50000 G14
6221765.258024 19072755.472555 17705007.873274 41000 G17
1044281.203842 26336983.005502 1860714.601717 39000 G30
-4525774.392482 18167653.201463 17319607.305118 48000 R11
-10641930.897211 613402.662055 23189955.820155 0 R20
-2785986.621689 17739149.352493 18132523.044885 51000 R21
6794554.835903 24537855.167242 1457824.703010 38000 R22
-14721287.610285 39465284.506081 -1192448.626461 46000 C03
-6764782.921427 39854199.641636 -11340298.301312 37000 C06
-8095396.230777 26808191.997726 31637582.990868 46000 C07
-19031248.829506 28964278.024540 -24181938.743030 39000 C08
712528.869003 29022012.648071 31038020.778517 43000 C10
-14360047.573182 29768151.078113 -26153920.737971 38000 C13
-7011784.222338 39464827.628654 -12159306.786068 0 C16
time 2025/01/17 09:30:34.000
-13965805.749495 9017279.184695 21091209.461824 35000 G02
-23365272.430583 12481195.250399 423584.056742 27000 G03
-6878473.028740 23519263.024487 -9121125.580752 41000 G07
-2110107.602810 17433992.909327 19905467.950219 49000 G14
6219878.476301 19071660.878344 17706913.829254 41000 G17
1043895.035595 26337198.918503 1857590.764989 39000 G30
-4527219.503763 18169535.957613 17317252.338881 48000 R11
-10642844.960942 610360.956758 23189620.332348 0 R20
-2786638.973414 17736748.764897 18134769.410604 51000 R21
6794653.119274 24537620.326005 1461389.301449 37000 R22
-14721291.858441 39465282.964911 -1192393.849546 46000 C03
-6763612.476286 39853724.516271 -11342661.436235 37000 C06
-8096360.168056 26807837.560575 31637623.617960 46000 C07
-19031410.567784 28965889.928426 -24179891.513297 38000 C08
711681.095467 29021456.743539 31038534.730422 43000 C10
-14360309.157542 29769653.511864 -26152093.829051 38000 C13
-7010597.996398 39464294.292665 -12161679.185153 0 C16
time 2025/01/17 09:30:35.000
-13966076.862013 9014711.713159 21092187.335555 35000 G02
-23365306.585213 12480978.820395 426825.154057 27000 G03
-6878787.420753 23518007.828264 -9124002.776921 41000 G07
-2112408.244720 17435054.637239 19904267.363935 50000 G14
6217991.438610 19070566.263956 17708819.416773 41000 G17
1043508.881804 26337414.458777 1854466.888096 40000 G30
-4528664.255795 18171418.584664 17314896.956569 48000 R11
-10643759.269784 607319.373395 23189284.288626 0 R20
-2787291.623256 17734347.941422 18137015.341346 51000 R21
6794751.241196 24537385.011206 1464953.864767 36000 R22
-14721296.106672 39465281.423973 -1192339.066279 46000 C03
-6762442.099978 39853249.217480 -11345024.510074 37000 C06
-8097324.157287 26807483.264898 31637664.077850 46000 C07
-19031572.071660 28967501.856940 -24177844.155841 39000 C08
710833.240952 29020900.966279 31039048.521143 43000 C10
-14360570.522685 29771155.983567 -26150266.780893 38000 C13
-7009411.847497 39463760.779476 -12164051.518281 0 C16
time 2025/01/17 09:30:36.000
-13966348.135872 9012144.143622 21093164.775199 34000 G02
-23365340.394771 12480762.194158 430066.242194 27000 G03
-6879101.879035 23516752.278527 -9126879.769581 41000 G07
-2114708.698000 17436116.421884 19903066.353465 50000 G14
6216104.144981 19069471.629448 17710724.635789 41000 G17
1043122.742424 26337629.626314 1851342.971140 40000 G30
-4530108.648561 18173301.082517 17312541.158254 48000 R11
-10644673.823697 604277.912072 23188947.688998 0 R20
-2787944.571233 17731946.882172 18139260.837043 51000 R21
6794849.201597 24537149.222875 1468518.392855 36000 R22
-14721300.354978 39465279.883265 -1192284.276661 46000 C03
-6761271.792538 39852773.745278 -11347387.522797 38000 C06
-8098288.198444 26807129.110704 31637704.370537 46000 C07
-19031733.341129 28969113.810035 -24175796.670689 39000 C08
709985.305484 29020345.316308 31039562.150674 43000 C10
-14360831.668608 29772658.493189 -26148439.593509 38000 C13
-7008225.775674 39463227.089106 -12166423.785417 0 C16
time 2025/01/17 09:30:38.000
-13966891.167665 9007008.710776 21095118.352160 34000 G02
-23365406.978785 12480328.352783 436548.390744 27000 G03
-6879730.994593 23514240.118609 -9132633.144156 42000 G07
-2119309.038501 17438240.161199 19900663.060056 50000 G14
6212328.789995 19067282.300289 17714533.968180 40000 G17
1042350.506698 26338058.843156 1845095.017245 41000 G30
-4532996.356279 18177065.690296 17307828.313813 48000 R11
-10646503.666609 598195.355886 23188272.822057 0 R20
-2789251.361691 17727144.056670 18143750.523111 51000 R21
6795044.637552 24536676.225729 1475647.343034 37000 R22
-14721308.851812 39465276.802542 -1192174.678373 46000 C03
-6758931.384354 39851822.280674 -11352113.364862 38000 C06
-8100216.436459 26806421.226794 31637784.454302 46000 C07
-19032055.176834 28972337.789853 -24171701.317315 39000 C08
708289.191749 29019234.398270 31040588.926160 43000 C10
-14361353.302769 29775663.626069 -26144784.801088 38000 C13
-7005853.863337 39462159.176852 -12171168.121704 0 C16
time 2025/01/17 09:30:39.000
-13967162.925621 9004440.847603 21096094.489438 33000 G02
-23365439.753295 12480111.137549 439789.451059 27000 G03
-6880045.651961 23512983.508482 -9135509.525945 41000 G07
-2121608.925631 17439302.115777 19899460.777166 50000 G14
6210440.728700 19066187.605753 17716438.081473 39000 G17
1041964.410255 26338272.892447 1841970.980438 41000 G30
-4534439.671213 18178947.800047 17305471.267801 48000 R11
-10647418.955536 595154.261212 23187934.554760 0 R20
-2789905.204215 17724742.290595 18145994.713375 51000 R21
6795142.112965 24536439.016971 1479211.764950 38000 R22
-14721313.100341 39465275.262527 -1192119.869703 46000 C03
-6757761.283656 39851346.288290 -11354476.194190 39000 C06
-8101180.633276 26806067.497092 31637824.245379 46000 C07
-19032215.743064 28973949.816508 -24169653.449113 39000 C08
707441.013520 29018679.130226 31041102.072108 43000 C10
-14361613.790996 29777166.249264 -26142957.196071 38000 C13
-7004668.022881 39461624.954993 -12173540.190820 0 C16
time 2025/01/17 09:30:40.000
-13967434.844966 9001872.886668 21097070.192562 33000 G02
-23365472.182842 12479893.725892 443030.501899 26000 G03
-6880360.375780 23511726.544952 -9138385.703974 41000 G07
-2123908.623958 17440364.126911 19898258.070185 50000 G14
6208552.411566 19065092.891318 17718341.826121 38000 G17
1041578.328030 26338486.568975 1838846.903821 40000 G30
-4535882.626855 18180829.780256 17303113.806002 47000 R11
-10648334.489399 592113.288939 23187595.731590 0 R20
-2790559.344965 17722340.289088 18148238.468387 51000 R21
6795239.426574 24536201.334792 1482776.151311 39000 R22
-14721317.348945 39465273.722743 -1192065.054683 46000 C03
-6756591.251923 39850870.122533 -11356838.962359 39000 C06
-8102144.881941 26805713.908902 31637863.869253 45000 C07
-19032376.074872 28975561.867618 -24167605.453248 39000 C08
706592.754407 29018123.989514 31041615.056857 43000 C10
-14361874.059981 29778668.910253 -26141129.451864 38000 C13
-7003482.259598 39461090.555993 -12175912.193908 0 C16
time 2025/01/17 09:30:41.000
-13967706.925713 8999304.828040 21098045.461514 33000 G02
-23365504.267453 12479676.117758 446271.543288 26000 G03
-6880675.166098 23510469.228045 -9141261.678180 41000 G07
-2126208.133435 17441426.194553 19897054.939137 50000 G14
6206663.838618 19063998.157040 17720245.202085 38000 G17
1041192.259972 26338699.872734 1835722.787457 40000 G30
-4537325.223196 18182711.630836 17300755.928473 47000 R11
-10649250.268165 589072.439152 23187256.352555 0 R20
-2791213.783965 17719938.052236 18150481.788095 51000 R21
6795336.578308 24535963.179222 1486340.502034 39000 R22
-14721321.597623 39465272.183189 -1192010.233314 46000 C03
-6755421.289180 39850393.783413 -11359201.669357 39000 C06
-8103109.182429 26805360.462232 31637903.325922 45000 C07
-19032536.172257 28977173.943144 -24165557.329734 39000 C08
705744.414429 29017568.976146 31042127.880402 43000 C10
-14362134.109718 29780171.609004 -26139301.568475 38000 C13
-7002296.573514 39460555.979863 -12178284.130952 0 C16
time 2025/01/17 09:30:42.000
-13967979.167870 8996736.671806 21099020.296265 33000 G02
-23365536.007156 12479458.313107 449512.575067 27000 G03
-6880990.022958 23509211.557795 -9144137.448489 42000 G07
-2128507.454005 17442488.318654 19895851.384053 50000 G14
6204775.009904 19062903.402985 17722148.209310 38000 G17
1040806.206038 26338912.803715 1832598.631437 41000 G30
-4538767.460219 18184593.351688 17298397.635283 48000 R11
-10650166.291794 586031.711958 23186916.417664 0 R20
-2791868.521232 17717535.580141 18152724.672431 51000 R21
6795433.568096 24535724.550291 1489904.817001 40000 R22
-14721325.846376 39465270.643866 -1191955.405594 47000 C03
-6754251.395458 39849917.270941 -11361564.315161 39000 C06
-8104073.534718 26805007.157090 31637942.615386 46000 C07
-19032696.035214 28978786.043048 -24163509.078588 39000 C08
704895.993608 29017014.090136 31042640.542740 43000 C10
-14362393.940200 29781674.345480 -26137473.545924 39000 C13
-7001110.964664 39460021.226619 -12180656.001924 0 C16
time 2025/01/17 09:30:43.000
-13968251.571451 8994168.418013 21099994.696805 34000 G02
-23365567.401977 12479240.311887 452753.597209 27000 G03
-6881304.946408 23507953.534222 -9147013.014855 42000 G07
-2130806.585638 17443550.499175 19894647.404949 50000 G14
6202885.925431 19061808.629198 17724050.847777 37000 G17
1040420.166174 26339125.361913 1829474.435797 41000 G30
-4540209.337928 18186474.942740 17296038.926471 48000 R11
-10651082.560254 582991.107442 23186575.926924 0 R20
-2792523.556793 17715132.872875 18154967.121359 51000 R21
6795530.395868 24535485.448025 1493469.096165 41000 R22
-14721330.095202 39465269.104774 -1191900.571526 47000 C03
-6753081.570776 39849440.585125 -11363926.899774 39000 C06
-8105037.938794 26804653.993482 31637981.737646 46000 C07
-19032855.663740 28980398.167306 -24161460.699808 39000 C08
704047.491957 29016459.331491 31043153.043870 43000 C10
-14362653.551425 29783177.119662 -26135645.384202 39000 C13
-6999925.433063 39459486.296266 -12183027.806830 0 C16
time 2025/01/17 09:30:44.000
-13968524.136467 8991600.066720 21100968.663118 33000 G02
-23365598.451944 12479022.114051 455994.609662 26000 G03
-6881619.936492 23506695.157360 -9149888.377197 42000 G07
-2133105.528282 17444612.736067 19893443.001856 50000 G14
6200996.585226 19060713.835736 17725953.117446 37000 G17
1040034.140336 26339337.547321 1826350.200622 41000 G30
-4541650.856310 18188356.403896 17293679.802101 48000 R11
-10651999.073506 579950.625708 23186234.880347 0 R20
-2793178.890668 17712729.930534 18157209.134815 51000 R21
6795627.061554 24535245.872453 1497033.339428 42000 R22
-14721334.344104 39465267.565913 -1191845.731109 47000 C03
-6751911.815162 39848963.725978 -11366289.423172 39000 C06
-8106002.394631 26804300.971416 31638020.692701 46000 C07
-19033015.057832 28982010.315877 -24159412.193414 39000 C08
703198.909497 29015904.700225 31043665.383788 43000 C10
-14362912.943386 29784679.931508 -26133817.083331 39000 C13
-6998739.978738 39458951.188815 -12185399.545657 0 C16
time 2025/01/17 09:30:45.000
-13968796.862931 8989031.617982 21101942.195189 34000 G02
-23365629.157084 12478803.719550 459235.612370 27000 G03
-6881934.993256 23505436.427229 -9152763.535471 42000 G07
-2135404.281904 17445675.029291 19892238.174789 50000 G14
6199106.989314 19059619.022654 17727855.018284 35000 G17
1039648.128470 26339549.359934 1823225.925945 41000 G30
-4543092.015365 18190237.735079 17291320.262219 48000 R11
-10652915.831522 576910.266825 23185893.277936 0 R20
-2793834.522883 17710326.753192 18159450.712761 51000 R21
6795723.565081 24535005.823602 1500597.546717 43000 R22
-14721338.593079 39465266.027282 -1191790.884342 46000 C03
-6750742.128631 39848486.693504 -11368651.885367 39000 C06
-8106966.902215 26803948.090898 31638059.480550 45000 C07
-19033174.217486 28983622.488735 -24157363.559406 39000 C08
702350.246243 29015350.196346 31044177.562495 43000 C10
-14363172.116077 29786182.780996 -26131988.643312 39000 C13
-6997554.601713 39458415.904278 -12187771.218397 0 C16
time 2025/01/17 09:30:46.000
-13969069.750855 8986463.071865 21102915.293000 33000 G02
-23365659.517423 12478585.128341 462476.605185 28000 G03
-6882250.116746 23504177.343867 -9155638.489593 43000 G07
-2137702.846448 17446737.378796 19891032.923781 50000 G14
6197217.137731 19058524.190013 17729756.550245 35000 G17
1039262.130533 26339760.799744 1820101.611863 41000 G30
-4544532.815077 18192118.936192 17288960.306890 47000 R11
-10653832.834267 573870.030893 23185551.119703 0 R20
-2794490.453456 17707923.340950 18161691.855129 51000 R21
6795819.906380 24534765.301502 1504161.717932 43000 R22
-14721342.842129 39465264.488882 -1191736.031227 46000 C03
-6749572.511219 39848009.487717 -11371014.286323 38000 C06
-8107931.461521 26803595.351937 31638098.101193 45000 C07
-19033333.142698 28985234.685839 -24155314.797804 39000 C08
701501.502217 29014795.819870 31044689.579983 43000 C10
-14363431.069494 29787685.668085 -26130160.064164 38000 C13
-6996369.302019 39457880.442668 -12190142.825023 0 C16
time 2025/01/17 09:30:47.000
-13969342.800245 8983894.428476 21103887.956516 33000 G02
-23365689.532989 12478366.340376 465717.588073 28000 G03
-6882565.307004 23502917.907306 -9158513.239486 43000 G07
-2140001.221855 17447799.784530 19889827.248863 50000 G14
6195327.030519 19057429.337878 17731657.713272 35000 G17
1038876.146480 26339971.866741 1816977.258474 41000 G30
-4545973.255426 18194000.007133 17286599.936193 47000 R11
-10654750.081693 570829.918039 23185208.405658 0 R20
-2795146.682405 17705519.693913 18163932.561852 51000 R21
6795916.085379 24534524.306183 1507725.852969 43000 R22
-14721347.091252 39465262.950713 -1191681.171765 46000 C03
-6748402.962957 39847532.108632 -11373376.626015 39000 C06
-8108896.072520 26803242.754543 31638136.554630 45000 C07
-19033491.833465 28986846.907146 -24153265.908630 39000 C08
700652.677443 29014241.570810 31045201.436248 43000 C10
-14363689.803628 29789188.592733 -26128331.345909 38000 C13
-6995184.079689 39457344.803999 -12192514.365511 0 C16
time 2025/01/17 09:30:48.000
-13969616.011120 8981325.687813 21104860.185745 32000 G02
-23365719.203808 12478147.355607 468958.560959 29000 G03
-6882880.564079 23501658.117567 -9161387.785107 43000 G07
-2142299.408101 17448862.246457 19888621.150048 50000 G14
6193436.667674 19056334.466286 17733558.507361 35000 G17
1038490.176256 26340182.560922 1813852.865798 41000 G30
-4547413.336423 18195880.947837 17284239.150153 47000 R11
-10655667.573780 567789.928309 23184865.135805 0 R20
-2795803.209759 17703115.812144 18166172.832899 51000 R21
6796012.102008 24534282.837670 1511289.951776 43000 R22
-14721351.340450 39465261.412775 -1191626.305955 46000 C03
-6747233.483862 39847054.556252 -11375738.904453 39000 C06
-8109860.735204 26802890.298720 31638174.840861 45000 C07
-19033650.289784 28988459.152641 -24151216.891871 39000 C08
699803.771929 29013687.449172 31045713.131292 42000 C10
-14363948.318477 29790691.554927 -26126502.488536 38000 C13
-6993998.934738 39456808.988277 -12194885.839868 0 C16
time 2025/01/17 09:30:49.000
-13969889.383484 8978756.850014 21105831.980641 32000 G02
-23365748.529909 12477928.173985 472199.523792 30000 G03
-6883195.888014 23500397.974684 -9164262.126374 43000 G07
-2144597.405126 17449924.764526 19887414.627370 50000 G14
6191546.049251 19055239.575312 17735458.932446 35000 G17
1038104.219817 26340392.882278 1810728.433931 41000 G30
-4548853.058048 18197761.758202 17281877.948846 47000 R11
-10656585.310485 564750.061823 23184521.310156 0 R20
-2796460.035534 17700711.695748 18168412.668200 51000 R21
6796107.956197 24534040.895995 1514854.014238 44000 R22
-14721355.589722 39465259.875067 -1191571.433797 46000 C03
-6746064.073962 39846576.830591 -11378101.121612 38000 C06
-8110825.449543 26802537.984477 31638212.959885 45000 C07
-19033808.511650 28990071.422272 -24149167.747559 39000 C08
698954.785703 29013133.454973 31046224.665107 42000 C10
-14364206.614034 29792194.554623 -26124673.492068 38000 C13
-6992813.867200 39456272.995518 -12197257.248068 0 C16
time 2025/01/17 09:30:50.000
-13970162.917356 8976187.915068 21106803.341214 32000 G02
-23365777.511317 12477708.795463 475440.476515 30000 G03
-6883511.278856 23499137.478681 -9167136.263234 43000 G07
-2146895.212895 17450987.338694 19886207.680848 50000 G14
6189655.175256 19054144.664997 17737358.988511 36000 G17
1037718.277114 26340602.830804 1807603.962921 41000 G30
-4550292.420300 18199642.438147 17279516.332318 47000 R11
-10657503.291775 561710.318664 23184176.928718 0 R20
-2797117.159757 17698307.344803 18170652.067711 51000 R21
6796203.647873 24533798.481185 1518418.040285 44000 R22
-14721359.839068 39465258.337590 -1191516.555292 46000 C03
-6744894.733282 39846098.931659 -11380463.277483 39000 C06
-8111790.215522 26802185.811820 31638250.911702 45000 C07
-19033966.499061 28991683.716015 -24147118.475696 39000 C08
698105.718779 29012579.588221 31046736.037693 43000 C10
-14364464.690294 29793697.591798 -26122844.356505 38000 C13
-6991628.877097 39455736.825729 -12199628.590104 0 C16
time 2025/01/17 09:30:51.000
-13970436.612742 8973618.883088 21107774.267428 32000 G02
-23365806.148061 12477489.219995 478681.419037 30000 G03
-6883826.736650 23497876.629588 -9170010.195618 43000 G07
-2149192.831357 17452049.968915 19885000.310509 50000 G14
6187764.045728 19053049.735406 17739258.675505 37000 G17
1037332.348098 26340812.406493 1804479.452846 42000 G30
-4551731.423167 18201522.987581 17277154.300633 47000 R11
-10658421.517616 558670.698923 23183831.991499 0 R20
-2797774.582447 17695902.759405 18172891.031373 51000 R21
6796299.176968 24533555.593268 1521982.029828 44000 R22
-14721364.088488 39465256.800343 -1191461.670441 46000 C03
-6743725.461849 39845620.859465 -11382825.372050 39000 C06
-8112755.033119 26801833.780758 31638288.696311 45000 C07
-19034124.252013 28993296.033829 -24145069.076298 39000 C08
697256.571174 29012025.848929 31047247.249048 43000 C10
-14364722.547252 29795200.666409 -26121015.081869 38000 C13
-6990443.964451 39455200.478923 -12201999.865968 0 C16
time 2025/01/17 09:30:52.000
-13970710.469656 8971049.754111 21108744.759276 31000 G02
-23365834.440167 12477269.447532 481922.351291 30000 G03
-6884142.261442 23496615.427430 -9172883.923473 42000 G07
-2151490.260481 17453112.655150 19883792.516371 49000 G14
6185872.660688 19051954.786589 17741157.993397 36000 G17
1036946.432720 26341021.609338 1801354.903760 41000 G30
-4553170.066648 18203403.406425 17274791.853835 47000 R11
-10659339.987977 555631.202681 23183486.498507 0 R20
-2798432.303630 17693497.939626 18175129.559145 51000 R21
6796394.543410 24533312.232272 1525545.982796 44000 R22
-14721368.337982 39465255.263328 -1191406.779242 46000 C03
-6742556.259681 39845142.614017 -11385187.405314 39000 C06
-8113719.902315 26801481.891296 31638326.313712 45000 C07
-19034281.770503 28994908.375696 -24143019.549356 39000 C08
696407.342906 29011472.237105 31047758.299170 43000 C10
-14364980.184903 29796703.778439 -26119185.668154 38000 C13
-6989259.129292 39454663.955110 -12204371.075642 0 C16
time 2025/01/17 09:30:53.000
-13970984.488108 8968480.528225 21109714.816731 32000 G02
-23365862.387663 12477049.478029 485163.273203 31000 G03
-6884457.853276 23495353.872243 -9175757.446713 43000 G07
-2153787.500206 17454175.397344 19882584.298469 49000 G14
6183981.020166 19050859.818608 17743056.942146 37000 G17
1036560.530934 26341230.439332 1798230.315749 41000 G30
-4554608.350728 18205283.694581 17272428.991993 47000 R11
-10660258.702816 552591.830050 23183140.449752 0 R20
-2799090.323323 17691092.885573 18177367.650959 51000 R21
6796489.747128 24533068.398228 1529109.899082 44000 R22
-14721372.587550 39465253.726542 -1191351.881697 46000 C03
-6741387.126810 39844664.195328 -11387549.377251 39000 C06
-8114684.823087 26801130.143444 31638363.763906 45000 C07
-19034439.054527 28996520.741566 -24140969.894904 40000 C08
695558.033996 29010918.752765 31048269.188053 43000 C10
-14365237.603242 29798206.927848 -26117356.115378 38000 C13
-6988074.371644 39454127.254301 -12206742.219119 0 C16
time 2025/01/17 09:30:54.000
-13971258.668110 8965911.205479 21110684.439779 31000 G02
-23365889.990575 12476829.311436 488404.184710 30000 G03
-6884773.512199 23494091.964051 -9178630.765286 43000 G07
-2156084.550490 17455238.195455 19881375.656823 49000 G14
6182089.124189 19049764.831515 17744955.521714 37000 G17
1036174.642692 26341438.896468 1795105.688876 41000 G30
-4556046.275400 18207163.851965 17270065.715161 47000 R11
-10661177.662097 549552.581125 23182793.845244 0 R20
-2799748.641550 17688687.597328 18179605.306763 51000 R21
6796584.788051 24532824.091163 1532673.778610 44000 R22
-14721376.837192 39465252.189988 -1191296.977807 46000 C03
-6740218.063261 39844185.603408 -11389911.287847 39000 C06
-8115649.795414 26800778.537209 31638401.046891 45000 C07
-19034596.104081 28998133.131409 -24138920.112944 39000 C08
694708.644464 29010365.395919 31048779.915694 42000 C10
-14365494.802261 29799710.114602 -26115526.423556 38000 C13
-6986889.691539 39453590.376510 -12209113.296371 0 C16
time 2025/01/17 09:30:55.000
-13971533.009676 8963341.785925 21111653.628410 30000 G02
-23365917.248931 12476608.947708 491645.085750 30000 G03
-6885089.238254 23492829.702887 -9181503.879115 43000 G07
-2158381.411292 17456301.049437 19880166.591457 49000 G14
6180196.972784 19048669.825368 17746853.732066 38000 G17
1035788.767944 26341646.980741 1791981.023197 41000 G30
-4557483.840660 18209043.878491 17267702.023391 47000 R11
-10662096.865794 546513.455971 23182446.684987 0 R20
-2800407.258332 17686282.074979 18181842.526508 51000 R21
6796679.666110 24532579.311105 1536237.621292 44000 R22
-14721381.086908 39465250.653664 -1191242.067570 46000 C03
-6739049.069056 39843706.838265 -11392273.137095 39000 C06
-8116614.819277 26800427.072597 31638438.162667 45000 C07
-19034752.919163 28999745.545194 -24136870.203485 40000 C08
693859.174325 29009812.166578 31049290.482093 42000 C10
-14365751.781958 29801213.338676 -26113696.592687 38000 C13
-6985705.088995 39453053.321745 -12211484.307400 0 C16
time 2025/01/17 09:30:56.000
-13971807.512813 8960772.269656 21112622.382592 30000 G02
-23365944.162758 12476388.386795 494885.976250 30000 G03
-6885405.031488 23491567.088780 -9184376.788136 43000 G07
-2160678.082555 17457363.959242 19878957.102403 49000 G14
6178304.565995 19047574.800233 17748751.573144 38000 G17
1035402.906645 26341854.692143 1788856.318805 41000 G30
-4558921.046490 18210923.774061 17265337.916755 46000 R11
-10663016.313856 543474.454732 23182098.968995 0 R20
-2801066.173689 17683876.318623 18184079.310129 51000 R21
6796774.381233 24532334.058085 1539801.427031 44000 R22
-14721385.336697 39465249.117571 -1191187.150989 46000 C03
-6737880.144226 39843227.899913 -11394634.924973 38000 C06
-8117579.894652 26800075.749618 31638475.111235 45000 C07
-19034909.499768 29001357.982875 -24134820.166552 39000 C08
693009.623602 29009259.064756 31049800.887244 42000 C10
-14366008.542325 29802716.600026 -26111866.622797 38000 C13
-6984520.564046 39452516.090021 -12213855.252180 0 C16
time 2025/01/17 09:30:57.000
-13972082.177535 8958202.656716 21113590.702317 30000 G02
-6885720.891947 23490304.121751 -9187249.492303 43000 G07
-2162974.564252 17458426.924831 19877747.189676 50000 G14
6176411.903821 19046479.756149 17750649.044940 39000 G17
1035017.058743 26342062.030667 1785731.575740 41000 G30
-4560357.892895 18212803.538602 17262973.395291 47000 R11
-10663936.006263 540435.577449 23181750.697273 0 R20
-2801725.387648 17681470.328331 18186315.657590 51000 R21
6796868.933349 24532088.332129 1543365.195764 43000 R22
-14721389.586560 39465247.581708 -1191132.228062 46000 C03
-6736711.288791 39842748.788358 -11396996.651481 38000 C06
-8118545.021522 26799724.568276 31638511.892593 45000 C07
-19035065.845894 29002970.444432 -24132770.002138 39000 C08
692159.992307 29008706.090461 31050311.131147 42000 C10
-14366265.083358 29804219.898634 -26110036.513879 37000 C13
-6983336.116707 39451978.681344 -12216226.130716 0 C16
time 2025/01/17 09:30:58.000
-13972357.003854 8955632.947163 21114558.587569 30000 G02
-23365996.956934 12475946.673233 501367.725310 30000 G03
-6886036.819646 23489040.801949 -9190121.991274 0 G07
-2165270.856333 17459489.946157 19876536.853302 50000 G14
6174518.986302 19045384.693180 17752546.147402 40000 G17
1034631.224192 26342268.996308 1782606.794077 41000 G30
-4561794.379863 18214683.172021 17260608.459060 47000 R11
-10664855.942977 537396.824226 23181401.869829 0 R20
-2802384.900228 17679064.104200 18188551.568830 51000 R21
6796963.322389 24531842.133267 1546928.927397 43000 R22
-14721393.836497 39465246.046076 -1191077.298790 46000 C03
-6735542.502778 39842269.503612 -11399358.316598 39000 C06
-8119510.199867 26799373.528581 31638548.506741 45000 C07
-19035221.957537 29004582.929829 -24130719.710258 40000 C08
691310.280463 29008153.243705 31050821.213798 43000 C10
-14366521.405051 29805723.234461 -26108206.265952 38000 C13
-6982151.747007 39451441.095726 -12218596.942992 0 C16
time 2025/01/17 09:30:59.000
-13972631.991780 8953063.141084 21115526.038322 30000 G02
-23366022.837337 12475725.520488 504608.583744 30000 G03
-6886352.814719 23487777.129053 -9192994.285781 43000 G07
-2167566.958750 17460553.023172 19875326.093309 50000 G14
6172625.813461 19044289.611379 17754442.880500 40000 G17
1034245.402942 26342475.589059 1779481.973881 41000 G30
-4563230.507386 18216562.674232 17258243.108120 47000 R11
-10665776.123960 534358.195163 23181052.486673 0 R20
-2803044.711452 17676657.646318 18190787.043795 51000 R21
6797057.548281 24531595.461527 1550492.621851 43000 R22
-14721398.086507 39465244.510674 -1191022.363174 47000 C03
-6734373.786213 39841790.045686 -11401719.920312 39000 C06
-8120475.429664 26799022.630539 31638584.953680 46000 C07
-19035377.834693 29006195.439028 -24128669.290926 40000 C08
690460.488087 29007600.524501 31051331.135194 43000 C10
-14366777.507400 29807226.607480 -26106375.879020 39000 C13
-6980967.454979 39450903.333182 -12220967.688979 0 C16
time 2025/01/17 09:31:00.000
-13972907.141324 8950493.238532 21116493.054562 29000 G02
-23366048.373321 12475504.170367 507849.431407 30000 G03
-6886668.877124 23486513.103440 -9195866.374968 43000 G07
-2169862.871461 17461616.155833 19874114.909720 50000 G14
6170732.385325 19043194.510804 17756339.244193 40000 G17
1033859.594947 26342681.808912 1776357.115222 41000 G30
-4564666.275457 18218442.045145 17255877.342528 47000 R11
-10666696.549178 531319.690348 23180702.547813 0 R20
-2803704.821340 17674250.954771 18193022.082433 51000 R21
6797151.610955 24531348.316939 1554056.279023 42000 R22
-14721402.336591 39465242.975503 -1190967.421213 46000 C03
-6733205.139121 39841310.414589 -11404081.462612 39000 C06
-8121440.710896 26798671.874157 31638621.233408 45000 C07
-19035533.477360 29007807.972000 -24126618.744148 39000 C08
689610.615196 29007047.932858 31051840.895334 42000 C10
-14367033.390399 29808730.017656 -26104545.353096 38000 C13
-6979783.240643 39450365.393721 -12223338.368677 0 C16
time 2025/01/17 09:31:01.000
-13973182.452497 8947923.239572 21117459.636270 29000 G02
-23366073.564911 12475282.622827 511090.268178 29000 G03
-6886985.006932 23485248.725032 -9198738.259009 42000 G07
-2172158.594406 17462679.344086 19872903.302568 50000 G14
6168838.701934 19042099.391516 17758235.238432 41000 G17
1033473.800159 26342887.655861 1773232.218186 41000 G30
-4566101.684060 18220321.284665 17253511.162352 47000 R11
-10667617.218591 528281.309893 23180352.053260 0 R20
-2804365.229912 17671844.029662 18195256.684677 51000 R21
6797245.510340 24531100.699530 1557619.898838 41000 R22
-14721406.586749 39465241.440563 -1190912.472909 46000 C03
-6732036.561532 39840830.610332 -11406442.943476 39000 C06
-8122406.043532 26798321.259445 31638657.345926 45000 C07
-19035688.885532 29009420.528697 -24124568.069952 40000 C08
688760.661816 29006495.468793 31052350.494209 42000 C10
-14367289.054041 29810233.464950 -26102714.688199 38000 C13
-6978599.104036 39449827.277358 -12225708.982052 0 C16
time 2025/01/17 09:31:03.000
-13973733.559789 8942782.952589 21119391.496058 31000 G02
-23366122.915025 12474838.935287 517571.908917 29000 G03
-6887617.468949 23482718.909915 -9204481.411476 43000 G07
-2176749.470868 17464805.887213 19870478.817647 50000 G14
6165050.569452 19039909.097003 17762026.118440 39000 G17
1032702.250008 26343298.231023 1766982.309190 41000 G30
-4568971.422858 18224079.369203 17248777.558435 48000 R11
-10669459.289878 522204.922363 23179649.397101 0 R20
-2805686.943204 17667029.479069 18199724.579811 51000 R21
6797432.818961 24530604.046366 1564747.026071 42000 R22
-14721415.087285 39465238.371373 -1190802.557269 46000 C03
-6729699.614938 39839870.482374 -11411165.720893 38000 C06
-8124336.862962 26797620.455054 31638729.069328 45000 C07
-19035998.998384 29012645.713168 -24120466.339298 39000 C08
687060.513638 29005390.923426 31053369.208172 42000 C10
-14367799.723237 29813240.470791 -26099052.941495 38000 C13
-6976231.064075 39448750.513956 -12230450.009851 0 C16
time 2025/01/17 09:31:04.000
-13974009.355922 8940212.664771 21120356.774073 30000 G02
-23366147.073601 12474616.795202 520812.712625 29000 G03
-6887933.801247 23481453.473270 -9207352.679754 43000 G07
-2179044.624284 17465869.241990 19869265.939933 50000 G14
6163156.120431 19038813.921899 17763921.004119 40000 G17
1032316.494549 26343502.959222 1763857.297375 40000 G30
-4570405.753033 18225958.214041 17246410.134815 47000 R11
-10670380.691678 519166.915487 23179297.235515 0 R20
-2806348.247965 17664621.853769 18201957.872587 51000 R21
6797526.228055 24530355.010670 1568310.533294 41000 R22
-14721419.337663 39465236.837124 -1190747.589935 46000 C03
-6728531.245993 39839390.158696 -11413527.017403 39000 C06
-8125302.349710 26797270.265391 31638764.680212 45000 C07
-19036153.703057 29014258.340871 -24118415.282868 40000 C08
686210.318884 29004838.842152 31053878.323249 42000 C10
-14368054.728780 29814744.029270 -26097221.859712 38000 C13
-6975047.160775 39448211.866941 -12232820.424244 0 C16
time 2025/01/17 09:31:05.000
-13974285.313729 8937642.280810 21121321.617484 30000 G02
-23366170.887893 12474394.457512 524053.505111 29000 G03
-6888250.201130 23480187.683947 -9210223.742623 43000 G07
-2181339.587752 17466932.652177 19868052.638757 49000 G14
6161261.416265 19037718.728308 17765815.520191 40000 G17
1031930.752107 26343707.314490 1760732.247458 40000 G30
-4571839.723705 18227836.927128 17244042.296845 47000 R11
-10671302.337528 516129.033350 23178944.518271 0 R20
-2807009.851495 17662213.995267 18204190.728749 51000 R21
6797619.473577 24530105.502271 1571874.002786 40000 R22
-14721423.588115 39465235.303106 -1190692.616258 46000 C03
-6727362.946658 39838909.661903 -11415888.252413 39000 C06
-8126267.887781 26796920.217428 31638800.123884 45000 C07
-19036308.173221 29015870.992162 -24116364.099063 40000 C08
685360.043715 29004286.888501 31054387.277051 42000 C10
-14368309.514944 29816247.624734 -26095390.639003 38000 C13
-6973863.335308 39447673.043069 -12235190.772262 0 C16
time 2025/01/17 09:31:06.000
-13974561.433222 8935071.800772 21122286.026270 31000 G02
-23366194.357929 12474171.922166 527294.286350 28000 G03
-6888566.668645 23478921.541966 -9213094.600043 43000 G07
-2183634.361240 17467996.117733 19866838.914136 49000 G14
6159366.456976 19036623.516283 17767709.666626 40000 G17
1031545.022630 26343911.296821 1757607.159491 40000 G30
-4573273.334877 18229715.508390 17241674.044568 48000 R11
-10672224.227395 513091.276035 23178591.245377 0 R20
-2807671.753820 17659805.903635 18206423.148258 51000 R21
6797712.555457 24529855.521197 1575437.434476 41000 R22
-14721427.838640 39465233.769318 -1190637.636239 46000 C03
-6726194.716947 39838428.991999 -11418249.425935 39000 C06
-8127233.477158 26796570.311171 31638835.400344 46000 C07
-19036462.408875 29017483.667013 -24114312.787888 40000 C08
684509.688145 29003735.062484 31054896.069577 42000 C10
-14368564.081726 29817751.257166 -26093559.279359 38000 C13
-6972679.587692 39447134.042348 -12237561.053906 0 C16
time 2025/01/17 09:31:07.000
-13974837.714417 8932501.224662 21123250.000437 29000 G02
-23366217.483735 12473949.189117 530535.056291 29000 G03
-6888883.203840 23477655.047343 -9215965.251973 43000 G07
-2185928.944727 17469059.638626 19865624.766083 50000 G14
6157471.242565 19035528.285864 17769603.443410 42000 G17
1031159.306068 26344114.906211 1754482.033508 39000 G30
-4574706.586557 18231593.957760 17239305.378011 47000 R11
-10673146.361265 510053.643569 23178237.416835 0 R20
-2808333.954967 17657397.578938 18208655.131085 51000 R21
6797805.473625 24529605.067474 1579000.828326 40000 R22
-14721432.089238 39465232.235760 -1190582.649877 46000 C03
-6725026.556874 39837948.148990 -11420610.537979 38000 C06
-8128199.117833 26796220.546622 31638870.509592 46000 C07
-19036616.410017 29019096.365410 -24112261.349327 39000 C08
683659.252182 29003183.364102 31055404.700831 42000 C10
-14368818.429123 29819254.926546 -26091727.780777 38000 C13
-6971495.917942 39446594.864786 -12239931.269182 0 C16
time 2025/01/17 09:31:08.000
-13975114.157321 8929930.552590 21124213.539951 29000 G02
-23366240.265341 12473726.258315 533775.814886 29000 G03
-6889199.806760 23476388.200115 -9218835.698331 43000 G07
-2188223.338153 17470123.214801 19864410.194631 50000 G14
6155575.773074 19034433.037117 17771496.850493 40000 G17
1030773.602372 26344318.142654 1751356.869584 39000 G30
-4576139.478725 18233472.275135 17236936.297253 47000 R11
-10674068.739094 507016.136068 23177883.032656 0 R20
-2808996.454954 17654989.021278 18210886.677160 51000 R21
6797898.228010 24529354.141131 1582564.184234 38000 R22
-14721436.339909 39465230.702433 -1190527.657173 46000 C03
-6723858.466473 39837467.132890 -11422971.588512 39000 C06
-8129164.809775 26795870.923794 31638905.451628 45000 C07
-19036770.176642 29020709.087310 -24110209.783404 40000 C08
682808.735853 29002631.793375 31055913.170805 42000 C10
-14369072.557128 29820758.632832 -26089896.143279 38000 C13
-6970312.326089 39446055.510395 -12242301.418071 0 C16
time 2025/01/17 09:31:10.000
-13975667.528304 8924788.920802 21126139.314950 27000 G02
-23366284.796056 12473279.803274 540257.297622 29000 G03
-6889833.215946 23473853.447986 -9224575.974013 44000 G07
-2192811.554604 17472250.532800 19861979.781649 50000 G14
6151784.068995 19032242.484881 17775282.555366 41000 G17
1030002.233397 26344723.496663 1745106.428270 39000 G30
-4579004.184476 18237228.513521 17232196.893391 47000 R11
-10675914.226458 500941.496437 23177172.597433 0 R20
-2810322.351524 17650171.207471 18215348.458804 51000 R21
6798083.245147 24528850.870708 1589690.781789 39000 R22
-14721444.841472 39465227.636471 -1190417.652740 46000 C03
-6721522.494814 39836504.581469 -11427693.504949 37000 C06
-8131096.347373 26795172.103327 31638974.834059 45000 C07
-19037077.006326 29023934.601449 -24106106.269553 40000 C08
681107.462177 29001529.034932 31056929.626898 42000 C10
-14369580.154936 29823766.155972 -26086232.451599 38000 C13
-6967945.376192 39444976.271177 -12247041.516605 0 C16
time 2025/01/17 09:31:11.000
-13975944.456402 8922217.961232 21127101.550394 26000 G02
-23366306.545220 12473056.278940 543498.021637 28000 G03
-6890150.022305 23472585.543134 -9227445.803224 43000 G07
-2195105.377547 17473314.274537 19860763.940164 50000 G14
6149887.834450 19031147.181497 17777174.853094 40000 G17
1029616.568021 26344925.614217 1741981.151007 39000 G30
-4580435.998047 18239106.434361 17229826.570398 47000 R11
-10676837.335925 497904.364480 23176816.546405 0 R20
-2810985.748152 17647761.951490 18217578.694274 51000 R21
6798175.507758 24528598.526686 1593254.023271 40000 R22
-14721449.092363 39465226.103835 -1190362.641012 46000 C03
-6720354.613596 39836023.046164 -11430054.370848 38000 C06
-8132062.192987 26794822.905703 31639009.274454 45000 C07
-19037230.069379 29025547.393626 -24104054.321641 40000 C08
680256.704864 29000977.847238 31057437.613012 42000 C10
-14369833.624730 29825269.972768 -26084400.397430 38000 C13
-6966762.018198 39444436.386372 -12249411.466225 0 C16
time 2025/01/17 09:31:12.000
-13976221.546263 8919646.905885 21128063.351140 27000 G02
-23366327.950292 12472832.556665 546738.734011 27000 G03
-6890466.896568 23471317.285797 -9230315.426595 43000 G07
-2197399.010244 17474378.071371 19859547.675384 50000 G14
6147991.344942 19030051.860014 17779066.780961 41000 G17
1029230.915322 26345127.358797 1738855.836094 39000 G30
-4581867.452075 18240984.222853 17227455.833432 47000 R11
-10677760.689205 494867.357876 23176459.939778 0 R20
-2811649.443705 17645352.462910 18219808.492772 50000 R21
6798267.606304 24528345.710161 1596817.226451 41000 R22
-14721453.343327 39465224.571430 -1190307.622944 46000 C03
-6719186.802156 39835541.337811 -11432415.175176 38000 C06
-8133028.089787 26794473.849828 31639043.547636 45000 C07
-19037382.897901 29027160.209163 -24102002.246418 40000 C08
679405.867263 29000426.787245 31057945.437834 42000 C10
-14370086.875110 29826773.826342 -26082568.204387 38000 C13
-6965578.738212 39443896.324787 -12251781.349393 0 C16
time 2025/01/17 09:31:14.000
-13976776.211276 8914504.508467 21129985.648337 24000 G02
-23366369.728270 12472384.518113 553220.123476 27000 G03
-6891100.848988 23468779.713783 -9236054.055554 43000 G07
-2201985.704718 17476505.830151 19857113.876033 49000 G14
6144197.601138 19027861.162965 17782849.526974 39000 G17
1028459.647759 26345529.729005 1732605.093571 38000 G30
-4584729.281466 18244739.402435 17222713.117820 48000 R11
-10679608.127046 488793.721138 23175745.059763 0 R20
-2812977.731669 17640532.788305 18224266.778636 50000 R21
6798451.310918 24527838.659719 1603943.517576 42000 R22
-14721461.845475 39465221.507310 -1190197.567785 45000 C03
-6716851.388705 39834577.401997 -11437136.599088 38000 C06
-8134960.036857 26793776.163356 31639111.592356 45000 C07
-19037687.851340 29030385.910185 -24097897.714076 39000 C08
677703.951258 28999325.050404 31058960.603591 41000 C10
-14370592.717608 29829781.643686 -26078903.401723 38000 C13
-6963212.412350 39442815.671313 -12256520.916342 0 C16
time 2025/01/17 09:31:16.000
-13977331.523451 8909361.728898 21131906.206459 30000 G02
-23366410.130207 12471935.687240 559701.465456 30000 G03
-6891735.073568 23466240.732176 -9241791.860366 44000 G07
-2206571.637668 17478633.808774 19854678.383797 51000 G14
6140402.837810 19025670.394189 17786630.793093 40000 G17
1027688.430325 26345930.607236 1726354.201265 40000 G30
-4587589.672589 18248494.051568 17217968.747010 48000 R11
-10681456.539711 482720.586919 23175027.957453 0 R20
-2814307.215588 17635712.184364 18228723.315967 51000 R21
6798634.358423 24527329.719614 1611069.654470 44000 R22
-14721470.347914 39465218.444112 -1190087.487267 47000 C03
-6714516.254660 39833612.774109 -11441857.776587 39000 C06
-8136892.188414 26793079.043969 31639178.968217 45000 C07
-19037991.866618 29033611.704238 -24093792.672621 40000 C08
676001.714310 28998223.824501 31059975.124146 42000 C10
-14371097.682386 29832789.607745 -26075238.043693 38000 C13
-6960846.398821 39441734.310848 -12261260.217338 0 C16
time 2025/01/17 09:31:17.000
-13977609.422249 8906790.195989 21132865.833316 30000 G02
-23366429.815230 12471710.974562 562942.118523 30000 G03
-6892052.288033 23464970.712840 -9244660.453572 44000 G07
-2208864.318471 17479697.880418 19853460.002903 51000 G14
6138505.073874 19024574.983032 17788520.871119 41000 G17
1027302.840282 26346130.486846 1723228.699082 40000 G30
-4589019.328787 18250371.177004 17215595.941040 48000 R11
-10682381.111515 479684.208482 23174668.572960 0 R20
-2814972.406088 17633301.534098 18230950.928814 51000 R21
6798725.635584 24527074.541009 1614632.664884 45000 R22
-14721474.599244 39465216.912858 -1190032.437499 47000 C03
-6713348.792475 39833130.200662 -11444218.272905 39000 C06
-8137858.340829 26792730.696949 31639212.405325 45000 C07
-19038143.522438 29035224.636077 -24091739.960990 40000 C08
675150.475526 28997673.403178 31060482.142468 42000 C10
-14371349.835618 29834293.644721 -26073405.156431 39000 C13
-6959663.509234 39441193.365516 -12263629.768093 0 C16
time 2025/01/17 09:31:18.000
-13977887.482870 8904218.567747 21133825.025347 29000 G02
-23366449.156325 12471486.063661 566182.759522 31000 G03
-6892369.570676 23463700.341186 -9247528.840562 44000 G07
-2211156.808769 17480762.006891 19852241.198857 51000 G14
6136607.055130 19023479.554106 17790410.579067 41000 G17
1026917.262624 26346329.993444 1720103.159638 41000 G30
-4590448.625406 18252248.169576 17213222.721426 48000 R11
-10683305.926928 476647.955922 23174308.632916 0 R20
-2815637.895646 17630890.651748 18233178.104381 51000 R21
6798816.748257 24526818.890073 1618195.636503 46000 R22
-14721478.850646 39465215.381835 -1189977.381392 47000 C03
-6712181.400214 39832647.454224 -11446578.707592 39000 C06
-8138824.544310 26792382.491721 31639245.675218 46000 C07
-19038294.943708 29036837.591077 -24089687.122104 40000 C08
674299.156556 28997123.109620 31060988.999484 42000 C10
-14371601.769407 29835797.718293 -26071572.130342 39000 C13
-6958480.697802 39440652.243468 -12265999.252334 0 C16
time 2025/01/17 09:31:19.000
-13978165.705324 8901646.844241 21134783.782533 29000 G02
-23366468.153521 12471260.954490 569423.388391 31000 G03
-6892686.921540 23462429.617246 -9250397.021263 44000 G07
-2213449.108512 17481826.188145 19851021.971687 51000 G14
6134708.781608 19022384.107468 17792299.916899 41000 G17
1026531.697306 26346529.127022 1716977.583011 41000 G30
-4591877.562427 18254125.029186 17210849.088238 49000 R11
-10684230.985900 473611.829373 23173948.137334 0 R20
-2816303.684278 17628479.537417 18235404.842603 51000 R21
6798907.696372 24526562.766838 1621758.569231 47000 R22
-14721483.102121 39465213.851042 -1189922.318945 47000 C03
-6711014.077903 39832164.534808 -11448939.080629 39000 C06
-8139790.798833 26792034.428292 31639278.777894 45000 C07
-19038446.130425 29038450.569204 -24087634.155978 40000 C08
673447.757424 28996572.943841 31061495.695189 42000 C10
-14371853.483745 29837301.828420 -26069738.965446 39000 C13
-6957297.964553 39440110.944715 -12268368.670040 0 C16
time 2025/01/17 09:31:20.000
-13978444.089625 8899075.025507 21135742.104866 30000 G02
-23366486.806843 12471035.647003 572664.005043 31000 G03
-6893004.340671 23461158.541053 -9253264.995603 44000 G07
-2215741.217653 17482890.424132 19849802.321420 51000 G14
6132810.253338 19021288.643177 17794188.884573 41000 G17
1026146.144278 26346727.887574 1713851.969271 41000 G30
-4593306.139847 18256001.755747 17208475.041533 49000 R11
-10685156.288404 470575.828907 23173587.086222 0 R20
-2816969.772007 17626068.191194 18237631.143426 51000 R21
6798998.479857 24526306.171332 1625321.462977 47000 R22
-14721487.353668 39465212.320480 -1189867.250160 47000 C03
-6709846.825568 39831681.442424 -11451299.392002 38000 C06
-8140757.104374 26791686.506672 31639311.713355 45000 C07
-19038597.082585 29040063.570422 -24085581.062624 40000 C08
672596.278146 28996022.905853 31062002.229580 42000 C10
-14372104.978628 29838805.975067 -26067905.661757 39000 C13
-6956115.309515 39439569.469271 -12270738.021196 0 C16
time 2025/01/17 09:31:21.000
-13978722.635781 8896503.111636 21136699.992320 29000 G02
-23366505.116321 12470810.141152 575904.609431 32000 G03
-6893321.828113 23459887.112635 -9256132.763518 44000 G07
-2218033.136142 17483954.714806 19848582.248081 50000 G14
6130911.470352 19020193.161289 17796077.482050 41000 G17
1025760.603493 26346926.275094 1710726.318485 41000 G30
-4594734.357656 18257878.349170 17206100.581370 48000 R11
-10686081.834396 467539.954638 23173225.479592 0 R20
-2817636.158854 17623656.613165 18239857.006798 50000 R21
6799089.098643 24526049.103584 1628884.317656 47000 R22
-14721491.605289 39465210.790147 -1189812.175037 46000 C03
-6708679.643240 39831198.177083 -11453659.641691 38000 C06
-8141723.460914 26791338.726866 31639344.481599 45000 C07
-19038747.800183 29041676.594693 -24083527.842057 40000 C08
671744.718745 28995472.995669 31062508.602653 41000 C10
-14372356.254049 29840310.158201 -26066072.219288 39000 C13
-6954932.732713 39439027.817145 -12273107.305790 0 C16
time 2025/01/17 09:31:22.000
-13979001.343805 8893931.102687 21137657.444878 29000 G02
-23366523.081981 12470584.436891 579145.201457 31000 G03
-6893639.383912 23458615.332020 -9259000.324944 44000 G07
-2220324.863938 17485019.060121 19847361.751696 50000 G14
6129012.432673 19019097.661859 17797965.709293 41000 G17
1025375.074903 26347124.289576 1707600.630720 42000 G30
-4596162.215846 18259754.809367 17203725.707806 48000 R11
-10687007.623847 464504.206638 23172863.317448 0 R20
-2818302.844839 17621244.803422 18242082.432662 50000 R21
6799179.552657 24525791.563623 1632447.133178 47000 R22
-14721495.856982 39465209.260045 -1189757.093576 46000 C03
-6707512.530943 39830714.738796 -11456019.829682 38000 C06
-8142689.868431 26790991.088884 31639377.082626 45000 C07
-19038898.283219 29043289.641983 -24081474.494288 40000 C08
670893.079237 28994923.213299 31063014.814406 41000 C10
-14372607.310004 29841814.377795 -26064238.638041 38000 C13
-6953750.234172 39438485.988349 -12275476.523811 0 C16
time 2025/01/17 09:31:24.000
-13979559.245493 8888786.799846 21139571.045224 30000 G02
-23366557.981959 12470132.432949 585626.348164 30000 G03
-6894274.700763 23456070.714322 -9264734.828063 44000 G07
-2224907.747269 17487147.914493 19844919.489886 50000 G14
6125213.593346 19016906.610598 17801741.052934 40000 G17
1024604.054112 26347519.199398 1701349.144525 43000 G30
-4599016.853342 18263507.329732 17198974.720704 48000 R11
-10688859.932967 458433.089868 23172137.326667 0 R20
-2819637.114312 17616420.489146 18246531.971658 50000 R21
6799359.966093 24525275.067182 1639572.646424 47000 R22
-14721504.360585 39465206.200532 -1189646.911642 46000 C03
-6705178.516529 39829747.343419 -11460740.020552 39000 C06
-8144622.836317 26790296.238415 31639441.783028 45000 C07
-19039198.545584 29046515.805488 -24077367.417184 40000 C08
669189.559979 28993824.032048 31064026.753940 40000 C10
-14373108.763494 29844822.926229 -26060571.059264 39000 C13
-6951385.471985 39437401.800795 -12280214.760067 0 C16
time 2025/01/17 09:31:27.000
-13980397.312300 8881069.634147 21142438.183573 28000 G02
-23366607.753983 12469452.937778 595347.973892 30000 G03
-6895228.189844 23452251.147040 -9273335.032428 45000 G07
-2231780.640927 17490341.604713 19841252.924958 50000 G14
6119513.424860 19013619.903547 17807401.290703 40000 G17
1023447.613184 26348108.766186 1691971.639614 44000 G30
-4603296.112259 18269135.108883 17191845.140981 48000 R11
-10691640.221677 449327.364114 23171044.174383 0 R20
-2821640.762594 17609182.282095 18253202.997510 50000 R21
6799629.348705 24524496.781660 1650260.620449 46000 R22
-14721517.116536 39465201.612989 -1189481.591215 47000 C03
-6701678.020773 39828294.953513 -11467819.843812 38000 C06
-8147522.669954 26789255.026567 31639537.579499 45000 C07
-19039647.179820 29051355.222533 -24071205.847788 40000 C08
666633.680761 28992176.219068 31065543.453265 41000 C10
-14373859.297600 29849336.021504 -26055068.650555 39000 C13
-6947838.916326 39435774.194726 -12287321.614796 0 C16
time 2025/01/17 09:31:28.000
-13980676.991753 8878497.056127 21143393.026371 29000 G02
-23366623.657316 12469226.042065 598588.490360 30000 G03
-6895546.156731 23450977.253876 -9276201.353520 45000 G07
-2234071.223598 17491406.276907 19840029.890832 50000 G14
6117612.859626 19012524.300055 17809287.295741 41000 G17
1023062.156752 26348304.542303 1688845.731426 45000 G30
-4604721.812576 18271010.767869 17189467.788225 48000 R11
-10692567.471108 446292.375750 23170678.679362 0 R20
-2822309.243855 17606769.083943 18255425.797196 50000 R21
6799718.812616 24524236.409041 1653823.199210 46000 R22
-14721521.368664 39465200.084269 -1189426.471734 47000 C03
-6700511.329190 39827810.477763 -11470179.661363 39000 C06
-8148489.382893 26788908.239677 31639569.177219 45000 C07
-19039796.255402 29052968.407212 -24069151.737049 40000 C08
665781.561012 28991627.203828 31066048.697033 41000 C10
-14374109.036645 29850840.459160 -26053234.236890 39000 C13
-6946656.887917 39435231.306156 -12289690.433063 0 C16
time 2025/01/17 09:31:29.000
-13980956.833148 8875924.383490 21144347.434146 29000 G02
-23366639.217025 12468998.947613 601828.993951 30000 G03
-6895864.192290 23449703.008726 -9279067.467652 45000 G07
-2236361.615251 17492471.003417 19838806.433840 50000 G14
6115712.039901 19011428.679419 17811172.930275 40000 G17
1022676.712180 26348499.945338 1685719.786752 45000 G30
-4606147.153214 18272886.293004 17187090.022484 48000 R11
-10693494.963743 443257.514321 23170312.628894 0 R20
-2822978.024400 17604355.654712 18257648.158989 50000 R21
6799808.111262 24523975.564415 1657385.738197 45000 R22
-14721525.620865 39465198.555778 -1189371.345917 47000 C03
-6699344.707820 39827325.829140 -11472539.417117 39000 C06
-8149456.146660 26788561.594663 31639600.607720 45000 C07
-19039945.096395 29054581.614665 -24067097.499193 40000 C08
664929.361293 28991078.316486 31066553.779458 41000 C10
-14374358.556186 29852344.933044 -26051399.684528 38000 C13
-6945474.937955 39434688.240996 -12292059.184658 0 C16
time 2025/01/17 09:31:30.000
-13981236.836498 8873351.616294 21145301.406884 30000 G02
-23366654.433137 12468771.654374 605069.484654 31000 G03
-6896182.296569 23448428.411605 -9281933.374793 45000 G07
-2238651.815865 17493535.784209 19837582.553996 50000 G14
6113810.965697 19010333.041685 17813058.194282 40000 G17
1022291.279416 26348694.975285 1682593.805624 45000 G30
-4607572.134185 18274761.684222 17184711.843783 48000 R11
-10694422.699553 440222.779893 23169946.022985 0 R20
-2823647.104258 17601941.994460 18259870.082861 49000 R21
6799897.244574 24523714.247810 1660948.237362 45000 R22
-14721529.873137 39465197.027518 -1189316.213765 46000 C03
-6698178.156676 39826841.007651 -11474899.111087 39000 C06
-8150422.961245 26788215.091527 31639631.871002 45000 C07
-19040093.702800 29056194.844872 -24065043.134212 39000 C08
664077.081611 28990529.557047 31067058.700542 41000 C10
-14374607.856220 29853849.443136 -26049564.993467 38000 C13
-6944293.066455 39434144.999254 -12294427.869588 0 C16
time 2025/01/17 09:31:31.000
-13981517.001814 8870778.754605 21146254.944566 30000 G02
-23366669.305679 12468544.162301 608309.962365 31000 G03
-6896500.469611 23447153.462558 -9284799.074843 45000 G07
-2240941.825367 17494600.619224 19836358.251340 50000 G14
6111909.637057 19009237.386917 17814943.087712 40000 G17
1021905.858414 26348889.632136 1679467.788144 46000 G30
-4608996.755463 18276636.941414 17182333.252210 48000 R11
-10695350.678491 437188.172595 23169578.861647 0 R20
-2824316.483443 17599528.103305 18262091.568735 49000 R21
6799986.212482 24523452.459257 1664510.696577 44000 R22
-14721534.125483 39465195.499488 -1189261.075277 46000 C03
-6697011.675795 39826356.013309 -11477258.743237 38000 C06
-8151389.826615 26787868.730282 31639662.967065 44000 C07
-19040242.074610 29057808.097784 -24062988.642137 40000 C08
663224.721995 28989980.925528 31067563.460278 41000 C10
-14374856.936739 29855353.989389 -26047730.163731 39000 C13
-6943111.273357 39433601.580901 -12296796.488012 36000 C16
time 2025/01/17 09:31:32.000
-13981797.329104 8868205.798503 21147208.047169 30000 G02
-23366683.834680 12468316.471348 611550.427026 31000 G03
-6896818.711460 23445878.161611 -9287664.567743 45000 G07
-2243231.643722 17495665.508420 19835133.525892 50000 G14
6110008.054012 19008141.715175 17816827.610522 40000 G17
1021520.449126 26349083.915886 1676341.734368 46000 G30
-4610421.017047 18278512.064497 17179954.247813 48000 R11
-10696278.900523 434153.692514 23169211.144890 0 R20
-2824986.161977 17597113.981328 18264312.616561 49000 R21
6800075.014913 24523190.198786 1668073.115765 43000 R22
-14721538.377900 39465193.971688 -1189205.930455 46000 C03
-6695845.265202 39825870.846125 -11479618.313555 38000 C06
-8152356.742754 26787522.510934 31639693.895908 44000 C07
-19040390.211823 29059421.373370 -24060934.022974 39000 C08
662372.282460 28989432.421939 31068068.058664 41000 C10
-14375105.797739 29856858.571779 -26045895.195325 38000 C13
-6941929.558881 39433057.986038 -12299165.039530 37000 C16
time 2025/01/17 09:31:33.000
-13982077.818385 8865632.748012 21148160.714690 30000 G02
-23366698.020167 12468088.581467 614790.878556 31000 G03
-6897137.022164 23444602.508791 -9290529.853434 45000 G07
-2245521.270890 17496730.451754 19833908.377673 50000 G14
6108106.216575 19007046.026505 17818711.762688 40000 G17
1021135.051503 26349277.826529 1673215.644360 46000 G30
-4611844.918932 18280387.053390 17177574.830644 47000 R11
-10697207.365620 431119.339720 23168842.872720 0 R20
-2825656.139883 17594699.628615 18266533.226292 50000 R21
6800163.651800 24522927.466424 1671635.494852 43000 R22
-14721542.630390 39465192.444118 -1189150.779298 47000 C03
-6694678.924919 39825385.506108 -11481977.822035 37000 C06
-8153323.709641 26787176.433489 31639724.657530 45000 C07
-19040538.114436 29061034.671600 -24058879.276729 40000 C08
661519.763024 28988884.046291 31068572.495697 41000 C10
-14375354.439216 29858363.190275 -26044060.088255 38000 C13
-6940747.922955 39432514.214631 -12301533.524322 37000 C16
time 2025/01/17 09:31:34.000
-13982358.469667 8863059.603189 21149112.947114 30000 G02
-23366711.862168 12467860.492609 618031.316930 31000 G03
-6897455.401768 23443326.504115 -9293394.931877 45000 G07
-2247810.706845 17497795.449188 19832682.806701 50000 G14
6106204.124755 19005950.320953 17820595.544193 41000 G17
1020749.665493 26349471.364061 1670089.518160 46000 G30
-4613268.461123 18282261.908019 17175195.000740 47000 R11
-10698136.073751 428085.114293 23168474.045144 0 R20
-2826326.417188 17592285.045233 18268753.397892 50000 R21
6800252.123071 24522664.262199 1675197.833775 42000 R22
-14721546.882952 39465190.916779 -1189095.621807 47000 C03
-6693512.654961 39824899.993263 -11484337.268685 37000 C06
-8154290.727265 26786830.497952 31639755.251933 45000 C07
-19040685.782446 29062647.992450 -24056824.403401 40000 C08
660667.163699 28988335.798589 31069076.771380 41000 C10
-14375602.861166 29859867.844859 -26042224.842514 39000 C13
-6939566.365598 39431970.266689 -12303901.942392 37000 C16
time 2025/01/17 09:31:35.000
-13982639.282960 8860486.364120 21150064.744416 30000 G02
-23366725.360709 12467632.204729 621271.742042 31000 G03
-6897773.850318 23442050.147621 -9296259.802992 45000 G07
-2250099.951525 17498860.500669 19831456.813008 50000 G14
6104301.778604 19004854.598589 17822478.954975 39000 G17
1020364.291052 26349664.528473 1666963.355861 46000 G30
-4614691.643604 18284136.628284 17172814.758174 47000 R11
-10699065.024875 425051.016336 23168104.662172 0 R20
-2826996.993909 17589870.231283 18270973.131296 50000 R21
6800340.428655 24522400.586143 1678760.132436 42000 R22
-14721551.135586 39465189.389669 -1189040.457981 46000 C03
-6692346.455355 39824414.307603 -11486696.653488 37000 C06
-8155257.795598 26786484.704333 31639785.679116 44000 C07
-19040833.215851 29064261.335883 -24054769.403004 39000 C08
659814.484507 28987787.678850 31069580.885706 41000 C10
-14375851.063582 29861372.535486 -26040389.458130 38000 C13
-6938384.886838 39431426.142223 -12306270.293720 37000 C16
time 2025/01/17 09:31:36.000
-13982920.258271 8857913.030898 21151016.106567 30000 G02
-23366738.515820 12467403.717780 624512.153828 31000 G03
-6898092.367856 23440773.439346 -9299124.466689 45000 G07
-2252389.004872 17499925.606145 19830230.396627 50000 G14
6102399.178164 19003758.859477 17824361.994982 40000 G17
1019978.928133 26349857.319760 1663837.157545 46000 G30
-4616114.466358 18286011.214086 17170434.103019 47000 R11
-10699994.218950 422017.045964 23167734.723818 0 R20
-2827667.870062 17587455.186875 18273192.426434 50000 R21
6800428.568483 24522136.438286 1682322.390715 41000 R22
-14721555.388292 39465187.862790 -1188985.287822 46000 C03
-6691180.326140 39823928.449143 -11489055.976404 37000 C06
-8156224.914614 26786139.052640 31639815.939077 44000 C07
-19040980.414645 29065874.701849 -24052714.275569 39000 C08
658961.725472 28987239.687087 31070084.838670 40000 C10
-14376099.046456 29862877.262114 -26038553.935123 38000 C13
-6937203.486706 39430881.841247 -12308638.578287 36000 C16
time 2025/01/17 09:31:37.000
-13983201.395616 8855339.603541 21151967.033569 31000 G02
-23366751.327528 12467175.031714 627752.552241 31000 G03
-6898410.954429 23439496.379309 -9301988.922934 45000 G07
-2254677.866866 17500990.765581 19829003.557571 50000 G14
6100496.323436 19002663.103657 17826244.664203 40000 G17
1019593.576684 26350049.737916 1660710.923248 46000 G30
-4617536.929393 18287885.665355 17168053.035309 47000 R11
-10700923.655951 418983.203236 23167364.230084 0 R20
-2828339.045675 17585039.912071 18275411.283275 50000 R21
6800516.542484 24521871.818655 1685884.608565 42000 R22
-14721559.641070 39465186.336140 -1188930.111330 47000 C03
-6690014.267333 39823442.417889 -11491415.237438 37000 C06
-8157192.084302 26785793.542877 31639846.031818 45000 C07
-19041127.378826 29067488.090330 -24050659.021086 39000 C08
658108.886607 28986691.823308 31070588.630274 41000 C10
-14376346.809788 29864382.024729 -26036718.273483 38000 C13
-6936022.165217 39430337.363769 -12311006.796096 37000 C16
time 2025/01/17 09:31:38.000
-13983482.695003 8852766.082146 21152917.525390 31000 G02
-23366763.795860 12466946.146485 630992.937170 30000 G03
-6898729.610083 23438218.967543 -9304853.171647 45000 G07
-2256966.537449 17502055.978926 19827776.295872 50000 G14
6098593.214456 19001567.331191 17828126.962592 40000 G17
1019208.236659 26350241.782934 1657584.653058 46000 G30
-4618959.032693 18289759.981994 17165671.555113 47000 R11
-10701853.335837 415949.488258 23166993.180983 0 R20
-2829010.520766 17582624.406974 18277629.701754 50000 R21
6800604.350587 24521606.727281 1689446.785882 42000 R22
-14721563.893921 39465184.809721 -1188874.928504 46000 C03
-6688848.278961 39822956.213853 -11493774.436573 37000 C06
-8158159.304634 26785448.175054 31639875.957337 44000 C07
-19041274.108392 29069101.501282 -24048603.639578 39000 C08
657255.967931 28986144.087525 31071092.260511 40000 C10
-14376594.353571 29865886.823291 -26034882.473230 38000 C13
-6934840.922411 39429792.709805 -12313374.947111 37000 C16
time 2025/01/17 09:31:39.000
-13983764.156445 8850192.466744 21153867.582025 32000 G02
-23366775.920844 12466717.062045 634233.308591 31000 G03
-6899048.334861 23436941.204079 -9307717.212764 45000 G07
-2259255.016578 17503121.246134 19826548.611553 50000 G14
6096689.851256 19000471.542137 17830008.890107 40000 G17
1018822.908009 26350433.454809 1654458.347035 46000 G30
-4620380.776252 18291634.163915 17163289.662489 47000 R11
-10702783.258571 412915.901125 23166621.576524 0 R20
-2829682.295355 17580208.671672 18279847.681817 50000 R21
6800691.992723 24521341.164194 1693008.922584 43000 R22
-14721568.146843 39465183.283532 -1188819.739345 46000 C03
-6687682.361046 39822469.837043 -11496133.573803 37000 C06
-8159126.575593 26785102.949178 31639905.715635 45000 C07
-19041420.603337 29070714.934672 -24046548.131057 40000 C08
656402.969467 28985596.479752 31071595.729379 41000 C10
-14376841.677798 29867391.657766 -26033046.534374 38000 C13
-6933659.758306 39429247.879363 -12315743.031333 37000 C16
time 2025/01/17 09:31:40.000
-13984045.779952 8847618.757418 21154817.203451 31000 G02
-23366787.702509 12466487.778347 637473.666408 31000 G03
-6899367.128812 23435663.088936 -9310581.046241 45000 G07
-2261543.304223 17504186.567166 19825320.504633 50000 G14
6094786.233846 18999375.736540 17831890.446729 40000 G17
1018437.590684 26350624.753536 1651332.005231 46000 G30
-4621802.160073 18293508.211045 17160907.357475 47000 R11
-10703713.424122 409882.441915 23166249.416714 0 R20
-2830354.369469 17577792.706234 18282065.223430 50000 R21
6800779.468821 24521075.129420 1696571.018615 43000 R22
-14721572.399837 39465181.757573 -1188764.543854 46000 C03
-6686516.513608 39821983.287469 -11498492.649125 37000 C06
-8160093.897162 26784757.865255 31639935.306711 44000 C07
-19041566.863661 29072328.390482 -24044492.495511 39000 C08
655549.891226 28985048.999995 31072099.036879 40000 C10
-14377088.782468 29868896.528139 -26031210.456907 38000 C13
-6932478.672922 39428702.872453 -12318111.048757 37000 C16
time 2025/01/17 09:31:41.000
-13984327.565536 8845044.954219 21155766.389655 31000 G02
-23366799.140881 12466258.295346 640714.010544 30000 G03
-6899685.991978 23434384.622152 -9313444.671996 45000 G07
-2263831.400327 17505251.941971 19824091.975143 50000 G14
6092882.362275 18998279.914469 17833771.632399 39000 G17
1018052.284638 26350815.679107 1648205.627728 45000 G30
-4623223.184141 18295382.123284 17158524.640144 47000 R11
-10704643.832452 406849.110722 23165876.701563 0 R20
-2831026.743124 17575376.510765 18284282.326524 50000 R21
6800866.778811 24520808.622991 1700133.073861 44000 R22
-14721576.652903 39465180.231844 -1188709.342030 46000 C03
-6685350.736680 39821496.565142 -11500851.662512 37000 C06
-8161061.269316 26784412.923292 31639964.730565 44000 C07
-19041712.889360 29073941.868663 -24042436.732972 40000 C08
654696.733230 28984501.648268 31072602.183005 40000 C10
-14377335.667572 29870401.434363 -26029374.240857 38000 C13
-6931297.666291 39428157.689087 -12320478.999364 37000 C16
time 2025/01/17 09:31:42.000
-13984609.513206 8842471.057236 21156715.140611 31000 G02
-23366810.235988 12466028.612993 643954.340945 30000 G03
-6900004.924403 23433105.803761 -9316308.089949 45000 G07
-2266119.304835 17506317.370498 19822863.023115 49000 G14
6090978.236561 18997184.075975 17835652.447090 39000 G17
1017666.989825 26351006.231516 1645079.214612 45000 G30
-4624643.848443 18297255.900537 17156141.510562 47000 R11
-10705574.483518 403815.907668 23165503.431083 0 R20
-2831699.416339 17572960.085364 18286498.991037 50000 R21
6800953.922621 24520541.644937 1703695.088224 44000 R22
-14721580.906041 39465178.706345 -1188654.133875 46000 C03
-6684185.030293 39821009.670077 -11503210.613940 36000 C06
-8162028.692030 26784068.123299 31639993.987197 44000 C07
-19041858.680429 29075555.369179 -24040380.843451 39000 C08
653843.495503 28983954.424586 31073105.167752 40000 C10
-14377582.333106 29871906.376402 -26027537.886238 38000 C13
-6930116.738442 39427612.329280 -12322846.883129 37000 C16
time 2025/01/17 09:31:43.000
-13984891.622973 8839897.066520 21157663.456305 31000 G02
-23366820.987859 12465798.731242 647194.657544 30000 G03
-6900323.926133 23431826.633791 -9319171.300044 45000 G07
-2268407.017708 17507382.852704 19821633.648570 50000 G14
6089073.856741 18996088.221117 17837532.890755 39000 G17
1017281.706194 26351196.410757 1641952.765939 45000 G30
-4626064.152974 18299129.542721 17153757.968782 47000 R11
-10706505.377287 400782.832834 23165129.605283 0 R20
-2832372.389136 17570543.430115 18288715.216919 51000 R21
6801040.900183 24520274.195288 1707257.061631 44000 R22
-14721585.159250 39465177.181076 -1188598.919387 46000 C03
-6683019.394466 39820522.602280 -11505569.503406 37000 C06
-8162996.165284 26783723.465283 31640023.076605 44000 C07
-19042004.236865 29077168.891992 -24038324.826965 40000 C08
652990.178059 28983407.328958 31073607.991119 40000 C10
-14377828.779064 29873411.354226 -26025701.393058 39000 C13
-6928935.889403 39427066.793042 -12325214.700041 37000 C16
time 2025/01/17 09:31:44.000
-13985173.894848 8837322.982131 21158611.336722 30000 G02
-23366831.396521 12465568.650044 650434.960282 28000 G03
-6900642.997214 23430547.112269 -9322034.302215 45000 G07
-2270694.538901 17508448.388542 19820403.851534 50000 G14
6087169.222846 18994992.349954 17839412.963353 39000 G17
1016896.433700 26351386.216824 1638826.281781 44000 G30
-4627484.097731 18301003.049749 17151374.014858 47000 R11
-10707436.513724 397749.886306 23164755.224170 0 R20
-2833045.661536 17568126.545105 18290931.004121 51000 R21
6801127.711425 24520006.274073 1710818.993994 45000 R22
-14721589.412532 39465175.656037 -1188543.698569 47000 C03
-6681853.829226 39820035.361763 -11507928.330898 37000 C06
-8163963.689061 26783378.949250 31640051.998791 45000 C07
-19042149.558665 29078782.437074 -24036268.683518 40000 C08
652136.780920 28982860.361396 31074110.653102 40000 C10
-14378075.005441 29874916.367807 -26023864.761323 39000 C13
-6927755.119198 39426521.080387 -12327582.450084 37000 C16
time 2025/01/17 09:31:45.000
-13985456.328841 8834748.804154 21159558.781837 30000 G02
-23366841.462001 12465338.369354 653675.249082 26000 G03
-6900962.137690 23429267.239225 -9324897.096401 45000 G07
-2272981.868370 17509513.977967 19819173.632031 50000 G14
6085264.334893 18993896.462537 17841292.664857 39000 G17
1016511.172292 26351575.649712 1635699.762201 44000 G30
-4628903.682702 18302876.421531 17148989.648852 47000 R11
-10708367.892793 394717.068174 23164380.287754 0 R20
-2833719.233560 17565709.430426 18293146.352585 51000 R21
6801214.356277 24519737.881322 1714380.885223 45000 R22
-14721593.665885 39465174.131228 -1188488.471420 47000 C03
-6680688.334600 39819547.948536 -11510287.096399 36000 C06
-8164931.263336 26783034.575208 31640080.753753 45000 C07
-19042294.645827 29080396.004388 -24034212.413123 40000 C08
651283.304101 28982313.521911 31074613.153700 40000 C10
-14378321.012233 29876421.417110 -26022027.991047 39000 C13
-6926574.427850 39425975.191321 -12329950.133256 37000 C16
time 2025/01/17 09:31:46.000
-13985738.924966 8832174.532625 21160505.791643 30000 G02
-23366851.184329 12465107.889124 656915.523862 24000 G03
-6901281.347606 23427987.014690 -9327759.682531 45000 G07
-2275269.006071 17510579.620933 19817942.990088 49000 G14
6083359.192915 18992800.558924 17843171.995225 38000 G17
1016125.921922 26351764.709413 1632573.207265 44000 G30
-4630322.907884 18304749.657982 17146604.870817 47000 R11
-10709299.514458 391684.378537 23164004.796045 0 R20
-2834393.105229 17563292.086161 18295361.262263 51000 R21
6801300.834669 24519469.017063 1717942.735237 46000 R22
-14721597.919310 39465172.606649 -1188433.237939 46000 C03
-6679522.910610 39819060.362609 -11512645.799899 36000 C06
-8165898.888093 26782690.343163 31640109.341492 44000 C07
-19042439.498347 29082009.593905 -24032156.015785 40000 C08
650429.747624 28981766.810515 31075115.492908 40000 C10
-14378566.799434 29877926.502104 -26020191.082237 38000 C13
-6925393.815386 39425429.125859 -12332317.749539 37000 C16
time 2025/01/17 09:31:47.000
-13986021.683229 8829600.167635 21161452.366113 30000 G02
-23366860.563530 12464877.209310 660155.784534 24000 G03
-6901600.627009 23426706.438688 -9330622.060553 45000 G07
-2277555.951961 17511645.317396 19816711.925728 49000 G14
6081453.796937 18991704.639168 17845050.954423 38000 G17
1015740.682543 26351953.395923 1629446.617043 44000 G30
-4631741.773272 18306622.759017 17144219.680808 47000 R11
-10710231.378684 388651.817479 23163628.749050 0 R20
-2835067.276565 17560874.512400 18297575.733102 51000 R21
6801387.146531 24519199.681327 1721504.543956 46000 R22
-14721602.172806 39465171.082300 -1188377.998129 47000 C03
-6678357.557285 39818572.603994 -11515004.441382 36000 C06
-8166866.563309 26782346.253124 31640137.762008 45000 C07
-19042584.116221 29083623.205589 -24030099.491518 40000 C08
649576.111503 28981220.227216 31075617.670726 41000 C10
-14378812.367039 29879431.622758 -26018354.034904 39000 C13
-6924213.281830 39424882.884011 -12334685.298924 37000 C16
time 2025/01/17 09:31:48.000
-13986304.603645 8827025.709223 21162398.505239 30000 G02
-23366869.599634 12464646.329866 663396.031010 23000 G03
-6901919.975943 23425425.511254 -9333484.230392 45000 G07
-2279842.705998 17512711.067310 19815480.438975 50000 G14
6079548.146990 18990608.703328 17846929.542410 38000 G17
1015355.454105 26352141.709236 1626319.991598 44000 G30
-4633160.278857 18308495.724547 17141834.078883 47000 R11
-10711163.485435 385619.385091 23163252.146780 0 R20
-2835741.747589 17558456.709231 18299789.765048 51000 R21
6801473.291792 24518929.874143 1725066.311291 46000 R22
-14721606.426374 39465169.558181 -1188322.751988 47000 C03
-6677192.274646 39818084.672699 -11517363.020840 36000 C06
-8167834.288964 26782002.305097 31640166.015299 45000 C07
-19042728.499448 29085236.839405 -24028042.840334 40000 C08
648722.395760 28980673.772030 31076119.687149 40000 C10
-14379057.715043 29880936.779040 -26016516.849058 39000 C13
-6923032.827214 39424336.465790 -12337052.781386 37000 C16
time 2025/01/17 09:31:49.000
-13986587.686223 8824451.157471 21163344.208997 31000 G02
-23366878.292669 12464415.250739 666636.263311 22000 G03
-6902239.394452 23424144.232412 -9336346.191990 46000 G07
-2282129.268135 17513776.870629 19814248.529856 50000 G14
6077642.243096 18989512.751457 17848807.759153 38000 G17
1014970.236562 26352329.649345 1623193.331000 44000 G30
-4634578.424633 18310368.554483 17139448.065101 47000 R11
-10712095.834675 382587.081466 23162874.989243 0 R20
-2836416.518321 17556038.676743 18302003.358048 51000 R21
6801559.270382 24518659.595541 1728628.037158 46000 R22
-14721610.680014 39465168.034292 -1188267.499517 47000 C03
-6676027.062720 39817596.568735 -11519721.538261 36000 C06
-8168802.065037 26781658.499089 31640194.101366 45000 C07
-19042872.648023 29086850.495318 -24025986.062244 40000 C08
647868.600410 28980127.444964 31076621.542176 40000 C10
-14379302.843441 29882441.970918 -26014679.524707 39000 C13
-6921852.451555 39423789.871204 -12339420.196930 37000 C16
time 2025/01/17 09:31:50.000
-13986870.930974 8821876.512426 21164289.477375 31000 G02
-23366886.642661 12464183.971889 669876.481254 22000 G03
-6902558.882584 23422862.602193 -9339207.945281 46000 G07
-2284415.638332 17514842.727308 19813016.198394 50000 G14
6075736.085289 18988416.783614 17850685.604610 38000 G17
1014585.029863 26352517.216245 1620066.635309 43000 G30
-4635996.210594 18312241.248741 17137061.639515 47000 R11
-10713028.426365 379554.906705 23162497.276450 0 R20
-2837091.588783 17553620.415022 18304216.512053 51000 R21
6801645.082231 24518388.845550 1732189.721475 46000 R22
-14721614.933725 39465166.510632 -1188212.240716 47000 C03
-6674861.921531 39817108.292112 -11522079.993632 36000 C06
-8169769.891510 26781314.835107 31640222.020208 45000 C07
-19043016.561943 29088464.173301 -24023929.157251 40000 C08
647014.725474 28979581.246031 31077123.235803 40000 C10
-14379547.752229 29883947.198369 -26012842.061852 38000 C13
-6920672.154882 39423243.100266 -12341787.545539 37000 C16
time 2025/01/17 09:31:52.000
-13987437.907043 8816726.942705 21166178.707929 32000 G02
-6903198.067896 23420298.287725 -9344930.826724 46000 G07
-2288987.802750 17516974.600575 19810550.268530 50000 G14
6071923.008033 18986224.800226 17854440.181531 35000 G17
1013814.648803 26352891.230396 1613813.138893 43000 G30
-4638830.703065 18315986.229897 17132287.553128 47000 R11
-10714894.336981 373490.944048 23161740.185121 0 R20
-2838442.628988 17548783.204208 18308641.502886 51000 R21
6801816.205426 24517845.931516 1739312.965158 45000 R22
-14721623.441361 39465163.464004 -1188101.704127 46000 C03
-6672531.851446 39816131.220922 -11526796.718215 36000 C06
-8171705.695579 26780627.933248 31640277.356219 44000 C07
-19043303.685810 29091691.595343 -24019814.966594 40000 C08
645306.736903 28978489.232602 31078126.138856 40000 C10
-14380036.910954 29886957.759852 -26009166.720682 39000 C13
-6918311.798579 39422149.029371 -12346522.041924 36000 C16
time 2025/01/17 09:31:53.000
-13987721.638382 8814152.018164 21167122.670068 33000 G02
-6903517.765164 23419015.603544 -9347791.954724 46000 G07
-2291273.596867 17518040.617064 19809316.670186 50000 G14
6070016.088609 18985128.784776 17856316.912949 35000 G17
1013429.474348 26353077.677635 1610686.338318 43000 G30
-4640247.409552 18317858.516606 17129899.892460 47000 R11
-10715827.655823 370459.156373 23161360.806609 0 R20
-2839118.598768 17546364.255308 18310853.339596 51000 R21
6801901.516631 24517573.767535 1742874.524325 46000 R22
-14721627.695286 39465161.941034 -1188046.426339 47000 C03
-6671366.922608 39815642.426379 -11529154.987386 34000 C06
-8172673.673129 26780284.695387 31640304.773386 45000 C07
-19043446.895749 29093305.339330 -24017757.680958 40000 C08
644452.623311 28977943.418132 31078627.348273 40000 C10
-14380281.160880 29888463.093815 -26007328.842392 38000 C13
-6917131.739009 39421601.729440 -12348889.189662 37000 C16
time 2025/01/17 09:31:54.000
-13988005.531937 8811577.000595 21168066.196756 32000 G02
-6903837.532234 23417732.568102 -9350652.874161 45000 G07
-2293559.198864 17519106.686729 19808082.649602 50000 G14
6068108.915374 18984032.753572 17858193.272942 34000 G17
1013044.310546 26353263.751640 1607559.502934 44000 G30
-4641663.756195 18319730.667284 17127511.820219 47000 R11
-10716761.216972 367427.497925 23160980.872876 0 R20
-2839794.868361 17543945.077533 18313064.737094 51000 R21
6801986.660814 24517301.132284 1746436.041599 45000 R22
-14721631.949283 39465160.418294 -1187991.142222 46000 C03
-6670202.064612 39815153.459220 -11531513.194451 36000 C06
-8173641.700994 26779941.599581 31640332.023328 44000 C07
-19043589.871021 29094919.105245 -24015700.268470 40000 C08
643598.430210 28977397.731842 31079128.396277 40000 C10
-14380525.191175 29889968.463218 -26005490.825644 39000 C13
-6915951.758528 39421054.253203 -12351256.270411 36000 C16
time 2025/01/17 09:31:55.000
-13988289.587718 8809001.890063 21169009.287974 32000 G02
-6904157.369150 23416449.181439 -9353513.584949 45000 G07
-2295844.608687 17520172.809519 19806848.206808 50000 G14
6066201.488364 18982936.706675 17860069.261463 33000 G17
1012659.157349 26353449.452406 1604432.632803 43000 G30
-4643079.742985 18321602.681838 17125123.336472 47000 R11
-10717695.020392 364395.968798 23160600.383934 0 R20
-2840471.437784 17541525.670982 18315275.695319 51000 R21
6802071.637904 24517028.025795 1749997.516877 45000 R22
-14721636.203351 39465158.895785 -1187935.851778 46000 C03
-6669037.277478 39814664.319453 -11533871.339402 35000 C06
-8174609.779148 26779598.645839 31640359.106044 44000 C07
-19043732.611621 29096532.893046 -24013642.729149 39000 C08
642744.157617 28976852.173743 31079629.282866 39000 C10
-14380769.001832 29891473.868022 -26003652.670458 34000 C13
-6914771.857168 39420506.600673 -12353623.284146 36000 C16
time 2025/01/17 09:31:56.000
-13988573.805736 8806426.686638 21169951.943705 33000 G02
-6904477.275957 23415165.443574 -9356374.087046 46000 G07
-2298129.826297 17521238.985392 19805613.341825 50000 G14
6064293.807605 18981840.644139 17861944.878476 33000 G17
1012274.014708 26353634.779927 1601305.727991 43000 G30
-4644495.369917 18323474.560184 17122734.441269 47000 R11
-10718629.066045 361364.569086 23160219.339791 0 R20
-2841148.307061 17539106.035734 18317486.214227 51000 R21
6802156.447831 24516754.448094 1753558.950093 44000 R22
-14721640.457490 39465157.373505 -1187880.555006 47000 C03
-6667872.561241 39814175.007093 -11536229.422212 35000 C06
-8175577.907576 26779255.834168 31640386.021534 45000 C07
-19043875.117549 29098146.702708 -24011585.062997 40000 C08
641889.805547 28976306.743843 31080130.008041 40000 C10
-14381012.592847 29892979.308196 -26001814.376841 36000 C13
-6913592.034946 39419958.771859 -12355990.230872 37000 C16
time 2025/01/17 09:31:57.000
-13988858.186003 8803851.390370 21170894.163935 33000 G02
-6904797.252701 23413881.354538 -9359234.380382 46000 G07
-2300414.851663 17522305.214307 19804378.054674 50000 G14
6062385.873106 18980744.566010 17863820.123964 33000 G17
1011888.882575 26353819.734198 1598178.788561 43000 G30
-4645910.636992 18325346.302244 17120345.134656 47000 R11
-10719563.353901 358333.298859 23159837.740454 0 R20
-2841825.476216 17536686.171868 18319696.293773 51000 R21
6802241.090526 24516480.399213 1757120.341163 44000 R22
-14721644.711700 39465155.851455 -1187825.251906 47000 C03
-6666707.915911 39813685.522143 -11538587.442899 36000 C06
-8176546.086261 26778913.164572 31640412.769797 45000 C07
-19044017.388799 29099760.534201 -24009527.270016 40000 C08
641035.374021 28975761.442157 31080630.571795 40000 C10
-14381255.964218 29894484.783726 -25999975.944782 37000 C13
-6912412.291888 39419410.766771 -12358357.110576 36000 C16
time 2025/01/17 09:31:58.000
-13989142.728528 8801276.001344 21171835.948640 34000 G02
-6905117.299426 23412596.914371 -9362094.464872 46000 G07
-2302699.684709 17523371.496204 19803142.345395 50000 G14
6060477.684905 18979648.472348 17865694.997878 33000 G17
1011503.760905 26354004.315212 1595051.814612 43000 G30
-4647325.544185 18327217.907906 17117955.416722 47000 R11
-10720497.883916 355302.158243 23159455.585937 0 R20
-2842502.945259 17534266.079504 18321905.933876 51000 R21
6802325.565917 24516205.879183 1760681.689965 43000 R22
-14721648.965982 39465154.329634 -1187769.942479 47000 C03
-6665543.341532 39813195.864622 -11540945.401410 36000 C06
-8177514.315169 26778570.637064 31640439.350834 45000 C07
-19044159.425369 29101374.387473 -24007469.350244 40000 C08
640180.863063 28975216.268698 31081130.974124 40000 C10
-14381499.115934 29895990.294548 -25998137.374331 38000 C13
-6911232.628037 39418862.585428 -12360723.923210 36000 C16
time 2025/01/17 09:31:59.000
-6905437.416177 23411312.123092 -9364954.340472 49000 G07
-2304984.325407 17524437.831044 19801906.214005 48000 G14
6058569.243024 18978552.363208 17867569.500188 38000 G17
1011118.649641 26354188.522966 1591924.806141 30000 G30
-4648740.091497 18329089.377092 17115565.287512 45000 R11
-2843180.714223 17531845.758695 18324115.134516 50000 R21
6802409.873934 24515930.888034 1764242.996432 36000 R22
-14721653.220335 39465152.808044 -1187714.626725 48000 C03
-6664378.838118 39812706.034535 -11543303.297758 38000 C06
-8178482.594288 26778228.251648 31640465.764643 43000 C07
-19044301.227257 29102988.262505 -24005411.303671 43000 C08
-1955053.429267 41648600.391060 -2457514.741150 40000 C09
639326.272687 28974671.223475 31081631.215027 42000 C10
-14381742.047992 29897495.840640 -25996298.665484 40000 C13
-6910053.043405 39418314.227837 -12363090.668790 38000 C16
time 2025/01/17 09:32:00.000
-13989712.300398 8796124.945218 21173718.211429 33000 G02
-6905757.603001 23410026.980727 -9367814.007125 46000 G07
-2307268.773740 17525504.218795 19800669.660515 50000 G14
6056660.547597 18977456.238704 17869443.630752 31000 G17
1010733.548748 26354372.357449 1588797.763314 44000 G30
-4650154.278948 18330960.709751 17113174.747036 47000 R11
-10722367.670296 349240.266128 23158689.611391 0 R20
-2843858.783119 17529425.209558 18326323.895614 51000 R21
6802494.014509 24515655.425791 1767804.260520 42000 R22
-14721657.474758 39465151.286683 -1187659.304644 47000 C03
-6663214.405686 39812216.031890 -11545661.131942 36000 C06
-8179450.923605 26777886.008328 31640492.011226 45000 C07
-19044442.794458 29104602.159265 -24003353.130305 40000 C08
638471.602902 28974126.306493 31082131.294508 40000 C10
-14381984.760392 29899001.422001 -25994459.818215 38000 C13
-6908873.538004 39417765.694002 -12365457.347328 36000 C16
time 2025/01/17 09:32:01.000
-13989997.329767 8793549.278228 21174658.689483 33000 G02
-6906077.859942 23408741.487309 -9370673.464762 46000 G07
-2309553.029638 17526570.659397 19799432.684964 50000 G14
6054751.598485 18976360.098798 17871317.389697 31000 G17
1010348.458166 26354555.818660 1585670.686108 44000 G30
-4651568.106503 18332831.905757 17110783.795401 47000 R11
-10723302.926587 346209.514822 23158305.791380 0 R20
-2844537.151977 17527004.432152 18328532.217144 51000 R21
6802577.987569 24515379.492488 1771365.482104 41000 R22
-14721661.729253 39465149.765553 -1187603.976237 47000 C03
-6662050.044268 39811725.856700 -11548018.903939 36000 C06
-8180419.303091 26777543.907115 31640518.090581 44000 C07
-19044584.126971 29106216.077720 -24001294.830154 40000 C08
637616.853737 28973581.517770 31082631.212557 40000 C10
-14382227.253124 29900507.038573 -25992620.832565 39000 C13
-6907694.111877 39417216.983942 -12367823.958780 36000 C16
time 2025/01/17 09:32:02.000
-13990282.521437 8790973.518725 21175598.731949 33000 G02
-6906398.187046 23407455.642867 -9373532.713316 46000 G07
-2311837.093060 17527637.152808 19798195.287376 50000 G14
6052842.395816 18975263.943603 17873190.776887 31000 G17
1009963.377850 26354738.906592 1582543.574622 44000 G30
-4652981.574162 18334702.965031 17108392.432652 47000 R11
-10724238.424899 343178.893466 23157921.416224 0 R20
-2845215.820812 17524583.426582 18330740.099039 51000 R21
6802661.793046 24515103.088154 1774926.661106 41000 R22
-14721665.983819 39465148.244651 -1187548.641504 46000 C03
-6660885.753893 39811235.508975 -11550376.613731 36000 C06
-8181387.732726 26777201.948015 31640544.002709 44000 C07
-19044725.224792 29107830.017831 -23999236.403238 40000 C08
636762.025209 28973036.857317 31083130.969173 39000 C10
-14382469.526184 29902012.690326 -25990781.708541 39000 C13
-6906514.765047 39416668.097667 -12370190.503136 35000 C16
time 2025/01/17 09:32:03.000
-13990567.875419 8788397.666766 21176538.338810 33000 G02
-6906718.584357 23406169.447433 -9376391.752719 45000 G07
-2314120.963962 17528703.698981 19796957.467776 50000 G14
6050932.939575 18974167.773150 17875063.792327 29000 G17
1009578.307752 26354921.621239 1579416.428923 44000 G30
-4654394.681923 18336573.887490 17106000.658842 47000 R11
-2845894.789647 17522162.192934 18332947.541249 51000 R21
6802745.430869 24514826.212818 1778487.797449 41000 R22
-14721670.238456 39465146.723980 -1187493.300445 46000 C03
-6659721.534582 39810744.988726 -11552734.261308 35000 C06
-8182356.212490 26776860.131035 31640569.747609 44000 C07
-19044866.087917 29109443.979562 -23997177.849568 40000 C08
635907.117336 28972492.325143 31083630.564352 39000 C10
-14382711.579568 29903518.377235 -25988942.446146 39000 C13
-6905335.497532 39416119.035186 -12372556.980401 34000 C16
time 2025/01/17 09:32:04.000
-13990853.391725 8785821.722421 21177477.510048 34000 G02
-6907039.051918 23404882.901043 -9379250.582891 46000 G07
-2316404.642287 17529770.297865 19795719.226196 49000 G14
6049023.229829 18973071.587517 17876936.435941 30000 G17
1009193.247827 26355103.962594 1576289.249102 43000 G30
-4655807.429764 18338444.673029 17103608.474051 47000 R11
-2846574.058497 17519740.731315 18335154.543703 51000 R21
6802828.900967 24514548.866513 1782048.891011 40000 R22
-14721674.493163 39465145.203539 -1187437.953060 46000 C03
-6658557.386365 39810254.295964 -11555091.846651 35000 C06
-8183324.742356 26776518.456184 31640595.325280 44000 C07
-19045006.716343 29111057.962871 -23995119.169167 40000 C08
635052.130140 28971947.921264 31084129.998091 39000 C10
-14382953.413268 29905024.099253 -25987103.045408 39000 C13
-6904156.309376 39415569.796518 -12374923.390523 34000 C16
time 2025/01/17 09:32:05.000
-13991139.070363 8783245.685758 21178416.245645 34000 G02
-6907359.589775 23403596.003721 -9382109.203779 45000 G07
-2318688.128002 17530836.949417 19794480.562656 49000 G14
6047113.266591 18971975.386751 17878808.707708 30000 G17
1008808.198024 26355285.930654 1573162.035199 44000 G30
-4657219.817693 18340315.321577 17101215.878314 46000 R11
-2847253.627386 17517319.041800 18337361.106363 51000 R21
6802912.203270 24514271.049267 1785609.941734 39000 R22
-14721678.747942 39465143.683327 -1187382.599351 47000 C03
-6657393.309270 39809763.430701 -11557449.369744 34000 C06
-8184293.322311 26776176.923468 31640620.735723 44000 C07
-19045147.110067 29112671.967733 -23993060.362034 40000 C08
634197.063636 28971403.645687 31084629.270387 39000 C10
-14383195.027281 29906529.856356 -25985263.506327 39000 C13
-6902977.200591 39415020.381668 -12377289.733520 33000 C16
time 2025/01/17 09:32:06.000
-13991424.911347 8780669.556814 21179354.545592 35000 G02
-6907680.197977 23402308.755487 -9384967.615342 46000 G07
-2320971.421075 17531903.653599 19793241.477174 50000 G14
6045203.049864 18970879.170893 17880680.607615 31000 G17
1008423.158295 26355467.525411 1570034.787286 44000 G30
-4658631.845707 18342185.833051 17098822.871683 47000 R11
-2847933.496339 17514897.124463 18339567.229187 51000 R21
6802995.337710 24513992.761109 1789170.949545 39000 R22
-14721683.002791 39465142.163345 -1187327.239316 47000 C03
-6656229.303309 39809272.392943 -11559806.830597 35000 C06
-8185261.952334 26775835.532893 31640645.978938 44000 C07
-19045287.269087 29114285.994125 -23991001.428165 41000 C08
633341.917841 28970859.498423 31085128.381241 40000 C10
-14383436.421604 29908035.648525 -25983423.828897 39000 C13
-6901798.171200 39414470.790647 -12379656.009381 33000 C16
time 2025/01/17 09:32:07.000
-13991710.914688 8778093.335657 21180292.409871 33000 G02
-6908000.876566 23401021.156373 -9387825.817506 46000 G07
-2323254.521463 17532970.410365 19792001.969775 49000 G14
6043292.579697 18969782.940012 17882552.135603 29000 G17
1008038.128588 26355648.746861 1566907.505407 44000 G30
-4660043.513801 18344056.207368 17096429.454209 47000 R11
-2848613.665377 17512474.979392 18341772.912124 51000 R21
6803078.304215 24513714.002068 1792731.914372 39000 R22
-14721687.257711 39465140.643592 -1187271.872957 46000 C03
-6655065.368509 39808781.182698 -11562164.229196 34000 C06
-8186230.632412 26775494.284465 31640671.054924 43000 C07
-19045427.193400 29115900.042013 -23988942.367570 40000 C08
632486.692770 28970315.479481 31085627.330651 39000 C10
-14383677.596231 29909541.475726 -25981584.013131 38000 C13
-6900619.221222 39413921.023463 -12382022.218108 31000 C16
time 2025/01/17 09:32:08.000
-13991997.080393 8775517.022373 21181229.838458 35000 G02
-6908321.625587 23399733.206420 -9390683.810187 46000 G07
-2325537.429100 17534037.219658 19790762.040496 50000 G14
6041381.856116 18968686.694163 17884423.291636 30000 G17
1007653.108860 26355829.594998 1563780.189672 44000 G30
-4661454.821955 18345926.444419 17094035.625978 48000 R11
-2849294.134514 17510052.606698 18343978.155102 51000 R21
6803161.102715 24513434.772176 1796292.836090 40000 R22
-14721691.512702 39465139.124070 -1187216.500273 46000 C03
-6653901.504900 39808289.799982 -11564521.565518 33000 C06
-8187199.362509 26775153.178194 31640695.963680 44000 C07
-19045566.883002 29117514.111343 -23986883.180286 40000 C08
631631.388450 28969771.588878 31086126.118608 38000 C10
-14383918.551155 29911047.337916 -25979744.059054 38000 C13
-6899440.350704 39413371.080136 -12384388.359648 33000 C16
time 2025/01/17 09:32:09.000
-13992283.408474 8772940.617023 21182166.831337 35000 G02
-6908642.445084 23398444.905658 -9393541.593314 46000 G07
-2327820.143938 17535104.081431 19789521.689365 50000 G14
6039470.879147 18967590.433400 17886294.075682 31000 G17
1007268.099064 26356010.069814 1560652.840147 44000 G30
-4662865.770159 18347796.544114 17091641.387049 47000 R11
-2849974.903768 17507630.006478 18346182.958059 51000 R21
6803243.733139 24513155.071464 1799853.714616 38000 R22
-14721695.767763 39465137.604777 -1187161.121265 47000 C03
-6652737.712521 39807798.244809 -11566878.839523 35000 C06
-8188168.142606 26774812.214089 31640720.705207 44000 C07
-19045706.337890 29119128.202085 -23984823.866320 40000 C08
630776.004901 28969227.826625 31086624.745111 38000 C10
-14384159.286371 29912553.235055 -25977903.966683 38000 C13
-6898261.559675 39412820.960681 -12386754.433978 33000 C16
time 2025/01/17 09:32:10.000
-13992569.898944 8770364.119649 21183103.388497 36000 G02
-6908963.335104 23397156.254103 -9396399.166855 47000 G07
-2330102.665963 17536170.995652 19788280.916392 50000 G14
1006883.099147 26356190.171306 1557525.456869 45000 G30
-4664276.358426 18349666.506391 17089246.737448 49000 R11
-2850655.973170 17505207.178788 18348387.320974 51000 R21
6803326.195419 24512874.899960 1803414.549898 40000 R22
-14721700.022896 39465136.085714 -1187105.735934 47000 C03
-6651573.991371 39807306.517179 -11569236.051249 36000 C06
-8189136.972693 26774471.392153 31640745.279505 45000 C07
-19045845.558061 29120742.314217 -23982764.425665 41000 C08
629920.542132 28968684.192729 31087123.210160 39000 C10
-14384399.801876 29914059.167134 -25976063.736001 39000 C13
-6897082.848139 39412270.665098 -12389120.441132 33000 C16
time 2025/01/17 09:32:11.000
-13992856.551810 8767787.530337 21184039.509916 35000 G02
-6909284.295690 23395867.251796 -9399256.530720 47000 G07
-2332384.995106 17537237.962264 19787039.721613 50000 G14
1006498.109063 26356369.899467 1554398.039924 45000 G30
-4665686.586739 18351536.331147 17086851.677252 48000 R11
-2851337.342733 17502784.123737 18350591.243774 51000 R21
6803408.489484 24512594.257694 1806975.341825 39000 R22
-14721704.278098 39465134.566880 -1187050.344279 47000 C03
-6650410.341488 39806814.617108 -11571593.200659 36000 C06
-8190105.852740 26774130.712395 31640769.686572 44000 C07
-19045984.543512 29122356.447697 -23980704.858344 41000 C08
629065.000167 28968140.687204 31087621.513751 39000 C10
-14384640.097663 29915565.134104 -25974223.367042 39000 C13
-6895904.216134 39411720.193404 -12391486.381071 33000 C16
time 2025/01/17 09:32:19.000
-13995155.622294 8747171.513589 21191512.792544 36000 G02
-6911854.526179 23385542.609740 -9422107.885754 48000 G07
-2350636.679416 17545775.575789 19777094.981371 50000 G14
6020347.179045 18956627.017630 17904981.448818 35000 G17
1003418.536599 26357794.284180 1529377.500433 43000 G30
-4676955.454145 18366489.967961 17067676.421109 50000 R11
-2856799.107526 17483391.508956 18368206.775771 51000 R21
6804060.777842 24510332.175788 1835460.106283 33000 R22
-14721738.322258 39465122.424478 -1186606.983431 47000 C03
-6641103.711139 39802873.209934 -11590448.150901 36000 C06
-8197858.689266 26771410.393606 31640958.922807 45000 C07
-19047087.976828 29135270.279967 -23964223.761098 42000 C08
622217.815651 28963797.265714 31091602.129622 38000 C10
-14386554.553548 29927614.122299 -25959495.438262 39000 C13
-6886478.026174 39407310.081195 -12410411.479561 34000 C16
time 2025/01/17 09:32:20.000
-13995443.737206 8744594.099671 21192444.991530 36000 G02
-6912176.123888 23384250.451983 -9424963.359668 49000 G07
-2352917.270682 17546843.011865 19775849.991475 50000 G14
6018433.416626 18955530.596475 17906848.138569 36000 G17
1003033.632844 26357970.652113 1526249.783527 42000 G30
-4678362.442584 18368358.551088 17065277.668140 50000 R11
-2857483.179464 17480966.411650 18370406.735175 51000 R21
6804141.554816 24510047.298031 1839020.504169 35000 R22
-14721742.578094 39465120.907710 -1186551.534878 45000 C03
-6639940.703798 39802379.758362 -11592804.738891 32000 C06
-8198828.018039 26771070.993774 31640981.824794 44000 C07
-19047224.849660 29136884.604041 -23962163.054274 42000 C08
621361.561766 28963254.916036 31092098.979957 38000 C10
-14386792.871657 29929120.401895 -25957653.825182 40000 C13
-6885300.111084 39406758.025012 -12412776.814036 35000 C16
time 2025/01/17 09:32:21.000
-13995732.014619 8742016.594456 21193376.754602 35000 G02
-6912497.792613 23382957.943772 -9427818.623260 48000 G07
-2355197.668623 17547910.499870 19774604.580030 50000 G14
6016519.401185 18954434.161091 17908714.455857 35000 G17
1002648.738441 26358146.646660 1523122.033632 42000 G30
-4679769.071005 18370226.995818 17062878.505153 49000 R11
-2858167.551767 17478541.087880 18372606.253929 51000 R21
6804222.162874 24509761.949816 1842580.857833 35000 R22
-14721746.834001 39465119.391173 -1186496.080005 46000 C03
-6638777.767988 39801886.134458 -11595161.264414 32000 C06
-8199797.396564 26770731.736193 31641004.559549 44000 C07
-19047361.487742 29138498.949119 -23960102.220896 43000 C08
620505.228876 28962712.694845 31092595.668802 38000 C10
-14387030.969998 29930626.716065 -25955812.073921 39000 C13
-6884122.275785 39406205.792835 -12415142.081160 36000 C16
time 2025/01/17 09:32:22.000
-13996020.454548 8739438.997973 21194308.081758 36000 G02
-6912819.532403 23381665.085119 -9430673.676502 47000 G07
-2357477.873226 17548978.039773 19773358.747046 50000 G14
6014605.132721 18953337.711520 17910580.400674 32000 G17
1002263.853336 26358322.267817 1519994.250773 43000 G30
-4681175.339420 18372095.302085 17060478.932174 49000 R11
-2858852.224462 17476115.537701 18374805.332013 51000 R21
6804302.601946 24509476.131170 1846141.167232 36000 R22
-14721751.089978 39465117.874865 -1186440.618812 47000 C03
-6637614.903726 39801392.338230 -11597517.727472 35000 C06
-8200766.824832 26770392.620866 31641027.127072 45000 C07
-19047497.891071 29140113.315186 -23958041.260951 41000 C08
619648.816984 28962170.602142 31093092.196164 38000 C10
-14387268.848569 29932133.064797 -25953970.184465 39000 C13
-6882944.520278 39405653.384664 -12417507.280972 32000 C16
time 2025/01/17 09:49:52.000
-14389954.637713 5995073.908504 21928850.046540 39000 G02
-7298239.595206 21837247.394129 -12300114.033791 46000 G07
-4636963.838725 18689248.641929 18238055.630052 48000 G14
3871034.972924 17804775.366999 19657542.735521 29000 G17
14157797.129218 18951587.104565 12367811.085171 36000 G19
593917.985596 26336312.535760 -1769241.659413 37000 G30
-15552142.324582 20114231.399656 -2561448.242411 36000 R10
-5958906.545139 20240598.119637 14326342.396585 49000 R11
8673545.946600 6867864.519591 23000058.872933 31000 R12
-11855504.211447 -2806797.938820 22431202.668599 0 R20
-3746460.697387 14821921.019877 20431009.932294 49000 R21
6782399.458910 23956604.054505 5543552.747938 44000 R22
-14726250.547899 39463649.735698 -1124777.741063 45000 C03
-9242046.162758 26494042.144054 31572447.263581 47000 C07
-19060860.473480 30840155.497805 -21726356.833273 36000 C08
-635192.846885 41414143.210382 -5151433.557059 40000 C09
-319485.136416 28465910.742442 31524841.516205 39000 C10
-14515056.460042 31526665.208520 -23945708.113239 44000 C13
-5695232.385680 38730938.944282 -14861329.408192 41000 C16
time 2025/01/17 09:49:53.000
-14390417.297158 5992436.059342 21929315.593574 39000 G02
-7298659.654418 21835605.256361 -12302713.127374 46000 G07
-4639018.358075 18690343.900339 18236382.659976 48000 G14
3868872.525508 17803693.856377 19658998.295224 30000 G17
14156358.002811 18950916.939033 12370412.514121 37000 G19
593516.176506 26336095.273885 -1772366.589327 38000 G30
-15551819.257102 20114032.771822 -2564981.953247 36000 R10
-5959934.797842 20242273.031574 14323545.610443 49000 R11
8671721.785632 6870425.142371 22999983.176781 30000 R12
-11856674.513602 -2809638.490466 22430231.843771 0 R20
-3747468.597185 14819307.929716 20432718.766446 49000 R21
6782265.251439 23955844.151168 5547019.535814 44000 R22
-14726254.854820 39463648.452822 -1124715.806677 45000 C03
-9243056.212720 26493855.896558 31572294.109404 47000 C07
-19060749.450078 30841773.000949 -21724169.043215 36000 C08
-633982.410992 41413825.226869 -5153931.676125 40000 C09
-320413.971058 28465509.382417 31525166.933287 39000 C10
-14515061.527616 31528190.143123 -23943726.645787 44000 C13
-5694152.400190 38730208.664626 -14863616.768723 41000 C16
time 2025/01/17 09:49:54.000
-14390880.123386 5989798.186912 21929780.691819 39000 G02
-7299079.828404 21833962.806678 -12305311.945221 46000 G07
-4641072.643252 18691439.158469 18234709.300238 48000 G14
3866709.860856 17802612.387333 19660453.447974 30000 G17
14154918.557294 18950246.687064 12373013.683776 38000 G19
593114.326006 26335877.640231 -1775491.480846 38000 G30
-15551495.929801 20113833.723307 -2568515.602801 35000 R10
-5960962.694778 20243947.714716 14320748.480073 49000 R11
8669897.836387 6872985.903042 22999906.929249 30000 R12
-11857845.008999 -2812478.819050 22429260.481453 0 R20
-3748476.808141 14816694.709951 20434427.110444 49000 R21
6782130.806276 23955083.819421 5550486.190427 45000 R22
-14726259.161768 39463647.170160 -1124653.866300 45000 C03
-9244066.290100 26493669.797133 31572140.788233 47000 C07
-19060638.191509 30843390.489082 -21721981.138463 36000 C08
-632772.021380 41413507.060011 -5156429.766936 40000 C09
-321342.864264 28465108.161182 31525492.186397 39000 C10
-14515066.372800 31529715.078482 -23941745.051031 44000 C13
-5693072.520576 38729478.223151 -14865904.048554 41000 C16
time 2025/01/17 09:49:55.000
-14391343.116394 5987160.291285 21930245.341267 39000 G02
-7299500.117200 21832320.045124 -12307910.487271 46000 G07
-4643126.694222 18692534.416267 18233035.550876 48000 G14
3864546.979028 17801530.959927 19661908.193730 30000 G17
14153478.792670 18949576.348711 12375614.594088 38000 G19
592712.434047 26335659.634807 -1778616.333899 39000 G30
-15551172.342745 20113634.254078 -2572049.190976 35000 R10
-5961990.235960 20245622.168979 14317951.005543 49000 R11
8668074.098924 6875546.801520 22999830.130339 30000 R12
-11859015.697585 -2815318.924491 22428288.581667 0 R20
-3749485.330253 14814081.360677 20436134.964245 49000 R21
6781996.123361 23954323.059313 5553952.711694 45000 R22
-14726263.468743 39463645.887712 -1124591.919931 45000 C03
-9245076.394873 26493483.845785 31571987.300067 47000 C07
-19060526.697774 30845007.962162 -21719793.119040 36000 C08
-631561.678076 41413188.709815 -5158927.829477 40000 C09
-322271.816010 28464707.078745 31525817.275531 39000 C10
-14515070.995594 31531240.014570 -23939763.328975 44000 C13
-5691992.746866 38728747.619874 -14868191.247668 41000 C16
time 2025/01/17 09:49:56.000
-14391806.276183 5984522.372507 21930709.541913 39000 G02
-7299920.520848 21830676.971734 -12310508.753479 46000 G07
-4645180.510966 18693629.673687 18231361.411913 48000 G14
3862383.880050 17800449.574203 19663362.532471 31000 G17
14152038.708939 18948905.924025 12378215.245023 38000 G19
592310.500580 26335441.257619 -1781741.148443 39000 G30
-15550848.496002 20113434.364100 -2575582.717709 35000 R10
-5963017.421407 20247296.394291 14315153.186904 49000 R11
8666250.573294 6878107.837732 22999752.780054 31000 R12
-11860186.579309 -2818158.806717 22427316.144434 0 R20
-3750494.163527 14811467.881975 20437842.327818 50000 R21
6781861.202633 23953561.870889 5557419.099550 46000 R22
-14726267.775745 39463644.605478 -1124529.967570 45000 C03
-9246086.527025 26493298.042515 31571833.644908 47000 C07
-19060414.968874 30846625.420170 -21717604.984936 36000 C08
-630351.381101 41412870.176284 -5161425.863749 40000 C09
-323200.826279 28464306.135114 31526142.200688 39000 C10
-14515075.395997 31532764.951360 -23937781.479622 44000 C13
-5690913.079073 38728016.854804 -14870478.366071 41000 C16
time 2025/01/17 09:49:57.000
-14392269.602742 5981884.430686 21931173.293741 39000 G02
-7300341.039381 21829033.586566 -12313106.743761 46000 G07
-4647234.093425 18694724.930663 18229686.883404 48000 G14
3860220.563958 17799368.230208 19664816.464172 31000 G17
14150598.306124 18948235.413069 12380815.636496 37000 G19
591908.525562 26335222.508680 -1784865.924364 39000 G30
-15550524.389640 20113234.053341 -2579116.182886 36000 R10
-5964044.251125 20248970.390550 14312355.024252 49000 R11
8664427.259551 6880669.011596 22999674.878395 31000 R12
-11861357.654107 -2820998.465625 22426343.169784 0 R20
-3751503.307953 14808854.273964 20439549.201105 50000 R21
6781726.044034 23952800.254206 5560885.353875 46000 R22
-14726272.082775 39463643.323458 -1124468.009219 46000 C03
-9247096.686522 26493112.387330 31571679.822756 47000 C07
-19060303.004815 30848242.863054 -21715416.736190 36000 C08
-629141.130494 41412551.459429 -5163923.869710 40000 C09
-324129.895045 28463905.330299 31526466.961865 39000 C10
-14515079.574011 31534289.888804 -23935799.503005 44000 C13
-5689833.517236 38727285.927966 -14872765.403721 41000 C16
time 2025/01/17 09:49:58.000
-14392733.096074 5979246.465867 21931636.596748 39000 G02
-7300761.672836 21827389.889664 -12315704.458058 46000 G07
-4649287.441571 18695820.187145 18228011.965380 48000 G14
3858057.030813 17798286.928004 19666269.988790 31000 G17
14149157.584234 18947564.815898 12383415.768450 37000 G19
591506.508945 26335003.387996 -1787990.661608 39000 G30
-15550200.023728 20113033.321765 -2582649.586427 36000 R10
-5965070.725125 20250644.157671 14309556.517655 49000 R11
8662604.157776 6883230.322998 22999596.425366 33000 R12
-11862528.921926 -2823837.901134 22425369.657741 0 R20
-3752512.763531 14806240.536741 20441255.584063 50000 R21
6781590.647503 23952038.209312 5564351.474592 47000 R22
-14726276.389832 39463642.041652 -1124406.044877 45000 C03
-9248106.873345 26492926.880233 31571525.833614 47000 C07
-19060190.805596 30849860.290781 -21713228.372809 36000 C08
-627930.926279 41412232.559254 -5166421.847354 40000 C09
-325059.022289 28463504.664310 31526791.559059 39000 C10
-14515083.529634 31535814.826871 -23933817.399133 44000 C13
-5688754.061378 38726554.839375 -14875052.360605 41000 C16
time 2025/01/17 09:49:59.000
-14393196.756181 5976608.478081 21932099.450933 39000 G02
-7301182.421257 21825745.881046 -12318301.896348 46000 G07
-4651340.555400 18696915.443097 18226336.657853 48000 G14
3855893.280617 17797205.667619 19667723.106323 32000 G17
14147716.543257 18946894.132558 12386015.640872 36000 G19
591104.450675 26334783.895575 -1791115.360143 39000 G30
-15549875.398329 20112832.169338 -2586182.928283 35000 R10
-5966096.843440 20252317.695600 14306757.667135 49000 R11
8660781.267981 6885791.771918 22999517.420966 34000 R12
-11863700.382728 -2826677.113205 22424395.608314 0 R20
-3753522.530277 14803626.670356 20442961.476680 50000 R21
6781455.012980 23951275.736246 5567817.461669 47000 R22
-14726280.696915 39463640.760060 -1124344.074545 45000 C03
-9249117.087486 26492741.521225 31571371.677478 47000 C07
-19060078.371220 30851477.703337 -21711039.894777 35000 C08
-626720.768468 41411913.475764 -5168919.796698 39000 C09
-325988.208001 28463104.137148 31527115.992273 39000 C10
-14515087.262866 31537339.765550 -23931835.167987 44000 C13
-5687674.711504 38725823.589034 -14877339.236753 41000 C16
time 2025/01/17 09:50:00.000
-14393660.583056 5973970.467419 21932561.856283 39000 G02
-7301603.284678 21824101.560773 -12320899.058544 45000 G07
-4653393.434858 18698010.698453 18224660.960873 48000 G14
3853729.313432 17796124.449117 19669175.816727 32000 G17
14146275.183209 18946223.363107 12388615.253688 35000 G19
590702.350708 26334564.031426 -1794240.019881 39000 G30
-15549550.513513 20112630.596026 -2589716.208350 35000 R10
-5967122.606071 20253991.004234 14303958.472791 49000 R11
8658958.590232 6888353.358261 22999437.865198 34000 R12
-11864872.036447 -2829516.101726 22423421.021538 0 R20
-3754532.608179 14801012.674933 20444666.878896 50000 R21
6781319.140405 23950512.835066 5571283.314978 47000 R22
-14726285.004026 39463639.478681 -1124282.098223 45000 C03
-9250127.328912 26492556.310313 31571217.354352 47000 C07
-19059965.701690 30853095.100670 -21708851.302132 35000 C08
-625510.657098 41411594.208966 -5171417.717707 39000 C09
-326917.452153 28462703.748827 31527440.261502 39000 C10
-14515090.773709 31538864.704792 -23929852.809601 44000 C13
-5686595.467652 38725092.176967 -14879626.032120 41000 C16
time 2025/01/17 09:50:01.000
-14394124.576694 5971332.433964 21933023.812788 39000 G02
-7302024.263135 21822456.928894 -12323495.944579 45000 G07
-4655446.079902 18699105.953157 18222984.874486 48000 G14
3851565.129311 17795043.272553 19670628.119963 32000 G17
14144833.504115 18945552.507609 12391214.606819 35000 G19
590300.208999 26334343.795559 -1797364.640730 39000 G30
-15549225.369348 20112428.601796 -2593249.426523 35000 R10
-5968148.013029 20255664.083482 14301158.934701 49000 R11
8657136.124592 6890915.081933 22999357.758064 35000 R12
-11866043.883021 -2832354.866598 22422445.897441 0 R20
-3755542.997233 14798398.550579 20446371.790662 51000 R21
6781183.029720 23949749.505823 5574749.034429 47000 R22
-14726289.311165 39463638.197516 -1124220.115911 45000 C03
-9251137.597600 26492371.247501 31571062.864237 47000 C07
-19059852.797008 30854712.482749 -21706662.594880 35000 C08
-624300.592205 41411274.758869 -5173915.610351 40000 C09
-327846.754722 28462303.499355 31527764.366742 39000 C10
-14515094.062161 31540389.644562 -23927870.323990 44000 C13
-5685516.329847 38724360.603193 -14881912.746690 41000 C16
time 2025/01/17 09:50:02.000
-14394588.737096 5968694.377765 21933485.320442 39000 G02
-7302445.356667 21820811.985445 -12326092.554404 45000 G07
-4657498.490512 18700201.207162 18221308.398714 48000 G14
3849400.728280 17793962.137970 19672080.016015 33000 G17
14143391.505973 18944881.566115 12393813.700226 34000 G19
589898.025497 26334123.187982 -1800489.222645 39000 G30
-15548899.965902 20112226.186614 -2596782.582729 35000 R10
-5969173.064334 20257336.933271 14298359.052918 49000 R11
8655313.871110 6893476.942867 22999277.099567 36000 R12
-11867215.922404 -2835193.407763 22421470.236040 0 R20
-3756553.697446 14795784.297371 20448076.211947 51000 R21
6781046.680863 23948985.748562 5578214.619957 47000 R22
-14726293.618330 39463636.916566 -1124158.127610 45000 C03
-9252147.893533 26492186.332791 31570908.207133 47000 C07
-19059739.657176 30856329.849538 -21704473.773035 35000 C08
-623090.573805 41410955.125478 -5176413.474634 39000 C09
-328776.115692 28461903.388739 31528088.307994 39000 C10
-14515097.128222 31541914.584835 -23925887.711153 44000 C13
-5684437.298109 38723628.867721 -14884199.380461 41000 C16
time 2025/01/17 09:50:03.000
-14395053.064258 5966056.298885 21933946.379239 39000 G02
-7302866.565313 21819166.730464 -12328688.887969 45000 G07
-4659550.666655 18701296.460416 18219631.533593 48000 G14
3847236.110371 17792881.045414 19673531.504858 34000 G17
14141949.188782 18944210.538675 12396412.533870 32000 G19
589495.800156 26333902.208703 -1803613.765557 39000 G30
-15548574.303241 20112023.350445 -2600315.676893 35000 R10
-5970197.759999 20259009.553518 14295558.827508 49000 R11
8653491.829841 6896038.940979 22999195.889707 36000 R12
-11868388.154543 -2838031.725141 22420494.037358 0 R20
-3757564.708816 14793169.915402 20449780.142711 51000 R21
6780910.093776 23948221.563333 5581680.071481 47000 R22
-14726297.925522 39463635.635829 -1124096.133320 45000 C03
-9253158.216688 26492001.566188 31570753.383040 47000 C07
-19059626.282195 30857947.201010 -21702284.836600 35000 C08
-621880.601929 41410635.308799 -5178911.310539 39000 C09
-329705.535046 28461503.416985 31528412.085257 39000 C10
-14515099.971894 31543439.525578 -23923904.971104 44000 C13
-5683358.372460 38722896.970569 -14886485.933421 42000 C16
time 2025/01/17 09:50:04.000
-14395517.558183 5963418.197372 21934406.989174 39000 G02
-7303287.889110 21817521.163999 -12331284.945206 45000 G07
-4661602.608296 18702391.712865 18217954.279159 48000 G14
3845071.275628 17791799.994937 19674982.586461 34000 G17
14140506.552577 18943539.425356 12399011.107652 30000 G19
589093.532926 26333680.857730 -1806738.269407 38000 G30
-15548248.381432 20111820.093255 -2603848.708935 35000 R10
-5971222.100040 20260681.944139 14292758.258537 49000 R11
8651670.000831 6898601.076204 22999114.128488 36000 R12
-11869560.579379 -2840869.818641 22419517.301421 0 R20
-3758576.031345 14790555.404768 20451483.582912 51000 R21
6780773.268398 23947456.950185 5585145.388917 47000 R22
-14726302.232741 39463634.355305 -1124034.133042 45000 C03
-9254168.567044 26491816.947695 31570598.391959 47000 C07
-19059512.672070 30859564.537124 -21700095.785593 35000 C08
-620670.676602 41410315.308839 -5181409.118053 39000 C09
-330635.012755 28461103.584107 31528735.698525 39000 C10
-14515102.593175 31544964.466759 -23921922.103852 44000 C13
-5682279.552924 38722164.911751 -14888772.405557 42000 C16
time 2025/01/17 09:50:05.000
-14395982.218861 5960780.073318 21934867.150235 39000 G02
-7303709.328095 21815875.286094 -12333880.726056 45000 G07
-4663654.315402 18703486.964457 18216276.635448 48000 G14
3842906.224094 17790718.986590 19676433.260793 34000 G17
14139063.597347 18942868.226206 12401609.421550 28000 G19
588691.223761 26333459.135073 -1809862.734120 38000 G30
-15547922.200544 20111616.415011 -2607381.678757 35000 R10
-5972246.084470 20262354.105051 14289957.346076 49000 R11
8649848.384142 6901163.348451 22999031.815910 36000 R12
-11870733.196862 -2843707.688192 22418540.028251 0 R20
-3759587.665030 14787940.765565 20453186.532508 51000 R21
6780636.204670 23946691.909167 5588610.572176 46000 R22
-14726306.539987 39463633.074996 -1123972.126775 45000 C03
-9255178.944579 26491632.477317 31570443.233890 47000 C07
-19059398.826801 30861181.857850 -21697906.620023 35000 C08
-619460.797851 41409995.125603 -5183906.897162 39000 C09
-331564.548806 28460703.890109 31529059.147799 39000 C10
-14515104.992066 31546489.408344 -23919939.109410 44000 C13
-5681200.839528 38721432.691284 -14891058.796852 42000 C16
time 2025/01/17 09:50:06.000
-14396447.046295 5958141.926770 21935326.862417 39000 G02
-7304130.882307 21814229.096790 -12336476.230462 46000 G07
-4665705.787940 18704582.215139 18214598.602494 48000 G14
3840740.955811 17789638.020425 19677883.527825 34000 G17
14137620.323205 18942196.941328 12404207.475325 26000 G19
588288.872613 26333237.040741 -1812987.159622 38000 G30
-15547595.760644 20111412.315679 -2610914.586278 35000 R10
-5973269.713303 20264026.036168 14287156.090192 49000 R11
8648026.979825 6903725.757645 22998948.951977 36000 R12
-11871906.006937 -2846545.333712 22417562.217871 0 R20
-3760599.609872 14785325.997889 20454888.991458 51000 R21
6780498.902531 23945926.440330 5592075.621179 46000 R22
-14726310.847260 39463631.794900 -1123910.114521 45000 C03
-9256189.349271 26491448.155057 31570287.908836 47000 C07
-19059284.746392 30862799.163155 -21695717.339900 35000 C08
-618250.965706 41409674.759099 -5186404.647849 39000 C09
-332494.143178 28460304.334999 31529382.433077 39000 C10
-14515107.168567 31548014.350302 -23917955.987788 44000 C13
-5680122.232291 38720700.309180 -14893345.107304 42000 C16
time 2025/01/17 09:50:07.000
-14396912.040480 5955503.757802 21935786.125712 39000 G02
-7304552.551780 21812582.596136 -12339071.458354 45000 G07
-4667757.025873 18705677.464856 18212920.180334 48000 G14
3838575.470818 17788557.096490 19679333.387529 34000 G17
14136176.730030 18941525.570717 12406805.269151 26000 G19
587886.479435 26333014.574742 -1816111.545846 37000 G30
-15547269.061800 20111207.795225 -2614447.431417 36000 R10
-5974292.986552 20265697.737406 14284354.490957 48000 R11
8646205.787935 6906288.303707 22998865.536690 36000 R12
-11873079.009543 -2849382.755105 22416583.870308 0 R20
-3761611.865868 14782711.101835 20456590.959719 51000 R21
6780361.361923 23945160.543725 5595540.535834 46000 R22
-14726315.154560 39463630.515018 -1123848.096279 45000 C03
-9257199.781098 26491263.980920 31570132.416795 47000 C07
-19059170.430844 30864416.452996 -21693527.945246 35000 C08
-617041.180191 41409354.209333 -5188902.370102 39000 C09
-333423.795846 28459904.918789 31529705.554355 39000 C10
-14515109.122678 31549539.292596 -23915972.739002 44000 C13
-5679043.731244 38719967.765461 -14895631.336882 42000 C16
time 2025/01/17 09:50:08.000
-14397377.201412 5952865.566485 21936244.940111 39000 G02
-7304974.336554 21810935.784176 -12341666.409676 46000 G07
-4669808.029165 18706772.713553 18211241.369008 48000 G14
3836409.769159 17787476.214838 19680782.839874 35000 G17
14134732.817803 18940854.114415 12409402.803025 27000 G19
587484.044181 26332791.737086 -1819235.892711 37000 G30
-15546942.104081 20111002.853616 -2617980.214068 36000 R10
-5975315.904229 20267369.208679 14281552.548443 48000 R11
8644384.808532 6908850.986549 22998781.570052 35000 R12
-11874252.204630 -2852219.952299 22415604.985586 0 R20
-3762624.433018 14780096.077503 20458292.437246 51000 R21
6780223.582786 23944394.219401 5599005.316050 46000 R22
-14726319.461887 39463629.235350 -1123786.072049 45000 C03
-9258210.240035 26491079.954909 31569976.757771 47000 C07
-19059055.880160 30866033.727344 -21691338.436066 35000 C08
-615831.441336 41409033.476313 -5191400.063903 39000 C09
-334353.506793 28459505.641484 31530028.511633 39000 C10
-14515110.854398 31551064.235196 -23913989.363060 44000 C13
-5677965.336409 38719235.060141 -14897917.485577 42000 C16
time 2025/01/17 09:50:09.000
-14397842.529089 5950227.352888 21936703.305606 39000 G02
-7305396.236666 21809288.660949 -12344261.084372 46000 G07
-4671858.797789 18707867.961182 18209562.168546 49000 G14
3834243.850875 17786395.375519 19682231.884830 35000 G17
14133288.586575 18940182.572499 12412000.076815 29000 G19
587081.566803 26332568.527781 -1822360.200160 37000 G30
-15546614.887552 20110797.490817 -2621512.934163 35000 R10
-5976338.466351 20269040.449906 14278750.262712 48000 R11
8642564.041662 6911413.806102 22998697.052063 35000 R12
-11875425.592144 -2855056.925215 22414625.563725 0 R20
-3763637.311323 14777480.924981 20459993.424003 51000 R21
6780085.565059 23943627.467407 5602469.961756 45000 R22
-14726323.769240 39463627.955895 -1123724.041833 45000 C03
-9259220.726063 26490896.077028 31569820.931762 47000 C07
-19058941.094342 30867650.986161 -21689148.812376 35000 C08
-614621.749167 41408712.560043 -5193897.729242 39000 C09
-335283.275998 28459106.503094 31530351.304908 39000 C10
-14515112.363729 31552589.178067 -23912005.859977 44000 C13
-5676887.047807 38718502.193233 -14900203.553385 42000 C16
time 2025/01/17 09:50:10.000
-14398308.023511 5947589.117052 21937161.222194 38000 G02
-7305818.252154 21807641.226497 -12346855.482388 46000 G07
-4673909.331712 18708963.207690 18207882.578980 49000 G14
3832077.716001 17785314.578579 19683680.522374 35000 G17
586679.047249 26332344.946835 -1825484.468144 37000 G30
-15546287.412283 20110591.706794 -2625045.591618 36000 R10
-5977360.672933 20270711.461007 14275947.633826 48000 R11
8640743.487383 6913976.762284 22998611.982728 34000 R12
-11876599.172029 -2857893.673770 22413645.604751 0 R20
-3764650.500783 14774865.644362 20461693.919951 51000 R21
6779947.308684 23942860.287791 5605934.472873 45000 R22
-14726328.076620 39463626.676655 -1123662.005631 45000 C03
-9260231.239163 26490712.347281 31569664.938769 47000 C07
-19058826.073392 30869268.229421 -21686959.074178 35000 C08
-613412.103710 41408391.460531 -5196395.366104 39000 C09
-336213.103443 28458707.503626 31530673.934179 39000 C10
-14515113.650669 31554114.121183 -23910022.229755 44000 C13
-5675808.865461 38717769.164752 -14902489.540293 42000 C16
time 2025/01/17 09:50:11.000
-14398773.684672 5944950.859067 21937618.689862 38000 G02
-7306240.383055 21805993.480869 -12349449.603652 46000 G07
-4675959.630896 18710058.453021 18206202.600352 49000 G14
3829911.364579 17784233.824071 19685128.752474 36000 G17
586276.485477 26332120.994257 -1828608.696564 37000 G30
-15545959.678340 20110385.501515 -2628578.186337 36000 R10
-5978382.523988 20272382.241893 14273144.661862 48000 R11
8638923.145754 6916539.855007 22998526.362047 33000 R12
-11877772.944224 -2860730.197866 22412665.108693 0 R20
-3765664.001397 14772250.235746 20463393.925043 51000 R21
6779808.813600 23942092.680605 5609398.849303 45000 R22
-14726332.384027 39463625.397628 -1123599.963442 45000 C03
-9261241.779309 26490528.765671 31569508.778794 47000 C07
-19058710.817314 30870885.457076 -21684769.221502 35000 C08
-612202.504993 41408070.177783 -5198892.974473 39000 C09
-337142.989103 28458308.643090 31530996.399443 39000 C10
-14515114.715220 31555639.064506 -23908038.472412 44000 C13
-5674730.789399 38717035.974716 -14904775.446281 42000 C16
time 2025/01/17 09:50:12.000
-14399239.512573 5942312.578979 21938075.708607 38000 G02
-7306662.629410 21804345.424095 -12352043.448128 46000 G07
-4678009.695322 18711153.697129 18204522.232686 48000 G14
3827744.796631 17783153.112034 19686576.575115 36000 G17
585873.881435 26331896.670057 -1831732.885377 37000 G30
-15545631.685789 20110178.874943 -2632110.718266 36000 R10
-5979404.019535 20274052.792492 14270341.346870 48000 R11
8637103.016820 6919103.084207 22998440.190023 32000 R12
-11878946.908693 -2863566.497464 22411684.075560 0 R20
-3766677.813169 14769634.699209 20465093.439251 51000 R21
6779670.079748 23941324.645893 5612863.090989 44000 R22
-14726336.691460 39463624.118814 -1123537.915267 45000 C03
-9262252.346486 26490345.332203 31569352.451836 47000 C07
-19058595.326108 30872502.669109 -21682579.254336 36000 C08
-610992.953036 41407748.711804 -5201390.554353 39000 C09
-338072.932964 28457909.921491 31531318.700699 39000 C10
-14515115.557381 31557164.008012 -23906054.587948 44000 C13
-5673652.819635 38716302.623135 -14907061.271354 41000 C16
time 2025/01/17 09:50:13.000
-14399705.507211 5939674.276856 21938532.278420 38000 G02
-7307084.991252 21802697.056232 -12354637.015735 46000 G07
-4680059.524941 18712248.939955 18202841.476027 49000 G14
3825578.012217 17782072.442529 19688023.990253 35000 G17
585471.235078 26331671.974242 -1834857.034498 37000 G30
-15545303.434700 20109971.827047 -2635643.187295 37000 R10
-5980425.159582 20275723.112709 14267537.688934 49000 R11
8635283.100640 6921666.449796 22998353.466658 31000 R12
-11880121.065364 -2866402.572447 22410702.505389 0 R20
-3767691.936094 14767019.034866 20466792.462522 51000 R21
6779531.107069 23940556.183711 5616327.197819 45000 R22
-14726340.998921 39463622.840214 -1123475.861106 45000 C03
-9263262.940665 26490162.046880 31569195.957898 47000 C07
-19058479.599777 30874119.865478 -21680389.172703 36000 C08
-609783.447876 41407427.062603 -5203888.105705 39000 C09
-339002.935003 28457511.338841 31531640.837945 39000 C10
-14515116.177152 31558688.951660 -23904070.576384 45000 C13
-5672574.956201 38715569.110030 -14909347.015483 42000 C16
time 2025/01/17 09:50:14.000
-14400171.668582 5937035.952764 21938988.399295 37000 G02
-7307507.468621 21801048.377317 -12357230.306425 45000 G07
-4682109.119728 18713344.181449 18201160.330407 48000 G14
3823411.011373 17780991.815604 19689470.997866 36000 G17
585068.546357 26331446.906822 -1837981.143872 37000 G30
-15544974.925141 20109764.357793 -2639175.593341 37000 R10
-5981445.944148 20277393.202468 14264733.688113 49000 R11
8633463.397261 6924229.951705 22998266.191953 29000 R12
-11881295.414190 -2869238.422748 22409720.398197 0 R20
-3768706.370173 14764403.242802 20468490.994820 51000 R21
6779391.895501 23939787.294106 5619791.169722 44000 R22
-14726345.306407 39463621.561828 -1123413.800961 46000 C03
-9264273.561829 26489978.909707 31569039.296978 47000 C07
-19058363.638324 30875737.046144 -21678198.976620 36000 C08
-608573.989540 41407105.230186 -5206385.628519 39000 C09
-339932.995200 28457112.895145 31531962.811180 38000 C10
-14515116.574533 31560213.895422 -23902086.437729 45000 C13
-5671497.199121 38714835.435415 -14911632.678656 42000 C16
time 2025/01/17 09:50:15.000
-14400637.996685 5934397.606764 21939444.071224 37000 G02
-7307930.061556 21799399.387387 -12359823.320145 46000 G07
-4684158.479657 18714439.421561 18199478.795854 49000 G14
3821243.794124 17779911.231299 19690917.597933 35000 G17
584665.815223 26331221.467805 -1841105.213440 37000 G30
-15544646.157176 20109556.467144 -2642707.936350 37000 R10
-5982466.373250 20279063.061688 14261929.344468 49000 R11
8631643.906746 6926793.589845 22998178.365912 28000 R12
-11882469.955122 -2872074.048300 22408737.754005 0 R20
-3769721.115409 14761787.323101 20470189.036109 51000 R21
6779252.444986 23939017.977121 5623255.006643 44000 R22
-14726349.613920 39463620.283655 -1123351.734830 46000 C03
-9265284.209959 26489795.920685 31568882.469078 47000 C07
-19058247.441751 30877354.211091 -21676008.666075 36000 C08
-607364.578044 41406783.214557 -5208883.122803 39000 C09
-340863.113540 28456714.590410 31532284.620402 39000 C10
-14515116.749525 31561738.839273 -23900102.171981 45000 C13
-5670419.548411 38714101.599302 -14913918.260877 41000 C16
time 2025/01/17 09:50:16.000
-14401104.491520 5931759.238906 21939899.294203 37000 G02
-7308352.770094 21797750.086487 -12362416.056838 45000 G07
-4686207.604699 18715534.660243 18197796.872398 49000 G14
3819076.360507 17778830.689665 19692363.790429 34000 G17
584263.041626 26330995.657198 -1844229.243148 36000 G30
-15544317.130874 20109348.155069 -2646240.216227 37000 R10
-5983486.446905 20280732.690293 14259124.658054 49000 R11
8629824.629365 6929357.363828 22998089.988547 0 R12
-11883644.688103 -2874909.449019 22407754.572837 0 R20
-3770736.171806 14759171.275852 20471886.586354 51000 R21
6779112.755463 23938248.232810 5626718.708480 43000 R22
-14726353.921460 39463619.005696 -1123289.662714 46000 C03
-9266294.885036 26489613.079819 31568725.474197 47000 C07
-19058131.010059 30878971.360276 -21673818.241091 36000 C08
-606155.213413 41406461.015722 -5211380.588545 39000 C09
-341793.290001 28456316.424646 31532606.265609 39000 C10
-14515116.702127 31563263.783182 -23898117.779149 45000 C13
-5669342.004094 38713367.601705 -14916203.762132 41000 C16
time 2025/01/17 09:50:18.000
-14402037.981362 5926482.437954 21940808.393266 37000 G02
-7309198.534122 21794450.551976 -12367600.698857 46000 G07
-4690305.149939 18717725.133074 18194431.858968 49000 G14
3814740.844404 17776669.734643 19695254.952542 37000 G17
583457.366869 26330542.921258 -1850477.182605 36000 G30
-15543658.303534 20108930.266505 -2653304.586191 37000 R10
-5985525.527907 20284071.255279 14253514.257271 49000 R11
8626186.713100 6934485.320593 22997911.579800 0 R12
-11885994.729977 -2880579.575589 22405786.599684 0 R20
-3772767.218051 14753938.799156 20475280.213503 51000 R21
6778832.659161 23936707.462421 5633645.706510 43000 R22
-14726362.536619 39463616.450419 -1123165.500530 45000 C03
-9268316.315918 26489247.842575 31568410.983502 47000 C07
-19057897.441333 30882205.611203 -21669437.047880 36000 C08
-603736.624888 41405816.068469 -5216375.434281 39000 C09
-343653.817190 28455520.510068 31533249.063966 38000 C10
-14515115.940162 31566313.671005 -23894148.612332 45000 C13
-5667187.234760 38711899.122140 -14920774.521647 41000 C16
time 2025/01/17 09:50:19.000
-14402504.976362 5923844.005000 21941262.269334 37000 G02
-7309621.589686 21792800.318458 -12370192.604056 45000 G07
-4692353.570066 18718820.367114 18192748.769067 49000 G14
3812572.761997 17775589.321355 19696699.922103 37000 G17
14118828.731798 18933462.456981 12437958.496913 26000 G19
583054.465615 26330315.995944 -1853601.092209 35000 G30
-15543328.502634 20108720.689950 -2656836.676088 37000 R10
-5986544.535280 20285740.191489 14250708.543043 50000 R11
8624368.074549 6937049.502901 22997821.548434 0 R12
-11887170.038755 -2883414.301265 22404801.807750 0 R20
-3773783.207897 14751322.369901 20476976.290321 51000 R21
6778692.252260 23935936.436442 5637109.002537 43000 R22
-14726366.844237 39463615.173101 -1123103.410463 45000 C03
-9269327.071678 26489065.446204 31568253.487689 47000 C07
-19057780.304303 30883822.712870 -21667246.279685 36000 C08
-602527.401051 41405493.320065 -5218872.814242 39000 C09
-344584.167877 28455122.761271 31533570.217113 38000 C10
-14515115.225596 31567838.614853 -23892163.838369 45000 C13
-5666110.009794 38711164.640206 -14923059.779873 41000 C16
time 2025/01/17 09:50:20.000
-14402972.138080 5921205.550465 21941715.696419 36000 G02
-7310044.761003 21791149.774147 -12372784.231985 45000 G07
-4694401.755166 18719915.599507 18191065.290413 49000 G14
3810404.463399 17774508.950943 19698144.483968 37000 G17
582651.521711 26330088.699077 -1856724.961658 35000 G30
-15542998.443668 20108510.691834 -2660368.702511 37000 R10
-5987563.187261 20287408.896742 14247902.486332 50000 R11
8622549.649122 6939613.821054 22997730.965741 0 R12
-11888345.539362 -2886248.801778 22403816.478939 0 R20
-3774799.508896 14748705.813487 20478671.875924 51000 R21
6778551.606115 23935164.983337 5640572.163141 43000 R22
-14726371.151883 39463613.895996 -1123041.314412 45000 C03
-9270337.854291 26488883.198005 31568095.824900 47000 C07
-19057662.932165 30885439.798634 -21665055.397103 36000 C08
-601318.224194 41405170.388483 -5221370.165590 39000 C09
-345514.576599 28454725.151479 31533891.206235 38000 C10
-14515114.288641 31569363.558622 -23890178.937376 45000 C13
-5665032.891317 38710429.996851 -14925344.957080 41000 C16
time 2025/01/17 09:50:21.000
-14403439.466512 5918567.074418 21942168.674514 36000 G02
-7310468.048109 21789498.919086 -12375375.582583 45000 G07
-4696449.705206 18721010.830201 18189381.423039 50000 G14
3808235.948639 17773428.623453 19699588.638116 37000 G17
582248.535110 26329861.030667 -1859848.790881 35000 G30
-15542668.126703 20108300.272121 -2663900.665384 37000 R10
-5988581.483862 20289077.370954 14245096.087206 50000 R11
8620731.436873 6942178.274976 22997639.831724 0 R12
-11889521.231736 -2889083.077033 22402830.613278 0 R20
-3775816.121049 14746089.130009 20480366.970270 51000 R21
6778410.720664 23934393.103154 5644035.188246 43000 R22
-14726375.459554 39463612.619104 -1122979.212379 45000 C03
-9271348.663740 26488701.097981 31567937.995134 47000 C07
-19057545.324920 30887056.868471 -21662864.400133 36000 C08
-600109.094342 41404847.273728 -5223867.488321 38000 C09
-346445.043342 28454327.680699 31534212.031333 39000 C10
-14515113.129296 31570888.502281 -23888193.909363 45000 C13
-5663955.879357 38709695.192092 -14927630.053252 41000 C16
time 2025/01/17 09:50:22.000
-14403906.961657 5915928.576928 21942621.203609 37000 G02
-7310891.451042 21787847.753324 -12377966.655784 45000 G07
-4698497.420145 18722106.059138 18187697.166989 50000 G14
3806067.217772 17772348.338942 19701032.384510 36000 G17
581845.505761 26329632.990721 -1862972.579831 34000 G30
-15542337.551809 20108089.430781 -2667432.564602 37000 R10
-5989599.425096 20290745.614039 14242289.345740 50000 R11
8618913.437864 6944742.864575 22997548.146386 0 R12
-11890697.115829 -2891917.126962 22401844.210786 0 R20
-3776833.044352 14743472.319566 20482061.573315 51000 R21
6778269.595849 23933620.795945 5647498.077753 43000 R22
-14726379.767252 39463611.342427 -1122917.104363 45000 C03
-9272359.499997 26488519.146138 31567779.998394 47000 C07
-19057427.482572 30888673.922329 -21660673.288810 35000 C08
-598900.011529 41404523.975809 -5226364.782400 38000 C09
-347375.568079 28453930.348940 31534532.692403 39000 C10
-14515111.747563 31572413.445795 -23886208.754344 45000 C13
-5662878.973937 38708960.225948 -14929915.068371 41000 C16
time 2025/01/17 09:50:24.000
-14404842.452075 5910651.517848 21943524.914779 39000 G02
-7311738.604538 21784544.489854 -12383147.969781 44000 G07
-4702592.144613 18724296.511543 18184327.488979 50000 G14
3801729.107854 17770187.899043 19703918.653932 38000 G17
581039.318644 26329175.796264 -1869220.036550 35000 G30
-15541675.628499 20107666.483079 -2674496.171772 36000 R10
-5991634.241527 20294081.406504 14236674.836034 50000 R11
8615278.079741 6949872.450546 22997363.121755 0 R12
-3778867.824410 14738238.318153 20485449.305345 51000 R21
6777986.627887 23932074.900647 5654423.449662 44000 R22
-14726388.382726 39463608.789711 -1122792.870384 45000 C03
-9274381.252860 26488155.687004 31567463.503991 47000 C07
-19057191.092575 30891907.981994 -21656290.723122 35000 C08
-596481.987104 41403876.830501 -5231359.284605 38000 C09
-349236.791467 28453136.102518 31535173.522454 39000 C10
-14515108.316929 31575463.332263 -23882238.063323 44000 C13
-5660725.482813 38707489.809558 -14934484.855409 41000 C16
time 2025/01/17 09:50:26.000
-14405778.609311 5905374.373748 21944426.829870 40000 G02
-7312586.221792 21781239.984087 -12388328.173501 44000 G07
-4706685.928306 18726486.956301 18180956.256665 50000 G14
3797390.133952 17768027.631637 19706803.292019 38000 G17
580232.959972 26328717.115775 -1875467.331310 32000 G30
-15541012.674282 20107241.848462 -2681559.523316 37000 R10
-5993667.636678 20297416.273478 14231058.957743 48000 R11
8611643.575237 6955002.578256 22997175.891866 0 R12
-3780903.849070 14733003.809994 20488835.071693 51000 R21
6777702.701752 23930527.297832 5661348.278236 43000 R22
-14726396.998305 39463606.237850 -1122668.612479 46000 C03
-9276403.112711 26487792.820634 31567146.341696 47000 C07
-19056953.762191 30895141.977370 -21651907.700111 35000 C08
-594064.151137 41403228.952610 -5236353.672093 38000 C09
-351098.246605 28452342.412274 31535813.696376 38000 C10
-14515103.996742 31578513.217772 -23878266.864395 45000 C13
-5658572.418133 38706018.747804 -14939054.318097 41000 C16
time 2025/01/17 09:50:27.000
-14406246.937981 5902735.769970 21944877.113870 39000 G02
-7313010.204422 21779587.265449 -12390917.858862 44000 G07
-4708732.467281 18727582.175679 18179270.057731 50000 G14
3795220.323120 17766947.562750 19708244.999233 38000 G17
579829.716186 26328487.218291 -1878590.917779 30000 G30
-15540680.810754 20107028.898476 -2685091.103014 37000 R10
-5994683.801307 20299083.359694 14228250.505554 48000 R11
8609826.643224 6957567.845071 22997081.449957 0 R12
-3781922.328124 14730386.366121 20490527.217635 51000 R21
6777560.379222 23929752.856234 5664810.488550 43000 R22
-14726401.306134 39463604.962239 -1122606.474554 46000 C03
-9277414.082703 26487611.609745 31566987.510090 47000 C07
-19056834.744360 30896758.950868 -21649716.017132 36000 C08
-592855.303898 41402904.738964 -5238850.822772 37000 C09
-352029.061024 28451945.775743 31536133.537281 39000 C10
-14515101.503065 31580038.160086 -23876281.074493 45000 C13
-5657496.045771 38705282.974956 -14941338.927775 41000 C16
time 2025/01/17 09:50:28.000
-14406715.433347 5900097.145133 21945326.948827 38000 G02
-7313434.303103 21777934.236371 -12393507.266471 45000 G07
-4710778.770958 18728677.392985 18177583.470331 50000 G14
3793050.296410 17765867.537133 19709686.298530 37000 G17
579426.429368 26328256.949326 -1881714.463556 31000 G30
-15540348.689702 20106815.526660 -2688622.618554 36000 R10
-5995699.610656 20300750.214282 14225441.711430 49000 R11
-3782941.118326 14727768.795849 20492218.872031 51000 R21
6777417.816970 23928977.987908 5668272.562771 43000 R22
-14726405.613988 39463603.686842 -1122544.330649 45000 C03
-9278425.079375 26487430.547058 31566828.511514 47000 C07
-19056715.491440 30898375.908187 -21647524.219865 36000 C08
-591646.503856 41402580.342192 -5241347.944726 38000 C09
-352959.933322 28451549.278281 31536453.214149 38000 C10
-14515098.787000 31581563.102059 -23874295.157653 45000 C13
-5656419.780092 38704547.040815 -14943623.456324 40000 C16
time 2025/01/17 09:50:29.000
-14407184.095405 5897458.499308 21945776.334735 36000 G02
-7313858.517872 21776280.896894 -12396096.396271 44000 G07
-4712824.839308 18729772.608166 18175896.494498 50000 G14
3790880.053872 17764787.554843 19711127.189874 35000 G17
579023.099471 26328026.308888 -1884837.968575 28000 G30
-15540016.311194 20106601.732981 -2692154.069858 36000 R10
-5996715.064740 20302416.837160 14222632.575441 50000 R11
-3783960.219673 14725151.099272 20493910.034841 51000 R21
6777275.014937 23928202.692904 5671734.500816 43000 R22
-14726409.921869 39463602.411658 -1122482.180764 45000 C03
-9279436.102704 26487249.632578 31566669.345969 47000 C07
-19056596.003433 30899992.849294 -21645332.308318 35000 C08
-590437.751038 41402255.762301 -5243845.037942 39000 C09
-353890.863471 28451152.919899 31536772.726974 37000 C10
-14515095.848547 31583088.043662 -23872309.113879 45000 C13
-5655343.621118 38703810.945395 -14945907.903736 41000 C16
time 2025/01/17 09:50:31.000
-7314707.295828 21772973.286910 -12401273.822223 37000 G07
-4716916.269927 18731963.031961 18172521.377645 45000 G14
3786538.921564 17762627.720483 19714007.748535 38000 G17
578216.310273 26327563.913646 -1891084.855881 42000 G30
-15539350.782082 20106172.879899 -2699216.779404 38000 R10
-5998744.907183 20305749.387468 14217013.278097 50000 R11
8602561.051307 6967830.263605 22996698.169268 43000 R12
-3785999.355802 14719915.327586 20497290.885537 51000 R21
6776988.691290 23926650.823058 5678657.968061 39000 R22
-14726418.537707 39463599.861930 -1122357.863054 45000 C03
-9281458.229257 26486888.248251 31566350.513969 45000 C07
-19056356.322168 30903226.682733 -21640948.142432 36000 C08
-588020.387280 41401606.053214 -5248839.137901 0 C09
-355752.897253 28450360.620403 31537411.260495 43000 C10
-14515089.304478 31586137.925634 -23868336.645571 38000 C13
-5653191.623386 38702338.270781 -14950476.555093 40000 C16
time 2025/01/17 09:50:32.000
-14408591.081719 5889542.436486 21947121.798095 34000 G02
-7315131.859088 21771319.016496 -12403862.118247 44000 G07
-4718961.632082 18733058.240443 18170833.236737 50000 G14
3784368.031661 17761547.868406 19715447.415935 36000 G17
577812.850849 26327332.158844 -1894208.238240 32000 G30
-15539017.631614 20105957.820430 -2702748.037459 37000 R10
-5999759.295569 20307415.314728 14214203.116888 50000 R11
8600745.187847 6970396.205356 22996600.970857 40000 R12
-3787019.390594 14717297.252637 20498980.573360 51000 R21
6776845.169558 23925874.248317 5682119.497089 44000 R22
-14726422.845666 39463598.587386 -1122295.695230 46000 C03
-9282469.332435 26486707.778412 31566190.847518 46000 C07
-19056236.128915 30904843.574999 -21638755.888115 35000 C08
-586811.776189 41401280.923976 -5251336.145040 38000 C09
-356684.000858 28449964.679301 31537730.281191 37000 C10
-14515085.698862 31587662.865930 -23866350.221070 45000 C13
-5652115.784674 38701601.691619 -14952760.759011 41000 C16
time 2025/01/17 09:50:33.000
-14409060.410528 5886903.707302 21947569.387740 34000 G02
-7315556.538590 21769664.435845 -12406450.136247 44000 G07
-4721006.758814 18734153.446609 18169144.707507 50000 G14
3782196.926179 17760468.059899 19716886.675213 35000 G17
577409.348166 26327100.032612 -1897331.579498 32000 G30
-15538684.223961 20105742.338963 -2706279.230957 36000 R10
-6000773.328757 20309081.009957 14211392.614060 50000 R11
8598929.537972 6972962.282262 22996503.221137 41000 R12
-3788039.736529 14714679.051758 20500669.769436 51000 R21
6776701.407806 23925097.247093 5685580.889626 43000 R22
-14726427.153650 39463597.313056 -1122233.521426 46000 C03
-9283480.462193 26486527.456793 31566031.014098 46000 C07
-19056115.700584 30906460.450929 -21636563.519547 35000 C08
-585603.212526 41400955.611671 -5253833.123184 38000 C09
-357615.162232 28449568.877311 31538049.137837 37000 C10
-14515081.870858 31589187.805740 -23864363.669663 45000 C13
-5651040.052756 38700864.951236 -14955044.881755 41000 C16
time 2025/01/17 09:50:35.000
-14409999.568181 5881626.187002 21948463.219763 31000 G02
-7316406.246460 21766354.344039 -12411625.337882 44000 G07
-4725096.305773 18736343.851721 18165766.484310 50000 G14
3777854.068363 17758308.573649 19719763.969468 36000 G17
576602.212805 26326634.665877 -1903578.138613 34000 G30
-15538016.637371 20105310.109905 -2713341.423873 35000 R10
-6002800.329579 20312411.703961 14205770.583872 50000 R11
8595298.879904 6978094.840214 22996306.067819 42000 R12
-11906001.030405 -2928739.234400 22388972.137737 0 R20
-3790081.361830 14709442.272591 20504046.686180 51000 R21
6776413.164009 23923541.965410 5692503.264841 43000 R22
-14726435.769695 39463594.765034 -1122109.155884 45000 C03
-9285502.801338 26486167.258235 31565710.846360 46000 C07
-19055874.138699 30909694.153610 -21632178.439752 36000 C08
-583186.227301 41400304.437808 -5258826.993045 38000 C09
-359477.658226 28448777.690697 31538686.358977 36000 C10
-14515073.547688 31592237.683728 -23860390.186230 45000 C13
-5648888.909421 38699390.986885 -14959612.883617 41000 C16
time 2025/01/17 09:50:36.000
-14410469.397014 5878987.396043 21948909.462123 32000 G02
-7316831.274897 21764698.832990 -12414212.521372 44000 G07
-4727140.725915 18737439.050552 18164076.790430 50000 G14
3775682.316134 17757228.896020 19721202.004373 36000 G17
576198.580036 26326401.425396 -1906701.356308 34000 G30
-15537682.458573 20105093.362249 -2716872.423086 35000 R10
-6003813.297233 20314076.702552 14202959.056673 50000 R11
8593483.871824 6980661.321093 22996206.664226 42000 R12
-11907179.592786 -2931570.121242 22387978.222138 0 R20
-3791102.641184 14706823.694517 20505734.406751 51000 R21
6776268.681846 23922763.685056 5695964.247324 44000 R22
-14726440.077756 39463593.491344 -1122046.964146 45000 C03
-9286514.010673 26485987.381305 31565550.512045 46000 C07
-19055753.005151 30911310.980275 -21629985.728572 35000 C08
-581977.805804 41399978.576267 -5261323.884706 38000 C09
-360408.992797 28448382.306092 31539004.723464 37000 C10
-14515069.052523 31593762.621831 -23858403.254240 45000 C13
-5647813.498058 38698653.762953 -14961896.762698 41000 C16
time 2025/01/17 09:50:37.000
-14410939.392517 5876348.584613 21949355.255376 31000 G02
-7317256.419722 21763043.011892 -12416799.426577 44000 G07
-4729184.910467 18738534.246836 18162386.708399 50000 G14
3773510.348396 17756149.262111 19722639.631103 36000 G17
575794.903811 26326167.813516 -1909824.532678 34000 G30
-15537348.022863 20104876.192462 -2720403.357384 35000 R10
-6004825.909739 20315741.468767 14200147.188150 50000 R11
8591669.077794 6983227.936457 22996106.709348 42000 R12
-11908358.346054 -2934400.781526 22386983.770076 0 R20
-3792124.231677 14704204.990893 20507421.635411 51000 R21
6776123.959427 23921984.978425 5699425.092957 44000 R22
-14726444.385843 39463592.217866 -1121984.766430 46000 C03
-9287525.246493 26485807.652611 31565390.010767 47000 C07
-19055631.636537 30912927.790454 -21627792.903206 35000 C08
-580769.431748 41399652.531659 -5263820.747517 38000 C09
-361340.385058 28447987.060633 31539322.923895 37000 C10
-14515064.334971 31595287.559300 -23856416.195411 45000 C13
-5646738.193593 38697916.377869 -14964180.560532 41000 C16
time 2025/01/17 09:50:38.000
-14411409.554689 5873709.752765 21949800.599516 33000 G02
-7317681.680973 21761386.880787 -12419386.053445 44000 G07
-4731228.859397 18739629.440519 18160696.238252 50000 G14
3771338.165188 17755069.671974 19724076.849629 36000 G17
575391.184077 26325933.830246 -1912947.667680 34000 G30
-15537013.330307 20104658.600512 -2723934.226676 34000 R10
-6005838.167116 20317406.002527 14197334.978362 50000 R11
8589854.497883 6985794.686204 22996006.203188 42000 R12
-11909537.290162 -2937231.215188 22385988.781567 0 R20
-3793146.133311 14701586.161813 20509108.372119 51000 R21
6775978.996693 23921205.845565 5702885.801665 45000 R22
-14726448.693956 39463590.944602 -1121922.562738 46000 C03
-9288536.508777 26485628.072157 31565229.342524 47000 C07
-19055510.032857 30914544.584116 -21625599.963662 36000 C08
-579561.105160 41399326.303991 -5266317.581461 38000 C09
-362271.834994 28447591.954325 31539640.960268 37000 C10
-14515059.395033 31596812.496110 -23854429.009744 45000 C13
-5645662.996047 38697178.831645 -14966464.277116 41000 C16
time 2025/01/17 09:50:40.000
-14412350.379030 5868432.028078 21950689.940429 31000 G02
-7318532.552901 21758073.688720 -12424558.471941 44000 G07
-4735316.050271 18741819.819882 18157314.133742 50000 G14
3766993.152509 17752910.623202 19726950.061970 37000 G17
14088359.250405 18919322.614098 12492386.248660 29000 G19
574583.613900 26325464.749572 -1919193.813292 33000 G30
-15536343.174931 20104222.149986 -2730995.769923 34000 R10
-6007861.616546 20320734.372354 14191709.535250 50000 R11
8586225.980587 6990928.588594 22995803.537029 42000 R12
-11911895.750675 -2942891.402323 22383997.195305 0 R20
-3795190.870001 14696348.127642 20512480.369529 51000 R21
6775688.350038 23919646.301352 5709806.808001 45000 R22
-14726457.310258 39463588.398713 -1121798.137422 46000 C03
-9290559.112655 26485269.355985 31564907.505151 47000 C07
-19055266.120311 30917778.121750 -21621213.742086 36000 C08
-577144.594482 41398673.299499 -5271311.162724 38000 C09
-364134.907807 28446802.159197 31540276.540834 37000 C10
-14515048.847997 31599862.367625 -23850454.257942 45000 C13
-5643512.921804 38695703.255843 -14971031.466483 41000 C16
time 2025/01/17 09:50:42.000
-14413291.870018 5863154.222473 21951577.484810 30000 G02
-7319383.890988 21754759.257115 -12429729.776424 44000 G07
-4739402.298308 18744010.188232 18153930.477157 50000 G14
3762647.278379 17750751.750082 19729821.641196 36000 G17
14085450.063771 18917974.026193 12497563.828847 27000 G19
573775.869121 26324994.183445 -1925439.792618 35000 G30
-15535671.992982 20103784.010402 -2738057.052196 33000 R10
-6009883.645655 20324061.811393 14186082.727838 50000 R11
8582598.320291 6996063.027734 22995598.665766 42000 R12
-11914254.973903 -2948550.682047 22382003.463532 0 R20
-3797236.851262 14691109.592720 20515850.398683 51000 R21
6775396.741407 23918085.052807 5716727.265711 45000 R22
-14726465.926662 39463585.853676 -1121673.688199 46000 C03
-9292581.822150 26484911.232815 31564584.999931 47000 C07
-19055021.267532 30921011.592929 -21616827.063904 36000 C08
-574728.273969 41398019.562839 -5276304.628421 38000 C09
-365998.211090 28446012.920766 31540911.465152 37000 C10
-14515037.411417 31602912.236138 -23846478.998892 45000 C13
-5641363.275500 38694227.035658 -14975598.330736 41000 C16
time 2025/01/17 09:50:44.000
-14414234.027621 5857876.336522 21952463.232592 29000 G02
-7320235.695521 21751443.586359 -12434899.966365 44000 G07
-4743487.603200 18746200.545124 18150545.268818 50000 G14
3758300.543187 17748593.053042 19732691.587039 37000 G17
572967.949364 26324522.131941 -1931685.605093 35000 G30
-15534999.785010 20103344.181497 -2745118.072774 32000 R10
-6011904.254541 20327388.318942 14180454.556730 50000 R11
8578971.517454 7001198.002945 22995391.589419 42000 R12
-11916614.959389 -2954209.053673 22380007.586453 0 R20
-3799284.077066 14685870.557859 20519218.459219 51000 R21
6775104.170326 23916522.100345 5723647.174058 45000 R22
-14726474.543168 39463583.309492 -1121549.215074 46000 C03
-9294604.637066 26484553.702681 31564261.826871 47000 C07
-19054775.474542 30924244.997343 -21612439.929259 37000 C08
-572312.143857 41397365.094070 -5281297.978394 38000 C09
-367861.744657 28445224.239109 31541545.733199 37000 C10
-14515025.085294 31605962.101357 -23842503.232724 45000 C13
-5639214.057348 38692750.171233 -14980164.869724 41000 C16
time 2025/01/17 09:50:45.000
-14414705.356393 5855237.363592 21952905.432739 29000 G02
-7320661.772800 21749785.286404 -12437484.643241 43000 G07
-4745529.901890 18747295.719143 18148852.082824 50000 G14
3756126.852781 17747513.770670 19734125.947380 37000 G17
572563.923748 26324285.549194 -1934808.448596 35000 G30
-15534663.296434 20103123.633466 -2748648.484720 32000 R10
-6012914.026439 20329051.223203 14177639.959954 50000 R11
8577158.437708 7003765.691390 22995287.224346 42000 R12
-11917795.237840 -2957037.898744 22379008.843486 0 R20
-3800308.156670 14683250.853181 20520901.751158 51000 R21
6774957.523719 23915739.985268 5727106.922025 44000 R22
-14726478.851459 39463582.037720 -1121486.969549 46000 C03
-9295616.084006 26484375.160011 31564099.989904 47000 C07
-19054652.225474 30925861.674434 -21610246.190785 37000 C08
-571104.150269 41397037.585161 -5283794.609950 37000 C09
-368793.597750 28444830.107089 31541862.621118 37000 C10
-14515018.588655 31607487.032653 -23840515.159494 45000 C13
-5638139.608885 38692011.497466 -14982448.017221 41000 C16
time 2025/01/17 09:50:46.000
-14415176.851808 5852598.370782 21953347.183712 31000 G02
-7321087.966803 21748126.676789 -12440069.041308 43000 G07
-4747571.964701 18748390.890141 18147158.508995 50000 G14
3753952.947224 17746434.532464 19735559.899295 37000 G17
572159.854248 26324048.595133 -1937931.250167 35000 G30
-15534326.551555 20102902.663005 -2752178.830994 30000 R10
-6013923.443329 20330713.894345 14174825.022453 50000 R11
8575345.572487 7006333.513616 22995182.308010 42000 R12
-11918975.706692 -2959866.516553 22378009.564264 0 R20
-3801332.547409 14680631.023798 20522584.550824 51000 R21
6774810.636321 23914957.444360 5730566.532407 44000 R22
-14726483.159775 39463580.766161 -1121424.718050 46000 C03
-9296627.557237 26484196.765612 31563937.985978 46000 C07
-19054528.741361 30927478.334726 -21608052.338234 37000 C08
-569896.204361 41396709.893244 -5286291.212536 37000 C09
-369725.508357 28444436.114285 31542179.344964 37000 C10
-14515011.869631 31609011.963032 -23838526.959513 45000 C13
-5637065.267530 38691272.662685 -14984731.083364 41000 C16
time 2025/01/17 09:50:47.000
-14415648.513871 5849959.358112 21953788.485513 31000 G02
-7321514.277570 21746467.757550 -12442653.160522 43000 G07
-4749613.791608 18749486.058071 18145464.547356 50000 G14
3751778.826540 17745355.338465 19736993.442767 37000 G17
571755.740807 26323811.269761 -1941054.009794 35000 G30
-15533989.550442 20102681.270079 -2755709.111513 29000 R10
-6014932.505229 20332376.332294 14172009.744279 51000 R11
8573532.921827 7008901.469568 22995076.840412 42000 R12
-11920156.365894 -2962694.907030 22377009.748806 0 R20
-3802357.249287 14678011.069788 20524266.858185 51000 R21
6774663.508073 23914174.477668 5734026.005143 44000 R22
-14726487.468117 39463579.494815 -1121362.460575 46000 C03
-9297639.056746 26484018.519485 31563775.815095 46000 C07
-19054405.022204 30929094.978205 -21605858.371596 37000 C08
-568688.306156 41396382.018324 -5288787.786148 37000 C09
-370657.476459 28444042.260705 31542495.904736 37000 C10
-14515004.928222 31610536.892470 -23836538.632780 45000 C13
-5635991.033303 38690533.666902 -14987014.068151 41000 C16
time 2025/01/17 09:50:48.000
-14416120.342576 5847320.325658 21954229.338133 32000 G02
-7321940.705138 21744808.528729 -12445237.000825 43000 G07
-4751655.382583 18750581.222879 18143770.197943 50000 G14
3749604.490778 17744276.188727 19738426.577763 36000 G17
571351.583383 26323573.573090 -1944176.727372 34000 G30
-15533652.293159 20102459.454656 -2759239.326216 29000 R10
-6015941.212157 20334038.536968 14169194.125496 51000 R11
8571720.485782 7011469.559166 22994970.821555 41000 R12
-11921337.215394 -2965523.070101 22376009.397136 0 R20
-3803382.262303 14675390.991244 20525948.673203 51000 R21
6774516.138915 23913391.085240 5737485.340152 43000 R22
-14726491.776484 39463578.223682 -1121300.197126 46000 C03
-9298650.582507 26483840.421634 31563613.477254 47000 C07
-19054281.068006 30930711.604839 -21603664.290877 37000 C08
-567480.455678 41396053.960408 -5291284.330777 37000 C09
-371589.502041 28443648.546354 31542812.300435 37000 C10
-14514997.764429 31612061.820935 -23834550.179307 45000 C13
-5634916.906221 38689794.510130 -14989296.971583 41000 C16
time 2025/01/17 09:50:49.000
-14416592.337916 5844681.273515 21954669.741559 32000 G02
-7322367.249541 21743148.990386 -12447820.562132 43000 G07
-4753696.737573 18751676.384505 18142075.460805 50000 G14
3747429.939989 17743197.083306 19739859.304246 37000 G17
570947.381931 26323335.505132 -1947299.402814 34000 G30
-15533314.779778 20102237.216704 -2762769.474984 29000 R10
-6016949.564119 20335700.508271 14166378.166198 51000 R11
8569908.264431 7014037.782293 22994864.251444 42000 R12
-11922518.255128 -2968351.005666 22375008.509283 0 R20
-3804407.586448 14672770.788286 20527629.995821 51000 R21
6774368.528789 23912607.267135 5740944.537317 42000 R22
-14726496.084876 39463576.952762 -1121237.927704 46000 C03
-9299662.134493 26483662.472065 31563450.972459 47000 C07
-19054156.878770 30932328.214576 -21601470.096112 37000 C08
-566272.652966 41395725.719506 -5293780.846383 37000 C09
-372521.585069 28443254.971248 31543128.532054 37000 C10
-14514990.378251 31613586.748381 -23832561.599121 45000 C13
-5633842.886321 38689055.192392 -14991579.793619 41000 C16
time 2025/01/17 09:50:50.000
-14417064.499881 5842042.201779 21955109.695778 35000 G02
-7322793.910817 21741489.142561 -12450403.844390 41000 G07
-4755737.856563 18752771.542903 18140380.335964 46000 G14
3745255.174227 17742118.022256 19741291.622180 35000 G17
14073800.570777 18912576.330073 12518263.666058 36000 G19
570543.136411 26323097.065899 -1950422.036001 31000 G30
-15532977.010372 20102014.556192 -2766299.557684 34000 R10
-6017957.561123 20337362.246109 14163561.866468 51000 R11
8568096.257785 7016606.138931 22994757.130078 40000 R12
-3805433.221717 14670150.461014 20529310.825993 51000 R21
6774220.677637 23911823.023404 5744403.596549 47000 R22
-14726500.393293 39463575.682055 -1121175.652308 46000 C03
-9300673.712682 26483484.670782 31563288.300709 46000 C07
-19054032.454498 30933944.807379 -21599275.787318 36000 C08
-565064.898024 41395397.295617 -5296277.333001 35000 C09
-373453.725523 28442861.535393 31543444.599590 43000 C10
-14514982.769690 31615111.674782 -23830572.892225 39000 C13
-5632768.973618 38688315.713699 -14993862.534264 40000 C16
time 2025/01/17 09:50:52.000
-14418009.323716 5836763.999570 21955988.256608 35000 G02
-7323647.584136 21738168.518638 -12455569.571532 41000 G07
-4759819.386342 18754961.849767 18136988.923373 46000 G14
3740904.997876 17739960.033437 19744155.032335 35000 G17
14070885.011454 18911226.072214 12523436.001985 37000 G19
569734.512934 26322619.073625 -1956667.175642 31000 G30
-15532300.703738 20101567.967348 -2773359.524718 34000 R10
-6019972.490355 20340685.021113 14157928.245889 51000 R11
8564472.888961 7021743.252223 22994541.233601 40000 R12
-3807485.425644 14664909.433851 20532671.008879 51000 R21
6773924.252014 23910253.259255 5751321.300917 48000 R22
-14726509.010203 39463573.141280 -1121051.083598 46000 C03
-5396607.730124 39149641.858149 -14171801.059087 0 C06
-9302696.947587 26483129.513084 31562962.456348 46000 C07
-19053782.900860 30937177.942057 -21594886.827673 36000 C08
-562649.531650 41394739.898932 -5301270.219026 35000 C09
-375318.178653 28442075.081460 31544076.242416 43000 C10
-14514966.885415 31618161.524300 -23826595.098373 39000 C13
-5630621.469929 38686836.273528 -14998427.771267 40000 C16
time 2025/01/17 09:50:54.000
-14418954.814054 5831485.719564 21956865.020564 31000 G02
-7324501.725398 21734846.657297 -12460734.181795 43000 G07
-4763899.971671 18757152.143056 18133595.960444 50000 G14
3736553.962047 17737802.222666 19747016.808003 38000 G17
568925.712574 26322139.596343 -1962912.145732 32000 G30
-15531623.373788 20101119.687850 -2780419.226798 30000 R10
-6021985.999975 20344006.861319 14152293.264301 50000 R11
8560850.379769 7026880.898364 22994323.132148 42000 R12
-11928426.305355 -2982487.267994 22369996.028167 0 R20
-3809538.874084 14659667.910493 20536029.221546 51000 R21
6773626.861569 23908681.793178 5758238.452672 36000 R22
-14726517.627213 39463570.601356 -1120926.490999 46000 C03
-9304720.287055 26482774.948570 31562635.944178 47000 C07
-19053532.407109 30940411.008626 -21590497.412000 37000 C08
-560234.356768 41394081.770405 -5306262.988747 37000 C09
-377182.861272 28441289.184619 31544707.228901 37000 C10
-14514950.111608 31621211.369237 -23822616.797829 45000 C13
-5628474.395331 38685356.189736 -15002992.682513 41000 C16
time 2025/01/17 09:50:55.000
-14419427.809146 5828846.550593 21957302.728689 31000 G02
-7324928.971600 21733185.262703 -12463316.067952 43000 G07
-4765939.910104 18758247.284487 18131898.897677 50000 G14
3734378.121925 17736723.384169 19748447.082838 38000 G17
568521.245947 26321899.300849 -1966034.566998 31000 G30
-15531284.325244 20100894.914026 -2783948.978212 31000 R10
-6022992.222469 20345667.430665 14149475.263296 50000 R11
8559039.447625 7029449.921115 22994213.254560 42000 R12
-11929608.485334 -2985313.836820 22368991.923735 0 R20
-3810566.064992 14657046.962982 20537707.588944 50000 R21
6773477.804392 23907895.422049 5761696.821079 36000 R22
-14726521.935755 39463569.331714 -1120864.185741 46000 C03
-9305731.995946 26482597.888767 31562472.437665 47000 C07
-19053406.807698 30942027.516274 -21588302.533196 37000 C08
-559026.841185 41393752.431713 -5308759.329998 37000 C09
-378115.288587 28440896.445130 31545022.476010 37000 C10
-14514941.391130 31622736.289915 -23820627.457565 45000 C13
-5627401.018997 38684615.906519 -15005275.015954 41000 C16
time 2025/01/17 09:50:57.000
-14420374.299174 5823568.154973 21958176.797209 31000 G02
-7325783.815331 21729861.545897 -12468479.002008 43000 G07
-4770019.078318 18760437.556643 18128503.609735 50000 G14
3730025.797481 17734565.841211 19751306.406360 38000 G17
567712.179554 26321417.596198 -1972279.281720 29000 G30
-15530605.461360 20100444.098065 -2791008.281355 31000 R10
-6025003.602897 20348987.867427 14143838.241211 50000 R11
8555418.228553 7034588.365516 22993991.845675 43000 R12
-11931973.414779 -2990966.290177 22366982.106859 0 R20
-3812621.380176 14651804.696765 20541062.845668 51000 R21
6773178.965832 23906321.403861 5768613.142540 36000 R22
-14726530.552915 39463566.793068 -1120739.557312 46000 C03
-9307755.491934 26482244.214084 31562144.923790 47000 C07
-19053154.903817 30945260.480150 -21583912.433678 37000 C08
-556611.953893 41393093.205511 -5313751.925164 36000 C09
-379980.315124 28440111.384055 31545652.477949 36000 C10
-14514923.283027 31625786.127518 -23816648.397117 45000 C13
-5625254.588380 38683134.857521 -15009839.438403 41000 C16
time 2025/01/17 09:50:58.000
-14420847.794103 5820928.928450 21958613.157591 32000 G02
-7326211.412936 21728199.223767 -12471060.049797 43000 G07
-4772058.308037 18761532.687264 18126805.384628 50000 G14
3727849.313232 17733487.136843 19752735.454996 38000 G17
567307.579697 26321176.187062 -1975401.574994 29000 G30
-15530265.646154 20100218.055859 -2794537.832946 32000 R10
-6026008.760864 20350647.734678 14141019.220262 50000 R11
8553607.941734 7037157.787005 22993880.314384 43000 R12
-11933156.164139 -2993792.174557 22365976.394460 0 R20
-3813649.504452 14649183.378246 20542739.734914 51000 R21
6773029.184332 23905533.756901 5772071.095431 35000 R22
-14726534.861533 39463565.524065 -1120677.234142 46000 C03
-9308767.278988 26482067.599212 31561980.916429 47000 C07
-19053028.599353 30946876.936296 -21581717.213006 37000 C08
-555404.582237 41392763.318013 -5316248.179051 36000 C09
-380912.914309 28439719.062484 31545967.232777 36000 C10
-14514913.895403 31627311.044379 -23814658.676955 45000 C13
-5624181.534143 38682394.091771 -15012121.527387 41000 C16
time 2025/01/17 09:51:00.000
-14421795.283774 5815650.418326 21959484.530559 32000 G02
-7327066.959808 21724873.652282 -12476221.306591 43000 G07
-4776136.058533 18763722.937325 18123407.772325 50000 G14
3723495.700890 17731329.862582 19755592.325875 38000 G17
566498.246418 26320692.255214 -1981646.033088 29000 G30
-15529585.249555 20099764.702837 -2801596.735712 32000 R10
-6028018.012377 20353966.766505 14135380.158894 50000 R11
8549988.013786 7042297.028174 22993655.598120 43000 R12
-11935522.231851 -2999443.258304 22363963.361869 0 R20
-3815706.686362 14643940.370860 20546092.034973 51000 R21
6772728.896592 23903957.187503 5778986.585118 35000 R22
-14726543.478841 39463562.986696 -1120552.569889 46000 C03
-9310790.931105 26481714.814427 31561652.400863 47000 C07
-19052775.285388 30950109.796863 -21577326.429856 36000 C08
-552989.983048 41392102.994262 -5321240.599354 36000 C09
-382778.284409 28438934.837317 31546596.250141 36000 C10
-14514894.453009 31630360.874057 -23810678.856810 45000 C13
-5622035.747937 38680912.077852 -15016685.460802 41000 C16
time 2025/01/17 09:51:02.000
-14422743.439845 5810371.832499 21960354.106426 33000 G02
-7327922.975812 21721546.844784 -12481381.444619 43000 G07
-4780212.863556 18765913.172125 18120008.610804 50000 G14
3719141.230361 17729172.767951 19758447.561374 38000 G17
565688.734729 26320206.838655 -1987890.319505 28000 G30
-15528903.831824 20099309.658110 -2808655.370731 31000 R10
-6030025.844767 20357284.860879 14129739.738683 50000 R11
8546368.947116 7047436.799733 22993428.676963 43000 R12
-11937889.057849 -3005093.428163 22361948.185714 0 R20
-3817765.112744 14638696.870305 20549442.363517 51000 R21
6772427.642139 23902378.917791 5785901.519506 36000 R22
-14726552.096249 39463560.450179 -1120427.881758 46000 C03
-9312814.687093 26481362.622944 31561323.217510 47000 C07
-19052521.031392 30953342.588223 -21572935.191055 36000 C08
-550575.576192 41391441.938876 -5326232.902952 36000 C09
-384643.883343 28438151.169504 31547224.611099 36000 C10
-14514874.121091 31633410.698132 -23806698.530304 45000 C13
-5619890.391572 38679429.420808 -15021249.068069 41000 C16
time 2025/01/17 09:51:03.000
-14423217.767772 5807732.511364 21960788.220428 33000 G02
-7328351.159831 21719882.977639 -12483961.093950 43000 G07
-4782250.911437 18767008.283671 18118308.449174 50000 G14
3716963.673380 17728094.288122 19759874.565785 38000 G17
565283.911868 26319963.573635 -1991012.398130 27000 G30
-15528562.740206 20099081.501275 -2812184.587618 30000 R10
-6031029.228828 20358943.556314 14126919.019180 50000 R11
8544559.736894 7050006.884209 22993314.389557 43000 R12
-11939072.755072 -3007918.170196 22360939.793856 0 R20
-3818794.792610 14636074.935325 20551116.788372 51000 R21
6772276.652247 23901589.145438 5789358.778273 35000 R22
-14726556.404990 39463559.182240 -1120365.528739 46000 C03
-9313826.603984 26481186.749700 31561158.375416 47000 C07
-19052393.551889 30954958.957859 -21570739.400824 36000 C08
-549368.444954 41391111.136837 -5328729.010957 36000 C09
-385576.768575 28437759.544625 31547538.545423 36000 C10
-14514863.621562 31634935.607987 -23804708.177193 45000 C13
-5618817.874639 38678687.851153 -15023530.749366 41000 C16
time 2025/01/17 09:51:04.000
-14423692.262290 5805093.171494 21961221.885134 33000 G02
-7328779.461244 21718218.801624 -12486540.463409 44000 G07
-4784288.722852 18768103.391242 18116607.900347 50000 G14
3714785.901976 17727015.853349 19761301.161265 38000 G17
564879.044264 26319719.937469 -1994134.433604 27000 G30
-15528221.393509 20098852.921416 -2815713.737312 31000 R10
-6032032.258156 20360602.017138 14124097.960169 51000 R11
8542750.742153 7052577.101042 22993199.550936 42000 R12
-11940256.641698 -3010742.683506 22359930.866184 0 R20
-3819824.783589 14633452.877334 20552790.720228 51000 R21
6772125.420500 23900798.948162 5792815.897951 35000 R22
-14726560.713755 39463557.914513 -1120303.169751 46000 C03
-9314838.546777 26481011.024792 31560993.366377 47000 C07
-19052265.837386 30956575.310090 -21568543.496717 36000 C08
-548161.361881 41390780.151909 -5331225.089742 35000 C09
-386509.710955 28437368.059109 31547852.315640 36000 C10
-14514852.899652 31636460.516345 -23802717.697523 45000 C13
-5617745.465238 38677946.120764 -15025812.349089 41000 C16
time 2025/01/17 09:51:05.000
-14424166.923392 5802453.812976 21961655.100534 33000 G02
-7329207.880089 21716554.316781 -12489119.552944 44000 G07
-4786326.297771 18769198.494787 18114906.964357 50000 G14
3712607.916181 17725937.463679 19762727.347792 39000 G17
564474.131877 26319475.930168 -1997256.425823 27000 G30
-15527879.791802 20098623.918500 -2819242.819729 31000 R10
-6033034.932763 20362260.243266 14121276.561719 51000 R11
8540941.962941 7055147.450158 22993084.161103 43000 R12
-11941440.717677 -3013566.968032 22358921.402716 0 R20
-3820855.085681 14630830.696430 20554464.159044 51000 R21
6771973.946838 23900008.326005 5796272.878484 34000 R22
-14726565.022546 39463556.646999 -1120240.804794 46000 C03
-9315850.515453 26480835.448224 31560828.190395 47000 C07
-19052137.887885 30958191.644881 -21566347.478745 36000 C08
-546954.326999 41390448.984100 -5333721.139297 35000 C09
-387442.710466 28436976.712963 31548165.921749 36000 C10
-14514841.955362 31637985.423171 -23800727.091309 45000 C13
-5616673.163391 38677204.229655 -15028093.867226 41000 C16
time 2025/01/17 09:51:07.000
-14425116.745350 5797175.040176 21962520.183400 32000 G02
-7330065.070225 21713224.420779 -12494276.892009 44000 G07
-4790400.737990 18771388.689587 18111503.931028 50000 G14
3708251.301589 17723780.819847 19765578.493872 38000 G17
563664.172532 26318986.802183 -2003500.280432 27000 G30
-15527195.823630 20098164.643362 -2826300.782393 28000 R10
-6035039.217884 20365575.991110 14115632.746764 51000 R11
8537325.051327 7060288.544911 22992851.727813 42000 R12
-11943809.437465 -3019214.850383 22356900.868496 0 R20
-3822916.623199 14625585.966247 20557809.557401 51000 R21
6771670.273535 23898425.807267 5803186.421725 34000 R22
-14726573.640200 39463554.112610 -1120116.056978 46000 C03
-9317874.530359 26480484.740124 31560497.337603 47000 C07
-19051881.283903 30961424.262010 -21561955.101255 36000 C08
-544540.401914 41389786.099862 -5338713.150658 35000 C09
-389308.880792 28436194.438814 31548792.641635 36000 C10
-14514819.399644 31641035.232109 -23796745.499278 45000 C13
-5614528.882454 38675719.965343 -15032656.658693 41000 C16
time 2025/01/17 09:51:08.000
-14425591.906195 5794535.626050 21962952.050849 32000 G02
-7330493.841587 21711559.009718 -12496855.141408 44000 G07
-4792437.603221 18772483.780732 18109801.833764 50000 G14
3706072.672882 17722702.565789 19767003.453362 39000 G17
563259.125488 26318741.681523 -2006622.142625 29000 G30
-15526853.457304 20097934.371078 -2829829.662451 31000 R10
-6036040.828426 20367233.512656 14112810.330401 51000 R11
8535516.919037 7062859.290380 22992734.684362 42000 R12
-11944994.081162 -3022038.448047 22355889.797793 0 R20
-3823947.858620 14622963.417165 20559481.516857 51000 R21
6771518.073777 23897633.910791 5806642.984250 35000 R22
-14726577.949063 39463552.845734 -1120053.674118 46000 C03
-9318886.576545 26480309.608599 31560331.660794 47000 C07
-19051752.629425 30963040.544278 -21559758.741761 37000 C08
-543333.511760 41389454.383445 -5341209.112448 35000 C09
-390242.051563 28435803.510830 31549105.755407 36000 C10
-14514807.788217 31642560.134151 -23794754.513489 45000 C13
-5613456.903414 38674977.592172 -15034937.931994 42000 C16
time 2025/01/17 09:51:09.000
-14426067.233617 5791896.193505 21963383.468968 32000 G02
-7330922.730530 21709893.290000 -12499433.110651 44000 G07
-4794474.231830 18773578.867641 18108099.349477 50000 G14
3703893.829947 17721624.357031 19768428.003788 38000 G17
562854.033462 26318496.189762 -2009743.961352 28000 G30
-15526510.836238 20097703.675603 -2833358.474908 30000 R10
-6037042.084311 20368890.799178 14109987.574867 51000 R11
8533709.002485 7065430.167819 22992617.089710 42000 R12
-11946178.913990 -3024861.816601 22354878.191394 0 R20
-3824979.405151 14620340.745540 20561152.983115 51000 R21
6771365.631868 23896841.589637 5810099.407292 35000 R22
-14726582.257951 39463551.579071 -1119991.285291 46000 C03
-9319898.648529 26480134.625429 31560165.817045 47000 C07
-19051623.739961 30964656.808968 -21557562.268452 37000 C08
-542126.669909 41389122.484175 -5343705.044942 35000 C09
-391175.279383 28435412.722248 31549418.705063 36000 C10
-14514795.954411 31644085.034535 -23792763.401194 45000 C13
-5612385.032021 38674235.058345 -15037219.123658 42000 C16
time 2025/01/17 09:51:10.000
-14426542.727607 5789256.742633 21963814.437747 32000 G02
-7331351.737090 21708227.261678 -12502010.799668 44000 G07
-4796510.623777 18774673.950258 18106396.478205 50000 G14
3701714.772833 17720546.193626 19769852.145115 38000 G17
562448.896403 26318250.326907 -2012865.736575 29000 G30
-15526167.960503 20097472.556907 -2836887.219665 31000 R10
-6038042.985553 20370547.850588 14107164.480235 51000 R11
8531901.301734 7068001.177137 22992498.943861 42000 R12
-11947363.935897 -3027684.955972 22353866.049318 0 R20
-3826011.262786 14617717.951475 20562823.956132 51000 R21
6771212.947750 23896048.843862 5813555.690744 36000 R22
-14726586.566864 39463550.312621 -1119928.890498 46000 C03
-9320910.746284 26479959.790617 31559999.806356 47000 C07
-19051494.615513 30966273.056049 -21555365.681335 37000 C08
-540919.876389 41388790.402058 -5346200.948124 34000 C09
-392108.564231 28435022.073077 31549731.490602 36000 C10
-14514783.898227 31645609.933228 -23790772.162407 45000 C13
-5611313.268302 38673492.363878 -15039500.233673 42000 C16
time 2025/01/17 09:51:11.000
-14427018.388170 5786617.273458 21964244.957185 31000 G02
-7331780.861305 21706560.924785 -12504588.208416 44000 G07
-4798546.779040 18775769.028532 18104693.219980 50000 G14
3699535.501576 17719468.075622 19771275.877320 39000 G17
562043.714270 26318004.092971 -2015987.468171 29000 G30
-15525824.830166 20097241.014957 -2840415.896650 29000 R10
-6039043.532171 20372204.666812 14104341.046561 51000 R11
8530093.816830 7070572.318262 22992380.246817 42000 R12
-11948549.146819 -3030507.866063 22352853.371597 0 R20
-3827043.431529 14615095.035053 20564494.435873 50000 R21
6771060.021363 23895255.673512 5817011.834547 37000 R22
-14726590.875801 39463549.046383 -1119866.489738 46000 C03
-9321922.869790 26479785.104167 31559833.628728 47000 C07
-19051365.256082 30967889.285488 -21553168.980421 37000 C08
-539713.131214 41388458.137097 -5348696.822006 34000 C09
-393041.906088 28434631.563324 31550044.112021 36000 C10
-14514771.619665 31647134.830201 -23788780.797132 45000 C13
-5610241.612275 38672749.508783 -15041781.262034 41000 C16
time 2025/01/17 09:51:12.000
-14427494.215290 5783977.786110 21964675.027265 31000 G02
-7332210.103211 21704894.279375 -12507165.336819 44000 G07
-4800582.697571 18776864.102405 18102989.574847 50000 G14
3697356.016215 17718390.003069 19772699.200374 39000 G17
561638.487014 26317757.487965 -2019109.156079 28000 G30
-15525481.445296 20097009.049719 -2843944.505759 28000 R10
-6040043.724175 20373861.247755 14101517.273931 51000 R11
8528286.547832 7073143.591108 22992260.998581 42000 R12
-11949734.546704 -3033330.546802 22351840.158253 0 R20
-3828075.911371 14612471.996384 20566164.422288 50000 R21
6770906.852649 23894462.078639 5820467.838604 38000 R22
-14726595.184762 39463547.780358 -1119804.083012 46000 C03
-9322935.019025 26479610.566083 31559667.284162 46000 C07
-19051235.661672 30969505.497248 -21550972.165725 37000 C08
-538506.434424 41388125.689303 -5351192.666549 34000 C09
-393975.304932 28434241.192998 31550356.569319 36000 C10
-14514759.118726 31648659.725414 -23786789.305391 45000 C13
-5609170.063974 38672006.493082 -15044062.208709 42000 C16
time 2025/01/17 09:51:13.000
-14427970.208974 5781338.280601 21965104.647989 31000 G02
-7332639.462847 21703227.325484 -12509742.184833 44000 G07
-4802618.379355 18777959.171831 18101285.542829 50000 G14
3695176.316787 17717311.976012 19774122.114253 38000 G17
561233.214585 26317510.511894 -2022230.800266 29000 G30
-15525137.805961 20096776.661161 -2847473.046924 28000 R10
-6041043.561588 20375517.593348 14098693.162392 51000 R11
8526479.494783 7075714.995606 22992141.199156 41000 R12
-11950920.135500 -3036152.998114 22350826.409307 0 R20
-3829108.702318 14609848.835546 20567833.915348 50000 R21
6770753.441549 23893668.059292 5823923.702839 38000 R22
-14726599.493747 39463546.514546 -1119741.670320 46000 C03
-9323947.193970 26479436.176369 31559500.772657 46000 C07
-19051105.832285 30971121.691295 -21548775.237258 37000 C08
-537299.786033 41387793.058679 -5353688.481764 34000 C09
-394908.760741 28433850.962108 31550668.862494 35000 C10
-14514746.395409 31650184.618843 -23784797.687185 45000 C13
-5608098.623411 38671263.316785 -15046343.073707 42000 C16
time 2025/01/17 09:51:15.000
-14428922.696011 5776059.215416 21965962.541332 32000 G02
-7333498.535451 21699892.492455 -12514895.039428 45000 G07
-4806689.032520 18780149.297117 18097876.318305 50000 G14
3690816.275904 17715156.058594 19776966.714365 39000 G17
560422.534025 26317015.446605 -2028473.957117 29000 G30
-15524449.764170 20096310.613958 -2854529.925034 30000 R10
-6043042.172687 20378829.578124 14093043.922899 51000 R11
8522866.036777 7080858.199205 22991899.946751 41000 R12
-11953291.879588 -3041797.212105 22348797.304722 0 R20
-3831175.217509 14604602.147771 20571171.421221 50000 R21
6770445.891953 23892078.747385 5830835.011497 38000 R22
-14726608.111791 39463543.983559 -1119616.827040 45000 C03
-9325971.620894 26479087.842062 31559167.248840 47000 C07
-19050845.468593 30974354.026117 -21544381.039055 36000 C08
-534886.634573 41387127.248971 -5358680.024122 34000 C09
-396775.843185 28433070.918663 31551292.956467 34000 C10
-14514720.281645 31653234.400205 -23780814.071434 45000 C13
-5605956.065608 38669776.482472 -15050904.558594 42000 C16
time 2025/01/17 09:51:16.000
-14429399.189356 5773419.655869 21966390.813937 33000 G02
-7333928.248494 21698224.613402 -12517471.045895 45000 G07
-4808724.003840 18781244.352872 18096171.125868 50000 G14
3688635.934520 17714078.168325 19778388.400550 39000 G17
560017.125801 26316767.357407 -2031595.469633 30000 G30
-15524105.361852 20096076.955247 -2858058.261807 30000 R10
-6044040.946406 20380485.217144 14090218.795078 51000 R11
8521059.631921 7083429.998151 22991778.493778 41000 R12
-11954478.034774 -3044618.974637 22347781.949126 0 R20
-3832208.941751 14601978.621021 20572839.433956 50000 R21
6770291.753341 23891283.454925 5834290.455754 38000 R22
-14726612.420849 39463542.718384 -1119554.396453 45000 C03
-9326983.872830 26478913.897477 31559000.236528 47000 C07
-19050714.934292 30975970.166818 -21542183.769349 36000 C08
-533680.131564 41386794.069903 -5361175.751225 34000 C09
-397709.469773 28432681.106127 31551604.757260 34000 C10
-14514706.891199 31654759.288074 -23778822.073913 44000 C13
-5604884.948416 38669032.824487 -15053185.178457 42000 C16
time 2025/01/17 09:51:17.000
-14429875.849249 5770780.078438 21966818.637155 33000 G02
-7334358.079414 21696556.426045 -12520046.771736 45000 G07
-4810758.738281 18782339.403967 18094465.546690 49000 G14
3686455.379239 17713000.323755 19779809.677442 39000 G17
559611.672207 26316518.897179 -2034716.938209 30000 G30
-15523760.705340 20095842.873085 -2861586.530305 30000 R10
-6045039.365593 20382140.620479 14087393.328625 51000 R11
8519253.443228 7086001.928430 22991656.489627 42000 R12
-11955664.378646 -3047440.507416 22346766.058030 0 R20
-3833242.977090 14599354.972483 20574506.953173 50000 R21
6770137.372105 23890487.738193 5837745.759860 39000 R22
-14726616.729931 39463541.453422 -1119491.959901 45000 C03
-9327996.150391 26478740.101276 31558833.057280 46000 C07
-19050584.165025 30977586.289670 -21539986.385918 36000 C08
-532473.677062 41386460.708032 -5363671.448944 33000 C09
-398643.153247 28432291.433058 31551916.393923 35000 C10
-14514693.278377 31656284.174031 -23776829.949967 44000 C13
-5603813.939059 38668289.005971 -15055465.716587 42000 C16
time 2025/01/17 09:51:18.000
-14430352.675687 5768140.483188 21967246.010980 32000 G02
-7334788.028249 21694887.930429 -12522622.216889 45000 G07
-4812793.235807 18783434.450347 18092759.580810 49000 G14
3684274.610101 17711922.524932 19781230.545016 39000 G17
559206.173207 26316270.065939 -2037838.362672 28000 G30
-15523415.794703 20095608.367438 -2865114.730444 32000 R10
-6046037.430265 20383795.788045 14084567.523609 51000 R11
8517447.470757 7088573.989955 22991533.934302 42000 R12
-11956850.911154 -3050261.810372 22345749.631452 0 R20
-3834277.323524 14596731.202252 20576173.978831 50000 R21
6769982.748189 23889691.597240 5841200.923729 40000 R22
-14726621.039037 39463540.188672 -1119429.517386 45000 C03
-9329008.453552 26478566.453463 31558665.711099 46000 C07
-19050453.160795 30979202.394642 -21537788.888771 37000 C08
-531267.271100 41386127.163366 -5366167.117252 33000 C09
-399576.893588 28431901.899463 31552227.866454 33000 C10
-14514679.443180 31657809.058040 -23774837.699613 44000 C13
-5602743.037560 38667545.026937 -15057746.172974 41000 C16
time 2025/01/17 09:51:19.000
-14430829.668666 5765500.870173 21967672.935407 33000 G02
-7335218.095033 21693219.126607 -12525197.381284 45000 G07
-4814827.496378 18784529.491955 18091053.228270 49000 G14
3682093.627156 17710844.771911 19782651.003237 38000 G17
558800.628750 26316020.863694 -2040959.742994 26000 G30
-15523070.630013 20095373.438277 -2868642.862104 32000 R10
-6047035.140434 20385450.719751 14081741.380111 51000 R11
8515641.714562 7091146.182645 22991410.827806 42000 R12
-11958037.632228 -3053082.883398 22344732.669430 0 R20
-3835311.981049 14594107.310433 20577840.510883 50000 R21
6769827.881533 23888895.032121 5844655.947263 41000 R22
-14726625.348168 39463538.924135 -1119367.068906 45000 C03
-9330020.782288 26478392.954041 31558498.197986 46000 C07
-19050321.921604 30980818.481695 -21535591.277924 37000 C08
-530060.913713 41385793.435914 -5368662.756121 32000 C09
-400510.690771 28431512.505354 31552539.174848 34000 C10
-14514665.385608 31659333.940062 -23772845.322869 45000 C13
-5601672.243952 38666800.887407 -15060026.547588 42000 C16
time 2025/01/17 09:51:20.000
-14431306.828187 5762861.239450 21968099.410429 33000 G02
-7335648.279806 21691550.014613 -12527772.264878 45000 G07
-4816861.519974 18785624.528745 18089346.489095 49000 G14
3679912.430424 17709767.064730 19784071.052090 38000 G17
558395.038792 26315771.290455 -2044081.079079 30000 G30
-15522725.211336 20095138.085568 -2872170.925217 33000 R10
-6048032.496120 20387105.415526 14078914.898180 51000 R11
8513836.174689 7093718.506427 22991287.170142 42000 R12
-11959224.541828 -3055903.726445 22343715.171974 0 R20
-3836346.949667 14591483.297106 20579506.549298 51000 R21
6769672.772077 23888098.042878 5848110.830415 40000 R22
-14726629.657322 39463537.659810 -1119304.614463 46000 C03
-9331033.136583 26478219.603013 31558330.517940 46000 C07
-19050190.447454 30982434.550802 -21533393.553380 36000 C08
-528854.604910 41385459.525678 -5371158.365574 33000 C09
-401444.544784 28431123.250734 31552850.319108 35000 C10
-14514651.105661 31660858.820075 -23770852.819734 44000 C13
-5600601.558245 38666056.587390 -15062306.840439 42000 C16
time 2025/01/17 09:51:21.000
-14431784.154259 5760221.591000 21968525.436054 34000 G02
-7336078.582606 21689880.594488 -12530346.867615 41000 G07
-4818895.306566 18786719.560665 18087639.363320 49000 G14
3677731.019907 17708689.403419 19785490.691574 37000 G17
14028466.239317 18891610.175248 12598316.637081 33000 G19
557989.403285 26315521.346232 -2047202.370866 39000 G30
-15522379.538731 20094902.309271 -2875698.919794 32000 R10
-6049029.497336 20388759.875282 14076088.077893 51000 R11
8512030.851193 7096290.961222 22991162.961313 41000 R12
-3837382.229371 14588859.162382 20581172.094026 51000 R21
6769517.419765 23887300.629577 5851565.573033 47000 R22
-14726633.966500 39463536.395698 -1119242.154057 45000 C03
-5365670.327044 39129916.671266 -14237870.067948 0 C06
-9332045.516416 26478046.400383 31558162.670962 46000 C07
-19050058.738348 30984050.601922 -21531195.715159 36000 C08
-527648.344720 41385125.432665 -5373653.945589 30000 C09
-402378.455595 28430734.135616 31553161.299228 42000 C10
-14514636.603340 31662383.698047 -23768860.190217 40000 C13
-5599530.980464 38665312.126900 -15064587.051517 39000 C16
time 2025/01/17 09:51:22.000
-14432261.646822 5757581.925213 21968951.012223 30000 G02
-7336509.003464 21688210.866294 -12532921.189409 45000 G07
-4820928.856091 18787814.587646 18085931.851004 49000 G14
3675549.395778 17707611.788094 19786909.921573 38000 G17
557583.722179 26315271.031034 -2050323.618294 21000 G30
-15522033.612291 20094666.109372 -2879226.845500 34000 R10
-6050026.144098 20390414.098934 14073260.919320 51000 R11
8510225.744131 7098863.546942 22991038.201322 43000 R12
-11961598.926358 -3061544.722229 22341678.570883 0 R20
-3838417.820172 14586234.906324 20582837.145048 50000 R21
6769361.824533 23886502.792244 5855020.175146 40000 R22
-14726638.275702 39463535.131799 -1119179.687689 46000 C03
-9333057.921755 26477873.346157 31557994.657054 46000 C07
-19049926.794291 30985666.635017 -21528997.763279 36000 C08
-526442.133195 41384791.156890 -5376149.496103 33000 C09
-403312.423205 28430345.160000 31553472.115213 34000 C10
-14514621.878645 31663908.573932 -23766867.434348 44000 C13
-5598460.510651 38664567.505966 -15066867.180768 41000 C16
time 2025/01/17 09:51:23.000
-14432739.305922 5754942.241877 21969376.138973 30000 G02
-7336939.542422 21686540.830062 -12535495.230223 45000 G07
-4822962.168546 18788909.609650 18084223.952159 49000 G14
3673367.557954 17706534.218742 19788328.742141 38000 G17
-15521687.432058 20094429.485819 -2882754.702524 34000 R10
-6051022.436419 20392068.086398 14070433.422533 51000 R11
8508420.853557 7101436.263507 22990912.890173 44000 R12
-11962786.401179 -3064364.874806 22340659.467295 0 R20
-3839453.722051 14583610.529065 20584501.702297 50000 R21
6769205.986328 23885704.530952 5858474.636569 40000 R22
-14726642.584929 39463533.868112 -1119117.215358 46000 C03
-9334070.352587 26477700.440336 31557826.476216 46000 C07
-19049794.615283 30987282.650058 -21526799.697745 37000 C08
-525235.970342 41384456.698352 -5378645.017145 33000 C09
-404246.447570 28429956.323903 31553782.767052 34000 C10
-14514606.931577 31665433.447705 -23764874.552127 44000 C13
-5597390.148813 38663822.724594 -15069147.228214 41000 C16
time 2025/01/17 09:51:24.000
-14433217.131550 5752302.541084 21969800.816293 28000 G02
-7337370.199515 21684870.485844 -12538068.989985 45000 G07
-4824995.243884 18790004.626616 18082515.666834 49000 G14
3671185.506518 17705456.695434 19789747.153223 39000 G17
-15521340.998113 20094192.438590 -2886282.490640 33000 R10
-6052018.374313 20393721.837586 14067605.587608 51000 R11
8506616.179530 7104009.110829 22990787.027868 44000 R12
-11963974.064292 -3067184.797061 22339639.828382 0 R20
-3840489.935010 14580986.030696 20586165.765738 51000 R21
6769049.905090 23884905.845747 5861928.957238 40000 R22
-14726646.894179 39463532.604637 -1119054.737065 46000 C03
-9335082.808884 26477527.682924 31557658.128449 46000 C07
-19049662.201328 30988898.646998 -21524601.518585 37000 C08
-524029.856193 41384122.057062 -5381140.508687 34000 C09
-405180.528675 28429567.627331 31554093.254746 34000 C10
-14514591.762136 31666958.319331 -23762881.543570 44000 C13
-5596319.894981 38663077.782802 -15071427.193830 41000 C16
time 2025/01/17 09:51:26.000
-14434173.282365 5747023.087461 21970648.822605 25000 G02
-7338231.868251 21681528.873623 -12543215.666124 46000 G07
-4829060.683086 18792194.645225 18079097.936879 49000 G14
3666820.762973 17703301.787146 19792582.746817 40000 G17
-15520647.369360 20093717.072970 -2893337.859830 32000 R10
-6054009.186890 20397028.630818 14061948.903590 51000 R11
8503007.481307 7109155.197455 22990533.649804 44000 R12
-11966349.955176 -3072823.950288 22337598.944673 0 R20
-3842563.294169 14575736.670977 20589492.411046 51000 R21
6768737.013276 23883307.203799 5868837.176005 40000 R22
-14726655.512750 39463530.078325 -1118929.762594 46000 C03
-9337107.797793 26477182.613346 31557320.932133 47000 C07
-19049396.668587 30992130.586475 -21520204.819385 37000 C08
-521617.774117 41383452.226247 -5386131.403217 33000 C09
-407048.861024 28428790.652795 31554713.737692 34000 C10
-14514560.756136 31670008.056019 -23758895.147480 45000 C13
-5594179.711421 38661587.418022 -15075986.879525 42000 C16
time 2025/01/17 09:51:27.000
-14434651.607552 5744383.334722 21971072.151590 25000 G02
-7338662.879971 21679857.605700 -12545788.582396 46000 G07
-4831093.046895 18793289.646767 18077388.492314 49000 G14
3664638.070936 17702224.402261 19793999.929279 39000 G17
-15520300.174684 20093478.754512 -2896865.440780 33000 R10
-6055004.061607 20398681.672700 14059120.054626 51000 R11
8501203.457212 7111728.436605 22990406.134051 44000 R12
-11967538.182841 -3075643.181110 22336577.699924 0 R20
-3843600.440367 14573111.809812 20591154.992838 51000 R21
6768580.202583 23882507.247154 5872291.073947 40000 R22
-14726659.822071 39463528.815487 -1118867.266417 46000 C03
-9338120.330365 26477010.301185 31557152.083584 47000 C07
-19049263.549806 30993746.528946 -21518006.299366 37000 C08
-520411.806231 41383117.036733 -5388626.806206 33000 C09
-407983.112239 28428402.374842 31555023.732943 34000 C10
-14514544.919579 31671532.921017 -23756901.759969 45000 C13
-5593109.781737 38660841.995062 -15078266.599592 42000 C16
time 2025/01/17 09:51:28.000
-14435130.099258 5741743.564762 21971495.031121 25000 G02
-7339094.009974 21678186.029963 -12548361.217389 46000 G07
-4833125.173465 18794384.643063 18075678.661405 49000 G14
3662455.165449 17701147.063615 19795416.702144 39000 G17
-15519952.726566 20093240.012245 -2900392.952515 33000 R10
-6055998.581965 20400334.477984 14056290.867782 51000 R11
8499399.649866 7114301.806206 22990278.067154 44000 R12
-11968726.598578 -3078462.181295 22335555.919945 0 R20
-3844637.897643 14570486.827900 20592817.080669 51000 R21
6768423.148621 23881706.866797 5875744.830818 41000 R22
-14726664.131416 39463527.552862 -1118804.764280 46000 C03
-9339132.888319 26476838.137447 31556983.068110 46000 C07
-19049130.196088 30995362.453194 -21515807.665747 37000 C08
-519205.887154 41382781.664492 -5391122.179642 33000 C09
-408917.420117 28428014.236445 31555333.564044 34000 C10
-14514528.860650 31673057.783745 -23754908.246154 45000 C13
-5592039.960148 38660096.411743 -15080546.237784 42000 C16
time 2025/01/17 09:51:29.000
-14435608.757464 5739103.777726 21971917.461180 25000 G02
-7339525.258299 21676514.146454 -12550933.571048 46000 G07
-4835157.062766 18795479.634060 18073968.444187 48000 G14
3660272.046543 17700069.771254 19796833.065391 39000 G17
-15519605.025077 20093000.846138 -2903920.394945 32000 R10
-6056992.747980 20401987.046586 14053461.343126 51000 R11
8497596.059320 7116875.306180 22990149.449118 44000 R12
-11969915.202336 -3081280.950772 22334533.604758 0 R20
-3845675.665994 14567861.725337 20594478.674499 51000 R21
6768265.851331 23880906.062776 5879198.446540 41000 R22
-14726668.440784 39463526.290449 -1118742.256181 46000 C03
-9340145.471635 26476666.122137 31556813.885710 46000 C07
-19048996.607436 30996978.359178 -21513608.918552 37000 C08
-518000.016922 41382446.109533 -5393617.523501 33000 C09
-409851.784633 28427626.237613 31555643.230989 33000 C10
-14514512.579349 31674582.644171 -23752914.606050 45000 C13
-5590970.246677 38659350.668080 -15082825.794092 42000 C16
time 2025/01/17 09:51:30.000
-14436087.582187 5736463.973574 21972339.441776 24000 G02
-7339956.624982 21674841.955213 -12553505.643319 46000 G07
-4837188.714769 18796574.619708 18072257.840691 49000 G14
3658088.714266 17698992.525231 19798249.018987 40000 G17
-15519257.070282 20092761.256156 -2907447.768001 32000 R10
-6057986.559669 20403639.378427 14050631.480719 51000 R11
8495792.685623 7119448.936453 22990020.279943 44000 R12
-11971103.994057 -3084099.489459 22333510.754389 0 R20
-3846713.745422 14565236.502210 20596139.774292 51000 R21
6768108.310653 23880104.835142 5882651.921037 42000 R22
-14726672.750177 39463525.028249 -1118679.742123 46000 C03
-9341158.080294 26476494.255258 31556644.536385 47000 C07
-19048862.783852 30998594.246873 -21511410.057777 37000 C08
-516794.195546 41382110.371858 -5396112.837797 33000 C09
-410786.205778 28427238.378350 31555952.733782 34000 C10
-14514496.075679 31676107.502265 -23750920.839662 45000 C13
-5589900.641348 38658604.764090 -15085105.268506 42000 C16
time 2025/01/17 09:51:32.000
-14437045.731136 5731184.314364 21973182.054524 25000 G02
-7340819.713572 21671496.649713 -12558648.943462 46000 G07
-4841251.306755 18798764.574741 18068835.475014 48000 G14
3653721.409711 17696838.172370 19801079.697151 39000 G17
-15518560.401051 20092280.804443 -2914502.305627 32000 R10
-6059973.120137 20406943.331502 14044970.742918 51000 R11
8492186.588985 7124596.587583 22989760.288195 44000 R12
-11973482.141179 -3089735.874164 22331463.448193 0 R20
-3848790.837500 14559985.694638 20599460.491611 51000 R21
6767792.498901 23878501.109236 5889558.446016 43000 R22
-14726681.369032 39463522.504485 -1118554.696127 46000 C03
-9343183.373552 26476150.966803 31556305.336962 47000 C07
-19048594.431900 31001825.967262 -21507011.995534 37000 C08
-514382.699474 41381438.348390 -5401103.377638 33000 C09
-412655.217854 28426463.078571 31556571.246896 33000 C10
-14514462.401228 31679157.211325 -23746932.928084 45000 C13
-5587761.755201 38657112.475183 -15089663.971610 42000 C16
time 2025/01/17 09:51:35.000
-14438484.203200 5723264.699587 21974442.602384 25000 G02
-7342115.235063 21666476.384613 -12566361.781755 45000 G07
-4847343.414174 18802049.465827 18063699.030338 48000 G14
3647168.853608 17693606.991837 19805322.641328 40000 G17
-15517513.499132 20091556.947015 -2925083.589566 33000 R10
-6062950.303780 20411897.483315 14036477.104833 51000 R11
8486779.071744 7132319.039485 22989366.167123 43000 R12
-11977050.770184 -3098188.718264 22328388.475659 0 R20
-3851908.808627 14552108.581454 20604437.861287 51000 R21
6767316.954404 23876092.344560 5899917.172152 43000 R22
-14726694.297491 39463518.720431 -1118367.082439 46000 C03
-9346221.502946 26475637.147443 31555795.285914 46000 C07
-19048190.142054 31006673.409787 -21500414.050676 37000 C08
-510765.822509 41380428.943007 -5408588.965234 33000 C09
-415459.160142 28425301.175886 31557497.785362 33000 C10
-14514410.221783 31683731.756595 -23740950.113890 44000 C13
-5584554.237639 38654872.839761 -15096501.411718 41000 C16
time 2025/01/17 09:51:36.000
-14438964.026849 5720624.794644 21974861.885977 26000 G02
-7342547.312669 21664802.347930 -12568932.164438 46000 G07
-4849373.641702 18803144.418252 18061986.109947 48000 G14
3644984.241928 17692530.024857 19806736.136461 40000 G17
-15517164.025945 20091314.813113 -2928610.544554 33000 R10
-6063941.989843 20413548.392842 14033645.217374 51000 R11
8484977.000268 7134893.449851 22989233.691193 43000 R12
-11978240.688518 -3101005.870528 22327362.414713 0 R20
-3852948.754463 14549482.636951 20606095.996006 51000 R21
6767157.952172 23875288.576318 5903369.797517 43000 R22
-14726698.607024 39463517.459504 -1118304.532627 46000 C03
-9347234.263193 26475466.171223 31555624.935057 47000 C07
-19048054.908938 31008289.187013 -21498214.508699 37000 C08
-509560.294861 41380092.109189 -5411084.101812 33000 C09
-416393.920597 28424914.154220 31557806.303187 33000 C10
-14514392.383898 31685256.600001 -23738955.590052 45000 C13
-5583485.281651 38654125.974131 -15098780.394496 42000 C16
time 2025/01/17 09:51:37.000
-14439444.016984 5717984.873072 21975280.720055 29000 G02
-7342979.508892 21663128.003825 -12571502.265323 46000 G07
-4851403.631705 18804239.364954 18060272.803533 48000 G14
3642799.417154 17691453.104555 19808149.221755 39000 G17
-15516814.299932 20091072.255110 -2932137.429571 34000 R10
-6064933.321693 20415199.065031 14030812.992638 51000 R11
8483175.146008 7137467.989961 22989100.664147 42000 R12
-11979430.794427 -3103822.791449 22326335.818756 0 R20
-3853989.011363 14546856.572545 20607753.636408 51000 R21
6766998.706141 23874484.384819 5906822.281073 44000 R22
-14726702.916580 39463516.198790 -1118241.976857 46000 C03
-9348247.048631 26475295.343458 31555454.417281 47000 C07
-19047919.440910 31009904.945710 -21496014.853226 38000 C08
-508354.816263 41379755.092705 -5413579.208717 33000 C09
-417328.737539 28424527.272179 31558114.656846 34000 C10
-14514374.323646 31686781.440848 -23736960.940008 45000 C13
-5582416.433968 38653378.948283 -15101059.295296 42000 C16
time 2025/01/17 09:51:40.000
-14440884.986236 5710065.009390 21976534.525110 32000 G02
-7344276.809628 21658103.127437 -12579210.876578 45000 G07
-4857492.176260 18807524.170199 18055130.568491 47000 G14
3636243.664692 17688222.624216 19812386.018318 40000 G17
-15515763.605620 20090342.036181 -2942717.663957 34000 R10
-6067905.192113 20420149.656723 14022314.295484 51000 R11
8477770.887073 7145192.387922 22988698.276354 41000 R12
-11983002.237034 -3112272.165303 22323252.821079 0 R20
-3857111.648416 14538977.660867 20612723.591311 51000 R21
6766519.504675 23872069.271293 5917178.880039 43000 R22
-14726715.845390 39463512.417919 -1118054.273802 46000 C03
-9351285.555861 26474783.750934 31554941.862444 47000 C07
-19047511.627376 31014752.110283 -21489415.205957 38000 C08
-504738.675025 41378742.947319 -5421064.351301 33000 C09
-420133.527050 28423367.463901 31559038.732798 33000 C10
-14514318.808691 31691355.947715 -23730976.232745 45000 C13
-5579210.540989 38651136.909589 -15107895.505668 41000 C16
time 2025/01/17 09:51:41.000
-14441365.642254 5707425.022074 21976951.561043 34000 G02
-7344709.480687 21656427.554094 -12581779.849673 45000 G07
-4859521.215852 18808619.093482 18053415.718331 47000 G14
3634057.987950 17687145.891118 19813797.463981 39000 G17
-15515412.868986 20090097.781457 -2946244.268248 34000 R10
-6068895.107266 20421799.378723 14019480.722337 51000 R11
8475969.902214 7147767.446192 22988563.044882 41000 R12
-11984193.092680 -3115088.160029 22322224.085331 0 R20
-3858153.149546 14536351.117797 20614379.254047 51000 R21
6766359.282866 23871263.387277 5920630.795523 44000 R22
-14726720.155039 39463511.158053 -1117991.694204 46000 C03
-9352298.441842 26474613.517027 31554770.676997 47000 C07
-19047375.219724 31016367.794520 -21487215.096623 38000 C08
-503533.392894 41378405.200237 -5423559.339389 33000 C09
-421068.569713 28422981.140449 31559346.429768 32000 C10
-14514299.858974 31692880.778005 -23728981.077981 44000 C13
-5578142.126762 38650389.243024 -15110174.078414 41000 C16
time 2025/01/17 09:51:42.000
-14441846.464734 5704785.018490 21977368.147423 33000 G02
-7345142.270545 21654751.673556 -12584348.540669 45000 G07
-4861550.017759 18809714.010777 18051700.482327 47000 G14
3631872.098330 17686069.204949 19815208.499659 39000 G17
13997582.079303 18877362.666555 12652401.947702 34000 G19
549460.451331 26310186.837339 -2112739.147475 38000 G30
-15515061.879868 20089853.102470 -2949770.802154 34000 R10
-6069884.668283 20423448.862967 14016646.812262 51000 R11
8474169.134842 7150342.633797 22988427.262311 40000 R12
-11985384.135619 -3117903.923004 22321194.814697 0 R20
-3859194.961726 14533724.455304 20616034.422263 51000 R21
6766198.816966 23870457.080259 5924082.568776 43000 R22
-14726724.464712 39463509.898399 -1117929.108649 46000 C03
-9353311.352900 26474443.431594 31554599.324636 47000 C07
-19047238.577174 31017983.460055 -21485014.873855 38000 C08
-502328.159941 41378067.270521 -5426054.297752 34000 C09
-422003.668757 28422594.956665 31559653.962561 33000 C10
-14514280.686892 31694405.605574 -23726985.797068 44000 C13
-5577073.820961 38649641.416322 -15112452.569112 41000 C16
time 2025/01/17 09:51:43.000
-14442327.453670 5702144.998704 21977784.284242 32000 G02
-7345575.179240 21653075.485865 -12586916.949510 45000 G07
-4863578.581949 18810808.922029 18049984.860514 47000 G14
3629685.995865 17684992.565755 19816619.125331 39000 G17
13996107.905339 18876683.325408 12654974.524490 35000 G19
549053.801690 26309928.733923 -2115859.447800 38000 G30
-15514710.638334 20089607.999190 -2953297.265582 35000 R10
-6070873.875181 20425098.109373 14013812.565326 51000 R11
8472368.585008 7152917.950655 22988290.928646 39000 R12
-11986575.365793 -3120719.454143 22320165.009206 0 R20
-3860237.084957 14531097.673477 20617689.095922 51000 R21
6766038.106916 23869650.350292 5927534.199719 43000 R22
-14726728.774408 39463508.638957 -1117866.517139 46000 C03
-9354324.289017 26474273.494638 31554427.805360 47000 C07
-19047101.699728 31019599.106849 -21482814.537671 37000 C08
-501122.976202 41377729.158181 -5428549.226354 33000 C09
-422938.824164 28422208.912554 31559961.331176 33000 C10
-14514261.292445 31695930.430388 -23724990.390014 44000 C13
-5576005.623606 38648893.429497 -15114730.977751 41000 C16
time 2025/01/17 09:51:44.000
-14442808.609062 5699504.962766 21978199.971496 34000 G02
-7346008.206810 21651398.991065 -12589485.076137 45000 G07
-4865606.908390 18811903.827187 18048268.852928 47000 G14
3627499.680589 17683915.973582 19818029.340971 41000 G17
13994633.413304 18876003.903930 12657546.835922 35000 G19
548647.105408 26309670.259749 -2118979.702268 38000 G30
-15514359.144454 20089362.471585 -2956823.658440 34000 R10
-6071862.727976 20426747.117857 14010977.981598 51000 R11
8470568.252759 7155493.396698 22988154.043888 39000 R12
-11987766.783149 -3123534.753374 22319134.668879 0 R20
-3861279.519234 14528470.772412 20619343.274985 51000 R21
6765877.152659 23868843.197427 5930985.688257 43000 R22
-14726733.084126 39463507.379727 -1117803.919673 46000 C03
-9355337.250172 26474103.706163 31554256.119171 47000 C07
-19046964.587389 31021214.734878 -21480614.088070 38000 C08
-499917.841698 41377390.863221 -5431044.125196 34000 C09
-423874.035909 28421823.008127 31560268.535610 32000 C10
-14514241.675635 31697455.252413 -23722994.856836 44000 C13
-5574937.534720 38648145.282563 -15117009.304323 40000 C16
time 2025/01/17 09:51:45.000
-14443289.930903 5696864.910757 21978615.209176 34000 G02
-7346441.353290 21649722.189206 -12592052.920485 45000 G07
-4867634.997044 18812998.726192 18046552.459610 47000 G14
3625313.152556 17682839.428485 19819439.146546 40000 G17
13993158.603201 18875324.402172 12660118.881956 35000 G19
548240.362436 26309411.414828 -2122099.910823 38000 G30
-15514007.398297 20089116.519623 -2960349.980645 34000 R10
-6072851.226682 20428395.888334 14008143.061150 51000 R11
8468768.138152 7158068.971837 22988016.608043 37000 R12
-11988958.387628 -3126349.820610 22318103.793743 0 R20
-3862322.264555 14525843.752209 20620996.959406 51000 R21
6765715.954135 23868035.621715 5934437.034312 42000 R22
-14726737.393868 39463506.120710 -1117741.316252 45000 C03
-9356350.236339 26473934.066172 31554084.266069 47000 C07
-19046827.240159 31022830.344098 -21478413.525075 38000 C08
-498712.756457 41377052.385648 -5433538.994262 33000 C09
-424809.303975 28421437.243390 31560575.575863 31000 C10
-14514221.836461 31698980.071618 -23720999.197543 44000 C13
-5573869.554333 38647396.975541 -15119287.548800 40000 C16
time 2025/01/17 09:51:47.000
-14444253.073911 5691584.758834 21979444.335781 33000 G02
-7347308.003121 21646367.664502 -12597187.762085 45000 G07
-4871690.460847 18815188.505528 18043118.515936 47000 G14
3620939.458419 17680686.479734 19822257.527364 39000 G17
13990208.028850 18873965.158047 12665262.177587 34000 G19
547426.736241 26308892.612784 -2128340.189858 38000 G30
-15513303.149428 20088623.342503 -2967402.412705 33000 R10
-6074827.161882 20431692.714920 14002472.210399 51000 R11
8465168.562113 7163220.509034 22987740.083103 36000 R12
-11991342.157720 -3131979.258744 22316040.439157 0 R20
-3864408.688302 14520589.354801 20624302.844145 51000 R21
6765392.824056 23866419.201965 5941339.298603 43000 R22
-14726746.013421 39463503.603311 -1117616.091547 46000 C03
-9358376.283614 26473595.231661 31553740.059132 47000 C07
-19046551.841043 31026061.505955 -21474012.058980 38000 C08
-496302.733901 41376374.882702 -5438528.642942 34000 C09
-426680.008963 28420666.133029 31561189.163807 31000 C10
-14514181.491024 31702029.701412 -23717007.500684 45000 C13
-5571733.919148 38645899.881293 -15123843.791427 40000 C16
time 2025/01/17 09:51:48.000
-14444734.895076 5688944.659016 21979858.224698 34000 G02
-7347741.506550 21644689.941732 -12599754.759241 45000 G07
-4873717.835951 18816283.385761 18041400.965636 47000 G14
3618752.292361 17679610.076161 19823666.102574 39000 G17
13988732.264619 18873285.415789 12667833.427077 34000 G19
547019.852916 26308632.655679 -2131460.260246 37000 G30
-15512950.646849 20088376.117278 -2970928.522430 33000 R10
-6075814.598417 20433340.770877 13999636.280209 51000 R11
8463369.100764 7165796.470962 22987600.994014 36000 R12
-11992534.323231 -3134793.629510 22315007.959748 0 R20
-3865452.366735 14517961.977759 20625955.044399 51000 R21
6765230.892381 23865610.358021 5944790.216704 42000 R22
-14726750.323232 39463502.344930 -1117553.470264 46000 C03
-9359389.344688 26473426.037146 31553567.705297 47000 C07
-19046413.789160 31027677.058541 -21471811.155879 37000 C08
-495097.796631 41376035.857340 -5441023.422550 34000 C09
-427615.445854 28420280.787418 31561495.711498 32000 C10
-14514160.984763 31703554.511953 -23715011.463121 44000 C13
-5570666.264393 38645151.094096 -15126121.789562 40000 C16
time 2025/01/17 09:51:49.000
-14445216.882676 5686304.543380 21980271.664015 33000 G02
-7348175.129037 21643011.912080 -12602321.473885 45000 G07
-4875744.973140 18817378.259630 18039683.029747 47000 G14
3616564.913705 17678533.719858 19825074.267612 39000 G17
13987256.182387 18872605.593486 12670404.410906 32000 G19
546612.922714 26308372.327867 -2134580.284438 37000 G30
-15512597.892268 20088128.467567 -2974454.561163 32000 R10
-6076801.680927 20434988.588496 13996800.013572 51000 R11
8461569.857273 7168372.561658 22987461.353851 36000 R12
-11993726.675642 -3137607.767962 22313974.945629 0 R20
-3866496.356202 14515334.481956 20627606.749854 51000 R21
6765068.716207 23864801.091434 5948240.991989 41000 R22
-14726754.633065 39463501.086760 -1117490.843026 46000 C03
-9360402.430688 26473256.991130 31553395.184553 47000 C07
-19046275.502398 31029292.592182 -21469610.139432 37000 C08
-493892.908733 41375696.649393 -5443518.172321 34000 C09
-428550.938973 28419895.581533 31561802.094995 32000 C10
-14514140.256140 31705079.319541 -23713015.299489 45000 C13
-5569598.718226 38644402.146871 -15128399.705561 40000 C16
time 2025/01/17 09:51:50.000
-14445699.036704 5683664.412012 21980684.653724 33000 G02
-7348608.870617 21641333.575586 -12604887.905961 45000 G07
-4877771.872389 18818473.127084 18037964.708300 47000 G14
3614377.322490 17677457.410874 19826482.022449 39000 G17
13985779.782155 18871925.691188 12672975.129036 31000 G19
546205.945583 26308111.629357 -2137700.262382 38000 G30
-15512244.885750 20087880.393339 -2977980.528825 32000 R10
-6077788.409431 20436636.167698 13993963.410553 51000 R11
8459770.831682 7170948.781060 22987321.162616 36000 R12
-11994919.214896 -3140421.674022 22312941.396826 0 R20
-3867540.656703 14512706.867484 20629257.960472 51000 R21
6764906.295473 23863991.402257 5951691.624377 41000 R22
-14726758.942922 39463499.828803 -1117428.209835 46000 C03
-9361415.541594 26473088.093616 31553222.496900 47000 C07
-19046136.980761 31030908.106847 -21467409.009646 37000 C08
-492688.070234 41375357.258869 -5446012.892242 34000 C09
-429486.488314 28419510.515377 31562108.314303 31000 C10
-14514119.305157 31706604.124149 -23711019.009793 45000 C13
-5568531.280673 38643653.039635 -15130677.539409 39000 C16
time 2025/01/17 09:51:51.000
-14446181.357162 5681024.264947 21981097.193821 33000 G02
-7349042.731331 21639654.932291 -12607454.055421 46000 G07
-4879798.533669 18819567.988073 18036246.001329 47000 G14
3612189.518753 17676381.149256 19827889.367062 39000 G17
13984303.063912 18871245.708942 12675545.581448 31000 G19
545798.921477 26307850.560157 -2140820.194014 39000 G30
-15511891.627365 20087631.894560 -2981506.425340 30000 R10
-6078774.783949 20438283.508405 13991126.471208 51000 R11
8457972.024045 7173525.129083 22987180.420313 37000 R12
-11996111.940941 -3143235.347616 22311907.313361 0 R20
-3868585.268238 14510079.134429 20630908.676218 51000 R21
6764743.630120 23863181.290534 5955142.113803 41000 R22
-14726763.252801 39463498.571057 -1117365.570691 46000 C03
-9362428.677389 26472919.344606 31553049.642339 47000 C07
-19045998.224249 31032523.602502 -21465207.766531 39000 C08
-491483.281160 41375017.685773 -5448507.582304 34000 C09
-430422.093860 28419125.588957 31562414.369420 31000 C10
-14514098.131812 31708128.925750 -23709022.594038 45000 C13
-5567463.951749 38642903.772398 -15132955.291110 40000 C16
time 2025/01/17 09:51:52.000
-14446663.844043 5678384.102265 21981509.284299 33000 G02
-7349476.711212 21637975.982243 -12610019.922197 46000 G07
-4881824.956943 18820662.842541 18034526.908873 47000 G14
3610001.502551 17675304.935060 19829296.301413 34000 G17
13982826.027701 18870565.646817 12678115.768029 30000 G19
545391.850350 26307589.120280 -2143940.079256 39000 G30
-15511538.117182 20087382.971200 -2985032.250603 31000 R10
-6079760.804493 20439930.610530 13988289.195617 50000 R11
8456173.434421 7176101.605637 22987039.126946 36000 R12
-11997304.853716 -3146048.788654 22310872.695263 0 R20
-3869630.190802 14507451.282892 20632558.897048 51000 R21
6764580.720092 23862370.756323 5958592.460166 41000 R22
-14726767.562703 39463497.313524 -1117302.925595 46000 C03
-5332691.543133 39108684.135390 -14308424.226461 0 C06
-9363441.838046 26472750.744106 31552876.620870 46000 C07
-19045859.232866 31034139.079116 -21463006.410096 38000 C08
-490278.541535 41374677.930113 -5451002.242493 35000 C09
-431357.755577 28418740.802286 31562720.260339 32000 C10
-14514076.736108 31709653.724304 -23707026.052243 44000 C13
-5566396.731486 38642154.345181 -15135232.960635 39000 C16
time 2025/01/17 09:51:53.000
-14447146.497346 5675743.924022 21981920.925152 33000 G02
-7349910.810298 21636296.725491 -12612585.506227 46000 G07
-4883851.142175 18821757.690431 18032807.430973 47000 G14
3607813.273926 17674228.768337 19830702.825472 36000 G17
13981348.673648 18869885.504923 12680685.688526 27000 G19
544984.732154 26307327.309737 -2147059.918026 40000 G30
-15511184.355269 20087133.623225 -2988558.004548 33000 R10
-6080746.471077 20441577.473985 13985451.583856 51000 R11
8454375.062854 7178678.210656 22986897.282518 38000 R12
-11998497.953161 -3148861.997048 22309837.542559 0 R20
-3870675.424392 14504823.312974 20634208.622918 51000 R21
6764417.565328 23861559.799672 5962042.663389 40000 R22
-14726771.872628 39463496.056202 -1117240.274545 45000 C03
-5331629.305723 39107996.690728 -14310698.935813 0 C06
-9364455.023542 26472582.292119 31552703.432495 47000 C07
-19045720.006616 31035754.536648 -21460804.940361 38000 C08
-489073.851390 41374337.991896 -5453496.872792 36000 C09
-432293.473449 28418356.155370 31563025.987061 32000 C10
-14514055.118045 31711178.519777 -23705029.384423 45000 C13
-5565329.619909 38641404.758002 -15137510.547969 38000 C16
time 2025/01/17 09:51:54.000
-14447629.317064 5673103.730291 21982332.116372 33000 G02
-7350345.028627 21634617.162069 -12615150.807464 46000 G07
-4885877.089349 18822852.531700 18031087.567650 47000 G14
3605624.832887 17673152.649119 19832108.939234 36000 G17
13979871.001559 18869205.283221 12683255.343237 29000 G19
544577.566840 26307065.128534 -2150179.710291 40000 G30
-15510830.341695 20086883.850605 -2992083.687082 32000 R10
-6081731.783724 20443224.098699 13982613.635972 51000 R11
8452576.909397 7181254.944058 22986754.887032 38000 R12
-11999691.239238 -3151674.972761 22308801.855261 0 R20
-3871720.969010 14502195.224753 20635857.853800 51000 R21
6764254.165771 23860748.420630 5965492.723399 40000 R22
-14726776.182575 39463494.799092 -1117177.617544 45000 C03
-5330567.168207 39107309.088464 -14312973.568089 0 C06
-9365468.233861 26472413.988647 31552530.077214 47000 C07
-19045580.545500 31037369.975073 -21458603.357327 38000 C08
-487869.210750 41373997.871128 -5455991.473188 36000 C09
-433229.247462 28417971.648215 31563331.549585 33000 C10
-14514033.277622 31712703.312145 -23703032.590576 45000 C13
-5564262.617031 38640655.010869 -15139788.053119 38000 C16
time 2025/01/17 09:51:55.000
-14448112.303197 5670463.521121 21982742.857956 33000 G02
-7350779.366234 21632937.292032 -12617715.825837 46000 G07
-4887902.798419 18823947.366286 18029367.318953 48000 G14
3603436.179497 17672076.577467 19833514.642658 37000 G17
13978393.011454 18868524.981771 12685824.732091 30000 G19
544170.354361 26306802.576684 -2153299.455967 40000 G30
-15510476.076528 20086633.653306 -2995609.298128 31000 R10
-6082716.742446 20444870.484581 13979775.352048 51000 R11
8450778.974113 7183831.805751 22986611.940493 39000 R12
-12000884.711872 -3154487.715666 22307765.633408 0 R20
-3872766.824649 14499567.018338 20637506.589643 51000 R21
6764090.521362 23859936.619252 5968942.640103 38000 R22
-14726780.492545 39463493.542195 -1117114.954591 45000 C03
-5329505.130618 39106621.328619 -14315248.123255 0 C06
-9366481.468977 26472245.833695 31552356.555028 46000 C07
-19045440.849522 31038985.394349 -21456401.661014 37000 C08
-486664.619647 41373657.567818 -5458486.043655 36000 C09
-434165.077587 28417587.280832 31563636.947907 33000 C10
-14514011.214842 31714228.101370 -23701035.670722 46000 C13
-5563195.722885 38639905.103805 -15142065.476053 39000 C16
time 2025/01/17 09:51:56.000
-14448595.455736 5667823.296604 21983153.149892 35000 G02
-7351213.823156 21631257.115415 -12620280.561301 46000 G07
-4889928.269362 18825042.194142 18027646.684909 48000 G14
3601247.313788 17671000.553425 19834919.935720 36000 G17
543763.094670 26306539.654197 -2156419.154982 40000 G30
-15510121.559835 20086383.031297 -2999134.837605 31000 R10
-6083701.347262 20446516.631556 13976936.732141 51000 R11
8448981.257037 7186408.795676 22986468.442902 40000 R12
-12002078.371020 -3157300.225715 22306728.877016 0 R20
-3873812.991311 14496938.693811 20639154.830417 51000 R21
6763926.632041 23859124.395580 5972392.413453 34000 R22
-14726784.802538 39463492.285509 -1117052.285686 46000 C03
-5328443.192969 39105933.411200 -14317522.601322 0 C06
-9367494.728873 26472077.827265 31552182.865937 47000 C07
-19045300.918684 31040600.794449 -21454199.851424 38000 C08
-485460.078099 41373317.081970 -5460980.584204 36000 C09
-435100.963817 28417203.053224 31563942.182029 32000 C10
-14513988.929703 31715752.887426 -23699038.624865 46000 C13
-5562128.937487 38639155.036820 -15144342.816775 38000 C16
time 2025/01/17 09:51:57.000
-14449078.774682 5665183.056773 21983562.992179 34000 G02
-7351648.399431 21629576.632268 -12622845.013788 46000 G07
-4891953.502142 18826137.015210 18025925.665561 47000 G14
3599058.235810 17669924.577047 19836324.818388 35000 G17
543355.787719 26306276.361082 -2159538.807278 40000 G30
-15509766.791688 20086131.984547 -3002660.305415 31000 R10
-6084685.598187 20448162.539536 13974097.776328 51000 R11
8447183.758224 7188985.913749 22986324.394264 38000 R12
-12003272.216631 -3160112.502844 22305691.586103 0 R20
-3874859.468990 14494310.251278 20640802.576075 51000 R21
6763762.497751 23858311.749675 5975842.043321 35000 R22
-14726789.112554 39463491.029035 -1116989.610830 45000 C03
-5327381.355287 39105245.336225 -14319797.002268 0 C06
-9368508.013522 26471909.969362 31552009.009944 47000 C07
-19045160.752989 31042216.175333 -21451997.928578 38000 C08
-484255.586138 41372976.413593 -5463475.094805 36000 C09
-436036.906119 28416818.965404 31564247.251946 32000 C10
-14513966.422208 31717277.670275 -23697041.453019 45000 C13
-5561062.260865 38638404.809933 -15146620.075264 37000 C16
time 2025/01/17 09:51:58.000
-14449562.260028 5662542.801722 21983972.384805 35000 G02
-7352083.095094 21627895.842635 -12625409.183242 45000 G07
-4893978.496725 18827231.829438 18024204.260943 47000 G14
3596868.945558 17668848.648359 19837729.290664 34000 G17
542948.433462 26306012.697350 -2162658.412777 39000 G30
-15509411.772154 20085880.513023 -3006185.701483 33000 R10
-6085669.495237 20449808.208439 13971258.484674 50000 R11
8445386.477734 7191563.159881 22986179.794582 38000 R12
-12004466.248643 -3162924.546957 22304653.760701 0 R20
-3875906.257686 14491681.690825 20642449.826581 51000 R21
6763598.118436 23857498.681590 5979291.529622 35000 R22
-14726793.422591 39463489.772772 -1116926.930023 45000 C03
-5326319.617596 39104557.103710 -14322071.326078 0 C06
-9369521.322905 26471742.259990 31551834.987047 46000 C07
-19045020.352440 31043831.536970 -21449795.892484 39000 C08
-483051.143793 41372635.562694 -5465969.575442 35000 C09
-436972.904473 28416435.017379 31564552.157656 30000 C10
-14513943.692356 31718802.449887 -23695044.155195 45000 C13
-5559995.693043 38637654.423160 -15148897.251503 37000 C16
time 2025/01/17 09:51:59.000
-14450045.911773 5659902.531494 21984381.327769 35000 G02
-7352517.910181 21626214.746565 -12627973.069597 46000 G07
-4896003.253080 18828326.636772 18022482.471092 47000 G14
3594679.443141 17667772.767443 19839133.352477 37000 G17
542541.031852 26305748.663012 -2165777.971412 39000 G30
-15509056.501301 20085628.616693 -3009711.025714 34000 R10
-6086653.038426 20451453.638179 13968418.857256 51000 R11
8443589.415624 7194140.533986 22986034.643860 37000 R12
-12005660.466988 -3165736.357947 22303615.400844 0 R20
-3876953.357393 14489053.012558 20644096.581890 51000 R21
6763433.494034 23856685.191369 5982740.872307 34000 R22
-14726797.732652 39463488.516722 -1116864.243266 46000 C03
-5325257.979922 39103868.713671 -14324345.572733 0 C06
-9370534.656997 26471574.699151 31551660.797249 46000 C07
-19044879.717041 31045446.879319 -21447593.743162 38000 C08
-481846.751086 41372294.529278 -5468464.026108 34000 C09
-437908.958858 28416051.209158 31564856.899156 32000 C10
-14513920.740148 31720327.226225 -23693046.731408 45000 C13
-5558929.234048 38636903.876520 -15151174.345475 38000 C16
time 2025/01/17 09:52:02.000
-14451497.865350 5651981.630465 21985605.458607 35000 G02
-7353823.072364 21621169.620144 -12635663.029532 46000 G07
-4902076.092463 18831611.016882 18017314.790496 46000 G14
3588109.663165 17664545.411751 19843343.074955 36000 G17
541318.542422 26304954.336459 -2175136.365473 38000 G30
-15507989.181520 20084870.378552 -3020286.566602 35000 R10
-6089601.545007 20456388.491616 13959897.961058 51000 R11
8438199.540071 7201873.423365 22985595.885492 37000 R12
-12009244.239485 -3174170.391445 22300497.114774 0 R20
-3880096.522570 14481166.271771 20649033.876264 51000 R21
6762938.149738 23854242.188461 5993088.037555 36000 R22
-14726810.662967 39463484.749842 -1116676.147296 46000 C03
-5322073.667223 39101802.598547 -14331167.849676 0 C06
-9373574.807326 26471072.907870 31551137.226453 46000 C07
-19044456.401767 31050292.790325 -21440986.615907 39000 C08
-478233.871073 41371270.334005 -5475947.198139 35000 C09
-440717.458037 28414900.623381 31565770.138395 29000 C10
-14513850.549393 31724901.535293 -23687053.704362 44000 C13
-5555730.510223 38634651.277528 -15158005.133736 38000 C16
time 2025/01/17 09:52:03.000
-14451982.182644 5649341.300225 21986012.602847 33000 G02
-7354258.365518 21619487.298755 -12638225.782930 46000 G07
-4904099.895587 18832705.796108 18015591.460074 46000 G14
3585919.312404 17663469.722369 19844745.494701 37000 G17
540910.950921 26304688.819796 -2178255.735979 39000 G30
-15507632.906081 20084616.782682 -3023811.602665 36000 R10
-6090583.672925 20458032.963890 13957056.991242 51000 R11
8436403.351992 7204451.308571 22985448.530647 37000 R12
-12010439.202620 -3176981.269193 22299456.617332 0 R20
-3881144.866305 14478537.123168 20650678.650402 51000 R21
6762772.544414 23853427.010248 5996536.804760 38000 R22
-14726814.973117 39463483.494639 -1116613.436741 46000 C03
-5321012.429841 39101113.578553 -14333441.787607 0 C06
-9374588.240046 26470905.941201 31550962.369057 47000 C07
-19044314.826992 31051908.055197 -21438784.013767 38000 C08
-477029.677198 41370928.570596 -5478441.528770 35000 C09
-441653.736374 28414517.374442 31566074.223049 29000 C10
-14513826.707766 31726426.298224 -23685055.776822 45000 C13
-5554664.486753 38633900.091565 -15160281.898548 37000 C16
time 2025/01/17 09:52:04.000
-14452466.666318 5646700.955128 21986419.297392 33000 G02
-7354693.778284 21617804.671141 -12640788.252954 46000 G07
-4906123.460335 18833800.568180 18013867.744589 46000 G14
3583728.749655 17662394.080991 19846147.503866 37000 G17
540503.311829 26304422.932578 -2181375.059294 38000 G30
-15507276.379666 20084362.761846 -3027336.566487 35000 R10
-6091565.447070 20459677.196599 13954215.685985 51000 R11
8434607.382534 7207029.321380 22985300.624779 37000 R12
-12011634.351821 -3179791.913454 22298415.585550 0 R20
-3882193.521046 14475907.857200 20652322.929158 51000 R21
6762606.693716 23852611.410168 5999985.427881 39000 R22
-14726819.283290 39463482.239647 -1116550.720236 45000 C03
-5319951.292587 39100424.401106 -14335715.648332 0 C06
-9375601.697374 26470739.123081 31550787.344761 47000 C07
-19044173.017380 31053523.300624 -21436581.298440 37000 C08
-475825.533093 41370586.624704 -5480935.829369 34000 C09
-442590.070639 28414134.265347 31566378.143484 29000 C10
-14513802.643787 31727951.057729 -23683057.723362 45000 C13
-5553598.572217 38633148.745806 -15162558.581052 37000 C16
time 2025/01/17 09:52:05.000
-14452951.316363 5644060.595265 21986825.542232 34000 G02
-7355129.310692 21616121.737361 -12643350.439520 46000 G07
-4908146.786656 18834895.333034 18012143.644095 46000 G14
3581537.974970 17661318.487671 19847549.102414 37000 G17
540095.625100 26304156.674814 -2184494.335334 37000 G30
-15506919.602344 20084108.316013 -3030861.457984 36000 R10
-6092546.867451 20461321.189645 13951374.045381 51000 R11
8432811.631774 7209607.461672 22985152.167893 36000 R12
-12012829.687019 -3182602.324119 22297374.019461 0 R20
-3883242.486780 14473278.473994 20653966.712475 51000 R21
6762440.597582 23851795.388267 6003433.906851 41000 R22
-14726823.593484 39463480.984867 -1116487.997784 46000 C03
-5318890.255487 39099735.066221 -14337989.431833 0 C06
-9376615.179278 26470572.453517 31550612.153570 47000 C07
-19044030.972936 31055138.526552 -21434378.469963 39000 C08
-474621.438792 41370244.496339 -5483430.099906 34000 C09
-443526.460813 28413751.296103 31566681.899699 29000 C10
-14513778.357455 31729475.813762 -23681059.544010 45000 C13
-5552532.766647 38632397.240274 -15164835.181215 37000 C16
time 2025/01/17 09:52:06.000
-7355564.962782 21614438.497453 -12645912.342583 46000 G07
-4910169.874527 18835990.090622 18010419.158618 46000 G14
3579346.988382 17660242.942455 19848950.290323 37000 G17
539687.890685 26303890.046516 -2187613.564030 37000 G30
-15506562.574184 20083853.445152 -3034386.277058 36000 R10
-6093527.934089 20462964.942953 13948532.069484 51000 R11
8431016.099755 7212185.729383 22985003.159992 36000 R12
-12014025.208162 -3185412.501115 22296331.919090 0 R20
-3884291.763510 14470648.973627 20655610.000321 51000 R21
6762274.255952 23850978.944580 6006882.241663 42000 R22
-14726827.903701 39463479.730299 -1116425.269383 46000 C03
-5317829.318560 39099045.573911 -14340263.138104 0 C06
-9377628.685740 26470405.932512 31550436.795483 47000 C07
-19043888.693660 31056753.732957 -21432175.528335 40000 C08
-473417.394321 41369902.185506 -5485924.340370 34000 C09
-444462.906875 28413368.466718 31566985.491691 30000 C10
-14513753.848771 31731000.566299 -23679061.238769 45000 C13
-5551467.070066 38631645.574983 -15167111.699028 37000 C16
time 2025/01/17 09:52:07.000
-7356000.734591 21612754.951457 -12648473.962092 47000 G07
-4912192.723919 18837084.840892 18008694.288195 46000 G14
3577155.789927 17659167.445388 19850351.067569 37000 G17
539280.108536 26303623.047693 -2190732.745336 36000 G30
-15506205.295256 20083598.149231 -3037911.023621 36000 R10
-6094508.647001 20464608.456444 13945689.758358 51000 R11
8429220.786527 7214764.124434 22984853.601080 36000 R12
-12015220.915197 -3188222.444373 22295289.284457 0 R20
-3885341.351235 14468019.356193 20657252.792658 51000 R21
6762107.668767 23850162.079162 6010330.432214 42000 R22
-14726832.213940 39463478.475943 -1116362.535034 46000 C03
-5316768.481836 39098355.924195 -14342536.767122 0 C06
-9378642.216742 26470239.560067 31550261.270500 47000 C07
-19043746.179557 31058368.919807 -21429972.473564 40000 C08
-472213.399703 41369559.692213 -5488418.550754 34000 C09
-445399.408810 28412985.777200 31567288.919460 29000 C10
-14513729.117735 31732525.315310 -23677062.807643 45000 C13
-5550401.482492 38630893.749948 -15169388.134486 36000 C16
time 2025/01/17 09:52:08.000
-7356436.626155 21611071.099421 -12651035.297982 46000 G07
-4914215.334801 18838179.583790 18006969.032859 46000 G14
3574964.379648 17658091.996519 19851751.434124 37000 G17
538872.278607 26303355.678356 -2193851.879164 36000 G30
-15505847.765627 20083342.428218 -3041435.697605 36000 R10
-6095489.006204 20466251.730033 13942847.112074 51000 R11
8427425.692135 7217342.646757 22984703.491160 35000 R12
-12016416.808065 -3191032.153808 22294246.115590 0 R20
-3886391.249951 14465389.621787 20658895.089448 51000 R21
6761940.835971 23849344.792069 6013778.478406 43000 R22
-14726836.524201 39463477.221798 -1116299.794738 46000 C03
-5315707.745329 39097666.117083 -14344810.318889 0 C06
-9379655.772262 26470073.336187 31550085.578623 47000 C07
-19043603.430628 31059984.087070 -21427769.305659 40000 C08
-471009.454963 41369217.016465 -5490912.731050 34000 C09
-446335.966597 28412603.227554 31567592.183006 28000 C10
-14513704.164349 31734050.060761 -23675064.250648 45000 C13
-5549336.003952 38630141.765184 -15171664.487576 36000 C16
time 2025/01/17 09:52:09.000
-7356872.637512 21609386.941387 -12653596.350197 46000 G07
-4916237.707142 18839274.319265 18005243.392648 46000 G14
3572772.757585 17657016.595899 19853151.389961 36000 G17
538464.400847 26303087.938512 -2196970.965474 36000 G30
-15505489.985366 20083086.282081 -3044960.298921 35000 R10
-6096469.011714 20467894.763639 13940004.130701 51000 R11
8425630.816645 7219921.296251 22984552.830237 35000 R12
-12017612.886712 -3193841.629344 22293202.412513 0 R20
-3887441.459656 14462759.770502 20660536.890649 51000 R21
6761773.757505 23848527.083355 6017226.380143 43000 R22
-14726840.834484 39463475.967865 -1116237.048495 46000 C03
-5314647.109069 39096976.152592 -14347083.793382 0 C06
-9380669.352277 26469907.260875 31549909.719851 47000 C07
-19043460.446876 31061599.234710 -21425566.024635 40000 C08
-469805.560133 41368874.158271 -5493406.881229 34000 C09
-447272.580215 28412220.817790 31567895.282324 30000 C10
-14513678.988612 31735574.802618 -23673065.567795 45000 C13
-5548270.634466 38629389.620706 -15173940.758286 36000 C16
time 2025/01/17 09:52:10.000
-14455377.062063 5630858.576523 21988850.020663 36000 G02
-7357308.768698 21607702.477397 -12656157.118684 45000 G07
-4918259.840912 18840369.047263 18003517.367594 47000 G14
3570580.923746 17655941.243560 19854550.935073 40000 G17
538056.475202 26302819.828169 -2200090.004252 39000 G30
-15505131.954539 20082829.710786 -3048484.827506 36000 R10
-6097448.663545 20469537.557175 13937160.814313 51000 R11
8423836.160136 7222500.072798 22984401.618315 41000 R12
-3888491.980356 14460129.802411 20662178.196238 51000 R21
6761606.433303 23847708.953030 6020674.137517 42000 R22
-14726845.144789 39463474.714144 -1116174.296305 45000 C03
-5313586.573075 39096286.030735 -14349357.190596 0 C06
-9381682.956768 26469741.334135 31549733.694186 47000 C07
-19043317.228304 31063214.362700 -21423362.630494 38000 C08
-468601.715209 41368531.117628 -5495901.001346 33000 C09
-448209.249602 28411838.547932 31568198.217401 36000 C10
-14513653.590527 31737099.540857 -23671066.759085 38000 C13
-5547205.374058 38628637.316530 -15176216.946607 40000 C16
time 2025/01/17 09:52:11.000
-14455862.710276 5628218.129310 21989253.567156 36000 G02
-7357745.019752 21606017.707490 -12658717.603395 45000 G07
-4920281.736087 18841463.767735 18001790.957729 47000 G14
3568388.878226 17654865.939577 19855950.069400 39000 G17
13954701.935057 18857629.361329 12726898.740434 38000 G19
537648.501641 26302551.347347 -2203208.995307 39000 G30
-15504773.673215 20082572.714304 -3052009.283268 35000 R10
-6098427.961729 20471180.110582 13934317.162937 51000 R11
8422041.722572 7225078.976443 22984249.855393 41000 R12
-3889542.812039 14457499.717634 20663819.006158 51000 R21
6761438.863324 23846890.401226 6024121.750105 42000 R22
-14726849.455117 39463473.460634 -1116111.538168 45000 C03
-5312526.137364 39095595.751523 -14351630.510531 0 C06
-9382696.585716 26469575.555969 31549557.501628 47000 C07
-19043173.774916 31064829.471005 -21421159.123246 38000 C08
-467397.920268 41368187.894558 -5498395.091282 33000 C09
-449145.974837 28411456.417949 31568500.988265 36000 C10
-14513627.970092 31738624.275449 -23669067.824525 38000 C13
-5546140.222744 38627884.852668 -15178493.052539 40000 C16
time 2025/01/17 09:52:12.000
-14456348.524833 5625577.667780 21989656.663900 34000 G02
-7358181.390707 21604332.631721 -12661277.804253 47000 G07
-4922303.392620 18842558.480621 18000064.163099 46000 G14
3566196.621093 17653790.684012 19857348.792896 37000 G17
537240.480125 26302282.496062 -2206327.938505 33000 G30
-15504415.141469 20082315.292604 -3055533.666087 35000 R10
-6099406.906271 20472822.423761 13931473.176671 50000 R11
8420247.504022 7227658.007083 22984097.541475 34000 R12
-12021202.236789 -3202268.651827 22290068.098245 0 R20
-3890593.954701 14454869.516269 20665459.320368 51000 R21
6761271.047506 23846071.427985 6027569.217868 44000 R22
-14726853.765466 39463472.207336 -1116048.774085 46000 C03
-5311465.801964 39094905.314975 -14353903.753163 0 C06
-9383710.239094 26469409.926382 31549381.142179 47000 C07
-19043030.086713 31066444.559582 -21418955.502918 40000 C08
-466194.175342 41367844.489071 -5500889.151011 34000 C09
-450082.755881 28411074.427854 31568803.594910 32000 C10
-14513602.127308 31740149.006347 -23667068.764145 45000 C13
-5545075.180561 38627132.229143 -15180769.076042 36000 C16
time 2025/01/17 09:52:13.000
-14456834.505731 5622937.191999 21990059.310889 36000 G02
-7358617.881598 21602647.250147 -12663837.721183 45000 G07
-4924324.810475 18843653.185863 17998336.983748 47000 G14
3564004.152262 17652715.476851 19858747.105615 39000 G17
13951734.829618 18856265.986128 12732028.192016 39000 G19
536832.410565 26302013.274297 -2209446.834092 40000 G30
-15504056.359364 20082057.445653 -3059057.975904 35000 R10
-6100385.497173 20474464.496603 13928628.855629 51000 R11
8418453.504668 7230237.164451 22983944.676575 41000 R12
-3891645.408342 14452239.198400 20667099.138834 51000 R21
6761102.985779 23845252.033294 6031016.540989 42000 R22
-14726858.075837 39463470.954250 -1115986.004057 45000 C03
-5310405.566913 39094214.721112 -14356176.918452 0 C06
-9384723.916872 26469244.445378 31549204.615840 47000 C07
-19042886.163701 31068059.628387 -21416751.769534 39000 C08
-464990.480384 41367500.901150 -5503383.180673 33000 C09
-451019.592581 28410692.577711 31569106.037291 36000 C10
-14513576.062178 31741673.733517 -23665069.577957 38000 C13
-5544010.247531 38626379.445972 -15183045.017106 40000 C16
time 2025/01/17 09:52:15.000
-14457806.966540 5617656.197898 21990863.255581 33000 G02
-7359491.223342 21599275.569719 -12668956.703089 47000 G07
-4928366.930053 18845842.573222 17994881.470994 45000 G14
3559618.580050 17650565.208127 19861542.498370 38000 G17
13948766.453450 18854902.296400 12737156.575077 24000 G19
536016.127239 26301473.719444 -2215684.481302 29000 G30
-15503338.044362 20081540.475875 -3066106.376155 35000 R10
-6102341.618177 20477747.921038 13922939.209331 51000 R11
8414866.163351 7235395.859630 22983637.293812 29000 R12
-12024793.256821 -3210693.566302 22286928.977011 0 R20
-3893749.248539 14446978.213565 20670377.288357 51000 R21
6760766.124395 23843611.979928 6037910.752308 44000 R22
-14726866.696645 39463468.448711 -1115860.446163 46000 C03
-5308285.397903 39092833.061479 -14360723.017041 0 C06
-9386751.345573 26468913.929129 31548851.062494 47000 C07
-19042597.613256 31071289.706588 -21412343.963587 40000 C08
-462583.240696 41366813.178101 -5508371.149293 34000 C09
-452893.433310 28409929.297131 31569710.429396 29000 C10
-14513523.264876 31744723.176562 -23661070.828179 45000 C13
-5541880.709020 38624873.400749 -15187596.651878 35000 C16
time 2025/01/17 09:52:16.000
-14458293.446440 5615015.679728 21991264.553269 33000 G02
-7359928.074266 21597589.270960 -12671515.767938 47000 G07
-4930387.631707 18846937.255229 17993153.137669 45000 G14
3557425.476666 17649490.146621 19862939.578405 38000 G17
13947281.788594 18854220.333601 12739720.366249 26000 G19
535607.913349 26301203.386358 -2218803.233009 26000 G30
-15502978.511601 20081281.352984 -3069630.466428 35000 R10
-6103319.148302 20479389.272448 13920093.884244 51000 R11
8413072.821587 7237975.397145 22983482.775964 26000 R12
-12025990.634340 -3213501.402319 22285881.535167 0 R20
-3894801.635094 14444347.546777 20672015.619341 51000 R21
6760597.324617 23842791.321327 6041357.640463 45000 R22
-14726871.007082 39463467.196260 -1115797.658300 46000 C03
-5307225.463994 39092141.995739 -14362995.950309 0 C06
-9387765.096447 26468748.893892 31548674.035489 47000 C07
-19042452.985830 31072904.715904 -21410139.891062 40000 C08
-461379.695973 41366469.042973 -5510865.088320 33000 C09
-453830.437199 28409547.866749 31570012.379084 26000 C10
-14513496.532706 31746247.892372 -23659071.264612 45000 C13
-5540816.103580 38624120.138727 -15189872.345570 35000 C16
time 2025/01/17 09:52:17.000
-14458780.092668 5612375.147540 21991665.401180 37000 G02
-7360365.045278 21595902.666552 -12674074.548661 45000 G07
-4932408.094578 18848031.929391 17991424.419748 47000 G14
3555232.161777 17648415.133728 19864336.247536 39000 G17
13945796.805716 18853538.292166 12742283.890770 38000 G19
535199.651257 26300932.682854 -2221921.936594 41000 G30
-15502618.728751 20081021.804711 -3073154.483431 33000 R10
-6104296.324867 20481030.383215 13917248.224614 51000 R11
8411279.699146 7240555.061184 22983327.707143 41000 R12
-3895854.332627 14441716.763840 20673653.454439 51000 R21
6760428.278701 23841970.241505 6044804.383553 42000 R22
-14726875.317541 39463465.944019 -1115734.864491 45000 C03
-5306165.630543 39091450.772757 -14365268.806147 0 C06
-9388778.871648 26468584.007251 31548496.841595 46000 C07
-19042308.123604 31074519.705335 -21407935.705496 38000 C08
-460176.201332 41366124.725442 -5513358.997211 33000 C09
-454767.496686 28409166.576341 31570314.164508 36000 C10
-14513469.578191 31747772.604342 -23657071.575258 38000 C13
-5539751.607377 38623366.717113 -15192147.956796 39000 C16
time 2025/01/17 09:52:18.000
-14459266.905221 5609734.601402 21992065.799308 33000 G02
-7360802.136411 21594215.756553 -12676633.045178 46000 G07
-4934428.318618 18849126.595646 17989695.317279 45000 G14
3553038.635554 17647340.169562 19865732.505653 38000 G17
534791.340884 26300661.608923 -2225040.592231 23000 G30
-15502258.695897 20080761.831037 -3076678.426910 35000 R10
-6105273.147902 20482671.253276 13914402.230475 51000 R11
8409486.796240 7243134.851436 22983172.087367 0 R12
-12028385.945312 -3219116.370690 22283785.049469 0 R20
-3896907.341115 14439085.864897 20675290.793579 51000 R21
6760258.986597 23841148.740551 6048250.981338 46000 R22
-14726879.628022 39463464.691990 -1115672.064738 46000 C03
-5305105.897483 39090759.392487 -14367541.584734 0 C06
-9389792.671149 26468419.269208 31548319.480815 47000 C07
-19042163.026581 31076134.674836 -21405731.406916 40000 C08
-458972.756908 41365780.225546 -5515852.875728 33000 C09
-455704.611967 28408785.425826 31570615.785736 25000 C10
-14513442.401332 31749297.312425 -23655071.760147 45000 C13
-5538687.220446 38622613.135933 -15194423.485517 34000 C16
time 2025/01/17 09:52:19.000
-14459753.884092 5607094.041390 21992465.747644 33000 G02
-7361239.347701 21592528.541001 -12679191.257439 46000 G07
-4936448.303802 18850221.253946 17987965.830295 45000 G14
3550844.897920 17646265.254115 19867128.352802 38000 G17
534382.982231 26300390.164606 -2228159.199491 23000 G30
-15501898.413093 20080501.431917 -3080202.296933 34000 R10
-6106249.617407 20484311.882521 13911555.901943 51000 R11
8407694.112498 7245714.768430 22983015.916602 0 R12
-12029583.878649 -3221923.502876 22282736.005671 0 R20
-3897960.660574 14436454.850003 20676927.636749 51000 R21
6760089.448238 23840326.818481 6051697.433882 46000 R22
-14726883.938524 39463463.440173 -1115609.259042 46000 C03
-5304046.264927 39090067.855004 -14369814.285866 0 C06
-9390806.494929 26468254.679768 31548141.953149 47000 C07
-19042017.694765 31077749.624372 -21403526.995333 40000 C08
-457769.362625 41365435.543262 -5518346.724071 33000 C09
-456641.782801 28408404.415302 31570917.242695 25000 C10
-14513415.002129 31750822.016599 -23653071.819279 45000 C13
-5537622.942801 38621859.395197 -15196698.931739 34000 C16
time 2025/01/17 09:52:20.000
-14460241.029277 5604453.467570 21992865.246183 33000 G02
-7361676.679186 21590841.019945 -12681749.185382 46000 G07
-4938468.050097 18851315.904234 17986235.958832 45000 G14
3548650.948955 17645190.387453 19868523.788934 39000 G17
533974.575231 26300118.349900 -2231277.758451 24000 G30
-15501537.880415 20080240.607326 -3083726.093358 34000 R10
-6107225.733404 20485952.270877 13908709.239072 51000 R11
8405901.648206 7248294.811747 22982859.194873 0 R12
-12030781.997145 -3224730.400292 22281686.427939 0 R20
-3899014.290992 14433823.719271 20678563.983897 51000 R21
6759919.663570 23839504.475358 6055143.741051 47000 R22
-14726888.249048 39463462.188567 -1115546.447402 46000 C03
-5302986.732866 39089376.160301 -14372086.909596 0 C06
-9391820.342965 26468090.238935 31547964.258598 47000 C07
-19041872.128159 31079364.553911 -21401322.470757 40000 C08
-456566.018542 41365090.678608 -5520840.542156 32000 C09
-457579.009232 28408023.544750 31571218.535405 24000 C10
-14513387.380582 31752346.716825 -23651071.752670 44000 C13
-5536558.774470 38621105.494923 -15198974.295442 34000 C16
time 2025/01/17 09:52:21.000
-14460728.340771 5601812.880011 21993264.294916 33000 G02
-7362114.130901 21589153.193429 -12684306.828949 46000 G07
-4940487.557468 18852410.546457 17984505.702928 45000 G14
3546456.788705 17644115.569630 19869918.814016 39000 G17
533566.119843 26299846.164821 -2234396.269001 25000 G30
-15501177.097930 20079979.357232 -3087249.816103 34000 R10
-6108201.495908 20487592.418260 13905862.241930 51000 R11
8404109.403465 7250874.981238 22982701.922188 0 R12
-12031980.300743 -3227537.062858 22280636.316299 0 R20
-3900068.232367 14431192.472795 20680199.834984 51000 R21
6759749.632534 23838681.711235 6058589.902766 47000 R22
-14726892.559593 39463460.937173 -1115483.629818 46000 C03
-5301927.301328 39088684.308396 -14374359.455907 0 C06
-9392834.215236 26467925.946711 31547786.397164 47000 C07
-19041726.326766 31080979.463413 -21399117.833209 40000 C08
-455362.724688 41364745.631590 -5523334.329970 32000 C09
-458516.291267 28407642.814167 31571519.663871 25000 C10
-14513359.536694 31753871.413071 -23649071.560334 45000 C13
-5535494.715475 38620351.435126 -15201249.576614 34000 C16
time 2025/01/17 09:52:22.000
-14461215.818573 5599172.278762 21993662.893840 32000 G02
-7362551.702883 21587465.061498 -12686864.188081 46000 G07
-4942506.825889 18853505.180563 17982775.062617 45000 G14
3544262.417205 17643040.800688 19871313.428027 39000 G17
533157.616010 26299573.609374 -2237514.731135 27000 G30
-15500816.065707 20079717.681604 -3090773.465078 34000 R10
-6109176.904937 20489232.324587 13903014.910588 51000 R11
8402317.378319 7253455.276836 22982544.098550 0 R12
-12033178.789384 -3230343.490490 22279585.670778 0 R20
-3901122.484695 14428561.110669 20681835.189971 51000 R21
6759579.355073 23837858.526163 6062035.918943 47000 R22
-14726896.870160 39463459.685990 -1115420.806292 46000 C03
-5300867.970333 39087992.299303 -14376631.924788 0 C06
-9393848.111721 26467761.803100 31547608.368845 47000 C07
-19041580.290589 31082594.352846 -21396913.082695 40000 C08
-454159.481087 41364400.402214 -5525828.087503 32000 C09
-459453.628779 28407262.223606 31571820.628057 0 C10
-14513331.470463 31755396.105305 -23647071.242278 45000 C13
-5534430.765841 38619597.215824 -15203524.775242 34000 C16
time 2025/01/17 09:52:23.000
-14461703.462675 5596531.663906 21994061.042947 32000 G02
-7362989.395169 21585776.624196 -12689421.262720 46000 G07
-4944525.855324 18854599.806498 17981044.037937 45000 G14
3542067.834499 17641966.080680 19872707.630936 40000 G17
532749.063687 26299300.683568 -2240633.144783 29000 G30
-15500454.783814 20079455.580409 -3094297.040211 33000 R10
-6110151.960508 20490871.989777 13900167.245113 51000 R11
8400525.572802 7256035.698483 22982385.723961 0 R12
-12034377.463014 -3233149.683111 22278534.491400 0 R20
-3902177.047974 14425929.632986 20683470.048819 51000 R21
6759408.831127 23837034.920192 6065481.789500 47000 R22
-14726901.180749 39463458.435018 -1115357.976824 46000 C03
-5299808.739906 39087300.133037 -14378904.316225 0 C06
-9394862.032396 26467597.808106 31547430.173645 47000 C07
-19041434.019631 31084209.222181 -21394708.219223 40000 C08
-452956.287778 41364054.990491 -5528321.814714 31000 C09
-460391.021925 28406881.773000 31572121.428020 0 C10
-14513303.181892 31756920.793496 -23645070.798515 45000 C13
-5533366.925590 38618842.837030 -15205799.891315 33000 C16
time 2025/01/17 09:52:24.000
-14462191.273074 5593891.035499 21994458.742232 32000 G02
-7363427.207795 21584087.881569 -12691978.052806 46000 G07
-4946544.645740 18855694.424207 17979312.628927 45000 G14
3539873.040626 17640891.409653 19874101.422719 40000 G17
532340.462824 26299027.387415 -2243751.509875 30000 G30
-15500093.252323 20079193.053617 -3097820.541402 33000 R10
-6111126.662637 20492511.413749 13897319.245573 50000 R11
8398733.986962 7258616.246106 22982226.798425 0 R12
-12035576.321576 -3235955.640640 22277482.778192 0 R20
-3903231.922202 14423298.039841 20685104.411489 51000 R21
6759238.060640 23836210.893377 6068927.514350 47000 R22
-14726905.491359 39463457.184258 -1115295.141413 46000 C03
-5298749.610065 39086607.809609 -14381176.630216 0 C06
-9395875.977242 26467433.961731 31547251.811563 47000 C07
-19041287.513894 31085824.071379 -21392503.242808 40000 C08
-451753.144779 41363709.396426 -5530815.511609 31000 C09
-461328.470599 28406501.462393 31572422.063730 0 C10
-14513274.670980 31758445.477611 -23643070.229054 45000 C13
-5532303.194748 38618088.298764 -15208074.924815 33000 C16
time 2025/01/17 09:52:25.000
-14462679.249766 5591250.393615 21994855.991685 36000 G02
-7363865.140796 21582398.833669 -12694534.558272 44000 G07
-4948563.197103 18856789.033635 17977580.835624 48000 G14
3537678.035579 17639816.787633 19875494.803378 39000 G17
13933905.508171 18848079.142426 12762782.458433 30000 G19
531931.813377 26298753.720925 -2246869.826340 43000 G30
-15499731.471298 20078930.101195 -3101343.968594 32000 R10
-6112101.011335 20494150.596407 13894470.912054 51000 R11
8396942.620778 7261196.919728 22982067.321939 40000 R12
-3904287.107372 14420666.331338 20686738.277936 51000 R21
6759067.043552 23835386.445762 6072373.093434 44000 R22
-14726909.801991 39463455.933709 -1115232.300062 45000 C03
-5297690.580881 39085915.329065 -14383448.866647 0 C06
-9396889.946231 26467270.263981 31547073.282601 47000 C07
-19041140.773382 31087438.900399 -21390298.153474 38000 C08
-450550.052080 41363363.620015 -5533309.178253 34000 C09
-462265.974783 28406121.291791 31572722.535185 35000 C10
-14513245.937728 31759970.157612 -23641069.533914 39000 C13
-5531239.573331 38617333.601035 -15210349.875746 40000 C16
time 2025/01/17 09:52:26.000
-14463167.392744 5588609.738321 21995252.791303 36000 G02
-7364303.194207 21580709.480541 -12697090.779057 44000 G07
-4950581.509375 18857883.634725 17975848.658070 48000 G14
3535482.819519 17638742.214726 19876887.772810 39000 G17
13932417.666575 18847396.397144 12765343.575438 29000 G19
531523.115293 26298479.684107 -2249988.094143 43000 G30
-15499369.440812 20078666.723114 -3104867.321664 31000 R10
-6113075.006621 20495789.537673 13891622.244622 51000 R11
8395151.474455 7263777.719051 22981907.294521 39000 R12
-3905342.603474 14418034.507586 20688371.648112 51000 R21
6758895.779808 23834561.577416 6075818.526605 44000 R22
-14726914.112644 39463454.683372 -1115169.452768 45000 C03
-5296631.652295 39085222.691368 -14385721.025679 0 C06
-9397903.939342 26467106.714858 31546894.586760 47000 C07
-19040993.798098 31089053.709212 -21388092.951223 38000 C08
-449347.009783 41363017.661286 -5535802.814472 34000 C09
-463203.534442 28405741.261209 31573022.842379 35000 C10
-14513216.982138 31761494.833463 -23639068.713111 39000 C13
-5530176.061381 38616578.743873 -15212624.744054 40000 C16
time 2025/01/17 09:52:27.000
-14463655.702009 5585969.069666 21995649.141079 35000 G02
-7364741.368069 21579019.822218 -12699646.715121 44000 G07
-4952599.582539 18858978.227432 17974116.096290 48000 G14
3533287.392417 17637667.690946 19878280.331034 39000 G17
13930929.507360 18846713.573917 12767904.424732 29000 G19
531114.368528 26298205.276972 -2253106.313195 43000 G30
-15499007.160934 20078402.919342 -3108390.600537 31000 R10
-6114048.648520 20497428.237477 13888773.243321 51000 R11
8393360.547965 7266358.644108 22981746.716167 39000 R12
-3906398.410523 14415402.568638 20690004.522002 51000 R21
6758724.269349 23833736.288381 6079263.813813 44000 R22
-14726918.423319 39463453.433246 -1115106.599534 45000 C03
-5295572.824366 39084529.896554 -14387993.107223 0 C06
-9398917.956559 26466943.314365 31546715.724040 47000 C07
-19040846.588046 31090668.497784 -21385887.636069 39000 C08
-448144.017880 41362671.520237 -5538296.420326 34000 C09
-464141.149569 28405361.370649 31573322.985316 36000 C10
-14513187.804210 31763019.505146 -23637067.766637 38000 C13
-5529112.658906 38615823.727282 -15214899.529760 39000 C16
time 2025/01/17 09:52:29.000
-14464632.819375 5580687.692559 21996440.491081 31000 G02
-7365618.077285 21575639.590185 -12704757.732827 47000 G07
-4956635.011408 18861167.387479 17970649.820202 45000 G14
3528895.905314 17635518.790997 19881064.213705 41000 G17
13927952.236075 18845347.693831 12773025.320039 30000 G19
530296.728758 26297655.351793 -2259342.604817 30000 G30
-15498281.853285 20077874.034607 -3115436.935270 33000 R10
-6115994.872215 20500704.912362 13883074.239406 50000 R11
8389779.354717 7271520.871069 22981423.906671 39000 R12
-12041573.386331 -3249981.899046 22272216.205614 0 R20
-3908510.957421 14410138.345603 20693268.780726 51000 R21
6758380.508051 23832084.448454 6086153.950012 47000 R22
-14726927.044732 39463450.933628 -1114980.875243 46000 C03
-5293455.470562 39083143.835632 -14392537.037821 0 C06
-9400946.063218 26466616.959284 31546357.497965 47000 C07
-19040551.463644 31093898.014079 -21381476.667079 39000 C08
-445738.185397 41361978.691214 -5543283.540817 32000 C09
-466016.546134 28404602.009632 31573922.778401 0 C10
-14513128.781340 31766068.835859 -23633065.496745 45000 C13
-5526986.182487 38614313.215890 -15219448.853291 32000 C16
time 2025/01/17 09:52:31.000
-14465610.601829 5575406.262814 21997230.041642 29000 G02
-7366495.268732 21572258.137944 -12709867.610900 47000 G07
-4960669.483437 18863356.513335 17967182.007668 44000 G14
3524503.574510 17633370.088132 19883846.451232 41000 G17
13924973.694246 18843981.502541 12778145.144189 28000 G19
529478.893710 26297103.945486 -2265578.700515 30000 G30
-15497555.548886 20077343.446726 -3122482.972277 34000 R10
-6117939.682533 20503980.620361 13877373.900928 50000 R11
8386199.041366 7276683.600085 22981098.893476 40000 R12
-12043973.504755 -3255590.753958 22270105.840671 0 R20
-3910624.748028 14404873.663023 20696531.053774 51000 R21
6758035.759193 23830430.926387 6093043.501401 47000 R22
-14726935.666231 39463448.434854 -1114855.127193 46000 C03
-5291338.519710 39081757.146454 -14397080.658222 0 C06
-9402974.266023 26466291.198767 31545998.604387 47000 C07
-19040255.400202 31097127.448987 -21377065.246632 39000 C08
-443332.554770 41361285.132982 -5548270.539770 31000 C09
-467892.164318 28403843.208800 31574521.914428 0 C10
-14513068.869126 31769118.149476 -23629062.724348 44000 C13
-5524860.144260 38612802.066984 -15223997.846242 32000 C16
time 2025/01/17 09:52:32.000
-14466099.742450 5572765.528382 21997624.142114 29000 G02
-7366934.045383 21570566.954357 -12712422.122429 46000 G07
-4962686.360557 18864451.063308 17965447.525325 44000 G14
3522307.092836 17632295.810734 19885236.952990 41000 G17
13923483.947001 18843298.290377 12780704.654278 28000 G19
529069.902831 26296827.686931 -2268696.674773 30000 G30
-15497192.023082 20077077.514031 -3126005.878874 34000 R10
-6118911.557722 20505618.111580 13874523.231386 50000 R11
8384409.214812 7279265.152617 22980935.560503 41000 R12
-12045173.840711 -3258394.827860 22269049.857748 0 R20
-3911682.109716 14402241.149635 20698161.445575 51000 R21
6757863.014284 23829603.534683 6096488.057572 46000 R22
-14726939.977012 39463447.185785 -1114792.244258 46000 C03
-5290280.195433 39081063.566297 -14399352.352099 0 C06
-9403988.403427 26466128.541477 31545818.907285 47000 C07
-19040107.016349 31098742.135841 -21374859.367135 39000 C08
-442129.815228 41360938.080433 -5550763.993616 31000 C09
-468830.056462 28403464.018475 31574821.236039 0 C10
-14513038.579517 31770642.799795 -23627061.149734 44000 C13
-5523797.289529 38612046.253504 -15226272.218715 32000 C16
time 2025/01/17 09:52:33.000
-14466589.049331 5570124.780982 21998017.792707 30000 G02
-7367372.942701 21568875.465850 -12714976.348880 46000 G07
-4964702.998377 18865545.604577 17963712.658976 44000 G14
3520110.400373 17631221.582760 19886627.043372 40000 G17
13921993.882266 18842615.000632 12783263.896216 29000 G19
528660.862987 26296551.058123 -2271814.599875 30000 G30
-15496828.248297 20076811.155456 -3129528.710786 33000 R10
-6119883.079622 20507255.360838 13871672.228397 50000 R11
8382619.608402 7281846.830405 22980771.676619 41000 R12
-12046374.361086 -3261198.665952 22267993.341225 0 R20
-3912739.782326 14399608.521636 20699791.340844 51000 R21
6757690.022311 23828775.722601 6099932.467289 46000 R22
-14726944.287814 39463445.936927 -1114729.355385 46000 C03
-5289221.971957 39080369.829115 -14401623.968402 0 C06
-9405002.564806 26465966.032839 31545639.043310 47000 C07
-19039958.397744 31100356.802252 -21372653.374799 39000 C08
-440927.126242 41360590.845605 -5553257.417016 30000 C09
-469768.003953 28403084.968218 31575120.393381 0 C10
-14513008.067574 31772167.445749 -23625059.449519 44000 C13
-5522734.544416 38611290.280694 -15228546.508505 31000 C16
time 2025/01/17 09:52:34.000
-14467078.522468 5567484.020675 21998410.993417 30000 G02
-23121798.701680 12007521.947405 4667315.111429 33000 G03
-7367811.960726 21567183.672461 -12717530.290203 46000 G07
-4966719.396870 18866640.137088 17961977.408654 44000 G14
3517913.497153 17630147.404253 19888016.722358 40000 G17
528251.774135 26296274.059077 -2274932.475716 30000 G30
-15496464.224600 20076544.370969 -3133051.467935 34000 R10
-6120854.248253 20508892.368056 13868820.892022 50000 R11
8380830.222184 7284428.633368 22980607.241826 42000 R12
-12047575.065832 -3264002.268173 22266936.291121 0 R20
-3913797.765856 14396975.779116 20701420.739544 51000 R21
6757516.783216 23827947.490189 6103376.730482 46000 R22
-14726948.598638 39463444.688279 -1114666.460573 46000 C03
-5288163.849300 39079675.934922 -14403895.507132 0 C06
-9406016.750139 26465803.672854 31545459.012460 47000 C07
-19039809.544390 31101971.448189 -21370447.269633 39000 C08
-439724.487836 41360243.428505 -5555750.809957 30000 C09
-470706.006769 28402706.058039 31575419.386452 0 C10
-14512977.333297 31773692.087306 -23623057.623712 44000 C13
-5521671.908944 38610534.148568 -15230820.715601 31000 C16
time 2025/01/17 09:52:35.000
-14467568.161861 5564843.247503 21998803.744240 31000 G02
-23121405.435658 12007008.252981 4670483.762043 33000 G03
-7368251.099444 21565491.574419 -12720083.946063 0 G07
-4968735.556025 18867734.660801 17960241.774376 44000 G14
3515716.383186 17629073.275247 19889405.989940 40000 G17
13919012.800201 18841248.188536 12788381.575719 33000 G19
527842.636219 26295996.689797 -2278050.302292 30000 G30
-15496099.952055 20076277.160536 -3136574.150273 34000 R10
-6121825.063639 20510529.133168 13865969.222304 50000 R11
8379041.056188 7287010.561459 22980442.256128 42000 R12
-12048775.954897 -3266805.634458 22265878.707455 0 R20
-3914856.060314 14394342.922144 20703049.641653 51000 R21
6757343.296939 23827118.837492 6106820.847096 46000 R22
-14726952.909482 39463443.439844 -1114603.559821 46000 C03
-5287105.827468 39078981.883720 -14406166.968310 0 C06
-9407030.959415 26465641.461524 31545278.814736 47000 C07
-19039660.456290 31103586.073632 -21368241.051630 39000 C08
-438521.900009 41359895.829132 -5558244.172482 29000 C09
-471644.064900 28402327.287940 31575718.215253 0 C10
-14512946.376688 31775216.724450 -23621055.672305 44000 C13
-5520609.383122 38609777.857134 -15233094.840021 30000 C16
time 2025/01/17 09:52:36.000
-14468057.967505 5562202.461535 21999196.045169 32000 G02
-23121011.870464 12006494.306901 4673652.312266 33000 G03
-7368690.358993 21563799.171386 -12722637.316981 0 G07
-4970751.475799 18868829.175656 17958505.756189 44000 G14
3513519.058547 17627999.195807 19890794.846070 40000 G17
13917521.782875 18840564.666290 12790940.013205 35000 G19
527433.449192 26295718.950294 -2281168.079537 30000 G30
-15495735.430732 20076009.524125 -3140096.757720 34000 R10
-6122795.525794 20512165.656081 13863117.219326 50000 R11
8377252.110475 7289592.614585 22980276.719528 43000 R12
-12049977.028221 -3269608.764719 22264820.590258 0 R20
-3915914.665689 14391709.950830 20704678.047122 51000 R21
6757169.563423 23826289.764567 6110264.817031 46000 R22
-14726957.220348 39463442.191619 -1114540.653131 45000 C03
-5286047.906502 39078287.675536 -14408438.351885 0 C06
-9408045.192606 26465479.398855 31545098.450140 47000 C07
-19039511.133446 31105200.678537 -21366034.720812 39000 C08
-437319.362817 41359548.047502 -5560737.504521 31000 C09
-472582.178319 28401948.657932 31576016.879780 0 C10
-14512915.197746 31776741.357139 -23619053.595320 44000 C13
-5519546.966966 38609021.406401 -15235368.881768 29000 C16
time 2025/01/17 09:52:37.000
-14468547.939392 5559561.662861 21999587.896195 32000 G02
-23120618.006148 12005980.109142 4676820.761963 33000 G03
-7369129.739353 21562106.463619 -12725190.402577 0 G07
-4972767.156135 18869923.681584 17956769.354152 44000 G14
3511321.523289 17626925.165988 19892183.290712 40000 G17
13916030.448012 18839881.066642 12793498.182479 36000 G19
527024.213015 26295440.840584 -2284285.807317 30000 G30
-15495370.660702 20075741.461708 -3143619.290162 32000 R10
-6123765.634723 20513801.936696 13860264.883188 50000 R11
8375463.385113 7292174.792641 22980110.632033 43000 R12
-12051178.285737 -3272411.658850 22263761.939564 0 R20
-3916973.581969 14389076.865294 20706305.955896 51000 R21
6756995.582611 23825460.271474 6113708.640167 46000 R22
-14726961.531234 39463440.943605 -1114477.740504 45000 C03
-5284990.086427 39077593.310387 -14410709.657840 0 C06
-9409059.449679 26465317.484850 31544917.918674 47000 C07
-19039361.575864 31106815.262858 -21363828.277212 39000 C08
-436116.876286 41359200.083622 -5563230.806058 31000 C09
-473520.346997 28401570.168027 31576315.380029 0 C10
-14512883.796474 31778265.985324 -23617051.392789 44000 C13
-5518484.660536 38608264.796412 -15237642.840752 28000 C16
time 2025/01/17 09:52:40.000
-14470018.852451 5551639.191304 22000760.749784 31000 G02
-7370448.605671 21557026.512344 -12732847.946883 0 G07
-4978812.760249 18873207.145309 17951557.845262 45000 G14
3504727.654214 17623703.374740 19896346.155450 38000 G17
13911554.538512 18837829.803931 12801171.080141 39000 G19
525796.209089 26294604.290307 -2293638.693377 30000 G30
-15494274.859085 20074934.718124 -3154186.436376 31000 R10
-6126673.842342 20518709.323949 13851705.876468 50000 R11
8370098.531677 7299922.075550 22979609.064217 43000 R12
-12054783.162853 -3280818.923653 22260582.786766 0 R20
-3920152.196210 14381176.924287 20711186.701662 51000 R21
6756472.155826 23822969.271696 6124039.227993 47000 R22
-14726974.464020 39463437.200831 -1114288.967000 46000 C03
-5281817.231779 39075509.273293 -14417523.109874 0 C06
-9412102.363988 26464832.634858 31544375.323062 46000 C07
-19038911.494715 31111658.891963 -21357208.269834 38000 C08
-432509.720948 41358155.098553 -5570710.527490 30000 C09
-476335.184388 28400435.539001 31577209.895090 0 C10
-14512788.258678 31782839.842562 -23611044.031996 44000 C13
-5515298.399769 38605994.011016 -15244464.221140 28000 C16
time 2025/01/17 09:52:42.000
-14471000.292293 5546357.481230 22001540.402551 31000 G02
-23118644.199189 12003405.343845 4692661.500479 29000 G03
-7371328.454672 21553638.355065 -12737951.549122 46000 G07
-4982841.965308 18875396.075561 17948081.587346 45000 G14
3500330.689104 17621555.762877 19899119.340714 37000 G17
13908569.011486 18836461.909522 12806285.002972 38000 G19
524977.293169 26294044.739272 -2299873.702337 27000 G30
-15493543.082413 20074394.758469 -3161230.823879 27000 R10
-6128610.881642 20521979.702506 13845998.207350 49000 R11
8366523.065431 7305087.553988 22979271.931270 0 R12
-12057187.334207 -3286422.584826 22258460.684528 0 R20
-3922272.826866 14375909.727497 20714438.048026 51000 R21
6756121.967092 23821306.505264 6130925.551142 47000 R22
-14726983.085982 39463434.706704 -1114163.088314 45000 C03
-5279702.500212 39074119.130665 -14422065.022936 0 C06
-9414131.092574 26464510.144911 31544012.758314 46000 C07
-19038610.266975 31114887.874520 -21352794.367831 38000 C08
-430105.204499 41357457.530712 -5575696.855731 30000 C09
-478212.018599 28399679.820294 31577805.417050 0 C10
-14512723.455173 31785889.057660 -23607038.497208 44000 C13
-5513174.774905 38604479.358041 -15249011.394187 25000 C16
time 2025/01/17 09:52:43.000
-14471491.261539 5543716.607692 22001929.554028 32000 G02
-23118248.541008 12002889.635226 4695829.345766 29000 G03
-7371768.560676 21551943.819793 -12740502.921634 46000 G07
-4984856.208438 18876490.526858 17946342.882901 45000 G14
3498131.890949 17620482.031779 19900505.315901 37000 G17
524567.761080 26293764.408535 -2302991.132062 30000 G30
-15493176.821607 20074124.139371 -3164752.904362 27000 R10
-6129578.871608 20523614.527653 13843143.873610 49000 R11
8364735.663195 7307670.480032 22979102.538481 43000 R12
-12058389.695696 -3289224.060562 22257398.833374 0 R20
-3923333.608531 14373275.958553 20716062.975845 51000 R21
6755946.501289 23820474.492230 6134368.491847 48000 R22
-14726987.396994 39463433.459958 -1114100.140067 46000 C03
-5278645.285955 39073423.824024 -14424335.862946 0 C06
-9415145.492515 26464349.122962 31543831.225641 46000 C07
-19038459.301021 31116502.334642 -21350587.247738 38000 C08
-428903.022481 41357108.473472 -5578189.974011 30000 C09
-479150.518426 28399302.171159 31578102.931598 0 C10
-14512690.719930 31787413.658196 -23605035.541566 44000 C13
-5512113.127237 38603721.792787 -15251284.856509 28000 C16
time 2025/01/17 09:52:44.000
-14471982.396993 5541075.721915 22002318.255556 33000 G02
-7372208.787746 21550248.980103 -12743054.008416 47000 G07
-4986870.211913 18877584.968856 17944603.794858 45000 G14
3495932.882466 17619408.350643 19901890.879410 37000 G17
524158.179504 26293483.707662 -2306108.511893 30000 G30
-15492810.312584 20073853.094052 -3168274.909194 28000 R10
-6130546.508470 20525249.109925 13840289.207189 49000 R11
8362948.481723 7310253.530369 22978932.594830 44000 R12
-12059592.240977 -3292025.299615 22256336.448904 0 R20
-3924394.701078 14370642.076050 20717687.406694 51000 R21
6755770.787786 23819642.059391 6137811.285179 48000 R22
-14726991.708027 39463432.213422 -1114037.185885 46000 C03
-5277588.172750 39072728.360522 -14426606.625251 0 C06
-9416159.916187 26464188.249701 31543649.526104 47000 C07
-19038308.100350 31118116.773936 -21348380.014950 39000 C08
-427700.891314 41356759.234031 -5580683.061690 30000 C09
-480089.073370 28398924.662180 31578400.281856 0 C10
-14512657.762361 31788938.254004 -23603032.460453 44000 C13
-5511051.589444 38602964.068379 -15253558.236011 27000 C16
time 2025/01/17 09:52:45.000
-14472473.698656 5538434.823945 22002706.507132 32000 G02
-23117456.328191 12001857.462135 4702164.733420 28000 G03
-7372649.135919 21548553.836034 -12745604.809418 47000 G07
-4988883.975707 18878679.401505 17942864.323249 45000 G14
3493733.663700 17618334.719520 19903276.031213 37000 G17
523748.548391 26293202.636663 -2309225.841784 28000 G30
-15492443.555409 20073581.622479 -3171796.838318 29000 R10
-6131513.792244 20526883.449244 13837434.208154 49000 R11
8361161.521018 7312836.704990 22978762.100315 44000 R12
-12060794.969994 -3294826.301901 22255273.531143 0 R20
-3925456.104505 14368008.080079 20719311.340537 51000 R21
6755594.826524 23818809.206799 6141253.931053 48000 R22
-14726996.019080 39463430.967097 -1113974.225769 46000 C03
-5276531.160622 39072032.740173 -14428877.309834 0 C06
-9417174.363569 26464027.525133 31543467.659703 46000 C07
-19038156.664965 31119731.192372 -21346172.669471 38000 C08
-426498.811025 41356409.812397 -5583176.118751 30000 C09
-481027.683413 28398547.293364 31578697.467823 0 C10
-14512624.582468 31790462.845053 -23601029.253877 44000 C13
-5509990.161699 38602206.184938 -15255831.532360 0 C16
time 2025/01/17 09:52:46.000
-14472965.166525 5535793.913834 22003094.308754 32000 G02
-23117059.773638 12001340.997592 4705332.275646 27000 G03
-7373089.605234 21546858.387623 -12748155.324594 47000 G07
-4990897.499805 18879773.824760 17941124.468097 45000 G14
3491534.234661 17617261.138442 19904660.771303 36000 G17
523338.867700 26292921.195553 -2312343.121625 30000 G30
-15492076.550151 20073309.724622 -3175318.691656 30000 R10
-6132480.722959 20528517.545541 13834578.876547 50000 R11
8359374.781113 7315420.003838 22978591.054941 44000 R12
-12061997.882699 -3297627.067367 22254210.080108 0 R20
-3926517.818816 14365373.970714 20720934.777346 51000 R21
6755418.617444 23817975.934498 6144696.429421 48000 R22
-14727000.330155 39463429.720983 -1113911.259717 46000 C03
-5275474.249584 39071336.962987 -14431147.916704 0 C06
-9418188.834649 26463866.949258 31543285.626438 47000 C07
-19038004.994868 31121345.589931 -21343965.211296 38000 C08
-425296.781639 41356060.208576 -5585669.145187 30000 C09
-481966.348539 28398170.064719 31578994.489497 0 C10
-14512591.180250 31791987.431322 -23599025.921834 45000 C13
-5508928.843724 38601448.142266 -15258104.746190 0 C16
time 2025/01/17 09:52:47.000
-14473456.800599 5533152.991630 22003481.660416 31000 G02
-23116662.920380 12000824.281004 4708499.716712 29000 G03
-7373530.195729 21545162.634904 -12750705.553903 47000 G07
-4992910.784184 18880868.238573 17939384.229430 45000 G14
3489334.595401 17616187.607465 19906045.099646 36000 G17
522929.137383 26292639.384341 -2315460.351346 30000 G30
-15491709.296876 20073037.400447 -3178840.469150 31000 R10
-6133447.300634 20530151.398741 13831723.212424 49000 R11
8357588.262051 7318003.426849 22978419.458710 44000 R12
-12063200.979040 -3300427.595943 22253146.095821 0 R20
-3927579.844015 14362739.748036 20722557.717092 51000 R21
6755242.160488 23817142.242538 6148138.780209 48000 R22
-14727004.641249 39463428.475080 -1113848.287730 46000 C03
-5274417.439656 39070641.028976 -14433418.445857 0 C06
-9419203.329408 26463706.522079 31543103.426309 47000 C07
-19037853.090061 31122959.966579 -21341757.640432 38000 C08
-424094.803167 41355710.422571 -5588162.141014 29000 C09
-482905.068734 28397792.976249 31579291.346879 0 C10
-14512557.555709 31793512.012786 -23597022.464327 44000 C13
-5507867.635680 38600689.940477 -15260377.877192 0 C16
time 2025/01/17 09:52:49.000
-14474440.567322 5527871.111317 22004255.013823 32000 G02
-23115868.317939 11999790.091580 4714834.294896 24000 G03
-7374411.740389 21541770.216802 -12755805.154566 47000 G07
-4996936.633570 18883057.037607 17935902.601777 45000 G14
3484934.686415 17614040.696018 19908812.520962 32000 G17
522109.527675 26292074.651655 -2321694.660215 28000 G30
-15490974.046565 20072491.473028 -3185883.796143 29000 R10
-6135379.396891 20533418.375446 13826010.887038 49000 R11
8354015.886748 7323170.644906 22978074.613703 44000 R12
-12065607.722361 -3306027.942014 22251016.527629 0 R20
-3929704.827009 14357470.963241 20725802.105160 51000 R21
6754888.502723 23815473.599879 6155023.038584 48000 R22
-14727013.263501 39463425.983908 -1113722.325956 46000 C03
-5272304.123263 39069248.690566 -14437959.270870 0 C06
-9421232.389834 26463386.113830 31542738.525471 46000 C07
-19037548.576334 31126188.656956 -21337342.160759 38000 C08
-421690.999124 41355010.304051 -5593148.040688 29000 C09
-484782.674203 28397039.219882 31579884.568746 0 C10
-14512489.639660 31796561.161111 -23593015.173038 44000 C13
-5505745.549551 38599173.059664 -15264923.890507 0 C16
time 2025/01/17 09:52:50.000
-14474932.699967 5525230.153310 22004641.015559 30000 G02
-23115470.568823 11999272.618651 4718001.432011 23000 G03
-7374852.694630 21540073.551486 -12758354.525839 47000 G07
-4998949.198540 18884151.422736 17934161.212841 45000 G14
3482734.416752 17612967.315638 19910195.613894 34000 G17
521699.648190 26291791.730202 -2324811.739223 28000 G30
-15490606.049663 20072217.869720 -3189405.345509 30000 R10
-6136344.915522 20535051.498810 13823154.225872 49000 R11
8352230.030591 7325754.439819 22977901.364933 43000 R12
-12066811.369238 -3308827.759377 22249950.943766 0 R20
-3930767.784813 14354836.401277 20727423.553427 51000 R21
6754711.301796 23814638.649276 6158464.946046 48000 R22
-14727017.574658 39463424.738638 -1113659.336168 46000 C03
-5271247.616834 39068552.286189 -14440229.566727 0 C06
-9422246.955470 26463226.132765 31542555.824761 46000 C07
-19037395.967420 31127802.970633 -21335134.251951 38000 C08
-420489.173599 41354659.971549 -5595640.944521 28000 C09
-485721.559449 28396662.551996 31580180.933232 0 C10
-14512455.348154 31798085.727923 -23591011.339258 44000 C13
-5504684.671491 38598414.380655 -15267196.772845 0 C16
time 2025/01/17 09:52:52.000
-14475917.463780 5519948.202043 22005411.669050 30000 G02
-23114674.175024 11998236.916192 4724335.401876 23000 G03
-7375734.967111 21536679.308580 -12763452.409929 48000 G07
-5002973.608844 18886340.163931 17930677.284963 46000 G14
3478333.247340 17610820.705826 19912960.564142 34000 G17
520879.739728 26291224.777134 -2331045.746000 29000 G30
-15489869.312717 20071669.383755 -3196448.215514 30000 R10
-6138274.893855 20538317.015115 13817439.906999 49000 R11
8348658.981551 7330922.400973 22977553.214885 44000 R12
-12069219.213115 -3314426.682303 22247818.176657 0 R20
-3932894.632996 14349566.938742 20730664.958200 51000 R21
6754356.155569 23812967.489797 6165348.317038 48000 R22
-14727026.197032 39463422.248731 -1113533.338795 46000 C03
-5269134.907634 39067159.007175 -14444769.925061 0 C06
-9424276.157462 26462906.616774 31542189.922766 46000 C07
-19037090.045507 31131031.534762 -21330718.096491 38000 C08
-418085.675669 41353958.760091 -5600626.660125 28000 C09
-487599.494850 28395909.636865 31580773.169293 0 C10
-14512386.098181 31801134.846664 -23587003.295509 44000 C13
-5502563.245506 38596896.545523 -15271742.288792 0 C16
time 2025/01/17 09:52:53.000
-14476410.094950 5517307.208846 22005796.320802 30000 G02
-7376176.285429 21534981.731059 -12766000.922663 48000 G07
-5004985.454145 18887434.519906 17928934.746070 46000 G14
3476132.347637 17609747.476474 19914342.421427 33000 G17
520469.710654 26290940.745540 -2334162.673660 28000 G30
-15489500.572809 20071394.501034 -3199969.536005 30000 R10
-6139239.353605 20539949.407916 13814582.249386 49000 R11
8346873.788747 7333506.567086 22977378.313613 44000 R12
-12070423.410026 -3317225.787765 22246750.993441 0 R20
-3933958.523385 14346932.038319 20732284.914653 51000 R21
6754178.210151 23812131.281014 6168789.780450 48000 R22
-14727030.508250 39463421.004094 -1113470.331208 46000 C03
-5268078.704902 39066462.132561 -14447039.987531 0 C06
-9425290.793788 26462747.081851 31542006.721481 46000 C07
-19036936.732513 31132645.785170 -21328509.849831 38000 C08
-416884.003313 41353607.881150 -5603119.471879 28000 C09
-488538.544974 28395533.389630 31581069.040868 0 C10
-14512351.139717 31802659.398546 -23584999.085537 44000 C13
-5501502.697620 38596137.389426 -15274014.922392 0 C16
time 2025/01/17 09:52:54.000
-14476902.892291 5514666.204026 22006180.522551 30000 G02
-7376617.725176 21533283.849567 -12768549.149092 47000 G07
-5006997.059484 18888528.866050 17927191.823937 46000 G14
3473931.238025 17608674.297573 19915723.866764 34000 G17
520059.631617 26290656.343917 -2337279.550766 28000 G30
-15489131.585371 20071119.191781 -3203490.780027 31000 R10
-6140203.460427 20541581.557025 13811724.259772 49000 R11
8345088.817167 7336090.856768 22977202.861516 43000 R12
-12071627.790156 -3320024.655744 22245683.277168 0 R20
-3935022.724623 14344297.025277 20733904.373749 51000 R21
6754000.016454 23811294.652947 6172231.095665 48000 R22
-14727034.819488 39463419.759667 -1113407.317690 46000 C03
-5267022.603446 39065765.101229 -14449309.972185 0 C06
-9426305.453629 26462587.695651 31541823.353339 46000 C07
-19036783.184832 31134260.014414 -21326301.490586 38000 C08
-415682.382071 41353256.820077 -5605612.252902 28000 C09
-489477.650013 28395157.282630 31581364.748135 0 C10
-14512315.958935 31804183.945382 -23582994.750198 44000 C13
-5500442.259838 38595378.074332 -15276287.473056 0 C16
time 2025/01/17 09:52:55.000
-14477395.855793 5512025.187674 22006564.274287 29000 G02
-7377059.286390 21531585.664143 -12771097.089163 47000 G07
-5009008.424834 18889623.202314 17925448.518599 45000 G14
3471729.918521 17607601.169159 19917104.900139 34000 G17
519649.502581 26290371.572284 -2340396.377180 28000 G30
-15488762.350472 20070843.455965 -3207011.947503 32000 R10
-6141167.214337 20543213.462362 13808865.938224 49000 R11
8343304.066860 7338675.269938 22977026.858598 43000 R12
-12072832.353460 -3322823.286187 22244615.027855 0 R20
-3936087.236710 14341661.899707 20735523.335452 51000 R21
6753821.574420 23810457.605645 6175672.262606 48000 R22
-14727039.130747 39463418.515452 -1113344.298241 46000 C03
-5265966.603294 39065067.913199 -14451579.878999 0 C06
-9427320.136967 26462428.458175 31541639.818343 46000 C07
-19036629.402467 31135874.222463 -21324093.018761 38000 C08
-414480.811975 41352905.576882 -5608105.003171 28000 C09
-490416.809947 28394781.315870 31581660.291092 0 C10
-14512280.555835 31805708.487139 -23580990.289499 44000 C13
-5499381.932197 38594618.600264 -15278559.940745 0 C16
time 2025/01/17 09:52:56.000
-14477888.985461 5509384.159801 22006947.576011 33000 G02
-7377500.969104 21529887.174842 -12773644.742807 44000 G07
-5011019.550161 18890717.528640 17923704.830095 48000 G14
3469528.389042 17606528.091221 19918485.521604 38000 G17
13887634.773042 18826878.042951 12842052.357552 33000 G19
519239.323515 26290086.430663 -2343513.152696 38000 G30
-15488392.868179 20070567.293552 -3210533.038372 32000 R10
-6142130.615352 20544845.123839 13806007.284818 51000 R11
8341519.537829 7341259.806590 22976850.304857 36000 R12
-3937152.059641 14339026.661702 20737141.799723 51000 R21
6753642.883994 23809620.139172 6179113.281142 43000 R22
-14727043.442026 39463417.271448 -1113281.272860 46000 C03
-5264910.704503 39064370.568506 -14453849.707889 0 C06
-9428334.843778 26462269.369427 31541456.116491 47000 C07
-19036475.385423 31137488.409274 -21321884.434383 38000 C08
-413279.293022 41352554.151564 -5610597.722733 36000 C09
-491356.024729 28394405.489371 31581955.669730 28000 C10
-14512244.930420 31807233.023787 -23578985.703452 40000 C13
-5498321.714583 38593858.967142 -15280832.325738 40000 C16
time 2025/01/17 09:52:58.000
-14478875.743234 5504102.069992 22007712.829366 29000 G02
-7378384.699189 21526489.284754 -12778739.190630 47000 G07
-5015041.080642 18892906.151281 17920216.303716 46000 G14
3465124.701161 17604382.087372 19921245.528173 34000 G17
518418.814975 26289515.037412 -2349746.551781 29000 G30
-15487653.161697 20070013.688824 -3217574.989847 30000 R10
-6144056.358785 20548107.714926 13800288.982642 49000 R11
8337951.144108 7346429.249565 22976495.544960 41000 R12
-12076447.141813 -3331217.751434 22241407.081956 0 R20
-3939282.638025 14333755.848768 20740377.235815 51000 R21
6753284.757722 23807943.948854 6185994.872964 48000 R22
-14727052.064645 39463414.784071 -1113155.204305 46000 C03
-5262799.210892 39062975.409059 -14458389.132287 0 C06
-9430364.327739 26461951.638127 31541088.212228 46000 C07
-19036166.647303 31140716.719096 -21317466.927942 38000 C08
-410876.408806 41351850.754628 -5615583.069368 27000 C09
-493234.618924 28393654.257116 31582545.934091 0 C10
-14512173.012645 31810282.081629 -23574976.155352 44000 C13
-5496201.610286 38592339.224340 -15285376.845967 0 C16
time 2025/01/17 09:53:00.000
-14479863.165600 5498819.934966 22008476.282592 31000 G02
-7379268.915720 21523090.179667 -12783832.492094 47000 G07
-5019061.650682 18895094.733546 17916726.245090 46000 G14
3460720.174258 17602236.286192 19924003.886541 35000 G17
517598.105684 26288942.164297 -2355979.746970 30000 G30
-15486912.466470 20069458.377344 -3224616.633850 31000 R10
-6145980.690861 20551369.329617 13794569.353812 49000 R11
8334383.636246 7351599.185290 22976138.581841 39000 R12
-12078857.915526 -3336812.872444 22239265.786636 0 R20
-3941414.459753 14328484.587211 20743610.681726 51000 R21
6752925.637181 23806266.082440 6192875.870346 48000 R22
-14727060.687344 39463412.297537 -1113029.112029 46000 C03
-5260688.122881 39061579.623062 -14462928.245097 0 C06
-9432393.905340 26461634.501778 31540719.640556 46000 C07
-19035856.970498 31143944.943589 -21313048.971380 39000 C08
-408473.729546 41351146.629300 -5620568.292882 28000 C09
-495113.432355 28392903.585958 31583135.541179 0 C10
-14512100.205616 31813331.118653 -23570966.105977 44000 C13
-5494081.946748 38590818.845777 -15289921.034469 0 C16
time 2025/01/17 09:53:01.000
-14480357.125989 5496178.850692 22008857.334136 30000 G02
-7379711.206495 21521390.171603 -12786378.712808 47000 G07
-5021071.575469 18896189.009409 17914980.641266 46000 G14
3458517.596329 17601163.461750 19925382.447550 36000 G17
517187.675629 26288655.172811 -2359096.268015 32000 G30
-15486541.748252 20069180.081496 -3228137.340325 31000 R10
-6146942.327691 20552999.770621 13791709.042054 49000 R11
8332600.214651 7354184.337718 22975959.274086 38000 R12
-12080063.576659 -3339610.075977 22238194.339633 0 R20
-3942480.836866 14325848.788425 20745226.658272 51000 R21
6752745.703914 23805426.520818 6196316.145952 48000 R22
-14727064.998724 39463411.054587 -1112966.056996 46000 C03
-5259632.731026 39060881.495141 -14465197.684640 0 C06
-9433408.729206 26461476.156717 31540535.104442 46000 C07
-19035701.780096 31145559.023760 -21310839.824321 39000 C08
-407272.466849 41350794.293509 -5623060.858419 27000 C09
-496052.921248 28392528.460804 31583430.098246 0 C10
-14512063.468634 31814855.629287 -23568960.893326 44000 C13
-5493022.280374 38590058.418164 -15292193.004179 0 C16
time 2025/01/17 09:53:02.000
-14480851.252507 5493537.755334 22009237.935627 31000 G02
-7380153.618990 21519689.859928 -12788924.646753 47000 G07
-5023081.260048 18897283.275016 17913234.654493 46000 G14
3456314.808805 17600090.688137 19926760.596407 37000 G17
13878643.917847 18822766.086075 12857365.070888 30000 G19
516777.195236 26288367.811386 -2362212.737949 33000 G30
-15486170.783053 20068901.358866 -3231657.969693 30000 R10
-6147903.611732 20554629.967278 13788848.398841 49000 R11
8330817.014721 7356769.613025 22975779.415543 0 R12
-12081269.420564 -3342407.041415 22237122.359772 0 R20
-3943547.524803 14323212.877771 20746842.137153 51000 R21
6752565.521906 23804586.540329 6199756.272701 48000 R22
-14727069.310124 39463409.811847 -1112902.996033 46000 C03
-5258577.440629 39060183.210620 -14467467.046274 0 C06
-9434423.576416 26461317.960404 31540350.401480 47000 C07
-19035546.355032 31147173.082498 -21308630.564767 39000 C08
-406071.255461 41350441.775639 -5625553.393156 26000 C09
-496992.464893 28392153.475946 31583724.490990 0 C10
-14512026.509340 31816380.134617 -23566955.555394 44000 C13
-5491962.724297 38589297.831685 -15294464.890840 0 C16
time 2025/01/17 09:53:03.000
-14481345.545154 5490896.648939 22009618.087060 30000 G02
-7380596.153240 21517989.244683 -12791470.293878 47000 G07
-5025090.704392 18898377.530315 17911488.284805 46000 G14
3454111.811735 17599017.965408 19928138.333079 36000 G17
13877144.331533 18822080.493742 12859916.246408 28000 G19
516366.664457 26288080.080034 -2365329.156709 33000 G30
-15485799.570951 20068622.209430 -3235178.521804 29000 R10
-6148864.543005 20556259.919509 13785987.424238 49000 R11
8329034.036411 7359355.011269 22975599.006207 34000 R12
-12082475.447182 -3345203.768679 22236049.847081 0 R20
-3944614.523562 14320576.855341 20748457.118334 51000 R21
6752385.091100 23803746.141021 6203196.250526 48000 R22
-14727073.621544 39463408.569318 -1112839.929142 46000 C03
-5257522.251716 39059484.769516 -14469736.329976 0 C06
-9435438.446950 26461159.912842 31540165.531668 46000 C07
-19035390.695310 31148787.119771 -21306421.192723 40000 C08
-404870.095468 41350089.075714 -5628045.896957 26000 C09
-497932.063272 28391778.631390 31584018.719412 0 C10
-14511989.327736 31817904.634612 -23564950.092188 44000 C13
-5490903.278532 38588537.086350 -15296736.694458 0 C16
time 2025/01/17 09:53:04.000
-14481840.003919 5488255.531597 22009997.788427 28000 G02
-7381038.809284 21516288.325914 -12794015.654123 47000 G07
-5027099.908470 18899471.775252 17909741.532237 46000 G14
3451908.605155 17597945.293606 19929515.657542 36000 G17
13875644.427940 18821394.825487 12862467.152316 27000 G19
515956.083246 26287791.978764 -2368445.524218 33000 G30
-15485428.112005 20068342.633148 -3238698.996667 30000 R10
-6149825.121527 20557889.627232 13783126.118312 49000 R11
8327251.279869 7361940.532231 22975418.046092 32000 R12
-12083681.656455 -3348000.257684 22234976.801586 0 R20
-3945681.833138 14317940.721228 20750071.601774 51000 R21
6752204.411439 23802905.322948 6206636.079340 48000 R22
-14727077.932984 39463407.326999 -1112776.856322 46000 C03
-5256467.164314 39058786.171845 -14472005.535731 0 C06
-9436453.340785 26461002.014034 31539980.495008 46000 C07
-19035234.800932 31150401.135544 -21304211.708205 39000 C08
-403668.986836 41349736.193723 -5630538.369935 25000 C09
-498871.716364 28391403.927145 31584312.783507 0 C10
-14511951.923823 31819429.129241 -23562944.503717 44000 C13
-5489843.943103 38587776.182177 -15299008.415018 0 C16
time 2025/01/17 09:53:05.000
-14482334.628805 5485614.403345 22010377.039725 31000 G02
-7381481.587154 21514587.103669 -12796560.727425 47000 G07
-5029108.872244 18900566.009771 17907994.396833 47000 G14
3449705.189103 17596872.672780 19930892.569773 37000 G17
13874144.207169 18820709.081404 12865017.788403 28000 G19
515545.451559 26287503.507592 -2371561.840394 33000 G30
-15485056.406292 20068062.629997 -3242219.394117 30000 R10
-6150785.347312 20559519.090357 13780264.481147 50000 R11
8325468.745124 7364526.175860 22975236.535201 30000 R12
-12084888.048328 -3350796.508357 22233903.223311 0 R20
-3946749.453525 14315304.475539 20751685.587428 51000 R21
6752023.482864 23802064.086166 6210075.759042 48000 R22
-14727082.244444 39463406.084891 -1112713.777573 46000 C03
-5255412.178441 39058087.417622 -14474274.663531 0 C06
-9437468.257896 26460844.263984 31539795.291502 46000 C07
-19035078.671902 31152015.129774 -21302002.111234 39000 C08
-402467.929614 41349383.129680 -5633030.812026 26000 C09
-499811.424148 28391029.363219 31584606.683276 0 C10
-14511914.297602 31820953.618469 -23560938.789998 44000 C13
-5488784.718041 38587015.119187 -15301280.052492 0 C16
time 2025/01/17 09:53:06.000
-14482829.419806 5482973.264247 22010755.840948 30000 G02
-7381924.486893 21512885.577978 -12799105.513751 47000 G07
-5031117.595706 18901660.233829 17906246.878609 47000 G14
3447501.563614 17595800.102974 19932269.069749 38000 G17
13872643.669258 18820023.261564 12867568.154568 28000 G19
515134.769339 26287214.666521 -2374678.105225 33000 G30
-15484684.453875 20067782.199941 -3245739.714130 30000 R10
-6151745.220389 20561148.308824 13777402.512773 50000 R11
8323686.432206 7367111.942108 22975054.473535 27000 R12
-12086094.622752 -3353592.520641 22232829.112274 0 R20
-3947817.384729 14312668.118336 20753299.075277 51000 R21
6751842.305317 23801222.430716 6213515.289598 48000 R22
-14727086.555924 39463404.842994 -1112650.692897 46000 C03
-5254357.294115 39057388.506857 -14476543.713379 0 C06
-9438483.198274 26460686.662694 31539609.921149 46000 C07
-19034922.308222 31153629.102450 -21299792.401792 39000 C08
-401266.923820 41349029.883589 -5635523.223241 25000 C09
-500751.186612 28390654.939616 31584900.418718 0 C10
-14511876.449073 31822478.102281 -23558932.951017 44000 C13
-5487725.603356 38586253.897388 -15303551.606892 0 C16
time 2025/01/17 09:53:08.000
-14483819.500126 5477690.953816 22011512.093142 29000 G02
-7382810.652108 21509481.616482 -12804194.225172 48000 G07
-5035134.321525 18903848.650327 17902750.693886 47000 G14
3443093.684533 17593655.116638 19935020.832801 36000 G17
514313.253133 26286635.874742 -2380910.480450 35000 G30
-15483939.809216 20067220.059000 -3252780.121412 25000 R10
-6153663.908469 20564406.011414 13771677.582744 49000 R11
8320122.472067 7372283.842123 22974688.697900 0 R12
-12088508.318994 -3359183.829647 22230679.292048 0 R20
-3949954.179552 14307395.069835 20756524.557364 51000 R21
6751479.203080 23799537.864043 6220393.902850 47000 R22
-14727095.178943 39463402.359832 -1112524.505760 46000 C03
-5252247.830227 39055990.215779 -14481081.579096 0 C06
-9440513.148714 26460371.906409 31539238.679906 46000 C07
-19034608.876927 31156856.982952 -21295372.645613 39000 C08
-398865.066665 41348322.845307 -5640507.952885 24000 C09
-502630.875473 28389906.513419 31585487.396608 0 C10
-14511800.085097 31825527.053480 -23554920.897379 44000 C13
-5485607.705238 38584730.977440 -15308094.466376 0 C16
time 2025/01/17 09:53:09.000
-14484314.789435 5475049.782621 22011889.544100 29000 G02
-7383253.917655 21507779.180768 -12806738.150152 48000 G07
-5037142.323813 18904942.842656 17901002.027467 47000 G14
3440889.431024 17592582.700205 19936396.095824 36000 G17
513902.419055 26286345.924059 -2384026.590679 35000 G30
-6154622.723503 20566034.495368 13768814.621236 50000 R11
8318340.824968 7374869.975699 22974504.983941 0 R12
-12089715.440702 -3361979.126226 22229603.582906 0 R20
-3951023.043162 14304758.378730 20758136.551521 51000 R21
6751297.278275 23798694.952926 6223832.985376 47000 R22
-14727099.490483 39463401.118567 -1112461.403301 46000 C03
-5251193.250705 39055290.835493 -14483350.394952 0 C06
-9441528.158732 26460214.751420 31539052.809020 46000 C07
-19034451.809319 31158470.890712 -21293162.598896 39000 C08
-397664.215344 41347969.053125 -5643000.271318 24000 C09
-503570.801832 28389532.510840 31585780.639053 0 C10
-14511761.569651 31827051.520802 -23552914.682743 45000 C13
-5484548.921853 38583969.279326 -15310365.771428 0 C16
time 2025/01/17 09:53:10.000
-14484810.244843 5472408.600819 22012266.544962 29000 G02
-7383697.305215 21506076.441790 -12809281.787920 48000 G07
-5039150.085663 18906037.024310 17899252.978376 47000 G14
3438684.968241 17591510.334984 19937770.946487 36000 G17
513491.534263 26286055.603527 -2387142.649251 35000 G30
-6155581.185899 20567662.734333 13765951.328801 50000 R11
8316559.399892 7377456.231583 22974320.719225 0 R12
-12090922.744732 -3364774.184096 22228527.341107 0 R20
-3952092.217575 14302121.576491 20759748.047717 51000 R21
6751115.104267 23797851.623353 6227271.918414 46000 R22
-14727103.802042 39463399.877512 -1112398.294916 46000 C03
-5250138.772820 39054591.298723 -14485619.132812 0 C06
-9442543.191929 26460057.745205 31538866.771289 46000 C07
-19034294.507073 31160084.776775 -21290952.439763 39000 C08
-396463.415556 41347615.078924 -5645492.558822 24000 C09
-504510.782788 28389158.648616 31586073.717164 0 C10
-14511722.831901 31828575.982575 -23550908.342895 44000 C13
-5483490.248944 38583207.422469 -15312636.993348 0 C16
time 2025/01/17 09:53:12.000
-14485801.653912 5467126.205813 22013019.196357 28000 G02
-7384584.446500 21502670.054281 -12814368.201509 48000 G07
-5043164.887858 18908225.355341 17895753.732382 47000 G14
3434275.415091 17589365.758409 19940519.410581 35000 G17
13863633.781957 18815906.754452 12882864.681068 32000 G19
512669.612348 26285473.852961 -2393374.611116 35000 G30
-6157497.052816 20570918.476912 13760223.751511 49000 R11
8312997.216097 7382629.109834 22973950.537547 0 R12
-12093337.899487 -3370363.583309 22226373.259676 0 R20
-3954231.498756 14296847.639086 20762969.546011 51000 R21
6750750.008420 23796163.709074 6234149.335598 46000 R22
-14727112.425219 39463397.396035 -1112272.060366 46000 C03
-5248030.122099 39053191.755823 -14490156.374381 0 C06
-9444573.327737 26459744.179111 31538494.195304 46000 C07
-19033979.198688 31163312.483628 -21286531.784359 39000 C08
-394061.970718 41346906.584502 -5650477.040913 24000 C09
-506390.908377 28388411.345274 31586659.380367 0 C10
-14511644.689494 31831624.889293 -23546895.287673 45000 C13
-5481373.234670 38581683.232611 -15317179.187690 0 C16
time 2025/01/17 09:53:13.000
-14486297.607568 5464484.992713 22013394.846880 28000 G02
-7385028.200301 21500966.405829 -12816910.977228 47000 G07
-5045171.928154 18909319.504618 17894003.535542 47000 G14
3432070.324785 17588293.547140 19941893.023971 36000 G17
13862131.024126 18815220.405736 12885413.156699 30000 G19
512258.575131 26285182.422950 -2396490.514269 35000 G30
-6158454.457379 20572545.980372 13757359.466778 49000 R11
8311216.457785 7385215.731597 22973764.620626 34000 R12
-12094545.750106 -3373157.924513 22225295.420090 0 R20
-3955301.605524 14294210.504089 20764579.548044 51000 R21
6750567.086464 23795319.124468 6237587.819597 46000 R22
-14727116.736837 39463396.155612 -1112208.934202 46000 C03
-5246975.949300 39052491.749716 -14492424.878089 0 C06
-9445588.430310 26459587.619238 31538307.657052 47000 C07
-19033821.192553 31164926.304358 -21284321.288101 40000 C08
-392861.325758 41346552.064306 -5652969.235400 0 C09
-507331.052978 28388037.904168 31586951.965458 0 C10
-14511605.284838 31833149.334184 -23544888.572306 45000 C13
-5480314.893349 38580920.899640 -15319450.160091 0 C16
time 2025/01/17 09:53:14.000
-14486793.727298 5461843.769296 22013770.047281 29000 G02
-7385472.076256 21499262.454301 -12819453.465496 48000 G07
-5047178.727884 18910413.643004 17892252.956179 47000 G14
3429865.025387 17587221.387286 19943266.224885 36000 G17
13860627.949172 18814533.981672 12887961.362098 31000 G19
511847.487010 26284890.623134 -2399606.365505 37000 G30
-6159411.509372 20574173.238512 13754494.851398 49000 R11
8309435.921088 7387802.476234 22973578.152901 0 R12
-12095753.782816 -3375952.026692 22224217.047951 0 R20
-3956372.023076 14291573.258347 20766189.051955 51000 R21
6750383.915076 23794474.121616 6241026.153779 45000 R22
-14727121.048475 39463394.915400 -1112145.802113 46000 C03
-5245921.878231 39051791.587186 -14494693.303743 0 C06
-9446603.555971 26459431.208151 31538120.951959 47000 C07
-19033662.951794 31166540.103256 -21282110.679473 40000 C08
-391660.732400 41346197.362108 -5655461.398979 0 C09
-508271.252093 28387664.603449 31587244.386207 0 C10
-14511565.657881 31834673.773395 -23542881.731773 44000 C13
-5479256.662593 38580158.407988 -15321721.049317 0 C16
time 2025/01/17 09:53:15.000
-14487290.013106 5459202.535597 22014144.797558 29000 G02
-7385916.074402 21497558.199742 -12821995.666252 48000 G07
-5049185.287012 18911507.770441 17890501.994336 47000 G14
3427659.516930 17586149.278890 19944639.013300 36000 G17
13859124.557113 18813847.482317 12890509.297200 26000 G19
511436.347938 26284598.453525 -2402722.164734 37000 G30
-6160368.208812 20575800.251245 13751629.905446 49000 R11
8307655.607386 7390389.341736 22973391.134517 36000 R12
-12096961.997554 -3378745.889752 22223138.143292 0 R20
-3957442.751407 14288935.901957 20767798.057702 51000 R21
6750200.494199 23793628.700574 6244464.338049 45000 R22
-14727125.360133 39463393.675398 -1112082.664099 46000 C03
-5244867.908923 39051091.268253 -14496961.651318 0 C06
-9447618.704697 26459274.945854 31537934.080027 47000 C07
-19033504.476415 31168153.880277 -21279899.958501 40000 C08
-390460.190726 41345842.477931 -5657953.531524 0 C09
-509211.505698 28387291.443125 31587536.642612 0 C10
-14511525.808626 31836198.206889 -23540874.766091 44000 C13
-5478198.542431 38579395.757676 -15323991.855346 0 C16
time 2025/01/17 09:53:16.000
-14487786.464974 5456561.291735 22014519.097697 30000 G02
-7386360.194772 21495853.642208 -12824537.579425 48000 G07
-5051191.605498 18912601.886872 17888750.650057 47000 G14
3425453.799467 17585077.222006 19946011.389184 35000 G17
13857620.848015 18813160.907754 12893056.961859 26000 G19
511025.157870 26284305.914135 -2405837.911884 36000 G30
-6161324.555711 20577427.018482 13748764.629005 49000 R11
8305875.515655 7392976.329585 22973203.565365 38000 R12
-12098170.394261 -3381539.513615 22222058.706139 0 R20
-3958513.790508 14286298.435025 20769406.565241 51000 R21
6750016.823776 23792782.861395 6247902.372314 44000 R22
-14727129.671810 39463392.435606 -1112019.520160 46000 C03
-5243814.041399 39050390.792932 -14499229.920799 0 C06
-9448633.876462 26459118.832351 31537747.041258 47000 C07
-19033345.766419 31169767.635390 -21277689.125192 39000 C08
-389259.700747 41345487.411779 -5660445.633053 0 C09
-510151.813772 28386918.423203 31587828.734671 0 C10
-14511485.737072 31837722.634627 -23538867.675279 44000 C13
-5477140.532884 38578632.948717 -15326262.578169 0 C16
time 2025/01/17 09:53:17.000
-14488283.082903 5453920.037751 22014892.947697 29000 G02
-7386804.437404 21494148.781735 -12827079.204970 47000 G07
-5053197.683321 18913695.992248 17886998.923369 47000 G14
3423247.873035 17584005.216680 19947383.352511 34000 G17
13856116.821850 18812474.258017 12895604.356087 28000 G19
510613.916754 26284013.004973 -2408953.606916 38000 G30
-6162280.550092 20579053.540147 13745899.022130 49000 R11
8304095.646299 7395563.439184 22973015.445486 40000 R12
-12099378.972883 -3384332.898206 22220978.736517 0 R20
-3959585.140378 14283660.857636 20771014.574538 51000 R21
6749832.903750 23791936.604135 6251340.256489 44000 R22
-14727133.983506 39463391.196025 -1111956.370297 46000 C03
-5242760.275680 39049690.161236 -14501498.112178 0 C06
-9449649.071249 26458962.867644 31537559.835652 47000 C07
-19033186.821808 31171381.368560 -21275478.179559 39000 C08
-388059.262497 41345132.163660 -5662937.703538 0 C09
-511092.176295 28386545.543691 31588120.662381 0 C10
-14511445.443220 31839247.056584 -23536860.459339 44000 C13
-5476082.633985 38577869.981136 -15328533.217751 0 C16
time 2025/01/17 09:53:19.000
-14489276.816933 5448637.499636 22015639.297258 27000 G02
-7387693.289598 21490738.152163 -12832161.592930 48000 G07
-5057209.116842 18915884.169614 17883494.322926 47000 G14
3418835.393416 17581861.360891 19950126.041401 32000 G17
13853107.818402 18811100.733267 12900698.332968 25000 G19
509791.281200 26283426.077382 -2415184.840287 38000 G30
-6164191.481371 20582305.846432 13740166.817363 49000 R11
8300536.574947 7400738.023269 22972637.553572 40000 R12
-12101796.675642 -3389918.949261 22218817.199966 0 R20
-3961728.772415 14278385.371866 20774229.098254 51000 R21
6749464.314653 23790242.835568 6258215.574270 43000 R22
-14727142.606957 39463388.717495 -1111830.052799 46000 C03
-5240653.049746 39048288.428780 -14506034.260589 0 C06
-9451679.529796 26458651.384633 31537184.923933 47000 C07
-19032868.228759 31174608.768933 -21271055.951374 39000 C08
-385658.541293 41344421.121552 -5667921.751313 0 C09
-512973.064611 28385800.205929 31588704.024753 0 C10
-14511364.188629 31842295.883019 -23532845.652124 44000 C13
-5473967.168190 38576343.570145 -15333074.247218 0 C16
time 2025/01/17 09:53:20.000
-14489773.933021 5445996.215648 22016011.796806 27000 G02
-7388137.899232 21489032.383154 -12834702.355230 48000 G07
-5059214.472479 18916978.241498 17881741.449243 47000 G14
3416628.840320 17580789.510527 19951496.766905 31000 G17
13851602.841203 18810413.858392 12903244.915409 24000 G19
509379.886666 26283132.058976 -2418300.378496 38000 G30
-6165146.418304 20583931.630887 13737300.219610 49000 R11
8298757.373080 7403325.497555 22972447.781548 41000 R12
-12103005.799664 -3392711.615567 22217735.633090 0 R20
-3962801.054572 14275747.463678 20775835.612592 51000 R21
6749279.645469 23789395.324369 6261653.007706 43000 R22
-14727146.918712 39463387.478545 -1111766.885165 46000 C03
-5239599.589576 39047587.328049 -14508302.217597 0 C06
-9452694.793512 26458495.866336 31536997.217821 47000 C07
-19032708.580326 31176222.436067 -21268844.668846 39000 C08
-384458.258390 41344065.327576 -5670413.728581 0 C09
-513913.590361 28385427.747694 31588995.459409 0 C10
-14511323.227890 31843820.287431 -23530838.060874 45000 C13
-5472909.601357 38575580.126779 -15335344.637044 0 C16
time 2025/01/17 09:53:21.000
-14490271.215145 5443354.921823 22016383.846188 27000 G02
-7388582.631271 21487326.311392 -12837242.829665 48000 G07
-5061219.587327 18918072.302110 17879988.193302 47000 G14
3414422.078424 17579717.711916 19952867.079745 31000 G17
13850097.546998 18809726.908573 12905791.227176 28000 G19
508968.440900 26282837.670845 -2421415.864287 39000 G30
-6166101.002789 20585557.169441 13734433.291703 49000 R11
8296978.393816 7405913.093235 22972257.458819 41000 R12
-12104215.105370 -3395504.042287 22216653.533849 0 R20
-3963873.647481 14273109.445414 20777441.628532 51000 R21
6749094.726451 23788547.395297 6265090.290724 43000 R22
-14727151.230486 39463386.239806 -1111703.711607 46000 C03
-5238546.231307 39046886.071005 -14510570.096448 0 C06
-9453710.080161 26458340.496848 31536809.344877 47000 C07
-19032548.697292 31177836.081120 -21266633.274043 39000 C08
-383258.027320 41343709.351662 -5672905.674756 0 C09
-514854.170478 28385055.429901 31589286.729711 0 C10
-14511282.044859 31845344.685929 -23528830.344545 44000 C13
-5471852.145247 38574816.524841 -15337614.943619 0 C16
time 2025/01/17 09:53:22.000
-14490768.663310 5440713.618184 22016755.445403 27000 G02
-7389027.485752 21485619.936921 -12839783.016176 48000 G07
-5063224.461351 18919166.351397 17878234.555141 47000 G14
3412215.107762 17578645.965102 19954236.979899 31000 G17
13848591.935747 18809039.883843 12908337.268300 30000 G19
508556.943853 26282542.912999 -2424531.297606 39000 G30
-6167055.234844 20587182.462012 13731566.033711 49000 R11
8295199.637207 7408500.810225 22972066.585389 41000 R12
-12105424.592701 -3398296.229335 22215570.902271 0 R20
-3964946.551140 14270471.317169 20779047.146036 51000 R21
6748909.557543 23787699.048405 6268527.423244 43000 R22
-14727155.542279 39463385.001277 -1111640.532127 46000 C03
-5237492.974956 39046184.657662 -14512837.897136 0 C06
-9454725.389721 26458185.276172 31536621.305099 47000 C07
-19032388.579661 31179449.704059 -21264421.766976 39000 C08
-382057.848114 41343353.193818 -5675397.589814 0 C09
-515794.804944 28384683.252555 31589577.835656 0 C10
-14511240.639534 31846869.078483 -23526822.503144 45000 C13
-5470794.799896 38574052.764357 -15339885.166902 0 C16
time 2025/01/17 09:53:23.000
-14491266.277506 5438072.304809 22017126.594444 27000 G02
-7389472.462711 21483913.259787 -12842322.914707 48000 G07
-5065229.094526 18920260.389306 17876480.534793 47000 G14
3410007.928393 17577574.270143 19955606.467331 29000 G17
13847086.007461 18808352.784257 12910883.038729 29000 G19
508145.395477 26282247.785451 -2427646.678379 39000 G30
-6168009.114488 20588807.508517 13728698.445702 48000 R11
8293421.103308 7411088.648441 22971875.161263 41000 R12
-12106634.261602 -3401088.176641 22214487.738380 0 R20
-3966019.765544 14267833.079036 20780652.165065 51000 R21
6748724.138686 23786850.283744 6271964.405184 43000 R22
-14727159.854092 39463383.762959 -1111577.346725 46000 C03
-5236439.820549 39045483.088034 -14515105.619645 0 C06
-9455740.722171 26458030.204313 31536433.098490 47000 C07
-19032228.227435 31181063.304851 -21262210.147654 39000 C08
-380857.720796 41342996.854050 -5677889.473747 0 C09
-516735.493735 28384311.215667 31589868.777242 0 C10
-14511199.011917 31848393.465061 -23524814.536682 44000 C13
-5469737.565323 38573288.845341 -15342155.306891 0 C16
time 2025/01/17 09:53:24.000
-14491764.057729 5435430.981769 22017497.293304 29000 G02
-7389917.562183 21482206.280035 -12844862.525200 48000 G07
-5067233.486818 18921354.415784 17874726.132297 47000 G14
3407800.540356 17576502.627086 19956975.542013 27000 G17
13845579.762177 18807665.609882 12913428.538367 29000 G19
507733.795726 26281952.288211 -2430762.006547 39000 G30
-6168962.641737 20590432.308875 13725830.527747 48000 R11
8291642.792172 7413676.607798 22971683.186447 42000 R12
-12107844.112016 -3403879.884125 22213404.042201 0 R20
-3967093.290690 14265194.731111 20782256.685582 51000 R21
6748538.469824 23786001.101368 6275401.236462 43000 R22
-14727164.165924 39463382.524851 -1111514.155400 46000 C03
-5235386.768107 39044781.362136 -14517373.263971 0 C06
-9456756.077489 26457875.281273 31536244.725051 47000 C07
-19032067.640617 31182676.883462 -21259998.416091 39000 C08
-379657.645393 41342640.332366 -5680381.326542 0 C09
-517676.236834 28383939.319243 31590159.554468 0 C10
-14511157.162010 31849917.845629 -23522806.445172 44000 C13
-5468680.441562 38572524.767814 -15344425.363551 0 C16
time 2025/01/17 09:53:25.000
-14492262.003979 5432789.649098 22017867.541982 27000 G02
-7390362.784205 21480498.997711 -12847401.847596 48000 G07
-5069237.638196 18922448.430775 17872971.347689 48000 G14
3405592.943701 17575431.035981 19958344.203917 25000 G17
13844073.199904 18806978.360772 12915973.767161 28000 G19
507322.144552 26281656.421290 -2433877.282033 40000 G30
-6169915.816611 20592056.863005 13722962.279914 48000 R11
8289864.703841 7416264.688229 22971490.660943 42000 R12
-12109054.143882 -3406671.351701 22212319.813765 0 R20
-3968167.126572 14262556.273487 20783860.707546 51000 R21
6748352.550898 23785151.501327 6278837.916999 43000 R22
-14727168.477775 39463381.286953 -1111450.958154 46000 C03
-5234333.817651 39044079.479982 -14519640.830098 0 C06
-9457771.455652 26457720.507056 31536056.184781 47000 C07
-19031906.819212 31184290.439857 -21257786.572298 39000 C08
-378457.621932 41342283.628773 -5682873.148185 0 C09
-518617.034219 28383567.563290 31590450.167332 0 C10
-14511115.089813 31851442.220156 -23520798.228622 45000 C13
-5467623.428628 38571760.531789 -15346695.336886 0 C16
time 2025/01/17 09:53:26.000
-14492760.116239 5430148.306926 22018237.340463 29000 G02
-7390808.128813 21478791.412861 -12849940.881837 48000 G07
-5071241.548630 18923542.434227 17871216.181007 48000 G14
3403385.138372 17574359.496832 19959712.453074 24000 G17
13842566.320658 18806291.036984 12918518.725050 28000 G19
506910.441908 26281360.184701 -2436992.504775 40000 G30
-6170868.639127 20593681.170823 13720093.702271 49000 R11
8288086.838361 7418852.889659 22971297.584757 42000 R12
-12110264.357146 -3409462.579300 22211235.053093 0 R20
-3969241.273188 14259917.706259 20785464.230920 51000 R21
6748166.381853 23784301.483677 6282274.446707 43000 R22
-14727172.789645 39463380.049266 -1111387.754987 46000 C03
-5233280.969211 39043377.441591 -14521908.318004 0 C06
-9458786.856640 26457565.881664 31535867.477683 47000 C07
-19031745.763222 31185903.974003 -21255574.616287 39000 C08
-377257.650445 41341926.743279 -5685364.938651 0 C09
-519557.885870 28383195.947816 31590740.615832 0 C10
-14511072.795327 31852966.588609 -23518789.887047 45000 C13
-5466566.526544 38570996.137280 -15348965.226886 0 C16
time 2025/01/17 09:53:28.000
-14493756.838801 5424865.594173 22018975.586835 28000 G02
-7391699.185929 21475375.335761 -12855018.085626 48000 G07
-5075248.646545 18925730.406301 17867704.701562 48000 G14
3398968.902118 17572216.574716 19962447.712883 24000 G17
13839551.611361 18804916.165631 12923607.827781 27000 G19
506086.882021 26280766.602560 -2443222.791755 40000 G30
-6172773.227158 20596929.047198 13714355.557833 49000 R11
8284531.776169 7424029.655175 22970909.780356 42000 R12
-12112685.327636 -3415044.314245 22209063.935151 0 R20
-3971390.498603 14254640.243374 20788669.781742 51000 R21
6747793.293171 23782600.195756 6289147.053313 44000 R22
-14727181.413443 39463377.574522 -1111261.330890 46000 C03
-5231175.578447 39041972.896144 -14526443.059149 0 C06
-9460817.727000 26457257.077371 31535489.563002 47000 C07
-19031422.947501 31189130.975407 -21251150.367659 39000 C08
-374857.863478 41341212.426613 -5690348.426040 0 C09
-521439.751886 28382453.138338 31591321.019734 0 C10
-14510987.539492 31856015.307160 -23514772.828861 44000 C13
-5464453.055023 38569466.872882 -15353504.756815 0 C16
time 2025/01/17 09:53:29.000
-14494255.449096 5422224.223701 22019344.034717 27000 G02
-7392144.898507 21473666.843607 -12857556.255051 48000 G07
-5077251.833961 18926824.374813 17865948.388876 48000 G14
3396760.471237 17571145.191827 19963814.723506 25000 G17
13838043.781331 18804228.618174 12926151.972519 26000 G19
505675.024685 26280469.257032 -2446337.855846 40000 G30
-6173724.992708 20598552.615590 13711485.991179 49000 R11
8282754.579559 7426618.219101 22970715.052151 43000 R12
-12113896.084745 -3417834.821429 22207977.577935 0 R20
-3972465.577391 14252001.347910 20790271.809110 51000 R21
6747606.373420 23781748.925594 6292583.130035 45000 R22
-14727185.725370 39463376.337465 -1111198.109960 46000 C03
-5230123.036177 39041270.389122 -14528710.312347 0 C06
-9461833.196329 26457102.898475 31535300.355422 47000 C07
-19031261.187777 31190744.442594 -21248938.075072 39000 C08
-373658.048057 41340854.995456 -5692840.122924 0 C09
-522380.766210 28382081.944349 31591610.975132 0 C10
-14510944.578145 31857539.657196 -23512764.112272 44000 C13
-5463396.485631 38568702.003022 -15355774.396726 0 C16
time 2025/01/17 09:53:30.000
-14494754.225372 5419582.844036 22019712.032373 27000 G02
-7392590.733814 21471958.049115 -12860094.136080 48000 G07
-5079254.780300 18927918.331566 17864191.694271 48000 G14
3394551.831982 17570073.861149 19965181.321196 26000 G17
505263.115692 26280171.541882 -2449452.866914 40000 G30
-6174676.405968 20600175.937335 13708616.095006 49000 R11
8280977.606016 7429206.903685 22970519.773283 42000 R12
-12115107.023016 -3420625.088307 22206890.688594 0 R20
-3973540.966891 14249362.343233 20791873.337725 51000 R21
6747419.203321 23780897.238035 6296019.055586 45000 R22
-14727190.037317 39463375.100619 -1111134.883111 46000 C03
-5229070.596014 39040567.725924 -14530977.487273 0 C06
-9462848.688391 26456948.868420 31535110.981018 47000 C07
-19031099.193482 31192357.887385 -21246725.670325 39000 C08
-372458.284716 41340497.382429 -5695331.788576 0 C09
-523321.834714 28381710.890872 31591900.766158 0 C10
-14510901.394514 31859064.001020 -23510755.270710 44000 C13
-5462340.027189 38567936.974749 -15358043.953234 0 C16
time 2025/01/17 09:53:32.000
-14495752.275902 5414300.057093 22020446.677024 28000 G02
-7393482.772756 21468539.553289 -12865169.032736 48000 G07
-5083259.949644 18930106.209591 17860677.159431 48000 G14
3390133.928425 17567931.356581 19967913.277720 30000 G17
504439.142543 26279575.002759 -2455682.729710 40000 G30
-6176578.175700 20603421.840576 13702875.314343 49000 R11
8277424.328301 7434384.634549 22970127.563574 42000 R12
-12117529.442823 -3426204.900856 22204715.313633 0 R20
-3975692.678020 14244084.006591 20795074.898564 51000 R21
6747044.111846 23779192.610933 6302890.452879 46000 R22
-14727198.661266 39463372.627557 -1111008.411655 46000 C03
-5226966.022099 39039161.931053 -14535511.602271 0 C06
-9464879.740634 26456641.254838 31534731.731737 47000 C07
-19030774.501192 31195584.709664 -21242300.524379 39000 C08
-370058.914373 41339781.610785 -5700315.026153 0 C09
-525204.134190 28380969.205480 31592479.855089 0 C10
-14510814.360400 31862112.669927 -23506737.212683 45000 C13
-5460227.443224 38566406.443010 -15362582.816048 0 C16
time 2025/01/17 09:53:33.000
-14496251.550146 5411658.649948 22020813.324008 32000 G02
-7393928.976466 21466829.852040 -12867706.048255 48000 G07
-5085262.172593 18931200.130758 17858919.319266 48000 G14
3387924.664171 17566860.182770 19969278.636524 27000 G17
504027.078291 26279276.178807 -2458797.581316 40000 G30
-6177528.532212 20605044.421912 13700004.429986 49000 R11
8275648.024232 7436973.680667 22969930.632744 42000 R12
-12118740.924246 -3428994.446375 22203626.828064 0 R20
-3976768.999642 14241444.674810 20796674.930712 51000 R21
6746856.190355 23778339.671494 6306325.924460 46000 R22
-14727202.973269 39463371.391341 -1110945.167048 46000 C03
-5225913.888381 39038458.799403 -14537778.542340 0 C06
-9465895.300775 26456487.671317 31534541.856861 47000 C07
-19030611.803203 31197198.087091 -21240087.783192 39000 C08
-368859.307425 41339423.452184 -5702806.598048 0 C09
-526145.365123 28380598.573579 31592769.152991 0 C10
-14510770.509920 31863636.994948 -23504727.996236 45000 C13
-5459171.317753 38565640.939581 -15364852.122315 0 C16
time 2025/01/17 09:53:34.000
-14496750.990371 5409017.233760 22021179.520757 30000 G02
-7394375.303050 21465119.848618 -12870242.775171 47000 G07
-5087264.154366 18932294.039965 17857161.097308 48000 G14
3385715.191663 17565789.061340 19970643.582317 26000 G17
13830499.877821 18800789.765310 12938868.627771 38000 G19
503614.962191 26278976.985278 -2461912.379641 40000 G30
-6178478.536516 20606666.756293 13697133.216352 49000 R11
-12119952.586612 -3431783.751298 22202537.810465 0 R20
-3977845.631971 14238805.234166 20798274.463972 51000 R21
6746668.018285 23777486.314868 6309761.244546 41000 R22
-14727207.285291 39463370.155336 -1110881.916522 45000 C03
-5224861.856849 39037755.511628 -14540045.404117 0 C06
-9466910.883575 26456334.236647 31534351.815163 46000 C07
-19030448.870655 31198811.442002 -21237874.929872 39000 C08
-367659.752649 41339065.111736 -5705298.138689 0 C09
-527086.650164 28380228.082216 31593058.286518 0 C10
-14510726.437159 31865161.313645 -23502718.654838 45000 C13
-5458115.303310 38564875.277792 -15367121.345166 0 C16
time 2025/01/17 09:53:35.000
-14497250.596575 5406375.808582 22021545.267269 27000 G02
-7394821.752544 21463409.543080 -12872779.213412 47000 G07
-5089265.894920 18933387.937151 17855402.493604 48000 G14
3383505.510947 17564717.992344 19972008.115069 28000 G17
503202.794196 26278677.422181 -2465027.124617 40000 G30
-6179428.188627 20608288.843627 13694261.673527 49000 R11
8272096.085935 7442152.133852 22969535.119154 42000 R12
-12121164.429858 -3434572.815539 22201448.260867 0 R20
-3978922.574995 14236165.684773 20799873.498293 51000 R21
6746479.595577 23776632.541095 6313196.413112 47000 R22
-14727211.597332 39463368.919540 -1110818.660078 46000 C03
-5223809.927540 39037052.067752 -14542312.187557 0 C06
-9467926.489002 26456180.950831 31534161.606643 46000 C07
-19030285.703552 31200424.774352 -21235661.964445 39000 C08
-366460.250088 41338706.589452 -5707789.648027 0 C09
-528027.989285 28379857.731403 31593347.255664 0 C10
-14510682.142118 31866685.625978 -23500709.188511 44000 C13
-5457059.399927 38564109.457665 -15369390.484565 0 C16
time 2025/01/17 09:53:36.000
-14497750.368735 5403734.374575 22021910.563524 26000 G02
-7395268.324979 21461698.935478 -12875315.362907 48000 G07
-5091267.394212 18934481.822256 17853643.508202 48000 G14
3381295.622048 17563646.975821 19973372.234764 31000 G17
502790.574261 26278377.489531 -2468141.816160 40000 G30
-6180377.488557 20609910.683824 13691389.801596 48000 R11
8270320.451838 7444741.540716 22969336.536408 42000 R12
-12122376.453924 -3437361.639012 22200358.179298 0 R20
-3979999.828705 14233526.026731 20801472.033633 51000 R21
6746290.922177 23775778.350242 6316631.430012 47000 R22
-14727215.909391 39463367.683955 -1110755.397716 46000 C03
-5222758.100473 39036348.467786 -14544578.892662 0 C06
-9468942.117031 26456027.813875 31533971.231304 46000 C07
-19030122.301898 31202038.084107 -21233448.886924 39000 C08
-365260.799771 41338347.885342 -5710281.126044 0 C09
-528969.382467 28379487.521146 31593636.060428 0 C10
-14510637.624798 31868209.931911 -23498699.597271 44000 C13
-5456003.607634 38563343.479221 -15371659.540488 0 C16
time 2025/01/17 09:53:38.000
-14498750.410951 5398451.480066 22022639.805279 29000 G02
-7396161.838828 21458276.814248 -12880386.795462 48000 G07
-5095269.668917 18936669.556021 17850124.392426 48000 G14
3376875.219894 17561505.100398 19976099.234861 32000 G17
501965.978378 26277776.515614 -2474371.038694 40000 G30
-6182275.031960 20613153.622498 13685645.070653 48000 R11
8266769.853942 7449920.714665 22968937.719032 42000 R12
-12124801.044286 -3442938.563342 22198176.420352 0 R20
-3982155.268181 14228246.385059 20804667.607230 51000 R21
6745912.823069 23774068.717505 6323501.008510 47000 R22
-14727224.533567 39463365.213415 -1110628.855240 45000 C03
-5220654.753155 39034940.799648 -14549112.067801 0 C06
-9470973.440821 26455721.986547 31533589.980170 47000 C07
-19029794.794948 31205264.635701 -21229022.395635 39000 C08
-362862.055945 41337629.931661 -5715263.988126 0 C09
-530852.330930 28378747.522331 31594213.176805 0 C10
-14510547.923326 31871258.524453 -23494680.040087 44000 C13
-5453892.356387 38561811.047435 -15376197.401901 0 C16
time 2025/01/17 09:53:39.000
-14499250.680986 5395810.019754 22023003.750759 30000 G02
-7396608.780312 21456565.300710 -12882922.078405 48000 G07
-5097270.444270 18937763.404576 17848364.262122 48000 G14
3374664.706729 17560434.241599 19977462.115207 32000 G17
501553.602335 26277475.474369 -2477485.569559 40000 G30
-6183223.275470 20614774.720814 13682772.211778 48000 R11
8264994.890240 7452510.481595 22968737.484411 42000 R12
-12126013.610466 -3445726.664039 22197084.743029 0 R20
-3983233.453938 14225606.401616 20806264.645410 51000 R21
6745723.397246 23773213.275722 6326935.569957 47000 R22
-14727228.845682 39463363.978460 -1110565.575126 46000 C03
-5219603.232951 39034236.731505 -14551378.537814 0 C06
-9471989.136539 26455569.296183 31533399.104376 47000 C07
-19029630.689659 31206877.877477 -21226808.981887 39000 C08
-361662.762494 41337270.682106 -5717755.372154 0 C09
-531793.886175 28378377.733787 31594501.488415 0 C10
-14510502.739176 31872782.811000 -23492670.074161 44000 C13
-5452836.897482 38561044.594125 -15378466.207362 0 C16
time 2025/01/17 09:53:40.000
-14499751.116967 5393168.550810 22023367.245969 29000 G02
-7397055.844884 21454853.485283 -12885457.072385 49000 G07
-5099270.978251 18938857.240841 17846603.750259 48000 G14
3372453.985556 17559363.435469 19978824.582384 32000 G17
501141.174161 26277174.063616 -2480600.046733 40000 G30
-6184171.166877 20616395.571674 13679899.024055 48000 R11
8263220.150103 7455100.368386 22968536.699174 42000 R12
-12127226.357236 -3448514.523657 22195992.533841 0 R20
-3984311.950369 14222966.309893 20807861.184463 51000 R21
6745533.720501 23772357.417067 6330369.979425 46000 R22
-14727233.157816 39463362.743715 -1110502.289096 46000 C03
-5218551.815069 39033532.507327 -14553644.929460 0 C06
-9473004.854779 26455416.754689 31533208.061766 47000 C07
-19029466.349832 31208491.096525 -21224595.456084 39000 C08
-360463.521385 41336911.250750 -5720246.724826 0 C09
-532735.495398 28378008.085830 31594789.635636 0 C10
-14510457.332750 31874307.091022 -23490659.983359 45000 C13
-5451781.549751 38560277.982557 -15380734.929314 0 C16
time 2025/01/17 09:53:41.000
-14500251.718901 5390527.073246 22023730.290910 28000 G02
-7397503.032581 21453141.368013 -12887991.777341 48000 G07
-5101271.270826 18939951.064762 17844842.856873 48000 G14
3370243.056419 17558292.682059 19980186.636366 33000 G17
500728.693810 26276872.283365 -2483714.470150 41000 G30
-6185118.706199 20618016.174995 13677025.507559 48000 R11
8261445.633584 7457690.374957 22968335.363327 43000 R12
-12128439.284540 -3451302.142123 22194899.792810 0 R20
-3985390.757470 14220326.109985 20809457.224347 51000 R21
6745343.792778 23771501.141594 6333804.236829 46000 R22
-14727237.469969 39463361.509181 -1110438.997149 46000 C03
-5217500.499545 39032828.127135 -14555911.242702 0 C06
-9474020.595517 26455264.362069 31533016.852340 47000 C07
-19029301.775470 31210104.292812 -21222381.818239 39000 C08
-359264.332648 41336551.637602 -5722738.046118 0 C09
-533677.158581 28377638.578467 31595077.618468 0 C10
-14510411.704052 31875831.364487 -23488649.767692 44000 C13
-5450726.313214 38559511.212745 -15383003.567753 0 C16
time 2025/01/17 09:53:42.000
-14500752.486763 5387885.587224 22024092.885563 29000 G02
-7397950.343437 21451428.948945 -12890526.193219 48000 G07
-5103271.321969 18941044.876286 17843081.581997 48000 G14
3368031.919359 17557221.981415 19981548.277127 34000 G17
500316.161234 26276570.133628 -2486828.839737 41000 G30
-6186065.893455 20619636.530695 13674151.662357 48000 R11
8259671.340731 7460280.501227 22968133.476874 43000 R12
-12129652.392320 -3454089.519355 22193806.519965 0 R20
-3986469.875236 14217685.801986 20811052.765026 51000 R21
6745153.614018 23770644.449356 6337238.342088 45000 R22
-14727241.782141 39463360.274856 -1110375.699287 46000 C03
-5216449.286399 39032123.590943 -14558177.477535 0 C06
-9475036.358732 26455112.118325 31532825.476098 47000 C07
-19029136.966576 31211717.466300 -21220168.068370 39000 C08
-358065.196303 41336191.842668 -5725229.336033 0 C09
-534618.875703 28377269.211705 31595365.436907 0 C10
-14510365.853080 31877355.631366 -23486639.427167 44000 C13
-5449671.187897 38558744.284708 -15385272.122659 0 C16
time 2025/01/17 09:53:44.000
-14501754.520290 5382602.589861 22024816.724013 29000 G02
-7398845.334776 21448003.205581 -12895594.157530 48000 G07
-5107270.699852 18943232.461940 17839557.887914 49000 G14
3363609.021588 17555080.738595 19984270.318910 34000 G17
499490.939216 26275964.725743 -2493057.417183 41000 G30
-6187959.211852 20622876.498927 13668402.986075 48000 R11
8256123.426211 7465461.112568 22967728.052168 42000 R12
-12132079.149091 -3459663.549836 22191618.378926 0 R20
-3988629.042757 14212404.862069 20814242.348631 51000 R21
6744772.503158 23768929.814784 6344106.095879 45000 R22
-14727250.406539 39463357.806837 -1110249.085814 46000 C03
-5214347.167320 39030714.050613 -14562709.711946 0 C06
-9477067.952515 26454808.077481 31532442.223173 47000 C07
-19028806.645205 31214943.744776 -21215740.232558 39000 C08
-355667.080905 41335471.707469 -5730211.821659 0 C09
-536502.471697 28376530.900012 31595940.580608 0 C10
-14510273.484324 31880404.145238 -23482618.371584 44000 C13
-5447561.271023 38557209.954024 -15389808.981812 0 C16
time 2025/01/17 09:53:45.000
-14502255.785939 5379961.078684 22025177.967794 30000 G02
-7399293.015328 21446289.881388 -12898127.705830 48000 G07
-5109270.026514 18944326.235954 17837795.468794 49000 G14
3361397.261008 17554010.196539 19985630.719850 34000 G17
499078.249681 26275661.467618 -2496171.624889 41000 G30
-6188905.343022 20624496.111281 13665528.155158 48000 R11
8254349.804658 7468051.597456 22967524.513927 42000 R12
-12133292.797958 -3462450.202910 22190523.510791 0 R20
-3989709.092497 14209764.230355 20815836.391470 51000 R21
6744581.570946 23768071.872565 6347539.744216 44000 R22
-14727254.718766 39463356.573142 -1110185.770206 46000 C03
-5213296.261436 39030009.046506 -14564975.711492 0 C06
-9478083.783033 26454656.280386 31532250.346492 47000 C07
-19028641.132736 31216556.849680 -21213526.146659 39000 C08
-354468.101907 41335111.367221 -5732703.017338 0 C09
-537444.350518 28376161.955099 31596227.905862 0 C10
-14510226.966540 31881928.392159 -23480607.656559 45000 C13
-5446506.479511 38556442.551410 -15392077.286034 0 C16
time 2025/01/17 09:53:47.000
-14503258.814986 5374678.031627 22025899.104444 29000 G02
-7400188.746379 21442862.328192 -12903193.934457 48000 G07
-5113267.955158 18946513.746102 17834269.486554 49000 G14
3356973.116585 17551869.271335 19988350.281745 34000 G17
13810848.660225 18791840.087006 12971900.158922 33000 G19
498252.713322 26275053.843060 -2502399.877968 42000 G30
-6190796.549410 20627734.592080 13659777.508075 48000 R11
8250803.233198 7473232.925297 22967115.785691 43000 R12
-12135720.636377 -3468022.784360 22188332.179413 0 R20
-3991870.123923 14204482.643866 20819022.979044 51000 R21
6744198.952670 23766354.738508 6354406.583417 44000 R22
-14727263.343274 39463354.106382 -1110059.121245 46000 C03
-5211194.757094 39028598.570486 -14569507.475205 0 C06
-9480115.511225 26454353.132868 31531866.092695 47000 C07
-19028309.404246 31219782.990675 -21209097.638903 39000 C08
-352070.301442 41334390.141460 -5737685.314367 0 C09
-539328.269724 28375424.487173 31596802.063177 0 C10
-14510133.264170 31884976.865824 -23476585.852073 44000 C13
-5444397.230445 38554907.271712 -15396613.643729 0 C16
time 2025/01/17 09:53:48.000
-14503760.578371 5372036.495896 22026258.997300 29000 G02
-7400636.796948 21441148.099290 -12905726.614655 48000 G07
-5115266.557066 18947607.482122 17832505.923519 49000 G14
3354760.732844 17550798.888293 19989709.442636 34000 G17
13809334.810843 18791151.134497 12974439.142622 33000 G19
497839.866406 26274749.476653 -2505513.923181 41000 G30
-6191741.624659 20629353.460352 13656901.692065 48000 R11
8249030.283401 7475823.768073 22966910.595706 43000 R12
-12136934.825808 -3470808.712568 22187235.716228 0 R20
-3992951.105594 14201841.689294 20820615.523695 51000 R21
6744007.266492 23765495.546785 6357839.774088 44000 R22
-14727267.655556 39463352.873317 -1109995.787893 46000 C03
-5210144.158677 39027893.098598 -14571773.239357 0 C06
-9481131.408850 26454201.782451 31531673.715583 47000 C07
-19028143.188232 31221396.026685 -21206883.217086 39000 C08
-350871.480034 41334029.255964 -5740176.415681 0 C09
-540270.310061 28375055.964177 31597088.895232 0 C10
-14510086.079585 31886501.092497 -23474574.762644 44000 C13
-5443342.772944 38554139.394665 -15398881.697163 0 C16
time 2025/01/17 09:53:49.000
-14504262.507657 5369394.952116 22026618.439835 30000 G02
-7401084.970926 21439433.568912 -12908259.005364 48000 G07
-5117264.917324 18948701.205368 17830741.979256 49000 G14
3352548.141477 17549728.558355 19991068.190119 34000 G17
13807820.644793 18790462.108603 12976977.854108 33000 G19
497426.966935 26274444.740841 -2508627.914087 41000 G30
-6192686.347969 20630972.080429 13654025.547836 48000 R11
8247257.557627 7478414.729980 22966704.855151 43000 R12
-12138149.195309 -3473594.398991 22186138.721414 0 R20
-3994032.397898 14199200.627295 20822207.568870 51000 R21
6743815.328879 23764635.938668 6361272.812031 44000 R22
-14727271.967856 39463351.640462 -1109932.448628 46000 C03
-5209093.662797 39027187.470816 -14574038.925014 0 C06
-9482147.328799 26454050.580934 31531481.171661 47000 C07
-19027976.737711 31223009.039659 -21204668.683324 39000 C08
-349672.711210 41333668.188734 -5742667.485509 0 C09
-541212.404195 28374687.581836 31597375.562883 0 C10
-14510038.672734 31888025.312354 -23472563.548438 44000 C13
-5442288.426822 38553371.359504 -15401149.666982 0 C16
time 2025/01/17 09:53:50.000
-14504764.602839 5366753.400342 22026977.432047 30000 G02
-7401533.268351 21437718.737102 -12910791.106531 48000 G07
-5119263.035904 18949794.915787 17828977.653802 49000 G14
3350335.342518 17548658.281568 19992426.524172 34000 G17
13806306.162069 18789773.009371 12979516.293357 35000 G19
497014.014863 26274139.635637 -2511741.850629 42000 G30
-6193630.719361 20632590.452232 13651149.075452 48000 R11
8245485.055924 7481005.810937 22966498.564029 43000 R12
-12139363.744820 -3476379.843545 22185041.195002 0 R20
-3995114.000832 14196559.457965 20823799.114533 51000 R21
6743623.139773 23763775.914209 6364705.697169 45000 R22
-14727276.280174 39463350.407817 -1109869.103449 46000 C03
-5208043.269484 39026481.687157 -14576304.532152 0 C06
-9483163.271052 26453899.528318 31531288.460932 47000 C07
-19027810.052685 31224622.029565 -21202454.037626 39000 C08
-348473.994997 41333306.939778 -5745158.523838 0 C09
-542154.552104 28374319.340158 31597662.066127 0 C10
-14509991.043620 31889549.525363 -23470552.209466 44000 C13
-5441234.192114 38552603.166253 -15403417.553153 0 C16
time 2025/01/17 09:53:51.000
-14505266.863915 5364111.840637 22027335.973928 30000 G02
-7401981.689258 21436003.603900 -12913322.918108 48000 G07
-5121260.912780 18950888.613329 17827212.947187 49000 G14
3348122.336008 17547588.057978 19993784.444769 34000 G17
13804791.362689 18789083.836859 12982054.460302 36000 G19
496601.010140 26273834.161051 -2514855.732743 42000 G30
-6194574.738855 20634208.575685 13648272.274974 49000 R11
8243712.778337 7483597.010874 22966291.722346 43000 R12
-12140578.474293 -3479165.046176 22183943.137007 0 R20
-3996195.914394 14193918.181385 20825390.160651 51000 R21
6743430.699117 23762915.473461 6368138.429429 45000 R22
-14727280.592511 39463349.175382 -1109805.752358 46000 C03
-5206992.978744 39025775.747628 -14578570.060787 0 C06
-9484179.235588 26453748.624608 31531095.583396 47000 C07
-19027643.133157 31226234.996373 -21200239.279997 39000 C08
-347275.331417 41332945.509100 -5747649.530667 0 C09
-543096.753771 28373951.239148 31597948.404966 0 C10
-14509943.192242 31891073.731499 -23468540.745729 44000 C13
-5440180.068832 38551834.814919 -15405685.355685 0 C16
time 2025/01/17 09:53:53.000
-14506271.883726 5358828.697669 22028051.706685 31000 G02
-7402878.901666 21432572.433506 -12918385.672252 48000 G07
-5125255.941306 18953075.969568 17823682.390619 49000 G14
3343695.700503 17545447.770585 19996499.045490 34000 G17
13801760.813972 18787705.272202 12987129.977132 38000 G19
495774.842553 26273222.103778 -2521083.333431 41000 G30
-6196461.722226 20637444.077211 13642517.690009 49000 R11
8240168.895719 7488779.767349 22965876.387315 43000 R12
-12143008.472883 -3484734.725333 22181745.426385 0 R20
-3998360.673386 14188635.306858 20828570.754099 51000 R21
6743045.062924 23761193.343300 6375003.434994 46000 R22
-14727289.217238 39463346.711141 -1109679.032437 46000 C03
-5204892.705000 39024363.400964 -14583100.882679 36000 C06
-9486211.231429 26453447.263913 31530709.327904 47000 C07
-19027308.590610 31229460.860563 -21195809.428992 39000 C08
-344878.162259 41332222.102610 -5752631.449769 0 C09
-544981.318303 28373215.459164 31598520.589416 0 C10
-14509846.822702 31894122.123016 -23464517.444014 44000 C13
-5438072.156638 38550297.638069 -15410220.709788 0 C16
time 2025/01/17 09:53:55.000
-14507277.567039 5353545.523780 22028765.638054 32000 G02
-7403776.608429 21429140.058115 -12923447.267306 48000 G07
-5129250.002636 18955263.273643 17820150.309868 49000 G14
3339268.235307 17543307.696564 19999211.992064 34000 G17
13798728.998741 18786326.415074 12992204.404158 39000 G19
494948.463803 26272608.569122 -2527310.715574 41000 G30
-6198347.298220 20640678.584338 13636761.793524 49000 R11
8236625.910192 7493962.998735 22965458.850101 43000 R12
-12145439.190607 -3490303.435814 22179545.589769 0 R20
-4000526.674825 14183352.004503 20831749.348892 51000 R21
6742658.419846 23759469.548620 6381867.828034 46000 R22
-14727297.842038 39463344.247740 -1109552.288868 46000 C03
-5202792.841953 39022950.431082 -14587631.390150 36000 C06
-9488243.316135 26453146.498877 31530322.405196 47000 C07
-19026973.110099 31232686.631934 -21191379.130432 39000 C08
-342481.203970 41331497.969329 -5757613.242664 0 C09
-546866.097612 28372480.241951 31599092.116217 0 C10
-14509749.564123 31897170.486632 -23460493.643402 44000 C13
-5435964.690439 38548759.829094 -15414755.729161 0 C16
time 2025/01/17 09:53:57.000
-14508283.913812 5348262.319491 22029477.767992 33000 G02
-7404674.809834 21425706.478095 -12928507.702806 48000 G07
-5133243.096523 18957450.525121 17816616.705234 49000 G14
3334839.940778 17541167.836311 20001923.284269 33000 G17
13795695.917102 18784947.265927 12997277.740927 40000 G19
494121.873516 26271993.557176 -2533537.878608 40000 G30
-6200231.466983 20643912.096409 13631004.586078 49000 R11
8233083.822163 7499146.704379 22965039.110743 43000 R12
-12147870.627001 -3495871.176990 22177343.627374 0 R20
-4002693.918672 14178068.275081 20834925.944719 51000 R21
6742270.769428 23757744.089848 6388731.607884 46000 R22
-14727306.466910 39463341.785177 -1109425.521654 46000 C03
-5200693.389690 39021536.838037 -14592161.583305 36000 C06
-9490275.489531 26452846.329524 31529934.815278 47000 C07
-19026636.691651 31235912.310221 -21186948.384401 38000 C08
-340084.456763 41330773.109317 -5762594.909240 0 C09
-548751.091539 28371745.587567 31599662.985354 0 C10
-14509651.416514 31900218.822090 -23456469.343976 44000 C13
-5433857.670429 38547221.388131 -15419290.413685 0 C16
time 2025/01/17 09:53:58.000
-14508787.335982 5345620.706107 22029833.157411 33000 G02
-7405124.096114 21423989.236473 -12931037.485566 48000 G07
-5135239.280590 18958544.130998 17814849.331560 49000 G14
3332625.482611 17540097.986465 20003278.309921 34000 G17
13794178.901410 18784257.581985 12999814.000329 40000 G19
493708.498929 26271685.497251 -2536651.377783 40000 G30
-6201173.023696 20645528.479086 13628125.490932 49000 R11
8231313.114841 7501738.734835 22964828.415273 42000 R12
-12149086.614543 -3498654.683869 22176241.849085 0 R20
-4003778.006481 14175426.250470 20836513.492917 51000 R21
6742076.566325 23756880.736563 6392163.267641 46000 R22
-14727310.779373 39463340.554211 -1109362.129181 46000 C03
-5199643.817663 39020829.807870 -14594426.561976 35000 C06
-9491291.609430 26452696.468238 31529740.770118 47000 C07
-19026468.130711 31237525.114358 -21184732.843634 38000 C08
-338886.162386 41330410.406805 -5765085.695118 0 C09
-549693.668926 28371378.471458 31599948.173292 0 C10
-14509602.009327 31901742.979170 -23454457.007247 44000 C13
-5432804.327806 38546451.930697 -15421557.630341 0 C16
time 2025/01/17 09:53:59.000
-14509290.923999 5342979.085328 22030188.096455 33000 G02
-7405573.506160 21422271.693836 -12933566.978257 48000 G07
-5137235.222699 18959637.723561 17813081.577032 49000 G14
3330410.817252 17539028.190212 20004632.921893 34000 G17
13792661.569157 18783567.825206 13002349.986996 40000 G19
493295.071317 26271377.068039 -2539764.821975 40000 G30
-6202114.228655 20647144.612750 13625246.068260 49000 R11
8229542.632049 7504330.883607 22964617.169284 42000 R12
-12150302.781574 -3501437.948178 22175139.539435 0 R20
-4004862.404875 14172784.119382 20838100.541256 51000 R21
6741882.111217 23756016.967417 6395594.773846 46000 R22
-14727315.091853 39463339.323454 -1109298.730798 46000 C03
-5198594.348406 39020122.621960 -14596691.462021 35000 C06
-9492307.751433 26452546.755882 31529546.558160 47000 C07
-19026299.335297 31239137.895122 -21182517.191033 38000 C08
-337687.920864 41330047.522635 -5767576.449364 0 C09
-550636.299906 28371011.496079 31600233.196810 0 C10
-14509552.379885 31903267.129109 -23452444.545854 44000 C13
-5431751.096798 38545682.315314 -15423824.763250 0 C16
time 2025/01/17 09:54:00.000
-14509794.677863 5340337.457190 22030542.585122 33000 G02
-7406023.040010 21420553.850222 -12936096.180834 47000 G07
-5139230.922828 18960731.302760 17811313.441679 49000 G14
3328195.944728 17537958.447593 20005987.120166 34000 G17
13791143.920341 18782877.995639 13004885.700897 40000 G19
492881.590631 26271068.269551 -2542878.211125 40000 G30
-6203055.081881 20648760.497325 13622366.318122 49000 R11
8227772.373831 7506923.150621 22964405.372779 43000 R12
-12151519.128042 -3504220.969853 22174036.698444 0 R20
-4005947.113854 14170141.881903 20839687.089703 51000 R21
6741687.404046 23755152.782460 6399026.126425 46000 R22
-14727319.404352 39463338.092907 -1109235.326506 46000 C03
-5197544.981932 39019415.280317 -14598956.283446 35000 C06
-9493323.915523 26452397.192460 31529352.179402 47000 C07
-19026130.305412 31240750.652477 -21180301.426615 39000 C08
-336489.732218 41329684.456810 -5770067.171979 0 C09
-551578.984458 28370644.661438 31600518.055904 0 C10
-14509502.528191 31904791.271881 -23450431.959799 44000 C13
-5430697.977426 38544912.541995 -15426091.812407 0 C16
time 2025/01/17 09:54:01.000
-14510298.597564 5337695.821784 22030896.623403 34000 G02
-7406472.697699 21418835.705680 -12938625.093233 47000 G07
-5141226.380947 18961824.868545 17809544.925537 49000 G14
3325980.865069 17536888.758651 20007340.904723 35000 G17
13789625.954975 18782188.093342 13007421.141976 39000 G19
492468.056825 26270759.101800 -2545991.545168 40000 G30
-15463849.181378 20051700.226324 -3439235.554220 35000 R10
-6203995.583395 20650376.132730 13619486.240584 49000 R11
8226002.340238 7509515.535796 22964193.025764 42000 R12
-12152735.653891 -3507003.748817 22172933.326139 0 R20
-4007032.133412 14167499.538127 20841273.138219 51000 R21
6741492.444755 23754288.181744 6402457.325300 46000 R22
-14727323.716868 39463336.862569 -1109171.916303 45000 C03
-5196495.718270 39018707.782960 -14601221.026229 36000 C06
-9494340.101678 26452247.777974 31529157.633847 47000 C07
-19025961.041060 31242363.386388 -21178085.550390 39000 C08
-335291.596471 41329321.209337 -5772557.862957 0 C09
-552521.722562 28370277.967543 31600802.750574 0 C10
-14509452.454244 31906315.407451 -23448419.249097 44000 C13
-5429644.969715 38544142.610758 -15428358.777795 0 C16
time 2025/01/17 09:54:02.000
-14510802.683098 5335054.179160 22031250.211294 35000 G02
-7406922.479263 21417117.260253 -12941153.715402 46000 G07
-5143221.597025 18962918.420858 17807776.028644 49000 G14
3323765.578327 17535819.123439 20008694.275530 35000 G17
13788107.673068 18781498.118367 13009956.310184 39000 G19
492054.469849 26270449.564795 -2549104.824044 40000 G30
-15463463.524484 20051395.841281 -3442751.401890 35000 R10
-6204935.733214 20651991.518880 13616605.835721 50000 R11
8224232.531318 7512108.039052 22963980.128244 43000 R12
-12153952.359055 -3509786.284979 22171829.422551 0 R20
-4008117.463546 14164857.088149 20842858.686768 51000 R21
6741297.233287 23753423.165324 6405888.370385 46000 R22
-14727328.029402 39463335.632442 -1109108.500192 46000 C03
-5195446.557440 39018000.129903 -14603485.690361 36000 C06
-9495356.309877 26452098.512427 31528962.921494 47000 C07
-19025791.542245 31243976.096825 -21175869.562367 39000 C08
-334093.513655 41328957.780226 -5775048.522274 0 C09
-553464.514199 28369911.414399 31601087.280818 0 C10
-14509402.158047 31907839.535789 -23446406.413755 44000 C13
-5428592.073690 38543372.521622 -15430625.659396 0 C16
time 2025/01/17 09:54:04.000
-14511811.351648 5329770.872520 22031956.035888 34000 G02
-7407822.414154 21413679.466943 -12946210.088797 47000 G07
-5147211.302929 18965105.484855 17804237.092760 49000 G14
3319334.383761 17533680.014395 20011399.775794 34000 G17
13785070.159719 18780117.950625 13015025.827706 37000 G19
491227.136213 26269829.383083 -2555331.215949 40000 G30
-15462691.482543 20050785.785294 -3449782.850394 36000 R10
-6206814.977839 20655221.543093 13610844.044296 49000 R11
8220693.587706 7517293.399477 22963552.681708 42000 R12
-12156386.307112 -3515350.628611 22169620.021625 0 R20
-4010289.055513 14159571.869975 20846028.283801 51000 R21
6740906.053593 23751691.885584 6412749.998855 45000 R22
-14727336.654524 39463333.172815 -1108981.650242 45000 C03
-5193348.544369 39016584.356747 -14608014.782621 36000 C06
-9497388.792313 26451800.428165 31528572.996402 46000 C07
-19025451.841238 31247201.447127 -21171437.250988 39000 C08
-331697.506924 41328230.377117 -5780029.745861 0 C09
-555350.257982 28369178.730403 31601655.848020 0 C10
-14509300.898905 31910887.770639 -23442380.369201 44000 C13
-5426486.616783 38541831.869710 -15435159.171205 0 C16
time 2025/01/17 09:54:05.000
-14512315.934654 5327129.208620 22032308.272581 34000 G02
-7408272.567552 21411960.119154 -12948737.839903 47000 G07
-5149205.792689 18966198.996428 17802467.053848 49000 G14
3317118.476026 17532610.540661 20012751.905194 33000 G17
13783550.928296 18779427.757966 13017560.176920 37000 G19
490813.389455 26269518.738397 -2558444.328862 40000 G30
-15462305.097638 20050480.114293 -3453298.451035 36000 R10
-6207754.072680 20656836.180987 13607962.657882 49000 R11
8218924.453118 7519886.256478 22963338.132704 41000 R12
-12157603.549882 -3518132.435911 22168514.524344 0 R20
-4011375.317334 14156929.101975 20847612.332206 51000 R21
6740710.085255 23750825.622375 6416180.582057 45000 R22
-14727340.967111 39463331.943317 -1108918.216405 46000 C03
-5192299.692176 39015876.236680 -14610279.210720 36000 C06
-9498405.066504 26451651.609456 31528377.783665 47000 C07
-19025281.639053 31248814.086923 -21169220.927657 39000 C08
-330499.583067 41327866.403136 -5782520.310096 0 C09
-556293.210128 28368812.599549 31601939.884986 34000 C10
-14509249.935963 31912411.877077 -23440367.160021 44000 C13
-5425434.055955 38541061.306972 -15437425.801373 0 C16
time 2025/01/17 09:54:06.000
-14512820.683469 5324487.537786 22032660.058861 35000 G02
-7408722.844968 21410240.470665 -12951265.300548 47000 G07
-5151200.040287 18967292.494315 17800696.634332 49000 G14
3314902.361383 17531541.120852 20014103.620736 34000 G17
13782031.380383 18778737.492853 13020094.253041 36000 G19
490399.589340 26269207.724505 -2561557.386332 40000 G30
-15461918.470202 20050174.014580 -3456813.969172 37000 R10
-6208692.815901 20658450.569301 13605080.944417 49000 R11
8217155.543405 7522479.231235 22963123.033215 41000 R12
-12158820.971739 -3520914.000102 22167408.495886 0 R20
-4012461.889711 14154286.228154 20849195.880489 51000 R21
6740513.864513 23749958.943674 6419611.011143 44000 R22
-14727345.279716 39463330.714027 -1108854.776660 45000 C03
-5191250.942912 39015167.960977 -14612543.560108 36000 C06
-9499421.362652 26451502.939699 31528182.404134 47000 C07
-19025111.202419 31250426.703107 -21167004.492577 39000 C08
-329301.712246 41327502.247545 -5785010.842615 0 C09
-557236.215676 28368446.609497 31602223.757504 35000 C10
-14509198.750775 31913935.976156 -23438353.826244 44000 C13
-5424381.606902 38540290.586396 -15439692.347711 0 C16
time 2025/01/17 09:54:07.000
-14513325.598087 5321845.860075 22033011.394721 35000 G02
-7409173.246435 21408520.521528 -12953792.470660 47000 G07
-5153194.045686 18968385.978459 17798925.834257 49000 G14
3312686.039866 17530471.755012 20015454.922399 34000 G17
13780511.516003 18778047.155346 13022628.055998 36000 G19
489985.735824 26268896.341423 -2564670.388271 40000 G30
-15461531.600306 20049867.486127 -3460329.404704 37000 R10
-6209631.207519 20660064.707950 13602198.903978 49000 R11
8215386.858622 7525072.323660 22962907.383248 41000 R12
-12160038.572623 -3523695.321107 22166301.936277 0 R20
-4013548.772634 14151643.248611 20850778.928608 51000 R21
6740317.391310 23749091.849538 6423041.286017 44000 R22
-14727349.592338 39463329.484948 -1108791.331008 46000 C03
-5190202.296591 39014459.529646 -14614807.830790 37000 C06
-9500437.680730 26451354.418898 31527986.857812 47000 C07
-19024940.531339 31252039.295637 -21164787.945769 39000 C08
-328103.894490 41327137.910352 -5787501.343405 0 C09
-558179.274657 28368080.760234 31602507.465589 35000 C10
-14509147.343342 31915460.067836 -23436340.367889 44000 C13
-5423329.269647 38539519.707999 -15441958.810211 0 C16
time 2025/01/17 09:54:09.000
-14514335.924728 5316562.484202 22033712.715178 35000 G02
-7410074.421672 21405079.721470 -12958845.939106 46000 G07
-5157181.329792 18970572.905320 17795383.092549 49000 G14
3308252.776375 17528333.185431 20018156.283981 34000 G17
13777470.837867 18776666.263361 13027694.842242 35000 G19
489157.868393 26268272.467727 -2570896.225350 39000 G30
-15460757.133405 20049253.142875 -3467360.027681 37000 R10
-6211506.936031 20663292.235945 13596433.842421 50000 R11
8211850.164028 7530258.861217 22962474.431895 41000 R12
-12162474.311249 -3529257.233253 22164087.223707 0 R20
-4015723.470117 14146356.972708 20853943.524223 51000 R21
6739923.687294 23747356.415163 6429901.372840 44000 R22
-14727358.217635 39463327.027417 -1108664.421982 46000 C03
-5188105.312869 39013042.200163 -14619336.135991 36000 C06
-9502470.382608 26451057.824172 31527595.264792 47000 C07
-19024598.485854 31255264.409633 -21160354.516970 39000 C08
-325708.418266 41326408.691188 -5792482.249761 0 C09
-560065.552832 28367349.484108 31603074.388449 35000 C10
-14509043.861745 31918508.228896 -23432313.077457 44000 C13
-5421224.930630 38537977.477811 -15446491.483625 0 C16
time 2025/01/17 09:54:10.000
-14514841.336741 5313920.786167 22034062.699763 34000 G02
-7410525.195510 21403358.870647 -12961372.237311 46000 G07
-5159174.608431 18971666.347923 17793611.150999 49000 G14
3306035.834491 17527263.981787 20019506.343846 34000 G17
13775950.024141 18775975.708997 13030227.825410 34000 G19
488743.854384 26267959.977138 -2574009.060342 39000 G30
-15460369.536542 20048945.328019 -3470875.214943 37000 R10
-6212444.272958 20664905.625121 13593550.821453 49000 R11
8210082.154325 7532852.306176 22962257.130521 40000 R12
-12163692.448871 -3532037.824234 22162979.070801 0 R20
-4016811.284662 14143713.676548 20855525.071637 50000 R21
6739726.456367 23746488.075034 6433331.184611 44000 R22
-14727362.530310 39463325.798967 -1108600.958609 46000 C03
-5187056.975523 39012333.302047 -14621600.170465 36000 C06
-9503486.766360 26450909.750254 31527399.218097 47000 C07
-19024427.111456 31256876.931020 -21158137.635019 39000 C08
-324510.759860 41326043.809233 -5794972.655281 0 C09
-561008.771985 28366984.057260 31603357.603221 35000 C10
-14508991.787585 31920032.298203 -23430299.245413 44000 C13
-5420172.928913 38537206.126051 -15448757.694517 0 C16
time 2025/01/17 09:54:11.000
-14515346.914535 5311279.081514 22034412.233908 35000 G02
-7410976.093542 21401637.719362 -12963898.244754 46000 G07
-5161167.644749 18972759.776568 17791838.829038 49000 G14
3303818.685914 17526194.832311 20020855.989718 35000 G17
13774428.894003 18775285.082463 13032760.535187 34000 G19
488329.786786 26267647.117405 -2577121.839539 39000 G30
-15459981.697499 20048637.084304 -3474390.319265 38000 R10
-6213381.258357 20666518.764304 13590667.473792 49000 R11
8208314.369753 7535445.868478 22962039.278690 40000 R12
-12164910.765286 -3534818.171709 22161870.386855 0 R20
-4017899.409733 14141070.275049 20857106.118732 50000 R21
6739528.972753 23745619.319683 6436760.841840 44000 R22
-14727366.843003 39463324.570725 -1108537.489330 45000 C03
-5186008.741218 39011624.248368 -14623864.126169 36000 C06
-9504503.171955 26450761.825305 31527203.004614 47000 C07
-19024255.502627 31258489.428620 -21155920.641383 39000 C08
-323313.154627 41325678.745707 -5797463.029012 0 C09
-561952.044478 28366618.771235 31603640.653549 35000 C10
-14508939.491184 31921556.359982 -23428285.288836 44000 C13
-5419121.039097 38536434.616543 -15451023.821497 0 C16
time 2025/01/17 09:54:13.000
-14516358.567457 5305995.652571 22035109.950865 35000 G02
-7411878.262333 21398194.515570 -12968949.387150 46000 G07
-5165152.990319 18974946.591778 17788293.044014 49000 G14
3299383.768820 17524056.696037 20023554.039400 35000 G17
13771385.684489 18773903.613087 13037825.134433 33000 G19
487501.490627 26267020.290554 -2583347.230291 38000 G30
-15459205.293145 20048019.310178 -3481420.278784 38000 R10
-6215254.174652 20669744.292381 13584899.798633 49000 R11
8204779.476187 7540633.344807 22961601.923673 39000 R12
-12167347.934273 -3540378.135856 22159651.425933 0 R20
-4020076.591447 14135783.156379 20860266.711838 50000 R21
6739133.247234 23743880.563524 6443619.692369 44000 R22
-14727375.468439 39463322.114871 -1108410.533054 45000 C03
-5183912.581809 39010205.674375 -14628391.801253 36000 C06
-9506536.048599 26450466.422319 31526810.077286 47000 C07
-19023911.581685 31261714.352332 -21151486.319090 39000 C08
-320918.103777 41324948.073966 -5802443.681069 0 C09
-563838.749424 28365888.621678 31604206.260872 35000 C10
-14508834.231666 31924604.460843 -23424257.002103 44000 C13
-5417017.595228 38534891.124322 -15455555.823740 0 C16
time 2025/01/17 09:54:15.000
-14517370.883454 5300712.197865 22035805.866009 35000 G02
-7412780.928330 21394750.110454 -12973999.365843 46000 G07
-5169137.366269 18977133.350522 17784745.737766 49000 G14
3294948.025411 17521918.776983 20026250.432829 35000 G17
13768341.209423 18772521.855677 13042888.639546 33000 G19
486672.979535 26266391.987265 -2589572.397107 37000 G30
-15458427.920899 20047399.820258 -3488449.905594 38000 R10
-6217125.685071 20672968.819529 13579130.817491 49000 R11
8201245.483731 7545821.289556 22961162.366888 37000 R12
-12169785.817749 -3545937.125085 22157430.341150 0 R20
-4022255.015221 14130495.617450 20863425.303239 50000 R21
6738736.510281 23742140.147110 6450477.923783 44000 R22
-14727384.093946 39463319.659855 -1108283.553158 45000 C03
-5181816.834821 39008786.478303 -14632919.161150 35000 C06
-9508569.012371 26450171.615240 31526416.482813 47000 C07
-19023566.723057 31264939.180506 -21147051.550173 39000 C08
-318523.265930 41324216.676025 -5807424.205824 0 C09
-565725.667518 28365159.035493 31604771.210408 35000 C10
-14508728.083202 31927652.531225 -23420228.217339 44000 C13
-5414914.599205 38533347.001277 -15460087.490259 0 C16
time 2025/01/17 09:54:17.000
-14518383.862485 5295428.717893 22036499.979302 35000 G02
-7413684.091816 21391304.504391 -12979048.180359 46000 G07
-5173120.772349 18979320.052366 17781196.910601 49000 G14
3290511.456027 17519781.075535 20028945.169794 35000 G17
13765295.468919 18771139.810683 13047951.050067 32000 G19
485844.253140 26265762.207640 -2595797.339399 36000 G30
-15457649.581321 20046778.614310 -3495479.199005 37000 R10
-6218995.789760 20676192.345086 13573360.530934 49000 R11
8197712.392792 7551009.702065 22960720.608376 36000 R12
-12172224.415239 -3551495.138750 22155207.132730 0 R20
-4024434.681012 14125207.659029 20866581.892627 50000 R21
6738338.761442 23740398.070872 6457335.535403 43000 R22
-14727392.719520 39463317.205676 -1108156.549644 45000 C03
-5179721.500442 39007366.660275 -14637446.205749 35000 C06
-9510602.063092 26449877.404093 31526022.221204 47000 C07
-19023220.926771 31268163.912856 -21142616.334745 39000 C08
-316128.641302 41323484.551944 -5812404.603159 0 C09
-567612.798591 28364430.012743 31605335.502143 35000 C10
-14508621.045802 31930700.570867 -23416198.934640 44000 C13
-5412812.051220 38531802.247542 -15464618.820941 0 C16
time 2025/01/17 09:54:18.000
-14518890.600638 5292786.968530 22036846.360249 35000 G02
-7414135.860206 21389581.251116 -12981572.150912 43000 G07
-5175112.111618 18980413.381819 17779421.926762 49000 G14
3288292.861683 17518712.306524 20030291.917047 40000 G17
13763772.124070 18770448.680441 13050481.844867 30000 G19
485429.809073 26265446.764222 -2598909.726274 37000 G30
-15457260.048958 20046467.367752 -3498993.720472 35000 R10
-6219930.314998 20677803.732056 13570474.898313 51000 R11
8195946.185529 7553604.083507 22960498.903489 39000 R12
-4025524.979660 14122563.522720 20868159.436486 49000 R21
6738139.507427 23739526.410469 6460764.108524 49000 R22
-14727397.032334 39463315.978901 -1108093.039031 46000 C03
-5178673.988036 39006656.518065 -14639709.609786 34000 C06
-9511618.621005 26449730.522001 31525824.840226 48000 C07
-19023047.677015 31269776.243006 -21140398.559626 38000 C08
-314931.409012 41323118.217619 -5814894.754009 0 C09
-568556.443908 28364065.712688 31605617.401319 0 C10
-14508567.193753 31932224.579078 -23414184.106592 40000 C13
-5411760.945173 38531029.634113 -15466884.360587 39000 C16
time 2025/01/17 09:54:20.000
-14519904.574111 5287503.451775 22037537.770667 35000 G02
-7415039.770458 21386133.844317 -12986619.218310 47000 G07
-5179094.062441 18982599.997506 17775870.818774 49000 G14
3283855.054026 17516574.932229 20032984.168890 36000 G17
13760724.485684 18769066.204946 13055542.612534 27000 G19
484600.759021 26264814.770275 -2605134.330734 34000 G30
-15456480.259434 20045843.587320 -3506022.512522 36000 R10
-6221798.311391 20681025.754025 13564702.654638 49000 R11
8192414.447598 7558793.196461 22960053.842468 35000 R12
-12175883.649246 -3559830.328740 22151868.338733 0 R20
-4027706.508394 14117274.936489 20871313.022276 50000 R21
6737740.239901 23737781.845281 6467620.789298 44000 R22
-14727405.658012 39463313.525979 -1107966.000095 46000 C03
-5176579.272912 39005235.767333 -14644236.181256 35000 C06
-9513651.801828 26449437.204797 31525429.577926 47000 C07
-19022700.474293 31273000.831129 -21135962.674580 39000 C08
-312537.104609 41322385.004439 -5819874.960015 0 C09
-570443.894175 28363337.535189 31606180.706334 35000 C10
-14508458.822966 31935272.572125 -23410154.077148 44000 C13
-5409659.069708 38529483.934674 -15471415.187078 0 C16
time 2025/01/17 09:54:21.000
-7415491.912392 21384409.690878 -12989142.315052 47000 G07
-5181084.673950 18983693.283640 17774094.694687 49000 G14
3281635.840737 17515506.327012 20034329.673464 36000 G17
13759200.191982 18768374.859717 13058072.585610 26000 G19
484186.152919 26264498.219754 -2608246.548347 33000 G30
-15456090.002411 20045531.053387 -3509536.782937 36000 R10
-6222731.782572 20682636.388842 13561816.043755 49000 R11
8190648.917046 7561387.927788 22959830.486347 34000 R12
-12177103.750426 -3562608.236969 22150754.345806 0 R20
-4028797.738491 14114630.486705 20872889.064165 50000 R21
6737540.226285 23736908.940632 6471048.896670 44000 R22
-14727409.970876 39463312.299832 -1107902.471773 46000 C03
-5175532.070234 39004525.158836 -14646499.348679 35000 C06
-9514668.424697 26449290.769690 31525231.696606 47000 C07
-19022526.521336 31274613.089019 -21133744.564696 39000 C08
-311340.032546 41322018.125596 -5822365.015154 0 C09
-571387.699024 28362973.657783 31606462.112151 36000 C10
-14508404.304230 31936796.556902 -23408138.875767 44000 C13
-5408608.300083 38528710.848509 -15473680.474444 0 C16
time 2025/01/17 09:54:22.000
-7415944.178911 21382685.237480 -12991665.120400 47000 G07
-5183075.042806 18984786.555224 17772318.190598 49000 G14
3279416.421210 17514437.776484 20035674.763763 37000 G17
13757675.582001 18767683.442929 13060602.284701 25000 G19
483771.492711 26264181.300223 -2611358.709413 32000 G30
-15455699.503975 20045218.090272 -3513050.969493 36000 R10
-6223664.902434 20684246.772771 13558929.106938 49000 R11
8188883.612179 7563982.775558 22959606.579828 33000 R12
-12178324.029757 -3565385.900832 22149639.822133 0 R20
-4029889.279059 14111985.932619 20874464.605319 50000 R21
6737339.959357 23736035.621350 6474476.848592 44000 R22
-14727414.283757 39463311.073894 -1107838.937548 46000 C03
-5174484.970846 39003814.394943 -14648762.437199 35000 C06
-9515685.069170 26449144.483584 31525033.648508 47000 C07
-19022352.333985 31276225.322749 -21131526.343253 39000 C08
-310143.013948 41321651.065263 -5824855.038352 0 C09
-572331.556990 28362609.921282 31606743.353506 36000 C10
-14508349.563266 31938320.533798 -23406123.549972 44000 C13
-5407557.642607 38527937.604771 -15475945.677775 0 C16
time 2025/01/17 09:54:24.000
-7416849.085845 21379235.430990 -12996709.856698 47000 G07
-5187055.052454 18986973.054532 17768764.042545 49000 G14
3274976.963623 17512300.839697 20038363.701428 36000 G17
13754625.413243 18766300.394889 13065660.860728 27000 G19
482942.009778 26263546.354170 -2617582.861687 31000 G30
-15454917.783145 20044590.876376 -3520079.090695 35000 R10
-6225530.088280 20687466.787643 13553154.255765 49000 R11
8185353.679686 7569172.820122 22959157.115615 31000 R12
-12180765.122652 -3570940.495185 22147409.182645 0 R20
-4032073.291593 14106696.511911 20877614.185283 50000 R21
6736938.665341 23734287.739097 6481332.285782 44000 R22
-14727422.909571 39463308.622646 -1107711.851393 46000 C03
-5172391.082025 39002392.401020 -14653288.377506 34000 C06
-9517718.422851 26448852.358389 31524637.051980 46000 C07
-19022003.256118 31279449.717588 -21127089.565749 39000 C08
-307749.137262 41320916.400159 -5829834.988864 0 C09
-574219.432201 28361882.871024 31607305.342825 36000 C10
-14508239.414665 31941368.463822 -23402092.525170 44000 C13
-5405456.664198 38526390.644640 -15480475.832273 0 C16
time 2025/01/17 09:54:25.000
-7417301.726332 21377510.077989 -12999231.787531 47000 G07
-5189044.693185 18988066.282149 17766986.398657 49000 G14
3272756.925645 17511232.453532 20039707.548742 37000 G17
13753099.854464 18765608.763737 13068189.737600 28000 G19
482527.186961 26263228.327675 -2620694.852745 31000 G30
-15454526.560888 20044276.625535 -3523593.025183 35000 R10
-6226462.154303 20689076.418425 13550266.341546 49000 R11
8183589.052159 7571768.016757 22958931.557932 31000 R12
-12181985.936097 -3573717.425515 22146293.066886 0 R20
-4033165.763551 14104051.645476 20879188.224018 50000 R21
6736737.638138 23733413.176231 6484759.770894 44000 R22
-14727427.222504 39463307.397336 -1107648.299463 46000 C03
-5171344.292638 39001681.171023 -14655551.229265 34000 C06
-9518735.132016 26448706.519305 31524438.503552 46000 C07
-19021828.365608 31281061.878638 -21124871.009698 39000 C08
-306552.279222 41320548.795401 -5832324.916162 0 C09
-575163.449411 28361519.557279 31607586.090788 36000 C10
-14508184.007029 31942892.416887 -23400076.826184 44000 C13
-5404406.343304 38525616.928275 -15482740.783432 0 C16
time 2025/01/17 09:54:26.000
-7417754.491546 21375784.425209 -13001753.426751 47000 G07
-5191034.091150 18989159.495003 17765208.374909 49000 G14
3270536.681594 17510164.122246 20041050.981680 37000 G17
13751573.979453 18764917.061245 13070718.340275 29000 G19
482112.309844 26262909.932213 -2623806.787030 31000 G30
-15454135.097498 20043961.945394 -3527106.875487 35000 R10
-6227393.869085 20690685.797996 13547378.101664 49000 R11
8181824.650511 7574363.329517 22958705.449871 31000 R12
-12183206.927464 -3576494.111178 22145176.420485 0 R20
-4034258.545961 14101406.675110 20880761.761873 49000 R21
6736536.357396 23732538.198945 6488187.100237 44000 R22
-14727431.535453 39463306.172236 -1107584.741631 46000 C03
-5170297.606630 39000969.785687 -14657814.002080 34000 C06
-9519751.862700 26448560.829235 31524239.788349 46000 C07
-19021653.240719 31282674.015393 -21122652.342134 39000 C08
-305355.474754 41320181.009183 -5834814.811465 0 C09
-576107.519658 28361156.384469 31607866.674282 36000 C10
-14508128.377171 31944416.361945 -23398061.002821 44000 C13
-5403356.134646 38524843.054397 -15485005.650516 0 C16
time 2025/01/17 09:54:28.000
-7418660.396299 21372332.220498 -13006795.830115 47000 G07
-5195012.158662 18991345.876211 17761651.187980 49000 G14
3266095.575447 17508027.624506 20043736.604321 37000 G17
13748521.280758 18763533.442454 13075774.722863 30000 G19
481282.392534 26262272.034450 -2630030.484891 31000 G30
-15453351.447594 20043331.297092 -3534134.323198 34000 R10
-6229256.245008 20693903.803185 13541600.645178 49000 R11
8178296.525051 7579554.303095 22958251.582641 30000 R12
-12185649.443737 -3582046.748215 22142941.535857 0 R20
-4036445.042123 14096116.422966 20883907.334791 49000 R21
6736133.035072 23730787.001320 6495041.291301 44000 R22
-14727440.161402 39463303.722662 -1107457.608267 46000 C03
-5168204.544837 38999546.549058 -14662339.310836 34000 C06
-9521785.388548 26448269.896145 31523841.857621 46000 C07
-19021302.287818 31285898.215880 -21118214.672518 39000 C08
-302962.026628 41319444.892391 -5839794.506066 0 C09
-577995.819201 28360430.461674 31608427.347863 37000 C10
-14508016.450795 31947464.227918 -23394028.983003 44000 C13
-5401256.054141 38523294.834176 -15489535.132391 0 C16
time 2025/01/17 09:54:29.000
-14524475.657809 5263727.337043 22040626.817762 36000 G02
-7419113.535908 21370605.668658 -13009316.594144 47000 G07
-5197000.828152 18992439.044458 17759872.024871 49000 G14
3263874.713434 17506959.458148 20045078.793972 37000 G17
13746994.457099 18762841.526265 13078302.502668 30000 G19
480867.352245 26261952.532170 -2633142.248351 29000 G30
-15452959.261219 20043015.328872 -3537647.920447 34000 R10
-6230186.906187 20695512.428641 13538711.428710 49000 R11
8176532.801331 7582149.963760 22958023.823480 30000 R12
-12186870.968524 -3584822.699426 22141823.297687 0 R20
-4037538.755866 14093471.141372 20885479.369781 49000 R21
6735930.993375 23729910.781088 6498468.152867 44000 R22
-14727444.474401 39463302.498189 -1107394.032734 45000 C03
-5167158.169097 38998834.697795 -14664601.846755 34000 C06
-9522802.183668 26448124.653132 31523642.642098 46000 C07
-19021126.459814 31287510.279548 -21115995.670484 39000 C08
-301765.383026 41319076.561834 -5842284.305329 0 C09
-578940.048455 28360067.711706 31608707.437947 37000 C10
-14507960.154278 31948988.148771 -23392012.786567 44000 C13
-5400206.182336 38522520.487863 -15491799.747166 0 C16
time 2025/01/17 09:54:30.000
-7419566.800388 21368878.817219 -13011837.066336 47000 G07
-5198989.254761 18993532.197730 17758092.482045 49000 G14
3261653.645513 17505891.346858 20046420.569145 37000 G17
13745467.317252 18762149.538956 13080830.008070 30000 G19
480452.257466 26261632.660973 -2636253.954769 30000 G30
-15452566.833990 20042698.931235 -3541161.433176 33000 R10
-6231117.216204 20697120.802565 13535821.886849 49000 R11
8174769.303684 7584745.740235 22957795.513964 30000 R12
-12188092.671009 -3587598.405682 22140704.528974 0 R20
-4038632.780044 14090825.756220 20887050.903744 49000 R21
6735728.697913 23729034.146647 6501894.858345 43000 R22
-14727448.787418 39463301.273925 -1107330.451302 45000 C03
-5166111.896824 38998122.691253 -14666864.303685 34000 C06
-9523819.000224 26447979.559144 31523443.259804 46000 C07
-19020950.397443 31289122.318793 -21113776.556973 39000 C08
-300568.793100 41318708.049845 -5844774.072550 0 C09
-579884.330668 28359705.102700 31608987.363556 37000 C10
-14507903.635545 31950512.061492 -23389996.465792 44000 C13
-5399156.422860 38521745.984103 -15494064.277817 0 C16
time 2025/01/17 09:54:31.000
-14525493.276811 5258443.694832 22041308.316911 35000 G02
-7420020.189772 21367151.666239 -13014357.246617 46000 G07
-5200977.438449 18994625.335968 17756312.559550 49000 G14
3259432.371744 17504823.290694 20047761.929804 37000 G17
13743939.861231 18761457.480583 13083357.239011 29000 G19
480037.108157 26261312.420873 -2639365.604040 30000 G30
-15452174.165977 20042382.104152 -3544674.861290 33000 R10
-6232047.175075 20698728.924867 13532932.019678 49000 R11
8173006.032161 7587341.632434 22957566.654098 30000 R12
-12189314.551121 -3590373.866878 22139585.229756 0 R20
-4039727.114646 14088180.267617 20888621.936633 49000 R21
6735526.148630 23728157.098055 6505321.407639 43000 R22
-14727453.100451 39463300.049871 -1107266.863970 45000 C03
-5165065.728049 38997410.529452 -14669126.681599 34000 C06
-9524835.838190 26447834.614184 31523243.710739 46000 C07
-19020774.100712 31290734.333568 -21111557.332015 39000 C08
-299372.256877 41318339.356432 -5847263.807713 0 C09
-580828.665819 28359342.634666 31609267.124689 37000 C10
-14507846.894597 31952035.966042 -23387980.020699 44000 C13
-5398106.775743 38520971.322918 -15496328.724315 0 C16
time 2025/01/17 09:54:32.000
-14526002.334816 5255801.865780 22041648.390669 36000 G02
-7420473.704096 21365424.215756 -13016877.134939 46000 G07
-5202965.379192 18995718.459122 17754532.257416 49000 G14
3257210.892152 17503755.289695 20049102.875933 37000 G17
13742412.089027 18760765.351192 13085884.195472 28000 G19
479621.904272 26260991.811886 -2642477.196073 28000 G30
-15451781.257250 20042064.847593 -3548188.204713 33000 R10
-6232976.782822 20700336.795473 13530041.827254 49000 R11
8171242.986814 7589937.640276 22957337.243887 28000 R12
-12190536.608803 -3593149.082940 22138465.400058 0 R20
-4040821.759672 14085534.675649 20890192.468417 49000 R21
6735323.345469 23727279.635361 6508747.800684 43000 R22
-14727457.413500 39463298.826025 -1107203.270738 45000 C03
-5164019.662784 38996698.212400 -14671388.980507 34000 C06
-9525852.697549 26447689.818256 31523043.994905 46000 C07
-19020597.569622 31292346.323850 -21109337.995607 39000 C08
-298175.774387 41317970.481605 -5849753.510798 0 C09
-581773.053891 28358980.307608 31609546.721346 37000 C10
-14507789.931434 31953559.862394 -23385963.451293 43000 C13
-5397057.240999 38520196.504317 -15498593.086669 0 C16
time 2025/01/17 09:54:33.000
-14526511.558502 5253160.031423 22041988.013887 36000 G02
-7420927.343396 21363696.465810 -13019396.731254 44000 G07
-5204953.076969 18996811.567142 17752751.575672 49000 G14
3254989.206733 17502687.343885 20050443.407534 39000 G17
13740884.000473 18760073.150756 13088410.877698 33000 G19
479206.645738 26260670.834003 -2645588.730997 35000 G30
-15451388.107884 20041747.161534 -3551701.463313 36000 R10
-6233906.039462 20701944.414296 13527151.309655 51000 R11
8169480.167676 7592533.763704 22957107.283335 35000 R12
-4041916.715113 14082888.980415 20891762.499056 49000 R21
6735120.288371 23726401.758611 6512174.037426 48000 R22
-14727461.726566 39463297.602389 -1107139.671608 45000 C03
-5162973.701051 38995985.740113 -14673651.200396 34000 C06
-9526869.578277 26447545.171362 31522844.112302 48000 C07
-19020420.804179 31293958.289601 -21107118.547764 37000 C08
-296979.345650 41317601.425368 -5852243.181806 0 C09
-582717.494827 28358618.121549 31609826.153513 0 C10
-14507732.746059 31955083.750516 -23383946.757582 41000 C13
-5396007.818528 38519421.528226 -15500857.365130 39000 C16
time 2025/01/17 09:54:35.000
-14527530.502790 5247876.347577 22042665.908618 35000 G02
-7421834.997062 21360240.067753 -13024435.047578 47000 G07
-5208927.743455 18998997.737538 17749189.073554 49000 G14
3250545.218904 17500551.618183 20053123.226853 37000 G17
13737826.875562 18758688.537517 13093463.417245 23000 G19
478375.964655 26260027.771689 -2651811.628372 32000 G30
-15450601.087480 20041110.500767 -3558727.726028 33000 R10
-6235763.499510 20705158.896290 13521369.299173 49000 R11
8165955.208321 7597726.356845 22956645.711242 31000 R12
-12194203.846715 -3601473.259609 22135102.728334 0 R20
-4044107.557230 14077597.280506 20894901.056756 49000 R21
6734713.412153 23724644.763222 6519026.041435 42000 R22
-14727470.352748 39463295.155744 -1107012.455653 46000 C03
-5160882.088305 38994560.329912 -14678175.403005 35000 C06
-9528903.403754 26447256.324689 31522443.846794 46000 C07
-19020066.570244 31297182.147367 -21102679.317835 39000 C08
-294586.649546 41316862.768695 -5857222.427526 0 C09
-584606.535412 28357894.172378 31610384.524433 37000 C10
-14507617.708674 31958131.501940 -23379912.997299 43000 C13
-5393909.311109 38517871.104089 -15505385.669009 33000 C16
time 2025/01/17 09:54:36.000
-14528040.223413 5245234.498047 22043004.180142 35000 G02
-7422289.011499 21358511.419728 -13026953.767483 46000 G07
-5210914.712116 19000090.799813 17747407.253241 49000 G14
3248322.916479 17499483.838338 20054462.514580 37000 G17
477960.541976 26259705.687256 -2654922.990949 32000 G30
-15450207.216595 20040791.526014 -3562240.729851 34000 R10
-6236691.702951 20706765.759289 13518477.806446 49000 R11
8164193.068169 7600322.826447 22956414.099709 32000 R12
-12195426.614104 -3604247.494382 22133980.776980 0 R20
-4045203.443889 14074951.276032 20896469.583735 49000 R21
6734509.592915 23723765.644666 6522451.808629 41000 R22
-14727474.665864 39463293.932735 -1106948.838829 45000 C03
-5159836.437325 38993847.392021 -14680437.385727 34000 C06
-9529920.348458 26447112.124916 31522243.463891 46000 C07
-19019889.101760 31298794.039314 -21100459.535771 39000 C08
-293390.382235 41316493.168276 -5859712.002203 0 C09
-585551.134953 28357532.409307 31610663.463162 37000 C10
-14507559.856667 31959655.365177 -23377895.930746 43000 C13
-5392860.226102 38517095.655999 -15507649.694630 34000 C16
time 2025/01/17 09:54:38.000
-14529060.161573 5239950.784189 22043679.371470 35000 G02
-7423197.415758 21355053.225916 -13031990.330487 47000 G07
-5214887.920118 19002276.878243 17743842.474303 50000 G14
3243877.694845 17497348.444911 20057139.846023 38000 G17
477129.532127 26259060.411912 -2661145.543412 31000 G30
-15449418.753803 20040152.287614 -3569266.482087 33000 R10
-6238547.056767 20709978.728886 13512693.846359 49000 R11
8160669.467186 7605516.111278 22955949.225697 34000 R12
-12197872.680671 -3609795.227315 22131735.283253 0 R20
-4047396.148387 14069658.958512 20899605.133769 49000 R21
6734101.191902 23722006.166120 6529302.872912 41000 R22
-14727483.292145 39463291.487344 -1106821.587488 45000 C03
-5157745.446273 38992421.050739 -14684961.113924 34000 C06
-9531954.301690 26446824.172511 31521842.197793 46000 C07
-19019533.461778 31302017.749167 -21096019.637504 38000 C08
-290998.009239 41315753.423313 -5864691.055106 0 C09
-587440.492462 28356809.306217 31611220.847160 37000 C10
-14507443.486032 31962703.066534 -23373861.424885 43000 C13
-5390762.393588 38515544.287842 -15512177.493209 34000 C16
time 2025/01/17 09:54:39.000
-14529570.379099 5237308.919980 22044016.291265 35000 G02
-7423651.805651 21353323.680222 -13034508.173472 47000 G07
-5216874.159399 19003369.894291 17742059.515752 50000 G14
3241654.775740 17496280.831433 20058477.889676 37000 G17
476713.944862 26258737.221027 -2664256.733160 33000 G30
-15449024.162036 20039832.023910 -3572779.230322 33000 R10
-6239474.207180 20711584.835321 13509801.379141 49000 R11
8158908.006460 7608112.926336 22955715.963232 36000 R12
-12199095.979728 -3612568.725309 22130611.740938 0 R20
-4048492.966214 14067012.645656 20901172.156748 49000 R21
6733896.610014 23721125.806234 6532728.169853 39000 R22
-14727487.605309 39463290.264962 -1106757.952973 45000 C03
-5156700.106249 38991707.647380 -14687222.859369 35000 C06
-9532971.310174 26446680.419886 31521641.314598 46000 C07
-19019355.290286 31303629.567005 -21093799.521324 39000 C08
-289801.903604 41315383.278782 -5867180.533312 0 C09
-588385.250388 28356447.966214 31611499.292426 37000 C10
-14507384.967406 31964226.904591 -23371843.985596 44000 C13
-5389713.646132 38514768.367811 -15514441.266135 34000 C16
time 2025/01/17 09:54:40.000
-14530080.762247 5234667.051015 22044352.760474 35000 G02
-7424106.320766 21351593.835397 -13037025.724035 47000 G07
-5218860.155494 19004462.894821 17740276.177862 50000 G14
3239431.651158 17495213.273506 20059815.518587 36000 G17
476298.302644 26258413.661350 -2667367.865150 33000 G30
-15448629.330115 20039511.330498 -3576291.893192 33000 R10
-6240401.006622 20713190.689406 13506908.587230 49000 R11
8157146.772306 7610709.856386 22955482.150466 37000 R12
-12200319.455885 -3615341.977545 22129487.668362 0 R20
-4049590.094419 14064366.230196 20902738.678317 49000 R21
6733691.773797 23720245.032681 6536153.309867 38000 R22
-14727491.918490 39463289.042789 -1106694.312561 45000 C03
-5155654.869920 38990994.088894 -14689484.525704 35000 C06
-9533988.339874 26446536.816317 31521440.264643 46000 C07
-19019176.884467 31305241.360069 -21091579.293800 38000 C08
-288605.851913 41315012.952896 -5869669.979333 0 C09
-589330.061071 28356086.767249 31611777.573201 37000 C10
-14507326.226576 31965750.734192 -23369826.422080 44000 C13
-5388665.011236 38513992.290497 -15516704.954812 34000 C16
time 2025/01/17 09:54:41.000
-14530591.311009 5232025.177361 22044688.779090 35000 G02
-7424560.961139 21349863.691490 -13039542.982119 47000 G07
-5220845.908372 19005555.879781 17738492.460672 49000 G14
3237208.321137 17494145.771175 20061152.732732 36000 G17
475882.605422 26258089.732892 -2670478.939333 34000 G30
-15448234.258110 20039190.207348 -3579804.470622 33000 R10
-6241327.455114 20714796.291059 13504015.470697 49000 R11
8155385.764772 7613306.901348 22955247.787406 37000 R12
-12201543.109091 -3618114.983963 22128363.065545 0 R20
-4050687.532995 14061719.712226 20904304.698439 49000 R21
6733486.683194 23719363.845514 6539578.292878 37000 R22
-14727496.231688 39463287.820825 -1106630.666253 46000 C03
-5154609.737311 38990280.375297 -14691746.112910 35000 C06
-9535005.390769 26446393.361806 31521239.047926 46000 C07
-19018998.244322 31306853.128329 -21089358.954936 39000 C08
-287409.854191 41314642.445662 -5872159.393161 0 C09
-590274.924486 28355725.709328 31612055.689483 37000 C10
-14507267.263544 31967274.555301 -23367808.734353 44000 C13
-5387616.488922 38513216.055916 -15518968.559229 33000 C16
time 2025/01/17 09:54:44.000
-14532123.950936 5224099.528872 22045694.131337 35000 G02
-7425925.634152 21344671.465744 -13047093.000897 47000 G07
-5226801.707393 19008834.740686 17733139.033683 50000 G14
3230537.098926 17490943.598265 20065161.886278 37000 G17
474635.183273 26257115.734960 -2679811.814306 35000 G30
-15447047.602294 20038224.259188 -3590341.689354 31000 R10
-6244104.695068 20719611.580602 13495334.174081 49000 R11
8150104.102431 7621098.724837 22954541.396523 40000 R12
-12205215.130385 -3626432.527441 22124986.075951 0 R20
-4053981.710895 14053779.544224 20908999.749735 48000 R21
6732869.884508 23716717.802872 6549852.299056 38000 R22
-14727509.171378 39463284.156187 -1106439.691957 45000 C03
-5151474.962038 38988138.304002 -14698530.399620 34000 C06
-9538056.670392 26445963.892653 31520634.397221 46000 C07
-19018460.917975 31311688.283927 -21082697.270454 38000 C08
-283822.185121 41313529.835945 -5879627.441315 0 C09
-593109.830922 28354643.381915 31612889.051351 37000 C10
-14507089.041247 31971845.967359 -23361754.926012 44000 C13
-5384471.597727 38510886.408750 -15525758.866744 34000 C16
time 2025/01/17 09:54:45.000
-14532635.162106 5221457.637075 22046028.347537 35000 G02
-7426380.775909 21342940.125967 -13049609.088487 47000 G07
-5228786.487104 19009927.662821 17731353.799665 50000 G14
3228312.947613 17489876.318815 20066497.441077 36000 G17
474219.265571 26256790.331504 -2682922.656560 35000 G30
-15446651.570656 20037901.416801 -3593853.924138 31000 R10
-6245029.739948 20721216.171712 13492439.759758 49000 R11
8148344.001894 7623696.228608 22954304.832346 41000 R12
-12206439.491182 -3629204.549759 22123859.352460 0 R20
-4055080.390906 14051132.617161 20910563.763693 48000 R21
6732663.775799 23715834.961790 6553276.653228 38000 R22
-14727513.484640 39463282.935059 -1106376.022068 45000 C03
-5150430.244534 38987423.970115 -14700791.670194 33000 C06
-9539073.805847 26445821.034405 31520432.513470 46000 C07
-19018281.340566 31313299.952628 -21080476.486357 39000 C08
-282626.403547 41313158.603393 -5882116.726223 0 C09
-594054.905068 28354282.888250 31613166.509644 37000 C10
-14507029.189419 31973369.754187 -23359736.741541 44000 C13
-5383423.525982 38510109.545270 -15528022.133978 35000 C16
time 2025/01/17 09:54:46.000
-14533146.538862 5218815.740910 22046362.113119 35000 G02
-7426836.043097 21341208.487345 -13052124.883300 47000 G07
-5230771.023441 19011020.569111 17729568.186540 50000 G14
3226088.591087 17488809.095206 20067832.580974 35000 G17
473803.292633 26256464.559331 -2686033.440646 36000 G30
-15446255.299284 20037578.144533 -3597366.073054 31000 R10
-6245954.433970 20722820.509978 13489545.021171 49000 R11
8146584.128234 7626293.846871 22954067.717904 41000 R12
-12207664.028730 -3631976.325858 22122732.098868 0 R20
-4056179.381254 14048485.588077 20912127.276007 48000 R21
6732457.412422 23714951.707366 6556700.849975 39000 R22
-14727517.797919 39463281.714140 -1106312.346285 45000 C03
-5149385.630870 38986709.481197 -14703052.861566 33000 C06
-9540090.962381 26445678.325232 31520230.462964 46000 C07
-19018101.528852 31314911.596343 -21078255.590995 39000 C08
-281430.676087 41312787.189533 -5884605.978843 0 C09
-595000.031838 28353922.535669 31613443.803434 37000 C10
-14506969.115395 31974893.532357 -23357718.432919 44000 C13
-5382375.566944 38509332.524612 -15530285.316866 34000 C16
time 2025/01/17 09:54:47.000
-14533658.081201 5216173.840431 22046695.428081 34000 G02
-7427291.435756 21339476.549913 -13054640.385295 47000 G07
-5232755.316389 19012113.459509 17727782.194333 50000 G14
3223864.029371 17487741.927478 20069167.305953 36000 G17
473387.264408 26256138.418451 -2689144.166525 36000 G30
-15445858.788249 20037254.442354 -3600878.136015 33000 R10
-6246878.777161 20724424.595329 13486649.958370 49000 R11
8144824.481490 7628891.579562 22953830.053201 41000 R12
-12208888.742973 -3634747.855665 22121604.315201 0 R20
-4057278.681945 14045838.457040 20913690.286655 48000 R21
6732250.794322 23714068.039650 6560124.889233 40000 R22
-14727522.111213 39463280.493429 -1106248.664608 45000 C03
-5148341.121057 38985994.837256 -14705313.973748 34000 C06
-9541108.139983 26445535.765133 31520028.245702 46000 C07
-19017921.482835 31316523.215051 -21076034.584364 39000 C08
-280235.002748 41312415.594367 -5887095.199206 0 C09
-595945.211227 28353562.324175 31613720.932723 38000 C10
-14506908.819177 31976417.301849 -23355700.000143 44000 C13
-5381327.720628 38508555.346786 -15532548.415419 34000 C16
time 2025/01/17 09:54:48.000
-14534169.789117 5213531.935700 22047028.292418 36000 G02
-7427746.953920 21337744.313724 -13057155.594408 47000 G07
-5234739.365914 19013206.333961 17725995.823084 50000 G14
3221639.262519 17486674.815682 20070501.615981 36000 G17
472971.180853 26255811.908877 -2692254.834116 36000 G30
-15445462.037621 20036930.310235 -3604390.112942 33000 R10
-6247802.769538 20726028.427679 13483754.571432 49000 R11
8143065.061714 7631489.426593 22953591.838245 42000 R12
-12210113.633857 -3637519.139117 22120476.001480 0 R20
-4058378.292970 14043191.224154 20915252.795594 48000 R21
6732043.921441 23713183.958696 6563548.770917 42000 R22
-14727526.424523 39463279.272928 -1106184.977037 45000 C03
-5147296.715125 38985280.038313 -14707575.006712 34000 C06
-9542125.338629 26445393.354114 31519825.861686 46000 C07
-19017741.202518 31318134.808719 -21073813.466474 39000 C08
-279039.383563 41312043.817905 -5889584.387282 0 C09
-596890.443206 28353202.253778 31613997.897507 37000 C10
-14506848.300765 31977941.062628 -23353681.443226 44000 C13
-5380279.987052 38507778.011805 -15534811.429632 34000 C16
time 2025/01/17 09:54:49.000
-14534681.662602 5210890.026789 22047360.706123 36000 G02
-7428202.597622 21336011.778823 -13059670.510580 47000 G07
-5236723.171977 19014299.192407 17724209.072839 50000 G14
3219414.290583 17485607.759871 20071835.511028 36000 G17
472555.041921 26255485.030623 -2695365.443339 37000 G30
-15445065.047470 20036605.748148 -3607902.003748 33000 R10
-6248726.411118 20727632.006944 13480858.860434 49000 R11
8141305.868972 7634087.387861 22953353.073042 42000 R12
-12211338.701313 -3640290.176111 22119347.157743 0 R20
-4059478.214320 14040543.889522 20916814.802781 48000 R21
6731836.793724 23712299.464562 6566972.494932 43000 R22
-14727530.737850 39463278.052635 -1106121.283574 45000 C03
-5146252.413095 38984565.084381 -14709835.960447 34000 C06
-9543142.558292 26445251.092178 31519623.310916 47000 C07
-19017560.687906 31319746.377302 -21071592.237351 39000 C08
-277843.818574 41311671.860158 -5892073.543026 0 C09
-597835.727752 28352842.324487 31614274.697784 37000 C10
-14506787.560162 31979464.814657 -23351662.762187 44000 C13
-5379232.366251 38507000.519693 -15537074.359469 33000 C16
time 2025/01/17 09:54:50.000
-14535193.701648 5208248.113777 22047692.669190 35000 G02
-7428658.366900 21334278.945258 -13062185.133754 47000 G07
-5238706.734555 19015392.034796 17722421.943628 50000 G14
3217189.113597 17484540.760089 20073168.991072 36000 G17
472138.847562 26255157.783700 -2698475.994146 37000 G30
-15444667.817867 20036280.756065 -3611413.808343 33000 R10
-6249649.701922 20729235.333044 13477962.825441 49000 R11
8139546.903296 7636685.463307 22953113.757597 43000 R12
-12212563.945285 -3643060.966575 22118217.784015 0 R20
-4060578.445991 14037896.453232 20918376.308183 48000 R21
6731629.411114 23711414.557298 6570396.061211 44000 R22
-14727535.051192 39463276.832552 -1106057.584217 45000 C03
-5145208.214986 38983849.975473 -14712096.834953 34000 C06
-9544159.798953 26445108.979326 31519420.593395 46000 C07
-19017379.939002 31321357.920774 -21069370.896995 38000 C08
-276648.307785 41311299.721129 -5894562.666472 0 C09
-598781.064845 28352482.536309 31614551.333552 37000 C10
-14506726.597369 31980988.557904 -23349643.957035 43000 C13
-5378184.858240 38506222.870463 -15539337.204931 33000 C16
time 2025/01/17 09:54:53.000
-14536730.812113 5200322.350671 22048685.854527 35000 G02
-7430026.428535 21329078.653027 -13069727.244729 46000 G07
-5244655.961085 19018670.465086 17717058.282582 50000 G14
3210512.352766 17481340.097394 20077166.940928 35000 G17
470889.931464 26254173.831044 -2707807.295358 37000 G30
-15443474.693038 20035303.199540 -3621948.704102 35000 R10
-6252417.469878 20734043.791552 13469272.777174 49000 R11
8134271.369173 7644480.373891 22952392.509864 43000 R12
-12216240.735716 -3651371.858038 22114826.483146 0 R20
-4063881.002874 14029953.535366 20923057.813299 48000 R21
6731005.733363 23708757.357268 6580665.812799 45000 R22
-14727547.991315 39463273.173553 -1105866.450791 45000 C03
-5142076.244433 38981703.719062 -14718878.982913 34000 C06
-9547211.646712 26444683.535312 31518811.440325 46000 C07
-19016836.286576 31326192.400181 -21062706.208661 39000 C08
-273062.100964 41310182.216438 -5902029.842716 0 C09
-601617.391222 28351404.018517 31615380.253791 38000 C10
-14506542.375861 31985559.734647 -23343586.796992 43000 C13
-5375043.011189 38503888.980226 -15546125.234939 33000 C16
time 2025/01/17 09:54:54.000
-14537243.513370 5197680.421761 22049016.015010 38000 G02
-7430482.700465 21327344.625264 -13072240.695341 44000 G07
-5246638.549435 19019763.242715 17715269.637878 49000 G14
3208286.355971 17480273.322188 20078498.760723 37000 G17
13708721.136143 18745520.651218 13141407.677622 34000 G19
470473.514922 26253845.109561 -2710917.611893 42000 G30
-15443076.506321 20034976.487177 -3625460.163076 36000 R10
-6253339.357779 20735646.104188 13466375.446884 51000 R11
8132513.312123 7647078.905437 22952150.993487 39000 R12
-4064982.475778 14027305.693378 20924617.311192 50000 R21
6730797.330618 23707870.798029 6584088.747294 42000 R22
-14727552.304720 39463271.954304 -1105802.727866 45000 C03
-5141032.462242 38980987.990409 -14721139.540356 32000 C06
-9548228.971150 26444542.018830 31518608.055804 48000 C07
-19016654.600542 31327803.842867 -21060484.423498 36000 C08
-271866.807298 41309809.352368 -5904518.836713 0 C09
-602562.938316 28351044.794857 31615656.231512 38000 C10
-14506480.524320 31987083.442454 -23341567.495485 39000 C13
-5373995.954588 38503110.702696 -15548387.742747 35000 C16
time 2025/01/17 09:54:55.000
-14537756.380132 5195038.489209 22049345.724813 34000 G02
-7430939.098146 21325610.299063 -13074753.852676 46000 G07
-5248620.894135 19020856.004008 17713480.614413 50000 G14
3206060.154415 17479206.603286 20079830.165341 33000 G17
470057.042744 26253516.019492 -2714027.869482 38000 G30
-15442678.080506 20034649.344676 -3628971.535398 34000 R10
-6254260.894999 20737248.163250 13463477.792954 49000 R11
8130755.482679 7649677.550323 22951908.926937 43000 R12
-12218692.810854 -3656911.218316 22112562.966428 0 R20
-4066084.258963 14024657.750236 20926176.307095 48000 R21
6730588.672699 23706983.825927 6587511.523653 45000 R22
-14727556.618142 39463270.735265 -1105738.999049 45000 C03
-5139988.784094 38980272.106861 -14723400.018489 33000 C06
-9549246.316479 26444400.651448 31518404.504534 46000 C07
-19016472.680234 31329415.260267 -21058262.527168 39000 C08
-270671.567953 41309436.307048 -5907007.798371 0 C09
-603508.537848 28350685.712350 31615932.044714 38000 C10
-14506418.450596 31988607.141322 -23339548.069916 44000 C13
-5372949.010873 38502332.268114 -15550650.166162 34000 C16
time 2025/01/17 09:54:57.000
-14538782.610263 5189754.612832 22050003.792437 34000 G02
-7431852.270902 21322140.751547 -13079779.287269 46000 G07
-5252584.852534 19023041.477411 17709901.431281 51000 G14
3201607.136899 17477073.334443 20082491.729114 32000 G17
469223.931193 26252856.733563 -2720248.208310 38000 G30
-15441880.511849 20033993.769135 -3635994.019837 36000 R10
-6256102.917491 20740451.520346 13457681.514413 49000 R11
8127240.505650 7654875.181495 22951423.143181 43000 R12
-12221145.590649 -3662449.590627 22110297.330396 0 R20
-4068288.756204 14019361.560738 20929292.792854 48000 R21
6730170.591113 23705208.643367 6594356.601576 46000 R22
-14727565.245032 39463268.297811 -1105611.523743 45000 C03
-5137901.740002 38978839.875134 -14727920.736807 34000 C06
-9551281.069718 26444118.363996 31517996.901757 46000 C07
-19016108.136813 31332638.019090 -21053818.401033 39000 C08
-268281.252423 41308689.672718 -5911985.624415 0 C09
-605399.894182 28349967.970808 31616483.177564 38000 C10
-14506293.636604 31991654.512107 -23335508.846637 44000 C13
-5370855.462272 38500774.927920 -15555174.759590 33000 C16
time 2025/01/17 09:54:59.000
-14539809.502475 5184470.721972 22050660.057370 39000 G02
-7432765.947085 21318670.010852 -13084803.548043 44000 G07
-5256547.836052 19025226.884866 17706320.733478 50000 G14
3197153.300506 17474940.291223 20085151.632073 36000 G17
13701042.775025 18742051.218372 13154008.058247 37000 G19
468390.596425 26252195.973351 -2726468.311381 43000 G30
-15441081.987619 20033336.472680 -3643016.156845 36000 R10
-6257943.537514 20743653.862195 13451883.942100 51000 R11
8123726.438293 7660073.267031 22950935.158618 39000 R12
-4070494.494546 14014064.967631 20932407.270276 50000 R21
6729751.488156 23703431.810026 6601201.045897 44000 R22
-14727573.871984 39463265.861192 -1105484.024876 45000 C03
-5135815.112326 38977407.023995 -14732441.137797 31000 C06
-9553315.906258 26443836.672977 31517588.632000 48000 C07
-19015742.656344 31335860.676376 -21049373.830352 37000 C08
-265891.154601 41307942.313513 -5916963.320712 0 C09
-607291.460058 28349250.793950 31617033.652328 38000 C10
-14506167.933894 31994701.846745 -23331469.127242 40000 C13
-5368762.365585 38499216.959785 -15559699.015098 33000 C16
time 2025/01/17 09:55:01.000
-14540837.056676 5179186.817372 22051314.519546 34000 G02
-7433680.126975 21315198.077351 -13089826.634542 46000 G07
-5260509.844426 19027412.225927 17702738.521328 51000 G14
3192698.645645 17472807.474039 20087809.873971 33000 G17
467557.038098 26251533.738982 -2732688.177896 37000 G30
-15440282.508390 20032677.455091 -3650037.945635 34000 R10
-6259782.755220 20746855.188133 13446085.076594 48000 R11
8120213.281532 7665271.805498 22950444.973366 42000 R12
-12226053.262350 -3673523.368935 22105759.701239 0 R20
-4072701.473936 14008767.971695 20935519.739049 49000 R21
6729331.363377 23701653.326324 6608044.856002 45000 R22
-14727582.498999 39463263.425408 -1105356.502450 45000 C03
-5133728.901250 38975973.553570 -14736961.221353 34000 C06
-9555350.825921 26443555.578417 31517179.695271 47000 C07
-19015376.238855 31339083.231857 -21044928.815214 39000 C08
-263501.274635 41307194.229476 -5921940.887285 0 C09
-609183.235313 28348534.181835 31617583.468992 37000 C10
-14506041.342480 31997749.144978 -23327428.911818 43000 C13
-5366669.720971 38497658.363824 -15564222.932636 31000 C16
time 2025/01/17 09:55:03.000
-14541865.272862 5173902.899311 22051967.178955 33000 G02
-7434594.810853 21311724.951417 -13094848.546304 46000 G07
-5264470.877444 19029597.500177 17699154.795108 51000 G14
3188243.172670 17470674.883277 20090466.454593 34000 G17
466723.255803 26250870.030530 -2738907.807578 37000 G30
-15439482.074714 20032016.716131 -3657059.385632 35000 R10
-6261620.570773 20750055.497524 13440284.918434 48000 R11
8116701.035222 7670470.797037 22949952.587401 41000 R12
-12228508.153317 -3679058.773699 22103487.708551 0 R20
-4074909.694335 14003470.573659 20938630.198888 50000 R21
6728910.216328 23699873.192701 6614888.031219 43000 R22
-14727591.126076 39463260.990458 -1105228.956468 46000 C03
-5131643.106965 38974539.463984 -14741480.987360 33000 C06
-9557385.828535 26443275.080338 31516770.091579 47000 C07
-19015008.884377 31342305.685255 -21040483.355719 39000 C08
-261111.612810 41306445.420688 -5926918.323877 0 C09
-611075.219793 28347818.134518 31618132.627546 36000 C10
-14505913.862371 32000796.406548 -23323388.200451 44000 C13
-5364577.528629 38496099.140178 -15568746.512074 32000 C16
time 2025/01/17 09:55:04.000
-14542379.629176 5171260.935439 22052292.832604 32000 G02
-7435052.341876 21309987.941405 -13097359.061515 47000 G07
-5266451.028117 19030690.112111 17697362.364318 51000 G14
3186015.129465 17469608.672908 20091794.121880 36000 G17
466306.280556 26250537.623559 -2742017.533394 37000 G30
-15439081.500136 20031685.701068 -3660569.974596 35000 R10
-6262538.952791 20751655.270808 13437384.354785 47000 R11
8114945.253686 7673070.462391 22949705.569175 40000 R12
-12229735.862362 -3681826.104689 22102350.917785 0 R20
-4076014.269897 14000821.724095 20940184.675363 49000 R21
6728699.259313 23698982.507313 6618309.380501 43000 R22
-14727595.439638 39463259.773296 -1105165.174645 45000 C03
-5130600.366167 38973822.187038 -14743740.751272 34000 C06
-9558403.360894 26443135.054987 31516565.039624 46000 C07
-19014824.855777 31343916.873585 -21038260.459371 39000 C08
-259916.863771 41306070.744533 -5929406.993387 0 C09
-612021.290430 28347460.322682 31618406.960024 37000 C10
-14505849.789060 32002320.023502 -23321367.658821 44000 C13
-5363531.602125 38495319.293020 -15571008.174961 32000 C16
time 2025/01/17 09:55:05.000
-14542894.150962 5168618.968429 22052618.035543 34000 G02
-7435509.999001 21308250.633424 -13099869.282870 46000 G07
-5268430.934860 19031782.707178 17695569.555125 51000 G14
3183786.881859 17468542.519288 20093121.373772 37000 G17
465889.249179 26250204.848108 -2745127.199772 36000 G30
-15438680.687159 20031354.255577 -3664080.476105 34000 R10
-6263456.984327 20753254.789706 13434483.468193 48000 R11
8113189.699950 7675670.240711 22949458.000794 39000 R12
-12230963.747044 -3684593.187997 22101213.597434 0 R20
-4077119.155693 13998172.774290 20941738.649491 48000 R21
6728488.046562 23698091.409607 6621730.570820 43000 R22
-14727599.753215 39463258.556342 -1105101.386934 45000 C03
-5129557.729632 38973104.755347 -14746000.435764 34000 C06
-9559420.913926 26442995.178764 31516359.820930 46000 C07
-19014640.592941 31345528.036292 -21036037.451970 40000 C08
-258722.169337 41305695.887210 -5931895.630382 0 C09
-612967.413310 28347102.652068 31618681.127969 38000 C10
-14505785.493580 32003843.631194 -23319346.993236 44000 C13
-5362485.788754 38494539.288987 -15573269.753291 32000 C16
time 2025/01/17 09:55:06.000
-14543408.838213 5165976.998348 22052942.787766 33000 G02
-7435967.782262 21306513.027528 -13102379.210303 47000 G07
-5270410.597638 19032875.285322 17693776.367571 51000 G14
3181558.429895 17467476.422464 20094448.210241 35000 G17
465472.161624 26249871.704189 -2748236.806658 36000 G30
-15438279.635853 20031022.379631 -3667590.890052 34000 R10
-6264374.665403 20754854.054140 13431582.258721 48000 R11
8111434.374071 7678270.131902 22949209.882265 39000 R12
-12232191.807299 -3687360.023535 22100075.747531 0 R20
-4078224.351713 13995523.724351 20943292.121231 48000 R21
6728276.578020 23697199.899640 6625151.602077 43000 R22
-14727604.066807 39463257.339597 -1105037.593335 46000 C03
-5128515.197385 38972387.168927 -14748260.040819 34000 C06
-9560438.487605 26442855.451674 31516154.435501 46000 C07
-19014456.095873 31347139.173341 -21033814.333527 39000 C08
-257527.529540 41305320.848728 -5934384.234836 0 C09
-613913.588407 28346745.122685 31618955.131379 39000 C10
-14505720.975932 32005367.229587 -23317326.203716 44000 C13
-5361440.088547 38493759.128102 -15575531.247039 32000 C16
time 2025/01/17 09:55:08.000
-14544438.709099 5160693.049169 22053590.940055 34000 G02
-7436883.727336 21303036.922157 -13107398.183200 47000 G07
-5274369.191195 19035060.390633 17690188.857519 51000 G14
3177100.913032 17465344.399378 20097100.636831 35000 G17
464637.817800 26249204.311001 -2754455.841619 36000 G30
-15437476.818532 20030357.336257 -3674611.454995 34000 R10
-6266208.976255 20758051.819294 13425778.871405 48000 R11
8107924.406070 7683470.252589 22948711.994785 38000 R12
-12234648.454306 -3692892.951026 22097798.459163 0 R20
-4080435.674409 13990225.324422 20946397.557405 49000 R21
6727852.873336 23695415.643136 6631993.187099 43000 R22
-14727612.694037 39463254.906733 -1104909.988477 46000 C03
-5126430.445850 38970951.531964 -14752779.012568 35000 C06
-9562473.696826 26442576.444901 31515743.164434 47000 C07
-19014086.399056 31350361.370331 -21029367.763568 40000 C08
-255138.413973 41304570.228323 -5939361.346047 0 C09
-615806.095191 28346030.487638 31619502.644587 40000 C10
-14505591.274139 32008414.398359 -23313284.252896 44000 C13
-5359349.027701 38492198.335829 -15580053.980773 32000 C16
time 2025/01/17 09:55:09.000
-14544953.892723 5158051.070191 22053914.340113 33000 G02
-7437341.889221 21301298.422768 -13109907.228562 47000 G07
-5276348.121920 19036152.917694 17688394.535090 51000 G14
3174871.848224 17464278.473214 20098426.226897 34000 G17
464220.561433 26248870.061754 -2757565.269593 36000 G30
-15437075.052658 20030024.168771 -3678121.605818 33000 R10
-6267125.606074 20759650.319855 13422876.693694 48000 R11
8106169.764077 7686070.481877 22948462.225850 37000 R12
-12235877.040944 -3695659.042835 22096659.020748 0 R20
-4081541.801078 13987575.974614 20947949.521772 49000 R21
6727640.637081 23694522.896706 6635413.740706 43000 R22
-14727617.007675 39463253.690614 -1104846.177217 45000 C03
-5125388.226602 38970233.481448 -14755038.379246 35000 C06
-9563491.332329 26442437.165223 31515537.278798 46000 C07
-19013901.199314 31351972.430207 -21027144.312069 40000 C08
-253943.938246 41304194.646411 -5941849.852799 0 C09
-616752.426838 28345673.381986 31619776.154383 39000 C10
-14505526.089997 32009937.968679 -23311263.091610 44000 C13
-5358303.667108 38491417.704474 -15582315.220731 32000 C16
time 2025/01/17 09:55:10.000
-14545469.241785 5155409.088408 22054237.289435 32000 G02
-7437800.177383 21299559.625650 -13112415.979770 47000 G07
-5278326.808564 19037245.427617 17686599.834449 51000 G14
3172642.579207 17463212.604027 20099751.401451 34000 G17
463803.248703 26248535.444091 -2760674.637785 37000 G30
-15436673.048737 20029690.570716 -3681631.668751 33000 R10
-6268041.885512 20761248.565626 13419974.193385 48000 R11
8104415.350145 7688670.823698 22948211.906792 36000 R12
-12237105.802917 -3698424.886560 22095519.052894 0 R20
-4082648.237946 13984926.525048 20949500.983600 49000 R21
6727428.144810 23693629.738232 6638834.134925 43000 R22
-14727621.321329 39463252.474703 -1104782.360072 46000 C03
-5124346.111729 38969515.276262 -14757297.666447 34000 C06
-9564508.988392 26442298.034690 31515331.226430 46000 C07
-19013715.765355 31353583.464290 -21024920.749575 39000 C08
-252749.517260 41303818.883370 -5944338.326962 0 C09
-617698.810621 28345316.417596 31620049.499637 39000 C10
-14505460.683692 32011461.529572 -23309241.806431 44000 C13
-5357258.419769 38490636.916331 -15584576.376061 33000 C16
time 2025/01/17 09:55:11.000
-14545984.756280 5152767.103891 22054559.788016 32000 G02
-7438258.591857 21297820.530843 -13114924.436780 47000 G07
-5280305.251099 19038337.920349 17684804.755632 51000 G14
3170413.106055 17462146.791878 20101076.160449 34000 G17
463385.879562 26248200.458025 -2763783.946137 37000 G30
-15436270.806837 20029356.542063 -3685141.643719 32000 R10
-6268957.814588 20762846.556527 13417071.370545 48000 R11
8102661.164323 7691271.277972 22947961.037617 34000 R12
-12238334.740175 -3701190.482145 22094378.555617 0 R20
-4083754.985011 13982276.975812 20951051.942858 49000 R21
6727215.396468 23692736.167766 6642254.369680 43000 R22
-14727625.634997 39463251.259000 -1104718.537041 45000 C03
-5123304.101257 38968796.916422 -14759556.874154 35000 C06
-9565526.664997 26442159.053303 31515125.007329 46000 C07
-19013530.097183 31355194.472545 -21022697.076100 39000 C08
-251555.151047 41303442.939210 -5946826.768508 0 C09
-618645.246523 28344959.594472 31620322.680347 39000 C10
-14505395.055228 32012985.081008 -23307220.397367 44000 C13
-5356213.285701 38489855.971412 -15586837.446765 31000 C16
time 2025/01/17 09:55:13.000
-14547016.281569 5147483.126761 22055203.432955 31000 G02
-7439175.799884 21294341.448351 -13119940.467971 46000 G07
-5284261.403729 19040522.854026 17681213.463612 50000 G14
3165953.547457 17460015.338855 20103724.431710 34000 G17
462550.971858 26247529.380731 -2770002.383040 37000 G30
-15435465.609386 20028687.192849 -3692161.329424 32000 R10
-6270788.621744 20766041.773398 13411264.757538 48000 R11
8099153.477196 7696472.523563 22947457.648938 32000 R12
-12240793.140294 -3706720.928555 22092095.972922 0 R20
-4085969.409708 13976977.578708 20954152.353512 48000 R21
6726789.131341 23690947.791079 6649094.360471 42000 R22
-14727634.262379 39463248.828221 -1104590.873322 45000 C03
-5121220.393601 38967359.732843 -14764075.051040 34000 C06
-9567562.079745 26441881.537980 31514712.068935 46000 C07
-19013158.058215 31358416.411440 -21018249.396244 39000 C08
-249166.583041 41302690.507561 -5951803.553711 0 C09
-620538.274606 28344246.372054 31620868.548132 39000 C10
-14505263.131823 32016032.155385 -23303177.207620 44000 C13
-5354123.357481 38488293.611320 -15591359.334214 30000 C16
time 2025/01/17 09:55:15.000
-14548048.468529 5142199.139380 22055845.274884 30000 G02
-7440093.513583 21290861.175663 -13124955.321681 46000 G07
-5288216.579576 19042707.718293 17677620.659332 51000 G14
3161493.172761 17457884.114522 20106371.040481 34000 G17
461715.837946 26246856.829973 -2776220.579773 37000 G30
-15434659.460867 20028016.120901 -3699180.662257 32000 R10
-6272618.027701 20769235.969824 13405456.855226 49000 R11
8095646.703078 7701674.218017 22946952.059862 32000 R12
-12243252.240834 -3712250.381457 22089811.272879 0 R20
-4088185.075118 13971677.784060 20957250.753435 48000 R21
6726361.841254 23689157.767079 6655933.712425 41000 R22
-14727642.889821 39463246.398275 -1104463.186063 45000 C03
-5119137.103817 38965921.930834 -14768592.909803 34000 C06
-9569597.576398 26441604.619277 31514298.463624 46000 C07
-19012785.082439 31361638.246617 -21013801.272600 39000 C08
-246778.234426 41301937.351519 -5956780.208333 0 C09
-622431.510918 28343533.714791 31621413.757724 39000 C10
-14505130.319794 32019079.191549 -23299133.522459 44000 C13
-5352033.882641 38486730.624338 -15595880.882957 29000 C16
time 2025/01/17 09:55:16.000
-14548564.810120 5139557.142001 22056165.519709 28000 G02
-7440552.560146 21289120.593113 -13127462.306835 46000 G07
-5290193.801133 19043800.124263 17675823.690187 51000 G14
3159262.679479 17456818.588230 20107693.721371 34000 G17
461298.186044 26246520.002078 -2779329.587911 37000 G30
-15434256.030132 20027679.938831 -3702690.196141 32000 R10
-6273532.205281 20770832.685167 13402552.420755 49000 R11
8093893.658523 7704275.233357 22946698.440190 33000 R12
-12244482.053615 -3715014.735152 22088668.128920 0 R20
-4089293.373076 13969027.737893 20958799.199280 48000 R21
6726147.811710 23688262.137473 6659353.148632 41000 R22
-14727647.203565 39463245.183614 -1104399.333608 45000 C03
-5118095.615681 38965202.797955 -14770851.719864 35000 C06
-9570615.355386 26441466.383665 31514091.410876 46000 C07
-19012598.243258 31363249.125228 -21011577.044384 40000 C08
-245584.142458 41301560.501871 -5959268.486637 0 C09
-623378.207110 28343177.598111 31621686.115693 39000 C10
-14505063.580549 32020602.695224 -23297111.494121 44000 C13
-5350989.315295 38485948.895804 -15598141.530286 31000 C16
time 2025/01/17 09:55:18.000
-14549597.989496 5134273.140186 22056804.657057 29000 G02
-7441471.032877 21285638.535834 -13132475.393460 46000 G07
-5294147.511365 19045984.883605 17672228.618077 51000 G14
3154801.081285 17454687.707647 20110337.836019 35000 G17
460462.712115 26245845.241316 -2785547.423385 37000 G30
-15433448.456069 20027006.282358 -3709708.998404 34000 R10
-6275359.509743 20774025.349707 13396742.585534 49000 R11
8090388.254658 7709477.599867 22946189.550609 35000 R12
-12246942.203900 -3720542.696637 22086380.253269 0 R20
-4091510.899464 13963727.348346 20961894.582551 48000 R21
6725718.983342 23686469.643322 6666191.541093 39000 R22
-14727655.831097 39463242.754918 -1104271.611045 45000 C03
-5116012.953038 38963764.068527 -14775369.101272 35000 C06
-9572650.974571 26441190.359936 31513676.805203 46000 C07
-19012223.862329 31366470.804319 -21007128.255230 39000 C08
-243196.123342 41300806.259359 -5964244.945153 0 C09
-625271.755463 28342465.788689 31622230.337971 39000 C10
-14504929.435607 32023649.673595 -23293067.065993 44000 C13
-5348900.520861 38484384.968726 -15602662.570809 29000 C16
time 2025/01/17 09:55:19.000
-14550114.827268 5131631.135878 22057123.549570 29000 G02
-7441930.459114 21283897.061199 -13134981.494816 45000 G07
-5296123.999980 19047077.236868 17670430.515188 51000 G14
3152569.976457 17453622.353450 20111659.269725 36000 G17
13670250.394331 18728156.191926 13204340.507657 30000 G19
460044.889993 26245507.308476 -2788656.250588 36000 G30
-15433044.312879 20026668.807897 -3713218.266624 35000 R10
-6276272.636667 20775621.298743 13393837.184921 49000 R11
8088635.895451 7712078.950866 22945934.280712 36000 R12
-12248172.541283 -3723306.304268 22085235.521634 0 R20
-4092620.127884 13961077.005151 20963441.519903 48000 R21
6725504.184405 23685572.778885 6669610.497185 39000 R22
-14727660.144885 39463241.540883 -1104207.740939 45000 C03
-5114971.778575 38963044.472007 -14777627.672599 35000 C06
-9573668.814727 26441052.571824 31513469.252279 46000 C07
-19012036.320588 31368081.604735 -21004903.694312 41000 C08
-242002.196251 41300428.866513 -5966733.125326 0 C09
-626218.607583 28342110.095963 31622502.202275 40000 C10
-14504862.029912 32025173.148228 -23291044.666221 42000 C13
-5347856.293818 38483602.770216 -15604922.963977 28000 C16
time 2025/01/17 09:55:20.000
-14550631.830421 5128989.129389 22057441.991303 29000 G02
-7442390.011978 21282155.289295 -13137487.301457 45000 G07
-5298100.244222 19048169.572455 17668632.034459 51000 G14
3150338.667857 17452557.056708 20112980.287658 36000 G17
13668707.461114 18727460.719236 13206854.224220 31000 G19
459627.011038 26245169.007346 -2791765.017350 35000 G30
-15432639.932345 20026330.902582 -3716727.446134 35000 R10
-6277185.413412 20777216.992181 13390931.462401 49000 R11
8086883.764792 7714680.413587 22945678.460753 36000 R12
-12249403.053420 -3726069.663066 22084090.260825 0 R20
-4093729.666446 13958426.563138 20964987.954351 48000 R21
6725289.128892 23684675.502947 6673029.293075 37000 R22
-14727664.458688 39463240.327056 -1104143.864950 45000 C03
-5113930.708718 38962324.720972 -14779886.164320 35000 C06
-9574686.675229 26440914.932885 31513261.532631 46000 C07
-19011848.544669 31369692.379015 -21002679.022520 39000 C08
-240808.324162 41300051.292613 -5969221.272781 0 C09
-627165.511636 28341754.544570 31622773.902022 39000 C10
-14504794.402069 32026696.613114 -23289022.142663 42000 C13
-5346812.180262 38482820.415085 -15607183.272387 29000 C16
time 2025/01/17 09:55:21.000
-14551148.998959 5126347.120733 22057759.982258 26000 G02
-7442849.691507 21280413.220166 -13139992.813333 46000 G07
-5300076.244064 19049261.890311 17666833.175927 50000 G14
3148107.155534 17451491.817471 20114300.889788 35000 G17
13667164.212351 18726765.178248 13209367.663644 29000 G19
459209.075202 26244830.337940 -2794873.723590 35000 G30
-15432235.314537 20025992.566386 -3720236.536831 36000 R10
-6278097.839998 20778812.429939 13388025.418044 49000 R11
8085131.862720 7717281.987964 22945422.090737 35000 R12
-12250633.740247 -3728832.772947 22082944.470873 0 R20
-4094839.515141 13955776.022405 20966533.885853 48000 R21
6725073.816747 23683777.815564 6676447.928674 36000 R22
-14727668.772505 39463239.113437 -1104079.983079 46000 C03
-5112889.743478 38961604.815432 -14782144.576441 34000 C06
-9575704.556054 26440777.443120 31513053.646261 46000 C07
-19011660.534574 31371303.127134 -21000454.239854 37000 C08
-239614.507110 41299673.537670 -5971709.387491 0 C09
-628112.467605 28341399.134516 31623045.437208 39000 C10
-14504726.552082 32028220.068222 -23286999.495327 45000 C13
-5345768.180232 38482037.903361 -15609443.495992 27000 C16
time 2025/01/17 09:55:22.000
-14551666.332862 5123705.110041 22058077.522422 30000 G02
-7443309.497732 21278670.853866 -13142498.030374 46000 G07
-5302051.999475 19050354.190382 17665033.939631 50000 G14
3145875.439532 17450426.635789 20115621.076088 37000 G17
13665620.648061 18726069.569021 13211880.825866 29000 G19
458791.082436 26244491.300270 -2797982.369267 34000 G30
-15431830.459523 20025653.799278 -3723745.538654 36000 R10
-6279009.916446 20780407.611937 13385119.051920 48000 R11
8083380.189298 7719883.673891 22945165.170671 37000 R12
-12251864.601705 -3731595.633834 22081798.151804 0 R20
-4095949.673965 13953125.383041 20968079.314377 48000 R21
6724858.247915 23682879.716789 6679866.403905 34000 R22
-14727673.086338 39463237.900026 -1104016.095325 45000 C03
-5111848.882893 38960884.755411 -14784402.908923 33000 C06
-9576722.457183 26440640.102534 31512845.593170 46000 C07
-19011472.290308 31372913.849051 -20998229.346336 39000 C08
-238420.745117 41299295.601689 -5974197.469447 0 C09
-629059.475468 28341043.865809 31623316.807834 39000 C10
-14504658.479950 32029743.513520 -23284976.724223 44000 C13
-5344724.293695 38481255.235021 -15611703.634896 32000 C16
time 2025/01/17 09:55:23.000
-14552183.832123 5121063.097383 22058394.611790 28000 G02
-7443769.430691 21276928.190431 -13145002.952540 46000 G07
-5304027.510430 19051446.472618 17663234.325602 51000 G14
3143643.519886 17449361.511703 20116940.846538 37000 G17
13664076.768274 18725373.891617 13214393.710801 31000 G19
458373.032698 26244151.894349 -2801090.954286 34000 G30
-15431425.367377 20025314.601233 -3727254.451504 37000 R10
-6279921.642778 20782002.538098 13382212.364090 49000 R11
8081628.744559 7722485.471314 22944907.700560 36000 R12
-12253095.637740 -3734358.245656 22080651.303645 0 R20
-4097060.142914 13950474.645136 20969624.239886 48000 R21
6724642.422338 23681981.206675 6683284.718694 33000 R22
-14727677.400185 39463236.686824 -1103952.201689 45000 C03
-5110808.126977 38960164.540918 -14786661.161770 34000 C06
-9577740.378594 26440502.911128 31512637.373357 46000 C07
-19011283.811875 31374524.544732 -20996004.341977 39000 C08
-237227.038208 41298917.484678 -5976685.518643 0 C09
-630006.535206 28340688.738456 31623588.013896 39000 C10
-14504590.185676 32031266.948981 -23282953.829357 44000 C13
-5343680.520710 38480472.410107 -15613963.689014 29000 C16
time 2025/01/17 09:55:28.000
-14554773.808637 5107853.006562 22059973.296556 38000 G02
-7446070.997692 21268210.418003 -13157523.138045 47000 G07
-5313901.397247 19056907.614301 17654230.590898 50000 G14
13656352.637210 18721894.483826 13226953.974561 24000 G19
456281.927753 26242449.341446 -2816632.967253 40000 G30
-15429396.352106 20023612.145945 -3744797.678264 36000 R10
-6284475.023361 20789973.328430 13367674.101953 51000 R11
8072874.952972 7735496.127747 22943612.099560 37000 R12
-4102617.139250 13937219.480945 20977341.320860 51000 R21
6723559.441344 23677482.487931 6700373.883097 46000 R22
-14727698.969640 39463230.623935 -1103632.645297 46000 C03
-5105605.918244 38956561.151932 -14797951.231009 33000 C06
-9582830.289086 26439819.191912 31511593.773521 48000 C07
-19010337.907334 31382577.628413 -20984877.657973 37000 C08
-231259.330955 41297024.184476 -5989125.272487 0 C09
-634742.611270 28338915.222270 31624941.575702 41000 C10
-14504245.382222 32038883.977517 -23272837.499076 39000 C13
-5338463.359854 38476555.937493 -15625262.687380 31000 C16
time 2025/01/17 09:55:29.000
-14555292.299931 5105210.983368 22060287.681060 29000 G02
-7446531.691782 21266465.972778 -13160026.289706 46000 G07
-5315875.440823 19057999.788367 17652428.711299 50000 G14
3130247.727997 17442971.979447 20124850.734884 36000 G17
13654806.864487 18721198.398422 13229465.195038 28000 G19
455863.535185 26242107.726295 -2819741.186954 30000 G30
-15428989.838635 20023270.361676 -3748306.055549 38000 R10
-6285384.649416 20791566.717855 13364765.485380 48000 R11
8071124.881456 7738098.592270 22943351.329321 39000 R12
-4103729.468805 13934568.153800 20978883.227500 49000 R21
6723342.074137 23676581.510953 6703791.233410 0 R22
-14727703.283574 39463229.411981 -1103568.716378 45000 C03
-5104565.790833 38955840.010944 -14800209.005756 35000 C06
-9583848.331725 26439682.895651 31511384.553405 46000 C07
-19010148.023978 31384188.165972 -20982651.988804 39000 C08
-230065.955112 41296644.981448 -5991613.124813 0 C09
-635689.981821 28338560.943196 31625211.794352 39000 C10
-14504175.755125 32040407.353250 -23270813.861899 44000 C13
-5337420.268710 38475772.173517 -15627522.232406 26000 C16
time 2025/01/17 09:55:30.000
-14555810.956560 5102568.958555 22060601.614748 25000 G02
-7446992.512849 21264721.230747 -13162529.146088 46000 G07
-5317849.239744 19059091.944220 17650626.454227 50000 G14
3128014.384079 17441907.259888 20126167.593645 36000 G17
13653260.776511 18720502.245298 13231976.137609 30000 G19
455445.085309 26241765.742979 -2822849.345574 29000 G30
-15428583.088522 20022928.146270 -3751814.343298 38000 R10
-6286293.925492 20793159.850868 13361856.547604 49000 R11
8069375.038936 7740701.167756 22943090.009076 40000 R12
-4104842.108436 13931916.728788 20980424.630861 49000 R21
6723124.449790 23675680.122995 6707208.422794 0 R22
-14727707.597524 39463228.200236 -1103504.781579 45000 C03
-5103525.768233 38955118.715580 -14802466.700818 35000 C06
-9584866.394497 26439546.748590 31511175.166574 46000 C07
-19009957.906480 31385798.677068 -20980426.208863 39000 C08
-228872.634567 41296265.597453 -5994100.944221 0 C09
-636637.404099 28338206.805529 31625481.848426 39000 C10
-14504105.905896 32041930.718924 -23268790.101030 44000 C13
-5336377.291181 38474988.253010 -15629781.692769 27000 C16
time 2025/01/17 09:55:33.000
-14557367.918275 5094642.875617 22061540.710801 24000 G02
-7448375.738261 21259485.224327 -13170035.942945 46000 G07
-5323769.168211 19062368.301929 17645217.418614 50000 G14
3121313.132708 17438713.449272 20130115.673485 38000 G17
13648620.620267 18718413.379736 13239507.298852 33000 G19
454189.391415 26240737.584218 -2832173.453895 27000 G30
-15427361.419046 20021898.912961 -3762338.668347 39000 R10
-6289019.654066 20797937.710649 13353127.807721 49000 R11
8064126.886072 7748509.558837 22942302.748402 40000 R12
-4108181.887721 13923961.867475 20985045.820909 49000 R21
6722470.033364 23672973.493852 6717459.024299 36000 R22
-14727720.539457 39463224.566249 -1103312.941908 45000 C03
-5100406.329647 38952953.903474 -14809239.307508 35000 C06
-9587920.703364 26439139.202639 31510546.005809 46000 C07
-19009386.149185 31390630.051172 -20973748.204604 39000 C08
-225293.004840 41295126.359695 -6001564.205114 0 C09
-639479.981120 28337145.241030 31626291.023189 40000 C10
-14503895.025435 32046500.755220 -23262718.076455 45000 C13
-5333249.041164 38472635.552954 -15636559.564347 28000 C16
time 2025/01/17 09:55:34.000
-7448837.067582 21257739.295577 -13172537.617596 46000 G07
-5325741.988161 19063460.384362 17643413.652080 50000 G14
3119078.975878 17437648.961921 20131430.867854 39000 G17
13647073.270816 18717716.956015 13242017.130225 34000 G19
453770.711877 26240394.128406 -2835281.367234 29000 G30
-15426953.723080 20021554.972736 -3765846.596998 39000 R10
-6289927.530435 20799529.817210 13350217.585826 49000 R11
8062377.960189 7751112.577116 22942039.228220 40000 R12
-4109295.767587 13921310.051938 20986585.210784 49000 R21
6722251.379926 23672070.462635 6720875.568712 37000 R22
-14727724.853463 39463223.355336 -1103248.983596 45000 C03
-5099366.726598 38952231.990819 -14811496.683532 35000 C06
-9588938.846424 26439003.652410 31510335.952134 46000 C07
-19009195.095167 31392240.456022 -20971521.981761 39000 C08
-224099.905668 41294746.251881 -6004051.892897 0 C09
-640427.610109 28336791.669060 31626560.418947 40000 C10
-14503824.287695 32048024.080295 -23260693.820986 45000 C13
-5332206.518755 38471851.006809 -15638818.685002 28000 C16
time 2025/01/17 09:55:35.000
-7449298.524058 21255993.070247 -13175038.996698 46000 G07
-5327714.563315 19064552.448315 17641609.508257 50000 G14
3116844.615905 17436584.532731 20132745.646073 38000 G17
13645525.605964 18717020.464754 13244526.683769 34000 G19
453351.974799 26240050.304497 -2838389.219134 28000 G30
-15426545.790822 20021210.601232 -3769354.435707 39000 R10
-6290835.056937 20801121.666971 13347307.043048 49000 R11
8060629.263569 7753715.705915 22941775.158068 40000 R12
-4110409.957506 13918658.138985 20988124.097208 50000 R21
6722032.469072 23671167.020729 6724291.951717 39000 R22
-14727729.167483 39463222.144631 -1103185.019404 45000 C03
-5098327.228483 38951509.923872 -14813753.979790 35000 C06
-9589957.009512 26438868.251395 31510125.731749 46000 C07
-19009003.807026 31393850.834243 -20969295.648196 39000 C08
-222906.861892 41294365.963128 -6006539.547768 0 C09
-641375.290734 28336438.238528 31626829.650125 40000 C10
-14503753.327831 32049547.395151 -23258669.441880 45000 C13
-5331164.110162 38471066.304281 -15641077.720742 30000 C16
time 2025/01/17 09:55:36.000
-7449760.107720 21254246.548393 -13177540.080178 46000 G07
-5329686.893630 19065644.493728 17639804.987193 50000 G14
3114610.052853 17435520.161756 20134060.008106 39000 G17
452933.180132 26239706.112502 -2841497.009549 28000 G30
-15426137.622347 20020865.798424 -3772862.184360 39000 R10
-6291742.233587 20802713.259842 13344396.179472 49000 R11
8058880.796279 7756318.945125 22941510.537954 41000 R12
-4111524.457465 13916006.128720 20989662.480137 50000 R21
6721813.300749 23670263.168190 6727708.173228 39000 R22
-14727733.481518 39463220.934134 -1103121.049336 45000 C03
-5097287.835330 38950787.702653 -14816011.196254 36000 C06
-9590975.192599 26438732.999597 31509915.344656 46000 C07
-19008812.284768 31395461.185790 -20967069.203938 39000 C08
-221713.873544 41293985.493444 -6009027.169703 0 C09
-642323.022967 28336084.949445 31627098.716718 40000 C10
-14503682.145845 32051070.699748 -23256644.939155 44000 C13
-5330121.815401 38470281.445380 -15643336.671574 29000 C16
time 2025/01/17 09:55:38.000
-7450683.656729 21250752.615369 -13182541.359950 46000 G07
-5333630.819563 19067828.528678 17636194.813560 50000 G14
3110140.317740 17433391.594676 20136687.483477 39000 G17
452095.417867 26239016.624325 -2847712.405472 26000 G30
-15425320.577037 20020174.898796 -3779877.411050 40000 R10
-6293555.537382 20805895.674534 13338573.490315 50000 R11
8055384.549922 7761525.754395 22940979.647872 41000 R12
-4113754.387438 13910701.816736 20992737.735306 50000 R21
6721374.191480 23668454.231480 6734540.131268 41000 R22
-14727742.109630 39463218.513764 -1102993.091569 45000 C03
-5095209.364039 38949342.797484 -14820525.389678 36000 C06
-9593011.618650 26438462.943669 31509494.070356 46000 C07
-19008428.537925 31398681.808663 -20962615.983476 39000 C08
-219328.063295 41293224.011335 -6014002.314586 0 C09
-644218.642143 28335378.795666 31627636.356138 40000 C10
-14503539.115513 32054117.277994 -23252595.562956 45000 C13
-5328037.567552 38468711.258591 -15647854.318274 28000 C16
time 2025/01/17 09:55:39.000
-7451145.622150 21249005.204272 -13185041.556160 45000 G07
-5335602.415145 19068920.518121 17634389.161043 50000 G14
3107905.145739 17432327.398651 20138000.596780 39000 G17
451676.450169 26238671.328164 -2850820.010896 26000 G30
-15424911.700340 20019828.801915 -3783384.888959 40000 R10
-6294461.664578 20807486.496212 13335661.664838 50000 R11
8053636.770937 7764129.324314 22940713.377915 41000 R12
-4114869.817449 13908049.515178 20994274.607488 50000 R21
6721154.250418 23667549.147399 6737955.867702 41000 R22
-14727746.423707 39463217.303891 -1102929.103872 45000 C03
-5094170.285932 38948620.113557 -14822782.366640 36000 C06
-9594029.861583 26438328.139543 31509283.183149 46000 C07
-19008236.313343 31400292.079945 -20960389.207262 40000 C08
-218135.241434 41292842.998921 -6016489.837537 0 C09
-645166.529057 28335025.930980 31627904.928963 41000 C10
-14503467.267171 32055640.551595 -23250570.689483 44000 C13
-5326995.614503 38467925.930731 -15650113.014133 28000 C16
time 2025/01/17 09:55:40.000
-7451607.714901 21247257.496824 -13187541.456540 44000 G07
-5337573.765789 19070012.488814 17632583.131423 49000 G14
3105669.770814 17431263.261025 20139313.293804 39000 G17
13637782.551874 18713536.997611 13257070.281035 29000 G19
451257.424695 26238325.663969 -2853927.554563 28000 G30
-15424502.587703 20019482.273616 -3786892.276511 40000 R10
-6295367.442011 20809077.060689 13332749.518821 50000 R11
8051889.221461 7766733.004339 22940446.558019 42000 R12
-4115985.557484 13905397.116664 20995810.976041 50000 R21
6720934.051664 23666643.652905 6741371.442312 42000 R22
-14727750.737798 39463216.094226 -1102865.110297 45000 C03
-5093131.312870 38947897.275414 -14825039.263780 36000 C06
-9595048.124436 26438193.484645 31509072.129236 46000 C07
-19008043.854660 31401902.324429 -20958162.320385 40000 C08
-216942.475100 41292461.805606 -6018977.327508 0 C09
-646114.467504 28334673.207769 31628173.337200 40000 C10
-14503395.196712 32057163.814820 -23248545.692420 44000 C13
-5325953.775383 38467140.446568 -15652371.625022 28000 C16
time 2025/01/17 09:55:41.000
-7452069.935011 21245509.493100 -13190041.060998 42000 G07
-5339544.871439 19071104.440692 17630776.724760 49000 G14
3103434.193033 17430199.181857 20140625.574510 39000 G17
13636232.995164 18712840.102394 13259578.166049 28000 G19
450838.341412 26237979.631765 -2857035.036301 27000 G30
-15424093.239202 20019135.313874 -3790399.573584 40000 R10
-6296272.869691 20810667.367862 13329837.052372 50000 R11
8050141.901560 7769336.794364 22940179.188194 40000 R12
-4117101.607521 13902744.621328 20997346.840907 50000 R21
6720713.595163 23665737.748059 6744786.854995 42000 R22
-14727755.051903 39463214.884769 -1102801.110848 45000 C03
-5092092.444888 38947174.283078 -14827296.081056 36000 C06
-9596066.407174 26438058.978978 31508860.908620 46000 C07
-19007851.161879 31403512.542063 -20955935.322882 40000 C08
-215749.764337 41292080.431402 -6021464.784456 0 C09
-647062.457453 28334320.626045 31628441.580843 40000 C10
-14503322.904139 32058687.067620 -23246520.571801 44000 C13
-5324912.050220 38466354.806123 -15654630.150916 28000 C16
time 2025/01/17 09:55:42.000
-7452532.282516 21243761.193134 -13192540.369492 44000 G07
-5341515.732077 19072196.373703 17628969.941084 49000 G14
3101198.412425 17429135.161186 20141937.438880 39000 G17
450419.200251 26237633.231548 -2860142.456199 28000 G30
-15423683.654907 20018787.922660 -3793906.780092 40000 R10
-6297177.947641 20812257.417659 13326924.265549 50000 R11
8048394.811275 7771940.694317 22939911.268444 41000 R12
-4118217.967557 13900092.029250 20998882.202055 50000 R21
6720492.880858 23664831.432913 6748202.105674 43000 R22
-14727759.366022 39463213.675519 -1102737.105522 45000 C03
-5091053.682003 38946451.136562 -14829552.818468 35000 C06
-9597084.709782 26437924.622546 31508649.521303 46000 C07
-19007658.235005 31405122.732815 -20953708.214762 39000 C08
-214557.109160 41291698.876314 -6023952.208386 0 C09
-648010.498886 28333968.185813 31628709.659892 40000 C10
-14503250.389453 32060210.309969 -23244495.327631 43000 C13
-5323870.439047 38465569.009421 -15656888.591781 29000 C16
time 2025/01/17 09:55:44.000
-7453457.359851 21240263.704673 -13197538.098349 46000 G07
-5345456.718192 19074380.182912 17625355.242846 49000 G14
3096726.242913 17427007.295535 20144559.918503 38000 G17
13631582.433227 18710749.014044 13267100.151684 33000 G19
-15422863.779216 20018091.845707 -3800920.921098 40000 R10
-6298987.054435 20815436.744802 13321097.731054 50000 R11
8044901.319755 7777148.823667 22939373.779201 41000 R12
-4120451.617598 13894786.555258 21001951.413047 51000 R21
6720050.678617 23663017.571939 6755032.120713 43000 R22
-14727767.994302 39463211.257644 -1102609.077247 45000 C03
-5088976.471625 38945004.381057 -14834066.053631 35000 C06
-9599121.374515 26437656.357396 31508226.246565 46000 C07
-19007271.678991 31408343.033556 -20949253.666690 35000 C08
-212171.965697 41290935.223526 -6028926.957088 0 C09
-649906.736123 28333263.729856 31629245.324201 40000 C10
-14503104.693749 32063256.763180 -23240444.468679 43000 C13
-5321787.558860 38463996.947383 -15661405.218167 0 C16
time 2025/01/17 09:55:45.000
-7453920.089749 21238514.516278 -13200036.518588 47000 G07
-5347426.843601 19075472.058995 17623547.328370 50000 G14
3094489.854100 17425943.450651 20145870.533703 37000 G17
13630031.615508 18710051.850613 13269606.923333 34000 G19
-15422453.487964 20017743.159914 -3804427.855412 40000 R10
-6299891.083316 20817026.021977 13318183.983539 50000 R11
8043154.918625 7779753.052889 22939104.209721 41000 R12
-4121568.907586 13892133.673544 21003485.262812 51000 R21
6719829.190570 23662110.026226 6758446.884890 44000 R22
-14727772.308463 39463210.049019 -1102545.054298 45000 C03
-5087938.024178 38944280.772100 -14836322.551354 35000 C06
-9600139.736592 26437522.448684 31508014.359148 46000 C07
-19007078.049862 31409953.143459 -20947026.226789 35000 C08
-210979.477468 41290553.125843 -6031414.281823 0 C09
-650854.931883 28332911.714146 31629512.909457 40000 C10
-14503031.512735 32064779.973974 -23238418.853927 45000 C13
-5320746.289779 38463210.681996 -15663663.403907 0 C16
time 2025/01/17 09:55:47.000
-14564653.406470 5057654.364937 22065869.506584 36000 G02
-7454845.932184 21235015.251376 -13205032.470436 46000 G07
-5351366.359011 19077655.753864 17619930.368860 49000 G14
3090016.468555 17423815.936994 20148490.514763 40000 G17
13626929.034441 18708657.323069 13274619.631131 35000 G19
-15421632.198989 20017044.493547 -3811441.451310 40000 R10
-6301698.092162 20820203.803154 13312355.528277 50000 R11
8039662.805837 7784961.840064 22938563.421071 41000 R12
-4123804.417473 13886827.621119 21006551.450712 51000 R21
6719385.440344 23660293.704614 6765275.926168 45000 R22
-14727780.936826 39463207.632391 -1102416.990777 45000 C03
-5085861.444864 38942833.091842 -14840835.307059 36000 C06
-9602176.520071 26437255.078998 31507590.084219 46000 C07
-19006690.089373 31413173.282197 -20942571.015256 39000 C08
-208594.668125 41289788.387928 -6036388.832045 0 C09
-652751.477593 28332208.107296 31630047.586166 40000 C10
-14502884.484389 32067826.363794 -23234367.253901 44000 C13
-5318664.093854 38461637.682640 -15668179.520208 0 C16
time 2025/01/17 09:55:48.000
-14565175.037708 5055012.323523 22066175.324629 34000 G02
-7455309.044789 21233265.174965 -13207530.001927 46000 G07
-5353335.748948 19078747.572540 17618121.323907 49000 G14
3087779.471911 17422752.268315 20149799.880572 39000 G17
13625377.271139 18707959.959075 13277125.567139 34000 G19
-15421221.201410 20016694.512921 -3814948.112705 39000 R10
-6302601.072166 20821792.306990 13309440.820680 50000 R11
8037917.094263 7787566.397872 22938292.201913 39000 R12
-4124922.637359 13884174.450601 21008083.788772 51000 R21
6719163.178054 23659384.928825 6768690.203110 46000 R22
-14727785.251028 39463206.424388 -1102352.950206 46000 C03
-5084823.313046 38942109.020574 -14843091.565009 36000 C06
-9603194.941430 26437121.618030 31507377.696710 46000 C07
-19006495.758022 31414783.310956 -20940343.243662 39000 C08
-207402.347070 41289405.747714 -6038876.057490 0 C09
-653699.827500 28331856.516172 31630314.677616 41000 C10
-14502810.637061 32069349.542755 -23232341.268650 44000 C13
-5317623.167065 38460850.948712 -15670437.450725 0 C16
time 2025/01/17 09:55:49.000
-14565696.834134 5052370.281827 22066480.691759 33000 G02
-7455772.285031 21231514.802653 -13210027.237038 46000 G07
-5355304.893655 19079839.371963 17616311.902219 49000 G14
3085542.272762 17421688.658476 20151108.829855 38000 G17
13623825.192687 18707262.528344 13279631.224465 34000 G19
-15420809.968534 20016344.100629 -3818454.682941 39000 R10
-6303503.702579 20823380.552872 13306525.793217 50000 R11
8036171.612657 7790171.065016 22938020.432879 39000 R12
-4126041.167188 13881521.184023 21009615.622846 51000 R21
6718940.657573 23658475.743126 6772104.317455 46000 R22
-14727789.565244 39463205.216594 -1102288.903763 45000 C03
-5083785.286489 38941384.795238 -14845347.742997 37000 C06
-9604213.382497 26436988.306317 31507165.142507 46000 C07
-19006301.192607 31416393.312587 -20938115.361545 39000 C08
-206210.081799 41289022.926674 -6041363.249800 0 C09
-654648.228744 28331505.066592 31630581.604458 41000 C10
-14502736.567632 32070872.711027 -23230315.159940 45000 C13
-5316582.354426 38460064.058642 -15672695.296127 0 C16
time 2025/01/17 09:55:50.000
-14566218.795746 5049728.239891 22066785.607973 32000 G02
-7456235.652942 21229764.134493 -13212524.175705 46000 G07
-5357273.793097 19080931.152078 17614502.103836 49000 G14
3083304.871149 17420625.107522 20152417.362588 39000 G17
13622272.799109 18706565.030938 13282136.603039 33000 G19
-15420398.500431 20015993.256648 -3821961.161912 39000 R10
-6304405.983420 20824968.540720 13303610.445961 49000 R11
8034426.361100 7792775.841365 22937748.113979 40000 R12
-4127160.006952 13878867.821487 21011146.952893 51000 R21
6718717.878845 23657566.147572 6775518.269123 46000 R22
-14727793.879474 39463204.009007 -1102224.851448 45000 C03
-5082747.365221 38940660.415851 -14847603.841001 37000 C06
-9605231.843252 26436855.143861 31506952.421611 46000 C07
-19006106.393131 31418003.287054 -20935887.368917 39000 C08
-205017.872344 41288639.924818 -6043850.408947 0 C09
-655596.681302 28331153.758564 31630848.366692 41000 C10
-14502662.276104 32072395.868581 -23228288.927777 44000 C13
-5315541.655957 38459277.012445 -15674953.056408 0 C16
time 2025/01/17 09:55:51.000
-14566740.922544 5047086.197750 22067090.073270 35000 G02
-7456699.148562 21228013.170509 -13215020.817903 46000 G07
-5359242.447275 19082022.912845 17612691.928771 49000 G14
3081067.267098 17419561.615492 20153725.478756 38000 G17
13620720.090381 18705867.466894 13284641.702865 33000 G19
-15419986.797168 20015641.980942 -3825467.549589 39000 R10
-6305307.914721 20826556.270468 13300694.778950 50000 R11
8032681.339575 7795380.726936 22937475.245211 39000 R12
-4128279.156661 13876214.363048 21012677.778900 51000 R21
6718494.841814 23656656.142208 6778932.058069 46000 R22
-14727798.193717 39463202.801628 -1102160.793260 46000 C03
-5081709.549247 38939935.882420 -14849859.859042 37000 C06
-9606250.323683 26436722.130663 31506739.534021 46000 C07
-19005911.359597 31419613.234346 -20933659.265760 39000 C08
-203825.718711 41288256.742147 -6046337.534960 0 C09
-656545.185161 28330802.592094 31631114.964317 40000 C10
-14502587.762477 32073919.015399 -23226262.572152 44000 C13
-5314501.071673 38458489.810130 -15677210.731574 0 C16
time 2025/01/17 09:55:53.000
-14567785.671654 5041802.113183 22067697.651085 36000 G02
-7457626.523061 21224510.355299 -13220013.212608 46000 G07
-5363179.019661 19084206.376088 17609070.448800 49000 G14
3076591.451872 17417434.808402 20156340.461285 39000 G17
13617613.727605 18704472.139151 13289651.065943 33000 G19
-15419162.685452 20014938.134259 -3832480.050644 39000 R10
-6307110.728767 20829730.955315 13294862.485999 50000 R11
8029191.986912 7800590.825267 22936927.858110 39000 R12
-4130518.385849 13870907.158920 21015737.918597 51000 R21
6718047.992620 23654834.902293 6785759.147383 46000 R22
-14727806.822244 39463200.387493 -1102032.659268 45000 C03
-5079634.233311 38938486.353508 -14854371.655110 37000 C06
-9608287.343464 26436456.552059 31506313.258768 46000 C07
-19005520.590374 31422833.047220 -20929202.727976 39000 C08
-201441.579064 41287489.834406 -6051311.687437 0 C09
-658442.346688 28330100.683858 31631647.665732 40000 C10
-14502438.068938 32076965.276666 -23222209.490608 44000 C13
-5312420.245789 38456914.937247 -15681725.826430 0 C16
time 2025/01/17 09:55:56.000
-14569354.034003 5033875.986599 22068605.635796 37000 G02
-7459018.543484 21219253.915047 -13227499.579637 46000 G07
-5369082.037944 19087481.424443 17603635.404754 49000 G14
3069876.211857 17414245.040893 20160259.810190 38000 G17
13612951.820243 18702378.649179 13297163.018479 33000 G19
-15417924.755953 20013879.125631 -3842998.115284 39000 R10
-6309812.328771 20834491.044774 13286111.650255 50000 R11
8023959.684545 7808406.789606 22936102.653638 36000 R12
-4133879.553987 13862945.635950 21020324.346845 51000 R21
6717375.780170 23652099.970260 6795998.558744 46000 R22
-14727819.765136 39463196.767848 -1101840.414248 46000 C03
-5076522.049726 38936310.905215 -14861138.749098 37000 C06
-9611343.020128 26436059.303666 31505672.595716 46000 C07
-19004932.681207 31427662.561781 -20922517.092745 39000 C08
-197865.788989 41286338.116898 -6058772.667172 0 C09
-661288.473211 28329048.883366 31632445.483247 41000 C10
-14502211.862935 32081534.587198 -23216128.942668 44000 C13
-5309299.863958 38454551.457489 -15688497.829958 0 C16
time 2025/01/17 09:55:59.000
-14570923.882615 5025949.861879 22069509.561990 26000 G02
-7460411.715143 21213994.815012 -13234983.275251 46000 G07
-5374982.847153 19090756.295675 17598196.972728 49000 G14
3063159.152276 17411055.806273 20164175.408614 36000 G17
13608287.077355 18700284.562503 13304672.459252 29000 G19
-15416684.713845 20012816.230019 -3853515.353562 39000 R10
-6312510.783997 20839248.806921 13277357.940611 50000 R11
8018729.455297 7816223.732179 22935272.500740 32000 R12
-4137243.511176 13854983.255133 21024906.236645 51000 R21
6716701.239996 23649361.352958 6806236.501003 46000 R22
-14727832.708148 39463193.150072 -1101648.116394 45000 C03
-5073410.815085 38934134.071397 -14867905.122612 36000 C06
-9614398.872659 26435663.398756 31505030.432482 47000 C07
-19004342.665740 31432491.829824 -20915830.463536 39000 C08
-194290.502839 41285184.772507 -6066233.347779 0 C09
-664135.060317 28327998.357283 31633241.819192 39000 C10
-14501983.658141 32086103.799308 -23210047.284248 44000 C13
-5306180.511077 38452186.573615 -15695269.066670 0 C16
time 2025/01/17 09:56:00.000
-7460876.361688 21212241.190828 -13237477.246538 46000 G07
-5376949.292513 19091847.879804 17596383.409349 49000 G14
3060919.728272 17409992.846708 20165479.774528 36000 G17
13606731.533019 18699586.401275 13307175.047736 31000 G19
-15416270.897338 20012461.067579 -3857020.915621 39000 R10
-6313409.570326 20840834.210073 13274439.399090 50000 R11
8016986.506477 7818829.596690 22934994.683490 27000 R12
-4138365.449992 13852328.938011 21026432.524525 51000 R21
6716475.875742 23648447.661836 6809648.821561 46000 R22
-14727837.022512 39463191.944562 -1101584.005371 44000 C03
-5072373.947851 38933408.152301 -14870160.420290 36000 C06
-9615417.529147 26435531.729018 31504816.044702 47000 C07
-19004145.525870 31434101.530894 -20913601.366309 39000 C08
-193098.852907 41284799.962886 -6068720.174755 0 C09
-665084.024939 28327648.465158 31633506.935261 39000 C10
-14501907.145708 32087626.847984 -23208019.818060 43000 C13
-5305140.955543 38451397.967041 -15697525.975118 0 C16
time 2025/01/17 09:56:02.000
-23033621.875076 11895203.827198 5324131.663839 37000 G03
-7461806.038976 21208733.056466 -13242464.297916 46000 G07
-5380881.446512 19094030.988323 17592755.153744 50000 G14
3056440.274303 17407867.105820 20168087.255870 35000 G17
13603619.499327 18698189.880625 13312179.386789 34000 G19
-15415442.561036 20011749.446676 -3864031.763222 37000 R10
-6315206.095003 20844004.239567 13268601.358975 51000 R11
8013501.300777 7824041.650314 22934437.399646 0 R12
-4140610.257223 13847020.019031 21029483.587003 51000 R21
6716024.370604 23646619.051878 6816472.971937 45000 R22
-14727845.651280 39463189.534164 -1101455.765718 45000 C03
-5070300.529984 38931955.852463 -14874670.775346 37000 C06
-9617454.900468 26435268.837403 31504386.769092 45000 C07
-19003750.544081 31437320.850425 -20909142.840675 39000 C08
-190715.721346 41284029.801448 -6073693.728857 0 C09
-666982.107445 28326949.105806 31634036.673522 40000 C10
-14501753.454601 32090672.912125 -23203964.515648 44000 C13
-5303062.187765 38449820.286077 -15702039.536229 0 C16
time 2025/01/17 09:56:03.000
-23033167.303220 11894637.033859 5327277.958345 37000 G03
-7462271.069786 21206978.546390 -13244957.377885 46000 G07
-5382847.155085 19095122.512600 17590940.461602 50000 G14
3054200.244424 17406804.324592 20169390.371245 36000 G17
13602063.010016 18697491.521324 13314681.137222 34000 G19
-15415028.041385 20011392.988160 -3867537.048588 37000 R10
-6316103.833389 20845588.865740 13265681.860533 51000 R11
8011759.043723 7826647.839668 22934157.933022 0 R12
-4141733.125620 13844365.417374 21031008.361521 51000 R21
6715798.229612 23645704.133160 6819884.801566 45000 R22
-14727849.965684 39463188.329277 -1101391.637089 45000 C03
-5069263.979400 38931229.471755 -14876925.832692 37000 C06
-9618473.615253 26435137.615533 31504171.881266 45000 C07
-19003552.702171 31438930.468817 -20906913.412293 39000 C08
-189524.239777 41283644.449647 -6076180.455939 0 C09
-667931.225287 28326599.638592 31634301.295711 40000 C10
-14501676.275930 32092195.927516 -23201936.679458 44000 C13
-5302022.975564 38449031.211718 -15704296.188873 0 C16
time 2025/01/17 09:56:05.000
-23032257.288961 11893502.670519 5333570.203517 37000 G03
-7463201.515914 21203468.640684 -13249942.646096 46000 G07
-5386777.835241 19097305.500923 17587309.948824 50000 G14
3049719.579097 17404678.940803 20171995.351280 36000 G17
13598949.086494 18696094.605027 13319683.799692 34000 G19
-15414198.299438 20010678.774862 -3874547.342007 37000 R10
-6317898.262361 20848757.340543 13259841.907220 51000 R11
8008275.221724 7831860.542635 22933597.350448 0 R12
-4143979.791941 13839055.930192 21034056.396934 51000 R21
6715345.170500 23643873.068512 6826707.969326 46000 R22
-14727858.594531 39463185.920124 -1101263.362228 45000 C03
-5067191.195037 38929776.248834 -14881435.706966 37000 C06
-9620511.102968 26434875.619680 31503741.605574 45000 C07
-19003156.316340 31442149.622675 -20902454.224471 39000 C08
-187141.445203 41282873.203926 -6081153.810082 0 C09
-669829.614045 28325901.129127 31634830.046196 40000 C10
-14501521.252362 32095241.924782 -23197880.637160 44000 C13
-5299944.894645 38447452.595327 -15708809.238290 0 C16
time 2025/01/17 09:56:06.000
-23031801.846647 11892935.100450 5336716.154047 37000 G03
-7463666.931301 21201713.245148 -13252434.834226 46000 G07
-5388742.806766 19098396.964859 17585494.128263 50000 G14
3047478.943728 17403616.338334 20173297.215892 36000 G17
13597391.652320 18695396.048146 13322184.711609 35000 G19
-15413783.077282 20010321.020024 -3878052.349903 36000 R10
-6318794.952990 20850341.189009 13256921.452492 51000 R11
8006533.656873 7834467.056090 22933316.234510 0 R12
-4145103.589851 13836401.044858 21035579.657757 51000 R21
6715118.252270 23642956.922694 6830119.307291 46000 R22
-14727862.908973 39463184.715859 -1101199.215996 45000 C03
-5066154.961308 38929049.406655 -14883690.523862 37000 C06
-9621529.875853 26434744.845703 31503526.217711 46000 C07
-19002957.772427 31443759.158075 -20900224.465051 39000 C08
-185950.132254 41282487.310021 -6083640.437112 0 C09
-670778.884920 28325552.086889 31635094.174489 40000 C10
-14501443.407468 32096764.906593 -23195852.431073 44000 C13
-5298906.025975 38446663.053328 -15711065.635034 0 C16
time 2025/01/17 09:56:08.000
-23030890.091874 11891799.183353 5343007.710635 36000 G03
-7464598.146892 21198201.568942 -13257418.318255 45000 G07
-5392672.012558 19100579.832008 17581861.358996 50000 G14
3042997.067837 17401491.312501 20175899.694156 37000 G17
13594275.839201 18693998.737191 13327185.696556 33000 G19
-15412951.930962 20009604.213834 -3885062.087637 36000 R10
-6320587.286635 20853508.107667 13251079.587245 51000 R11
8003051.219716 7839680.406514 22932752.353371 0 R12
-4147352.115131 13831090.991183 21038624.665445 51000 R21
6714663.638187 23641123.404345 6836941.490980 45000 R22
-14727871.537899 39463182.307951 -1101070.905933 45000 C03
-5064082.810859 38927595.260931 -14888199.917126 37000 C06
-9623567.479568 26434483.745661 31503094.941956 46000 C07
-19002559.982626 31446978.145648 -20895764.615251 40000 C08
-183567.675149 41281714.980159 -6088613.591045 0 C09
-672677.579557 28324854.427441 31635621.937167 41000 C10
-14501287.051469 32099810.836408 -23191795.649081 44000 C13
-5296828.632286 38445083.501779 -15715578.172621 0 C16
time 2025/01/17 09:56:09.000
-23030433.779502 11891230.836257 5346153.316562 36000 G03
-7465063.947165 21196445.288372 -13259909.614033 45000 G07
-5394636.246769 19101671.235113 17580044.410364 50000 G14
3040755.827388 17400428.889225 20177200.307766 36000 G17
13592717.460288 18693299.983230 13329685.769473 33000 G19
-15412536.006939 20009245.162429 -3888566.817303 37000 R10
-6321482.929694 20855091.177698 13248158.176867 51000 R11
8001310.347505 7842287.243323 22932469.588182 0 R12
-4148476.842488 13828435.823029 21040146.412239 51000 R21
6714435.942223 23640206.031926 6840352.336537 46000 R22
-14727875.852381 39463181.104308 -1101006.742102 45000 C03
-5063046.894183 38926867.957418 -14890454.493471 37000 C06
-9624586.310354 26434353.419602 31502879.054066 46000 C07
-19002360.736746 31448587.597753 -20893534.524895 39000 C08
-182376.531046 41281328.544218 -6091100.117921 0 C09
-673627.003280 28324505.810245 31635885.571549 41000 C10
-14501208.540368 32101333.784349 -23189767.073196 44000 C13
-5295790.107352 38444293.492291 -15717834.313355 0 C16
time 2025/01/17 09:56:10.000
-14576692.707158 4996887.448004 22072789.233355 30000 G02
-7465529.875801 21194688.712891 -13262400.612237 44000 G07
-5396600.235159 19102762.617835 17578227.085777 49000 G14
438659.564725 26227784.669970 -2947124.794967 40000 G30
-15412119.849104 20008885.678781 -3892071.454044 37000 R10
-6322378.223612 20856673.988099 13245236.448058 49000 R11
7999569.706084 7844894.188030 22932186.273226 40000 R12
-4149601.879649 13825780.560783 21041667.654289 51000 R21
6714207.986909 23639288.250770 6843763.017720 47000 R22
-14727880.166876 39463179.900872 -1100942.572405 45000 C03
-5062011.083233 38926140.500154 -14892708.989616 32000 C06
-9625605.160399 26434223.242853 31502662.999503 48000 C07
-19002161.256886 31450197.022025 -20891304.324251 39000 C08
-181185.443269 41280941.927610 -6093586.611407 0 C09
-674576.477915 28324157.334741 31636149.041293 41000 C10
-14501129.807201 32102856.720934 -23187738.374069 39000 C13
-5294751.696929 38443503.326919 -15720090.368976 34000 C16
time 2025/01/17 09:56:12.000
-23029063.102974 11889524.240364 5355589.444089 36000 G03
-7466462.118311 21191174.677343 -13267381.715764 45000 G07
-5400527.474315 19104945.321895 17574591.308931 50000 G14
3034030.896542 17397241.978520 20181099.646205 36000 G17
13588040.434372 18691203.328106 13337184.309237 32000 G19
-15411286.832265 20008165.414633 -3899080.448558 35000 R10
-6324167.764068 20859838.829624 13239392.035559 51000 R11
7996089.116925 7850108.399139 22931617.994221 0 R12
-4151852.883336 13820469.754438 21044708.623984 51000 R21
6713751.297978 23637451.462348 6850583.887091 46000 R22
-14727888.795904 39463177.494623 -1100814.215416 45000 C03
-5059939.778628 38924685.124459 -14897217.741200 38000 C06
-9627642.918171 26433963.337302 31502230.390358 46000 C07
-19001761.595240 31453415.786925 -20886843.592157 40000 C08
-178803.436869 41280168.152449 -6098559.498000 0 C09
-676475.579815 28323460.808851 31636675.486850 41000 C10
-14500971.674678 32105902.559913 -23183680.606126 43000 C13
-5292675.220393 38441922.529116 -15724602.223328 0 C16
time 2025/01/17 09:56:14.000
-23028147.869555 11888385.213935 5361879.619870 35000 G03
-7467394.874691 21187659.462704 -13272361.628339 46000 G07
-5404453.729821 19107127.943765 17570954.028741 50000 G14
3029546.601851 17395117.671136 20183697.119573 36000 G17
13584920.842904 18689805.230871 13342181.936080 32000 G19
-15410452.881023 20007443.421185 -3906089.070400 36000 R10
-6325955.908193 20863002.631633 13233546.350242 51000 R11
7992609.452060 7855323.040027 22931047.516321 0 R12
-4154105.126142 13815158.572887 21047747.574249 51000 R21
6713293.570968 23635613.039581 6857404.098220 44000 R22
-14727897.424984 39463175.089204 -1100685.834967 45000 C03
-5057868.897209 38923229.133959 -14901726.171811 37000 C06
-9629680.752710 26433704.029028 31501797.114531 46000 C07
-19001360.997721 31456634.440086 -20882382.419049 40000 C08
-176421.656138 41279393.654734 -6103532.250764 0 C09
-678374.885103 28322764.849824 31637201.273829 41000 C10
-14500812.653913 32108948.353085 -23179622.345340 43000 C13
-5290599.202524 38440341.108246 -15729113.736316 0 C16
time 2025/01/17 09:56:16.000
-23027231.477292 11887245.150521 5368169.334320 35000 G03
-7468328.145218 21184143.069343 -13277340.349522 46000 G07
-5408379.001437 19109310.483007 17567315.245520 50000 G14
3025061.501543 17392993.603967 20186292.924267 31000 G17
13581799.992176 18688406.872414 13347178.442748 34000 G19
-15409617.995940 20006719.698213 -3913097.318936 36000 R10
-6327742.656149 20866165.393468 13227699.392691 51000 R11
7989130.712031 7860538.109798 22930474.839606 35000 R12
-4156358.608007 13809847.016890 21050784.504788 51000 R21
6712834.805431 23633772.982893 6864223.650520 43000 R22
-14727906.054114 39463172.684613 -1100557.431062 45000 C03
-5055798.439164 38921772.528783 -14906234.281336 38000 C06
-9631718.663842 26433445.318053 31501363.172030 46000 C07
-19000959.464362 31459852.981231 -20877920.805030 40000 C08
-174040.101281 41278618.434523 -6108504.869604 0 C09
-680274.393614 28322069.457718 31637726.402215 41000 C10
-14500652.744922 32111994.100195 -23175563.591799 43000 C13
-5288523.643602 38438759.064518 -15733624.907627 0 C16
time 2025/01/17 09:56:18.000
-14580900.759851 4975751.226385 22075140.172751 34000 G02
-23026313.926543 11886104.049858 5374458.586867 34000 G03
-7469261.930170 21180625.497642 -13282317.878858 46000 G07
-5412303.288933 19111492.939186 17563674.959570 50000 G14
3020575.596073 17390869.777440 20188887.060021 34000 G17
13578677.882307 18687008.253182 13352173.828801 33000 G19
-15408782.177583 20005994.245499 -3920105.193503 34000 R10
-6329528.008107 20869327.114487 13221851.163465 51000 R11
7985652.897310 7865753.607665 22929899.964145 35000 R12
-4158613.328869 13804535.087211 21053819.415308 51000 R21
6712375.000927 23631931.292731 6871042.543322 42000 R22
-14727914.683296 39463170.280852 -1100429.003703 45000 C03
-5053728.404669 38920315.309055 -14910742.069684 38000 C06
-9633756.651392 26433187.204398 31500928.562862 46000 C07
-19000556.995195 31463071.410095 -20873458.750185 40000 C08
-171658.772519 41277842.491884 -6113477.354394 0 C09
-682174.105179 28321374.632592 31638250.871996 41000 C10
-14500491.947717 32115039.800984 -23171504.345589 43000 C13
-5286448.543803 38437176.398060 -15738135.737176 0 C16
time 2025/01/17 09:56:20.000
-14581954.423073 4970467.185860 22075723.397297 34000 G02
-23025395.217668 11884961.911686 5380747.376934 33000 G03
-7470196.229821 21177106.747974 -13287294.215896 46000 G07
-5416226.592081 19113675.311869 17560033.171198 50000 G14
3016088.885707 17388746.191895 20191479.526681 34000 G17
13575554.513419 18685609.373623 13357168.093791 32000 G19
-15407945.426522 20005267.062825 -3927112.693424 34000 R10
-6331311.964238 20872487.794045 13216001.663126 51000 R11
7982176.008169 7870969.533135 22929322.889976 35000 R12
-4160869.288673 13799222.784598 21056852.305521 51000 R21
6711914.157013 23630087.969538 6877860.775971 41000 R22
-14727923.312527 39463167.877920 -1100300.552893 45000 C03
-5051658.793903 38918857.474896 -14915249.536761 37000 C06
-9635794.715188 26432929.688085 31500493.287036 46000 C07
-19000153.590254 31466289.726396 -20868996.254623 40000 C08
-169277.670058 41277065.826878 -6118449.705036 0 C09
-684074.019640 28320680.374501 31638774.683159 41000 C10
-14500330.262313 32118085.455201 -23167444.606793 43000 C13
-5284373.903329 38435593.109019 -15742646.224825 0 C16
time 2025/01/17 09:56:21.000
-14582481.502152 4967825.168191 22076014.333000 35000 G02
-23024935.429041 11884390.453447 5383891.598386 33000 G03
-7470663.572745 21175346.931523 -13289781.937161 46000 G07
-5418187.874451 19114766.466763 17558211.713699 50000 G14
3013845.228801 17387684.489610 20192775.134036 34000 G17
13573992.356869 18684909.836356 13359664.805767 32000 G19
-15407526.701404 20004902.822686 -3930616.302681 34000 R10
-6332203.418921 20874067.743074 13213076.436465 51000 R11
7980437.910792 7873577.656045 22929033.528390 36000 R12
-4161997.733159 13796566.493682 21058367.992919 51000 R21
6711683.345141 23629165.695698 6881269.644519 41000 R22
-14727927.627161 39463166.676764 -1100236.318695 45000 C03
-5050624.147476 38918128.327445 -14917503.149789 38000 C06
-9636813.775622 26432801.153939 31500275.399130 46000 C07
-18999951.536878 31467898.842255 -20866764.841595 40000 C08
-168087.203763 41276677.223509 -6120935.830004 0 C09
-685024.052903 28320333.458112 31639036.341754 41000 C10
-14500249.086541 32119608.264760 -23165414.552706 43000 C13
-5283336.755411 38434801.231085 -15744901.340369 0 C16
time 2025/01/17 09:56:22.000
-14583008.746199 4965183.152339 22076304.817652 34000 G02
-23024475.351013 11883818.735727 5387035.704029 32000 G03
-7471131.044447 21173586.820724 -13292269.360178 46000 G07
-5420148.910647 19115857.600619 17556389.880710 50000 G14
3011601.370817 17386622.847719 20194070.324032 32000 G17
13572429.885600 18684210.234170 13362161.237327 31000 G19
-15407107.743319 20004538.149972 -3934119.818051 33000 R10
-6333094.524711 20875647.431497 13210150.892237 51000 R11
7978700.044960 7876185.885600 22928743.617148 37000 R12
-4163126.487357 13793910.109815 21059883.175132 51000 R21
6711452.273250 23628243.013765 6884678.347791 42000 R22
-14727931.941809 39463165.475816 -1100172.078635 45000 C03
-5049589.607050 38917399.026433 -14919756.682462 38000 C06
-9637832.855053 26432672.769136 31500057.344561 46000 C07
-18999749.249570 31469507.929872 -20864533.318421 40000 C08
-166896.794123 41276288.439572 -6123421.921393 0 C09
-685974.136826 28319986.683503 31639297.835691 41000 C10
-14500167.688725 32121131.062578 -23163384.375508 43000 C13
-5282299.722386 38434009.197550 -15747156.370418 0 C16
time 2025/01/17 09:56:24.000
-14584063.729162 4959899.126386 22076884.433779 34000 G02
-23023554.326941 11882674.521722 5393323.567566 32000 G03
-7472066.374317 21170065.716289 -13297243.311224 46000 G07
-5424070.244380 19118039.804989 17552745.088433 50000 G14
3007113.051798 17384499.745310 20196659.451846 31000 G17
13569303.999016 18682810.835289 13367153.258894 34000 G19
-15406269.128552 20003807.506732 -3941126.566637 33000 R10
-6334875.689683 20878806.026175 13204298.851400 51000 R11
7975225.008218 7881402.664172 22928162.145744 36000 R12
-4165384.924844 13788597.063658 21062912.023829 51000 R21
6710989.349202 23626396.425865 6891495.258090 44000 R22
-14727940.571140 39463163.074541 -1100043.580932 45000 C03
-5047520.844307 38915939.963804 -14924263.506649 37000 C06
-9639871.070802 26432416.447572 31499620.735447 46000 C07
-18999343.973182 31472726.020221 -20860069.941720 40000 C08
-164516.144935 41275510.330033 -6128394.003339 0 C09
-687874.456562 28319293.559661 31639820.329575 41000 C10
-14500004.226967 32124176.622842 -23159323.651844 44000 C13
-5280226.001145 38432424.663774 -15751666.173888 0 C16
time 2025/01/17 09:56:25.000
-14584591.468068 4957257.116390 22077173.565249 35000 G02
-23023093.380984 11882102.025369 5396467.325324 31000 G03
-7472534.232554 21168304.722748 -13299729.839137 46000 G07
-5426030.541860 19119130.875394 17550922.129220 50000 G14
3004868.590828 17383438.284876 20197953.389626 31000 G17
13567740.583719 18682111.038700 13369648.848810 36000 G19
-15405849.472005 20003441.536146 -3944629.799733 32000 R10
-6335765.748909 20880384.932272 13201372.354930 51000 R11
7973487.837405 7884011.213023 22927870.585595 36000 R12
-4166514.608120 13785940.401550 21064425.690244 51000 R21
6710757.496931 23625472.520001 6894903.464984 43000 R22
-14727944.885823 39463161.874215 -1099979.323290 45000 C03
-5046486.622030 38915210.202213 -14926516.798153 38000 C06
-9640890.207076 26432288.510817 31499402.180903 46000 C07
-18999140.984109 31474335.022887 -20857838.088212 41000 C08
-163325.905431 41275121.004443 -6130879.993885 0 C09
-688824.692335 28318947.210440 31640081.329520 41000 C10
-14499922.163030 32125699.385228 -23157293.105396 43000 C13
-5279189.312966 38431632.163561 -15753920.947301 0 C16
time 2025/01/17 09:56:27.000
-14585647.440701 4951973.102659 22077750.474983 34000 G02
-23022170.621443 11880956.253784 5402754.492554 31000 G03
-7473470.335817 21164781.853211 -13304701.999528 45000 G07
-5429950.397958 19121312.952405 17547275.084789 50000 G14
3000379.066132 17381315.545759 20200540.012836 29000 G17
13564612.809137 18680711.251481 13374639.186720 36000 G19
-15405009.460945 20002708.296909 -3951635.983086 32000 R10
-6337544.820972 20883541.961623 13195518.410154 51000 R11
7970014.191059 7889228.629557 22927285.816427 36000 R12
-4168774.903727 13780626.799680 21067451.507065 51000 R21
6710293.011617 23623623.484702 6901719.381928 45000 R22
-14727953.515229 39463159.474182 -1099850.790424 45000 C03
-5044418.495746 38913750.218536 -14931023.139983 38000 C06
-9642928.536344 26432033.085370 31498964.571842 46000 C07
-18998734.304221 31477552.943076 -20853374.050879 41000 C08
-160945.596717 41274341.811658 -6135851.874100 0 C09
-690725.315610 28318254.937428 31640602.835415 41000 C10
-14499757.369045 32128744.874379 -23153231.643276 44000 C13
-5277116.281557 38430046.696531 -15758430.237533 0 C16
time 2025/01/17 09:56:28.000
-14586175.674414 4949331.099053 22078038.253239 34000 G02
-23021708.807949 11880382.978488 5405897.901874 32000 G03
-7473938.580909 21163019.977320 -13307187.631877 45000 G07
-5431909.956506 19122403.958894 17545450.999659 50000 G14
2998134.002488 17380254.267167 20201832.698219 29000 G17
13563048.449897 18680011.260969 13377133.934577 37000 G19
-15404589.106569 20002341.028200 -3955138.933210 30000 R10
-6338433.833847 20885120.084707 13192590.962004 51000 R11
7968277.715624 7891837.497071 22926992.607422 36000 R12
-4169905.516037 13777969.860123 21068963.657389 51000 R21
6710060.378465 23622698.355384 6905127.091792 45000 R22
-14727957.829949 39463158.274477 -1099786.515202 46000 C03
-5043384.591796 38913019.996489 -14933276.190260 38000 C06
-9643947.729288 26431905.596684 31498745.517327 46000 C07
-18998530.613414 31479161.860525 -20851141.867088 41000 C08
-159755.527571 41273951.944482 -6138337.763717 0 C09
-691675.703066 28317909.013652 31640863.341360 41000 C10
-14499674.639001 32130267.601072 -23151200.727637 44000 C13
-5276079.938424 38429253.729787 -15760684.754213 0 C16
time 2025/01/17 09:56:29.000
-14586704.073045 4946689.097715 22078325.580415 34000 G02
-23021246.705361 11879809.443473 5409041.194934 31000 G03
-7474406.955020 21161257.807409 -13309672.965589 45000 G07
-5433869.268687 19123494.943969 17543626.539298 50000 G14
2995888.738079 17379193.049302 20203124.966064 30000 G17
13561483.776036 18679311.205927 13379628.401643 37000 G19
-15404168.519725 20001973.326731 -3958641.788836 30000 R10
-6339322.497981 20886697.946624 13189663.196773 51000 R11
7966541.472068 7894446.470654 22926698.848811 35000 R12
-4171036.438010 13775312.828274 21070475.302276 51000 R21
6709827.484908 23621772.818359 6908534.635815 45000 R22
-14727962.144683 39463157.074978 -1099722.234119 45000 C03
-5042350.794000 38912289.620988 -14935529.160104 38000 C06
-9644966.941078 26431778.257359 31498526.296158 46000 C07
-18998326.688706 31480770.749500 -20848909.573225 41000 C08
-158565.515263 41273561.896792 -6140823.619665 0 C09
-692626.141043 28317563.231706 31641123.682636 41000 C10
-14499591.686925 32131790.315805 -23149169.688955 44000 C13
-5275043.710317 38428460.607539 -15762939.185367 0 C16
time 2025/01/17 09:56:30.000
-14587232.636590 4944047.098700 22078612.456507 34000 G02
-23020784.313730 11879235.648713 5412184.371625 31000 G03
-7474875.458183 21159495.343533 -13312158.000596 45000 G07
-5435828.334461 19124585.907571 17541801.703754 50000 G14
2993643.272930 17378131.892202 20204416.816356 29000 G17
13559918.787576 18678611.086412 13382122.587852 38000 G19
-15403747.700485 20001605.192474 -3962144.549885 30000 R10
-6340210.813390 20888275.547286 13186735.114542 51000 R11
7964805.460450 7897055.550210 22926404.540603 36000 R12
-4172167.669631 13772655.704241 21071986.441682 51000 R21
6709594.330894 23620846.873688 6911942.013898 46000 R22
-14727966.459428 39463155.875687 -1099657.947178 45000 C03
-5041317.102385 38911559.092050 -14937782.049495 37000 C06
-9645986.171688 26431651.067400 31498306.908336 46000 C07
-18998122.530099 31482379.609956 -20846677.169320 41000 C08
-157375.559831 41273171.668601 -6143309.441907 0 C09
-693576.629516 28317217.591597 31641383.859239 41000 C10
-14499508.512820 32133313.018536 -23147138.527253 44000 C13
-5274007.597291 38427667.329828 -15765193.530913 0 C16
time 2025/01/17 09:56:32.000
-14588290.258389 4938763.107912 22079184.855424 34000 G02
-23019858.663510 11878087.279820 5418470.375665 31000 G03
-7475812.851808 21155969.534060 -13317127.174295 45000 G07
-5439745.726689 19126767.770141 17538150.907261 50000 G14
2989151.740580 17376009.760482 20206999.264185 30000 G17
13556787.866905 18677210.654184 13387110.117498 38000 G19
-15402905.365099 20000867.625486 -3969149.787915 28000 R10
-6341986.398128 20891429.964536 13180877.999346 51000 R11
7961334.133215 7902274.026911 22925814.275423 36000 R12
-4174431.061798 13767341.179981 21075007.203915 51000 R21
6709127.241271 23618993.761625 6918756.271934 46000 R22
-14727975.088955 39463153.477725 -1099529.355720 45000 C03
-5039250.037783 38910097.573928 -14942287.586871 37000 C06
-9648024.689286 26431397.135585 31497867.632736 46000 C07
-18997713.511210 31485597.245196 -20842212.031395 41000 C08
-154995.819665 41272390.670734 -6148280.985294 0 C09
-695477.757868 28316526.736919 31641903.718423 41000 C10
-14499341.498528 32136358.387877 -23143075.834812 43000 C13
-5271935.716606 38426080.308113 -15769701.965053 0 C16
time 2025/01/17 09:56:33.000
-14588819.316629 4936121.116272 22079470.378240 34000 G02
-23019395.405010 11877512.705620 5421613.202882 30000 G03
-7476281.742337 21154206.188560 -13319611.312868 45000 G07
-5441704.053084 19127858.669001 17536324.946389 50000 G14
2986905.673461 17374948.785954 20208289.861675 29000 G17
13555221.934717 18676510.341579 13389603.460839 38000 G19
-15402483.849098 20000498.192705 -3972652.264703 28000 R10
-6342873.667499 20893006.780963 13177948.966520 51000 R11
7959598.817694 7904883.423891 22925518.318465 36000 R12
-4175563.222329 13764683.779943 21076516.826672 51000 R21
6708893.305552 23618066.594344 6922163.151725 46000 R22
-14727979.403736 39463152.279054 -1099465.051204 45000 C03
-5038216.664843 38909366.584775 -14944540.234829 37000 C06
-9649043.976230 26431270.393735 31497647.744960 46000 C07
-18997508.650935 31487206.019912 -20839979.297401 41000 C08
-153806.034989 41271999.901077 -6150766.706398 0 C09
-696428.397706 28316181.522365 31642163.400999 41000 C10
-14499257.658345 32137881.054421 -23141044.304098 44000 C13
-5270899.948958 38425286.564115 -15771956.053701 0 C16
time 2025/01/17 09:56:34.000
-14589348.539766 4933479.127153 22079755.449963 34000 G02
-7476750.762054 21152442.549289 -13322095.152505 45000 G07
-5443662.132966 19128949.546172 17534498.610481 49000 G14
2984659.405713 17373887.872348 20209580.041548 39000 G17
428542.961937 26219113.642296 -3021641.275519 37000 G30
-15402062.100995 20000128.327037 -3976154.646488 34000 R10
-6343760.588240 20894583.335827 13175019.616951 50000 R11
7957863.734278 7907492.926550 22925221.811934 42000 R12
-4176695.692480 13762026.288093 21078025.943805 51000 R21
6708659.109154 23617139.019633 6925569.865270 42000 R22
-14727983.718530 39463151.080591 -1099400.740831 46000 C03
-5037183.398156 38908635.442237 -14946792.802322 33000 C06
-9650063.281907 26431143.801261 31497427.690536 48000 C07
-18997303.556780 31488814.765968 -20837746.453417 39000 C08
-152616.307287 41271608.950946 -6153252.393762 0 C09
-697379.087962 28315836.449676 31642422.918899 41000 C10
-14499173.596139 32139403.708832 -23139012.650411 40000 C13
-5269864.296384 38424492.664647 -15774210.056903 33000 C16
time 2025/01/17 09:56:35.000
-14589877.927753 4930837.140819 22080040.070567 36000 G02
-23018468.021469 11876362.777565 5427898.507250 27000 G03
-7477219.910997 21150678.616282 -13324578.693166 46000 G07
-5445619.966286 19130040.401592 17532671.899593 49000 G14
2982412.937572 17372827.019803 20210869.803669 29000 G17
13552089.126734 18675109.523676 13394589.304239 39000 G19
-6344647.160348 20896159.629007 13172089.950785 51000 R11
7956128.883073 7910102.534715 22924924.755848 34000 R12
-4177828.472237 13759368.704544 21079534.555270 51000 R21
6708424.652027 23616211.037567 6928976.412420 46000 R22
-14727988.033335 39463149.882334 -1099336.424600 45000 C03
-5036150.237797 38907904.146365 -14949045.289224 37000 C06
-9651082.606295 26431017.358164 31497207.469464 46000 C07
-18997098.228748 31490423.483344 -20835513.499436 41000 C08
-151426.636599 41271217.820355 -6155738.047337 0 C09
-698329.828602 28315491.518863 31642682.272115 41000 C10
-14499089.311913 32140926.351086 -23136980.873751 44000 C13
-5268828.759229 38423698.609972 -15776463.973945 0 C16
time 2025/01/17 09:56:36.000
-14590407.480635 4928195.157071 22080324.240077 34000 G02
-7477689.189198 21148914.389599 -13327061.934778 45000 G07
-5447577.553043 19131131.235219 17530844.813738 49000 G14
2980166.268855 17371766.228258 20212159.148144 37000 G17
427698.351702 26218381.504540 -3027849.291934 37000 G30
-15401217.908717 19999387.296890 -3983159.125138 34000 R10
-6345533.383880 20897735.660483 13169159.967980 50000 R11
7954394.264054 7912712.248415 22924627.150201 41000 R12
-4178961.561604 13756711.029361 21081042.661046 51000 R21
6708189.934107 23615282.648170 6932382.793207 43000 R22
-14727992.348153 39463148.684284 -1099272.102513 45000 C03
-5035117.183722 38907172.697128 -14951297.695666 32000 C06
-9652101.949371 26430891.064448 31496987.081746 48000 C07
-18996892.666843 31492032.172003 -20833280.435475 39000 C08
-150237.022924 41270826.509304 -6158223.667171 0 C09
-699280.619622 28315146.729927 31642941.460651 41000 C10
-14499004.805669 32142448.981144 -23134948.974138 39000 C13
-5267793.337066 38422904.399762 -15778717.805797 34000 C16
time 2025/01/17 09:56:38.000
-14591467.080939 4922911.198187 22080891.225735 35000 G02
-23017074.780405 11874635.935767 5437325.588086 27000 G03
-7478628.133516 21145385.055356 -13332027.520679 45000 G07
-5451491.986713 19133312.836857 17527189.517320 49000 G14
2975672.330280 17369644.828553 20214736.583814 32000 G17
13547387.555911 18673007.815898 13402065.960412 39000 G19
-6347304.785226 20900886.937866 13163299.052985 51000 R11
7950925.722936 7917931.991832 22924030.290282 36000 R12
-4181228.669119 13751395.404517 21084057.355363 51000 R21
6707719.715691 23613424.647686 6939195.055074 46000 R22
-14728000.977823 39463146.288806 -1099143.440768 45000 C03
-5033051.394645 38905709.338716 -14955802.266841 37000 C06
-9654140.691515 26430638.925168 31496545.806371 46000 C07
-18996480.841433 31495249.463035 -20828813.977658 41000 C08
-147857.966786 41270043.345872 -6163194.805416 0 C09
-701182.352692 28314457.577725 31643459.343671 41000 C10
-14498835.127131 32145494.204573 -23130884.806057 43000 C13
time 2025/01/17 09:56:40.000
-14592527.340652 4917627.250853 22081456.406922 35000 G02
-23016144.509731 11873483.407725 5443609.723913 26000 G03
-7479567.595280 21141854.546955 -13336991.909739 45000 G07
-5455405.433750 19135494.350654 17523532.721530 49000 G14
2971177.590287 17367523.673584 20217312.348390 33000 G17
13544251.602951 18671606.357407 13407048.991299 39000 G19
-6349074.792466 20904037.167366 13157436.872469 51000 R11
7947458.111265 7923152.156200 22923431.232229 37000 R12
-4183497.014962 13746079.414317 21087070.026466 51000 R21
6707248.453462 23611565.018605 6946006.650295 46000 R22
-14728009.607541 39463143.894154 -1099014.755600 46000 C03
-5030986.031079 38904245.367107 -14960306.515804 37000 C06
-9656179.508159 26430387.383440 31496103.864422 46000 C07
-18996068.080582 31498466.638789 -20824347.080062 41000 C08
-145479.139063 41269259.460706 -6168165.808435 0 C09
-703084.287009 28313768.993128 31643976.567944 41000 C10
-14498664.560541 32148539.378847 -23126820.146273 44000 C13
time 2025/01/17 09:56:42.000
-14593588.259700 4912343.315666 22082019.783598 35000 G02
-23015213.084833 11872329.839231 5449893.391330 25000 G03
-7480507.574765 21138322.864769 -13341955.101511 45000 G07
-5459317.893922 19137675.776170 17519874.426679 50000 G14
2966682.049251 17365402.763739 20219886.441655 33000 G17
13541114.392207 18670204.643459 13412030.896419 38000 G19
-6350843.405764 20907186.348320 13151573.427030 51000 R11
7943991.429451 7928372.740817 22922829.976102 38000 R12
-4185766.599068 13740763.059523 21090080.674064 51000 R21
6706776.146983 23609703.761382 6952817.578184 46000 R22
-14728018.237306 39463141.500330 -1098886.047010 45000 C03
-5028921.093223 38902780.782438 -14964810.442418 36000 C06
-9658218.399129 26430136.439287 31495661.255906 46000 C07
-18995654.384326 31501683.698999 -20819879.742776 41000 C08
-143100.539972 41268474.853873 -6173136.676106 0 C09
-704986.422409 28313080.976192 31644493.133459 41000 C10
-14498493.105915 32151584.503711 -23122754.994873 44000 C13
time 2025/01/17 09:56:45.000
-14595180.874396 4904417.436789 22082861.465083 35000 G02
-23013813.784110 11870597.535076 5459318.012908 26000 G03
-7481918.515319 21133023.141482 -13349397.643263 45000 G07
-5465184.733308 19140947.747966 17514384.174334 50000 G14
2959937.236481 17362221.859387 20223744.447422 34000 G17
13536406.217976 18668101.594515 13419501.642382 37000 G19
-6353493.712451 20911908.152325 13142775.888365 51000 R11
7938793.151029 7936204.404289 22921923.970652 39000 R12
-4189173.296834 13732787.845375 21094592.850756 51000 R21
6706065.728336 23606908.823761 6963032.717334 46000 R22
-14728031.182040 39463137.911145 -1098692.940218 45000 C03
-5025824.485023 38900582.756213 -14971565.727747 36000 C06
-9661276.874566 26429761.143553 31494996.093337 46000 C07
-18995032.086129 31506509.072064 -20813177.912646 41000 C08
-139533.070525 41267296.590649 -6180592.723512 0 C09
-707840.002173 28312050.015276 31645266.746530 41000 C10
-14498234.258939 32156152.097807 -23116656.346173 44000 C13
time 2025/01/17 09:56:48.000
-14596774.972266 4896491.588151 22083699.086241 35000 G02
-23012411.888380 11868862.888399 5468741.577560 27000 G03
-7483330.622284 21127720.779332 -13356837.488564 46000 G07
-5471049.350974 19144219.518689 17508890.550819 49000 G14
2953190.623314 17359041.508665 20227598.691627 35000 G17
13531695.214359 18665997.973278 13426969.852984 36000 G19
-6356140.883746 20916627.593490 13133975.506784 51000 R11
7933596.966882 7944037.009675 22921013.019860 40000 R12
-4192582.780337 13724811.815152 21099100.472935 51000 R21
6705352.957660 23604110.225336 6973246.351299 45000 R22
-14728044.126879 39463134.323821 -1098499.780745 46000 C03
-5022728.835673 38898383.351302 -14978320.287257 36000 C06
-9664335.516260 26429387.192477 31494329.431039 46000 C07
-18994407.683460 31511334.183612 -20806475.093763 41000 C08
-135966.116689 41266116.704032 -6188048.465781 0 C09
-710694.033447 28311020.331913 31646038.877324 42000 C10
-14497973.413966 32160719.579288 -23110556.591820 45000 C13
time 2025/01/17 09:56:51.000
-14598370.553112 4888565.771489 22084532.646966 36000 G02
-23011007.398863 11867125.898322 5478164.083363 25000 G03
-7484743.896581 21122415.779610 -13364274.635883 46000 G07
-5476911.746135 19147491.086857 17503393.557188 49000 G14
2946442.210973 17355861.712856 20231449.173574 36000 G17
13526981.381747 18663893.781246 13434435.526775 35000 G19
-6358784.920233 20921344.669638 13125172.284200 51000 R11
7928402.878321 7951870.554704 22920097.123927 40000 R12
-4195995.049352 13716834.971426 21103603.539617 51000 R21
6704637.833477 23601307.967620 6983458.477857 46000 R22
-14728057.071820 39463130.738357 -1098306.568599 45000 C03
-5019634.145781 38896182.568130 -14985074.120609 36000 C06
-9667394.323615 26429014.586129 31493661.269043 46000 C07
-18993781.176435 31516159.032729 -20799771.286441 41000 C08
-132399.679213 41264935.194249 -6195503.902471 0 C09
-713548.515663 28309991.926300 31646809.525794 42000 C10
-14497710.571048 32165286.947280 -23104455.732118 44000 C13
time 2025/01/17 09:56:52.000
-14598902.742910 4885923.840007 22084809.598204 35000 G02
-23010538.659499 11866546.380718 5481304.683023 25000 G03
-7485215.247580 21120646.860465 -13366753.085173 46000 G07
-5478865.383835 19148581.564315 17501560.477239 49000 G14
2944192.340574 17354801.904450 20232731.831386 35000 G17
13525409.475611 18663192.257316 13436923.520721 35000 G19
-6359665.569207 20922916.502421 13122237.245667 51000 R11
7926671.981370 7954481.944811 22919790.726396 40000 R12
-4197133.091323 13714175.843178 21105103.549345 51000 R21
6704398.935492 23600373.068799 6986862.184685 47000 R22
-14728061.386824 39463129.543615 -1098242.152847 45000 C03
-5018602.795800 38895448.667530 -14987325.236973 35000 C06
-9668413.962778 26428890.682853 31493438.215116 46000 C07
-18993571.873146 31517767.257288 -20797536.464407 41000 C08
-131210.981580 41264540.996985 -6197988.980088 0 C09
-714500.109850 28309649.408405 31647066.079205 41000 C10
-14497622.512763 32166809.377906 -23102421.866637 44000 C13
time 2025/01/17 09:56:53.000
-14599435.097453 4883281.912335 22085086.098268 35000 G02
-23010069.632105 11865966.602590 5484445.164833 24000 G03
-7485686.728419 21118877.648444 -13369231.234465 46000 G07
-5480818.774477 19149672.019049 17499727.022987 49000 G14
2941942.270443 17353742.157888 20234014.071069 35000 G17
13523837.255197 18662490.670185 13439411.232590 34000 G19
-6360545.869956 20924488.072102 13119301.891749 51000 R11
7924941.317451 7957093.438993 22919483.779434 40000 R12
-4198271.442763 13711516.624922 21106603.052762 51000 R21
6704159.775787 23599437.763614 6990265.723698 47000 R22
-14728065.701838 39463128.349080 -1098177.731244 45000 C03
-5017571.552515 38894714.613853 -14989576.272602 35000 C06
-9669433.620262 26428766.929002 31493214.994560 46000 C07
-18993362.336056 31519375.452556 -20795301.532590 41000 C08
-130022.341437 41264146.619405 -6200474.023673 0 C09
-715451.754058 28309307.032510 31647322.467907 41000 C10
-14497534.232492 32168331.795795 -23100387.878381 44000 C13
time 2025/01/17 09:56:54.000
-14599967.616734 4880639.988542 22085362.147153 36000 G02
-23009600.316747 11865386.563933 5487585.528581 24000 G03
-7486158.339132 21117108.143606 -13371709.083689 46000 G07
-5482771.918028 19150762.451003 17497893.194472 49000 G14
2939692.000620 17352682.473216 20235295.892601 35000 G17
13522264.720526 18661789.019910 13441898.662317 33000 G19
-6361425.822500 20926059.378599 13116366.222523 51000 R11
7923210.886614 7959705.037165 22919176.283050 39000 R12
-4199410.103661 13708857.316755 21108102.049829 51000 R21
6703920.354308 23598502.052122 6993669.094806 47000 R22
-14728070.016864 39463127.154752 -1098113.303791 45000 C03
-5016540.415948 38893980.407114 -14991827.227488 34000 C06
-9670453.296042 26428643.324578 31492991.607376 46000 C07
-18993152.565171 31520983.618489 -20793066.491013 41000 C08
-128833.758802 41263752.061514 -6202959.033233 0 C09
-716403.448267 28308964.798623 31647578.691898 41000 C10
-14497445.730237 32169854.200909 -23098353.767369 44000 C13
time 2025/01/17 09:56:55.000
-14600500.300744 4877998.068695 22085637.744856 36000 G02
-23009130.713448 11864806.264688 5490725.774329 24000 G03
-7486630.079753 21115338.345989 -13374186.632800 46000 G07
-5484724.814466 19151852.860125 17496058.991729 49000 G14
2937441.531145 17351622.850480 20236577.295958 35000 G17
13520691.871613 18661087.306548 13444385.809849 33000 G19
-6362305.426864 20927630.421834 13113430.238051 51000 R11
7921480.688902 7962316.739251 22918868.237250 39000 R12
-4200549.074013 13706197.918766 21109600.540514 51000 R21
6703680.671000 23597565.934378 6997072.297935 47000 R22
-14728074.331901 39463125.960630 -1098048.870487 45000 C03
-5015509.386126 38893246.047331 -14994078.101609 35000 C06
-9671472.990097 26428519.869584 31492768.053566 46000 C07
-18992942.560494 31522591.755059 -20790831.339681 41000 C08
-127645.233694 41263357.323318 -6205444.008771 0 C09
-717355.192459 28308622.706750 31647834.751177 42000 C10
-14497357.005999 32171376.593220 -23096319.533606 44000 C13
time 2025/01/17 09:56:56.000
-14601033.149478 4875356.152847 22085912.891372 36000 G02
-23008660.822271 11864225.704843 5493865.901903 26000 G03
-7487101.950318 21113568.255639 -13376663.881744 46000 G07
-5486677.463765 19152943.246362 17494224.414794 49000 G14
2935190.862063 17350563.289726 20237858.281116 35000 G17
13519118.708453 18660385.530145 13446872.675162 32000 G19
-6363184.683070 20929201.201732 13110493.938400 51000 R11
7919750.724368 7964928.545157 22918559.642042 38000 R12
-4201688.353812 13703538.431046 21111098.524783 51000 R21
6703440.725808 23596629.410436 7000475.333010 47000 R22
-14728078.646949 39463124.766715 -1097984.431332 45000 C03
-5014478.463064 38892511.534514 -14996328.894968 34000 C06
-9672492.702409 26428396.564022 31492544.333129 46000 C07
-18992732.322030 31524199.862234 -20788596.078603 41000 C08
-126456.766144 41262962.404827 -6207928.950259 0 C09
-718306.986612 28308280.756898 31648090.645743 42000 C10
-14497268.059782 32172898.972700 -23094285.177098 44000 C13
time 2025/01/17 09:56:57.000
-14601566.162929 4872714.241066 22086187.586699 36000 G02
-23008190.643251 11863644.884353 5497005.911298 26000 G03
-7487573.950859 21111797.872610 -13379140.830458 46000 G07
-5488629.865892 19154033.609658 17492389.463707 49000 G14
2932939.993412 17349503.790997 20239138.848052 36000 G17
13517545.231073 18659683.690761 13449359.258184 32000 G19
-6364063.591139 20930771.718207 13107557.323646 51000 R11
7918020.993058 7967540.454807 22918250.497433 38000 R12
-4202827.943047 13700878.853695 21112596.002598 51000 R21
6703200.518677 23595692.480354 7003878.199942 47000 R22
-14728082.962008 39463123.573007 -1097919.986328 45000 C03
-5013447.646785 38891776.868681 -14998579.607551 34000 C06
-9673512.432953 26428273.407895 31492320.446068 46000 C07
-18992521.849783 31525807.939977 -20786360.707794 41000 C08
-125268.356169 41262567.306044 -6210413.857706 0 C09
-719258.830706 28307938.949074 31648346.375595 42000 C10
-14497178.891586 32174421.339311 -23092250.697862 44000 C13
time 2025/01/17 09:56:59.000
-14602632.683949 4867430.429957 22086735.623769 36000 G02
-23007249.421851 11862482.461297 5503285.575320 25000 G03
-7488518.342007 21108256.228698 -13384093.826974 46000 G07
-5492533.928519 19156214.267207 17488718.439238 49000 G14
2928437.657618 17347384.979826 20241698.727138 36000 G17
13514397.333674 18658279.823259 13454331.577197 29000 G19
-6365820.362954 20933911.960569 13101683.149113 51000 R11
7914562.230289 7972764.585013 22917630.560042 36000 R12
-4205108.049793 13695559.430478 21115589.438719 51000 R21
6702719.318382 23593817.401992 7010683.429051 48000 R22
-14728091.592160 39463121.186209 -1097791.078773 46000 C03
-5011386.334673 38890307.078030 -15003080.790329 35000 C06
-9675551.948652 26428027.543955 31491872.172075 47000 C07
-18992100.203958 31529024.007032 -20781889.637034 42000 C08
-122891.709103 41261776.567657 -6215383.570313 0 C09
-721162.668630 28307255.759538 31648857.341144 42000 C10
-14496999.889267 32177466.033804 -23088181.371248 45000 C13
time 2025/01/17 09:57:00.000
-14603166.191505 4864788.530751 22087008.965505 37000 G02
-23006778.379565 11861900.858670 5506425.229788 26000 G03
-7488990.732683 21106484.967908 -13386569.874669 45000 G07
-5494485.588970 19157304.561356 17486882.365924 49000 G14
2926186.190540 17346325.667465 20242978.039252 36000 G17
13512822.913716 18657577.795265 13456817.313032 28000 G19
-6366698.226746 20935481.686301 13098745.589465 51000 R11
7912833.198922 7975376.805409 22917319.767274 36000 R12
-4206248.567292 13692899.584793 21117085.396959 51000 R21
6702478.325107 23592879.253822 7014085.791078 48000 R22
-14728095.907253 39463119.993120 -1097726.616222 45000 C03
-5010355.838886 38889571.953244 -15005331.260496 34000 C06
-9676571.733766 26427904.836146 31491647.785145 46000 C07
-18991889.030387 31530631.996283 -20779653.937096 41000 C08
-121703.472039 41261380.928060 -6217868.375497 0 C09
-722114.662424 28306914.377840 31649112.576841 42000 C10
-14496910.055147 32178988.361626 -23086146.523883 45000 C13
time 2025/01/17 09:57:01.000
-14603699.863745 4862146.635885 22087281.856035 37000 G02
-23006307.049628 11861318.995283 5509564.765715 24000 G03
-7489463.253471 21104713.414632 -13389045.621903 46000 G07
-5496437.002130 19158394.832342 17485045.918619 49000 G14
2923934.524091 17345266.417328 20244256.933032 38000 G17
13511248.179643 18656875.704534 13459302.766288 28000 G19
-6367575.742486 20937051.148285 13095807.715005 51000 R11
7911104.400977 7977989.129204 22917008.425138 35000 R12
-4207389.394190 13690239.649864 21118580.848595 51000 R21
6702237.069676 23591940.699739 7017487.984623 48000 R22
-14728100.222356 39463118.800237 -1097662.147823 45000 C03
-5009325.449973 38888836.675506 -15007581.649835 33000 C06
-9677591.537021 26427782.277784 31491423.231595 46000 C07
-18991677.623052 31532239.955961 -20777418.127481 41000 C08
-120515.292674 41260985.108210 -6220353.146550 0 C09
-723066.706075 28306573.138198 31649367.647816 42000 C10
-14496819.999058 32180510.676446 -23084111.553841 44000 C13
time 2025/01/17 09:57:02.000
-14604233.700665 4859504.745397 22087554.295357 34000 G02
-23005835.432065 11860736.871078 5512704.183161 24000 G03
-7489935.904408 21102941.568906 -13391521.068637 45000 G07
-5498388.167984 19159485.080118 17483209.097351 49000 G14
2921682.658284 17344207.229448 20245535.408471 35000 G17
13509673.131427 18656173.551101 13461787.936976 30000 G19
-6368452.910202 20938620.346452 13092869.525784 51000 R11
7909375.836483 7980601.556340 22916696.533636 33000 R12
-4208530.530488 13687579.625767 21120075.793602 51000 R21
6701995.552032 23591001.739791 7020890.009636 47000 R22
-14728104.537470 39463117.607561 -1097597.673575 45000 C03
-5008295.167951 38888101.244826 -15009831.958346 33000 C06
-9678611.358404 26427659.868868 31491198.511425 46000 C07
-18991465.981955 31533847.886043 -20775182.208188 41000 C08
-119327.171017 41260589.108110 -6222837.883491 0 C09
-724018.799564 28306232.040618 31649622.554069 41000 C10
-14496729.720999 32182032.978244 -23082076.461119 44000 C13
time 2025/01/17 09:57:05.000
-14605836.199422 4851579.100909 22088368.906033 37000 G02
-7491354.638437 21097624.277569 -13398945.605190 46000 G07
-5504240.181382 19162755.683615 17477696.390184 49000 G14
2914925.865300 17341030.039878 20249368.324413 35000 G17
13504946.102064 18654066.715147 13469241.753119 31000 G19
-6371082.325402 20943326.357198 13084053.070346 51000 R11
7904191.544241 7988439.456888 22915757.563028 34000 R12
-4211955.795663 13679599.019490 21124557.588453 51000 R21
6701269.425286 23588182.425350 7031095.072545 47000 R22
-14728117.482879 39463114.030771 -1097404.215749 45000 C03
-5005204.963511 38885894.035331 -15016582.398674 33000 C06
-9681670.931070 26427293.538831 31490523.351210 46000 C07
-18990829.656140 31538671.498338 -20768473.792404 41000 C08
-115763.152625 41259400.026412 -6230291.889374 0 C09
-726875.378842 28305209.600333 31650386.284471 42000 C10
-14496457.555034 32186599.805136 -23075970.447028 44000 C13
time 2025/01/17 09:57:07.000
-14606905.355177 4846295.361069 22088909.723703 38000 G02
-7492301.112484 21094077.955336 -13403893.792648 46000 G07
-5508140.286578 19164935.968884 17474019.382977 49000 G14
2910420.340734 17338912.225672 20251921.509507 36000 G17
-6372833.529141 20946462.377117 13078173.860913 51000 R11
7900736.517577 7993665.239053 22915128.835945 36000 R12
-4214240.852608 13674278.171238 21127542.917864 51000 R21
6700784.028729 23586300.854114 7037897.603586 46000 R22
-14728126.113206 39463111.647276 -1097275.214630 45000 C03
-5003145.362112 38884421.797934 -15021082.287804 34000 C06
-9683710.736403 26427050.066089 31490072.411321 46000 C07
-18990404.270202 31541887.091247 -20764000.967061 41000 C08
-113387.429417 41258606.404187 -6235261.055765 0 C09
-728780.013840 28304528.683918 31650894.614429 42000 C10
-14496275.001252 32189644.290679 -23071899.157783 44000 C13
time 2025/01/17 09:57:09.000
-14607975.169471 4841011.640300 22089448.736451 38000 G02
-7493248.107936 21090530.464480 -13408840.776714 46000 G07
-5512039.401853 19167116.159993 17470340.880856 49000 G14
2905914.019846 17336794.661637 20254473.020611 37000 G17
-6374583.341304 20949597.339821 13072293.394167 51000 R11
7897282.425871 7998891.432572 22914497.911588 36000 R12
-4216527.146937 13668956.968622 21130526.219880 51000 R21
6700297.582015 23584417.660780 7044699.458483 45000 R22
-14728134.743575 39463109.264607 -1097146.190127 45000 C03
-5001086.188832 38882948.949158 -15025581.853294 33000 C06
-9685750.613709 26426807.191198 31489620.804979 47000 C07
-18989977.949325 31545102.564938 -20759527.703312 41000 C08
-111011.937713 41257812.061167 -6240230.085310 0 C09
-730684.847692 28303848.335925 31651402.285458 42000 C10
-14496091.559643 32192688.723337 -23067827.378104 44000 C13
