% program   : RTKLIB ver.2.4.3
% inp file  : F:\GNSSdata\GNSS Receiver\20250117\2\919947202517r.obs
% inp file  : F:\GNSSdata\GNSS Receiver\20250117\1\BRD400DLR_S_20250170000_01D_MN.nav
% obs start : 2025/01/17 09:00:26.0 GPST (week2349 464426.0s)
% obs end   : 2025/01/17 09:57:09.0 GPST (week2349 467829.0s)
% pos mode  : Single
% elev mask : 10.0 deg
% ionos opt : Broadcast
% tropo opt : Saastamoinen
% ephemeris : Broadcast
% navi sys  : GPS GLONASS Galileo BDS
%
% (x/y/z-ecef=WGS84,Q=1:fix,2:float,3:sbas,4:dgps,5:single,6:ppp,ns=# of satellites)
%  GPST                      x-ecef(m)      y-ecef(m)      z-ecef(m)   Q  ns   sdx(m)   sdy(m)   sdz(m)  sdxy(m)  sdyz(m)  sdzx(m) age(s)  ratio    vx(m/s)    vy(m/s)    vz(m/s)      sdvx     sdvy     sdvz    sdvxy    sdvyz    sdvzx
2025/01/17 09:00:26.000  -2743909.4243   4701342.9269   3312906.6939   5  13   6.2396  16.5486   7.3564  -8.6367  10.7078  -5.7995   0.00    0.0   -0.04761   -0.22498   -0.00626   0.26506  0.66838  0.30787 -0.32241  0.43432 -0.22617
2025/01/17 09:00:27.000  -2743906.5598   4701341.0014   3312905.0509   5  13   6.2419  16.5523   7.3572  -8.6406  10.7098  -5.8016   0.00    0.0    0.52583    1.44806    0.22177   0.26512  0.66845  0.30786 -0.32252  0.43433 -0.22621
2025/01/17 09:00:28.000  -2743908.2704   4701337.2137   3312904.8507   5  13   6.2443  16.5561   7.3580  -8.6445  10.7117  -5.8037   0.00    0.0    0.15538    0.45310    0.07194   0.26518  0.66853  0.30784 -0.32263  0.43435 -0.22625
2025/01/17 09:00:29.000  -2743907.0745   4701335.2286   3312903.7814   5  13   6.2467  16.5599   7.3588  -8.6484  10.7137  -5.8058   0.00    0.0   -0.06626    0.18286    0.06044   0.26523  0.66860  0.30782 -0.32273  0.43436 -0.22629
2025/01/17 09:00:30.000  -2743907.1543   4701333.3614   3312903.0244   5  13   6.2491  16.5637   7.3596  -8.6524  10.7157  -5.8079   0.00    0.0   -0.08266   -0.14074   -0.02567   0.26529  0.66867  0.30780 -0.32284  0.43438 -0.22634
2025/01/17 09:00:40.000  -2743910.3597   4701312.7263   3312895.8972   5  14   5.1383  15.6706   6.9243  -7.4715  10.0723  -4.9920   0.00    0.0    0.08059   -0.78307   -0.21334   0.20703  0.62522  0.28760 -0.25500  0.40335 -0.18223
2025/01/17 09:00:41.000  -2743899.1657   4701292.8175   3312887.3805   5  14   5.1400  15.6735   6.9248  -7.4748  10.0738  -4.9937   0.00    0.0    0.82292    1.53662    0.20645   0.20707  0.62526  0.28758 -0.25508  0.40335 -0.18227
2025/01/17 09:00:42.000  -2743889.1169   4701285.8123   3312882.2502   5  14   5.1418  15.6764   6.9254  -7.4780  10.0753  -4.9955   0.00    0.0    0.84249    2.90486    0.48531   0.20711  0.62530  0.28756 -0.25516  0.40335 -0.18230
2025/01/17 09:00:43.000  -2743881.0310   4701284.6803   3312879.2840   5  14   5.1436  15.6793   6.9259  -7.4812  10.0767  -4.9972   0.00    0.0    0.44319    4.93357    1.10011   0.20715  0.62534  0.28754 -0.25524  0.40335 -0.18234
2025/01/17 09:00:44.000  -2743888.2256   4701283.3019   3312881.3796   5  13   7.3533  15.7665   7.0610  -6.8894   9.9668  -5.6740   0.00    0.0   -2.78465    3.24919    1.62702   0.22368  0.68109  0.29077 -0.20603  0.41760 -0.17205
2025/01/17 09:00:45.000  -2743905.6941   4701303.3892   3312892.2195   5  12   9.1758  16.6205   7.7089  -8.7355  10.7519  -7.0126   0.00    0.0    0.23577   -0.17749   -0.08031   0.28928  0.70937  0.30862 -0.28066  0.44147 -0.22043
2025/01/17 09:00:46.000  -2743905.6649   4701302.2927   3312892.1445   5  12   9.1767  16.6243   7.7092  -8.7385  10.7536  -7.0134   0.00    0.0    0.02655    0.22588    0.09959   0.28931  0.70953  0.30861 -0.28075  0.44152 -0.22045
2025/01/17 09:00:47.000  -2743905.9107   4701300.9771   3312891.9079   5  12   9.1777  16.6281   7.7095  -8.7416  10.7553  -7.0143   0.00    0.0    0.08888    0.05490   -0.02627   0.28934  0.70968  0.30860 -0.28085  0.44156 -0.22047
2025/01/17 09:00:48.000  -2743906.8130   4701303.6480   3312892.6264   5  12   9.1786  16.6319   7.7098  -8.7446  10.7571  -7.0151   0.00    0.0   -0.03603   -0.01835    0.00231   0.28936  0.70983  0.30859 -0.28095  0.44161 -0.22050
2025/01/17 09:00:49.000  -2743906.6668   4701305.9736   3312893.3077   5  12   9.1795  16.6356   7.7101  -8.7476  10.7588  -7.0159   0.00    0.0    0.08272   -0.29734   -0.07229   0.28939  0.70999  0.30858 -0.28105  0.44166 -0.22052
2025/01/17 09:00:50.000  -2743907.0872   4701307.0500   3312893.4430   5  12   9.1804  16.6394   7.7104  -8.7506  10.7605  -7.0168   0.00    0.0   -0.17572    0.12983    0.07751   0.28942  0.71014  0.30857 -0.28114  0.44170 -0.22054
2025/01/17 09:00:51.000  -2743907.0186   4701307.5742   3312893.7244   5  12   9.1814  16.6432   7.7107  -8.7536  10.7622  -7.0176   0.00    0.0    0.01134   -0.21013   -0.02712   0.28944  0.71030  0.30856 -0.28124  0.44175 -0.22056
2025/01/17 09:00:52.000  -2743907.6794   4701307.2677   3312893.7723   5  12   9.1823  16.6469   7.7110  -8.7566  10.7639  -7.0184   0.00    0.0   -0.08925   -0.65308   -0.14817   0.28947  0.71045  0.30855 -0.28134  0.44180 -0.22058
2025/01/17 09:00:53.000  -2743907.9025   4701306.1412   3312893.6911   5  12   9.1832  16.6507   7.7113  -8.7596  10.7656  -7.0192   0.00    0.0   -0.05122    0.12384    0.02652   0.28950  0.71061  0.30854 -0.28144  0.44185 -0.22060
2025/01/17 09:00:54.000  -2743908.8574   4701307.1884   3312894.2457   5  12   9.1842  16.6545   7.7116  -8.7626  10.7673  -7.0201   0.00    0.0   -0.00501    0.66181    0.13583   0.28952  0.71076  0.30853 -0.28153  0.44189 -0.22062
2025/01/17 09:00:55.000  -2743908.2203   4701305.9780   3312893.6484   5  12   9.1851  16.6583   7.7119  -8.7656  10.7690  -7.0209   0.00    0.0    0.17713   -0.22574   -0.12019   0.28955  0.71092  0.30852 -0.28163  0.44194 -0.22065
2025/01/17 09:22:35.000  -2743944.3017   4701359.6270   3312933.5138   5  14   6.8828  10.4963   3.5456  -5.0634   5.3547  -3.5095   0.00    0.0   -0.01448    0.07818   -0.00200   0.25328  0.44263  0.13791 -0.20138  0.20019 -0.13461
2025/01/17 09:22:36.000  -2743944.4138   4701358.7702   3312933.3263   5  14   6.8825  10.4975   3.5454  -5.0642   5.3550  -3.5093   0.00    0.0    0.03601    0.21322    0.01112   0.25330  0.44272  0.13791 -0.20145  0.20023 -0.13463
2025/01/17 09:22:37.000  -2743944.6724   4701359.2216   3312933.5012   5  14   6.8822  10.4987   3.5452  -5.0649   5.3553  -3.5090   0.00    0.0   -0.07070    0.09262    0.01815   0.25332  0.44281  0.13792 -0.20152  0.20027 -0.13464
2025/01/17 09:22:38.000  -2743945.4826   4701360.1073   3312933.7964   5  14   6.8819  10.4999   3.5451  -5.0656   5.3555  -3.5088   0.00    0.0    0.00331    0.03331    0.01958   0.25334  0.44290  0.13793 -0.20159  0.20031 -0.13465
2025/01/17 09:22:39.000  -2743945.7178   4701360.5163   3312933.7127   5  14   6.8817  10.5011   3.5449  -5.0664   5.3558  -3.5085   0.00    0.0   -0.05562    0.18829    0.04139   0.25336  0.44300  0.13793 -0.20166  0.20035 -0.13467
2025/01/17 09:22:40.000  -2743945.6192   4701359.6383   3312933.6874   5  14   6.8814  10.5023   3.5447  -5.0671   5.3561  -3.5083   0.00    0.0   -0.02152   -0.03983   -0.05563   0.25338  0.44309  0.13794 -0.20173  0.20039 -0.13468
2025/01/17 09:22:41.000  -2743945.4588   4701360.1503   3312933.8792   5  14   6.8811  10.5035   3.5445  -5.0679   5.3564  -3.5080   0.00    0.0    0.01015   -0.09020   -0.01187   0.25340  0.44318  0.13795 -0.20179  0.20043 -0.13469
2025/01/17 09:22:42.000  -2743945.7216   4701359.4114   3312933.5363   5  14   6.8808  10.5047   3.5443  -5.0686   5.3567  -3.5078   0.00    0.0    0.05704   -0.12596    0.00502   0.25342  0.44327  0.13795 -0.20186  0.20047 -0.13470
2025/01/17 09:22:43.000  -2743945.8165   4701360.3655   3312933.9191   5  14   6.8806  10.5058   3.5441  -5.0693   5.3569  -3.5075   0.00    0.0   -0.01453   -0.28306   -0.05901   0.25344  0.44336  0.13796 -0.20193  0.20051 -0.13472
2025/01/17 09:22:44.000  -2743946.1153   4701361.0971   3312934.1379   5  14   6.8803  10.5070   3.5439  -5.0701   5.3572  -3.5073   0.00    0.0   -0.05453    0.03617    0.00575   0.25346  0.44345  0.13796 -0.20200  0.20055 -0.13473
2025/01/17 09:22:45.000  -2743947.3565   4701361.5262   3312934.4881   5  14   6.8800  10.5082   3.5438  -5.0708   5.3575  -3.5070   0.00    0.0    0.08151   -0.25472   -0.05019   0.25348  0.44354  0.13797 -0.20207  0.20059 -0.13474
2025/01/17 09:22:46.000  -2743947.8170   4701361.5419   3312934.6191   5  14   6.8797  10.5094   3.5436  -5.0715   5.3578  -3.5067   0.00    0.0    0.00933    0.14428    0.00542   0.25349  0.44363  0.13798 -0.20213  0.20063 -0.13476
2025/01/17 09:22:47.000  -2743947.2473   4701361.8791   3312934.7843   5  14   6.8794  10.5106   3.5434  -5.0723   5.3581  -3.5065   0.00    0.0    0.07831   -0.29428   -0.06300   0.25351  0.44372  0.13798 -0.20220  0.20067 -0.13477
2025/01/17 09:22:48.000  -2743946.9120   4701362.2832   3312934.9336   5  14   6.8792  10.5118   3.5432  -5.0730   5.3583  -3.5062   0.00    0.0    0.01797    0.07317   -0.01377   0.25353  0.44382  0.13799 -0.20227  0.20071 -0.13478
2025/01/17 09:22:49.000  -2743947.1823   4701362.7819   3312934.8364   5  14   6.8789  10.5130   3.5430  -5.0737   5.3586  -3.5060   0.00    0.0   -0.03117    0.20582    0.03535   0.25355  0.44391  0.13800 -0.20234  0.20075 -0.13479
2025/01/17 09:22:50.000  -2743947.1615   4701364.5773   3312935.1224   5  14   6.8786  10.5142   3.5428  -5.0745   5.3589  -3.5057   0.00    0.0    0.00122    0.21273    0.02414   0.25357  0.44400  0.13800 -0.20241  0.20079 -0.13481
2025/01/17 09:22:51.000  -2743947.5944   4701364.9061   3312935.2256   5  14   6.8783  10.5154   3.5426  -5.0752   5.3592  -3.5055   0.00    0.0    0.04387   -0.14396   -0.01168   0.25359  0.44409  0.13801 -0.20247  0.20083 -0.13482
2025/01/17 09:22:52.000  -2743947.9657   4701364.3992   3312934.9912   5  14   6.8780  10.5165   3.5424  -5.0759   5.3594  -3.5052   0.00    0.0    0.02128   -0.07554   -0.04032   0.25361  0.44418  0.13802 -0.20254  0.20087 -0.13483
2025/01/17 09:22:53.000  -2743946.8034   4701365.1235   3312935.0146   5  14   6.8778  10.5177   3.5423  -5.0766   5.3597  -3.5049   0.00    0.0    0.03031   -0.09048   -0.01807   0.25363  0.44427  0.13802 -0.20261  0.20091 -0.13484
2025/01/17 09:22:54.000  -2743946.3326   4701364.7217   3312934.6587   5  14   6.8775  10.5189   3.5421  -5.0773   5.3600  -3.5047   0.00    0.0   -0.01019    0.15026    0.03653   0.25365  0.44436  0.13803 -0.20268  0.20095 -0.13486
2025/01/17 09:22:55.000  -2743945.6315   4701364.4613   3312934.2782   5  14   6.8772  10.5201   3.5419  -5.0781   5.3603  -3.5044   0.00    0.0    0.00489    0.11076    0.01127   0.25367  0.44445  0.13803 -0.20274  0.20099 -0.13487
2025/01/17 09:22:56.000  -2743945.0595   4701365.5808   3312934.7220   5  14   6.8769  10.5213   3.5417  -5.0788   5.3605  -3.5042   0.00    0.0    0.04095    0.13594   -0.03678   0.25368  0.44454  0.13804 -0.20281  0.20103 -0.13488
2025/01/17 09:22:57.000  -2743944.6491   4701367.6008   3312934.6540   5  14   6.8766  10.5224   3.5415  -5.0795   5.3608  -3.5039   0.00    0.0   -0.07040    0.10494    0.03359   0.25370  0.44463  0.13805 -0.20288  0.20107 -0.13489
2025/01/17 09:22:58.000  -2743943.6964   4701361.1285   3312932.3920   5  15   6.7950   8.8674   2.9695  -4.4531   4.2198  -3.2000   0.00    0.0    0.00527   -0.03401   -0.03938   0.25268  0.37693  0.11568 -0.18914  0.15054 -0.12834
2025/01/17 09:22:59.000  -2743943.8256   4701361.9735   3312932.9717   5  15   6.7947   8.8685   2.9694  -4.4539   4.2201  -3.1998   0.00    0.0    0.13853   -0.09593    0.05733   0.25270  0.37701  0.11568 -0.18920  0.15057 -0.12835
2025/01/17 09:23:04.000  -2743941.6524   4701359.8226   3312930.8617   5  14   6.8190   8.8848   3.0098  -4.4293   4.1962  -3.2441   0.00    0.0    0.00917   -0.25467    0.00110   0.25384  0.38541  0.11593 -0.19421  0.14889 -0.12775
2025/01/17 09:23:05.000  -2743941.8240   4701358.3962   3312930.6100   5  14   6.8188   8.8859   3.0096  -4.4302   4.1966  -3.2439   0.00    0.0   -0.02485    0.18791    0.01036   0.25386  0.38549  0.11593 -0.19427  0.14893 -0.12776
2025/01/17 09:23:06.000  -2743940.7002   4701358.7410   3312930.4900   5  14   6.8185   8.8870   3.0095  -4.4310   4.1969  -3.2437   0.00    0.0   -0.09227    0.04791    0.02057   0.25388  0.38556  0.11594 -0.19433  0.14897 -0.12777
2025/01/17 09:23:07.000  -2743939.2935   4701360.5063   3312930.2392   5  14   6.8183   8.8881   3.0093  -4.4319   4.1973  -3.2435   0.00    0.0    0.03655   -0.73443   -0.04233   0.25389  0.38564  0.11594 -0.19438  0.14901 -0.12778
2025/01/17 09:23:08.000  -2743938.3453   4701359.3948   3312930.0978   5  14   6.8180   8.8892   3.0092  -4.4328   4.1976  -3.2433   0.00    0.0   -0.06423    0.00173    0.04149   0.25391  0.38572  0.11595 -0.19444  0.14904 -0.12779
2025/01/17 09:23:09.000  -2743943.8187   4701347.3476   3312930.0464   5  13   6.9888   9.5341   3.0093  -3.7901   4.2145  -3.2335   0.00    0.0   -0.05543   -0.04547   -0.02728   0.25480  0.42123  0.11632 -0.20346  0.15424 -0.12856
2025/01/17 09:23:10.000  -2743944.4554   4701345.1668   3312930.1245   5  13   6.9885   9.5352   3.0092  -3.7910   4.2149  -3.2333   0.00    0.0   -0.09324    0.05254    0.07323   0.25482  0.42132  0.11633 -0.20352  0.15428 -0.12857
2025/01/17 09:23:11.000  -2743944.7032   4701342.9329   3312930.1446   5  13   6.9883   9.5364   3.0091  -3.7920   4.2153  -3.2330   0.00    0.0    0.03484    0.14896   -0.03064   0.25483  0.42140  0.11633 -0.20358  0.15432 -0.12858
2025/01/17 09:23:12.000  -2743945.4480   4701342.4811   3312930.3526   5  13   6.9880   9.5376   3.0089  -3.7929   4.2156  -3.2328   0.00    0.0   -0.15850    0.02114    0.06753   0.25485  0.42149  0.11633 -0.20363  0.15436 -0.12858
2025/01/17 09:23:13.000  -2743946.8168   4701343.3393   3312930.4864   5  13   6.9878   9.5387   3.0088  -3.7939   4.2160  -3.2326   0.00    0.0    0.04482   -0.01651   -0.01043   0.25487  0.42158  0.11634 -0.20369  0.15439 -0.12859
2025/01/17 09:23:14.000  -2743946.9852   4701344.8179   3312930.7756   5  13   6.9875   9.5399   3.0087  -3.7948   4.2164  -3.2324   0.00    0.0   -0.01303    0.09081    0.00063   0.25488  0.42166  0.11634 -0.20375  0.15443 -0.12860
2025/01/17 09:23:15.000  -2743938.1021   4701345.0182   3312929.9663   5  14   5.7385   9.5268   2.9728  -3.5115   4.1881  -2.9333   0.00    0.0   -0.07542    0.06758    0.03883   0.20037  0.40882  0.11087 -0.15877  0.14214 -0.10479
2025/01/17 09:23:16.000  -2743938.8922   4701345.8206   3312930.1113   5  14   5.7385   9.5280   2.9727  -3.5126   4.1885  -2.9334   0.00    0.0    0.03390    0.06817    0.02288   0.20039  0.40890  0.11088 -0.15883  0.14218 -0.10480
2025/01/17 09:23:17.000  -2743939.2460   4701346.4323   3312929.9557   5  14   5.7386   9.5292   2.9727  -3.5136   4.1889  -2.9334   0.00    0.0   -0.02255   -0.09629    0.00876   0.20040  0.40898  0.11088 -0.15888  0.14222 -0.10482
2025/01/17 09:23:18.000  -2743938.2393   4701346.7761   3312929.9355   5  14   5.7387   9.5303   2.9726  -3.5147   4.1893  -2.9334   0.00    0.0   -0.11047    0.04752    0.00245   0.20042  0.40906  0.11089 -0.15893  0.14226 -0.10483
2025/01/17 09:23:19.000  -2743937.4059   4701347.0765   3312929.8347   5  14   5.7388   9.5315   2.9725  -3.5157   4.1897  -2.9335   0.00    0.0   -0.04198    0.06016    0.02456   0.20044  0.40914  0.11090 -0.15898  0.14230 -0.10485
2025/01/17 09:23:20.000  -2743936.1955   4701346.1353   3312929.2782   5  14   5.7389   9.5326   2.9724  -3.5168   4.1901  -2.9335   0.00    0.0    0.10800   -0.34538   -0.05575   0.20046  0.40922  0.11090 -0.15904  0.14234 -0.10486
2025/01/17 09:23:21.000  -2743935.6208   4701344.5203   3312929.0245   5  14   5.7389   9.5338   2.9723  -3.5178   4.1905  -2.9335   0.00    0.0    0.06221    0.01050   -0.05393   0.20047  0.40929  0.11091 -0.15909  0.14238 -0.10488
2025/01/17 09:23:22.000  -2743934.5441   4701345.2887   3312928.7757   5  14   5.7390   9.5350   2.9722  -3.5189   4.1908  -2.9336   0.00    0.0   -0.02063   -0.12293   -0.03297   0.20049  0.40937  0.11092 -0.15914  0.14242 -0.10489
2025/01/17 09:23:23.000  -2743933.7029   4701345.9210   3312928.4072   5  14   5.7391   9.5361   2.9721  -3.5199   4.1912  -2.9336   0.00    0.0    0.01098   -0.00255    0.01086   0.20051  0.40945  0.11092 -0.15919  0.14246 -0.10490
2025/01/17 09:23:24.000  -2743932.5902   4701346.9604   3312928.1888   5  14   5.7392   9.5373   2.9721  -3.5210   4.1916  -2.9336   0.00    0.0    0.01817   -0.00137    0.00474   0.20053  0.40953  0.11093 -0.15925  0.14249 -0.10492
2025/01/17 09:23:25.000  -2743930.6481   4701346.1395   3312927.5140   5  14   5.7393   9.5384   2.9720  -3.5220   4.1920  -2.9337   0.00    0.0    0.08442   -0.04945   -0.04412   0.20054  0.40961  0.11094 -0.15930  0.14253 -0.10493
2025/01/17 09:23:26.000  -2743930.1700   4701346.2847   3312927.3504   5  14   5.7393   9.5396   2.9719  -3.5230   4.1924  -2.9337   0.00    0.0   -0.00075    0.05521    0.04543   0.20056  0.40969  0.11094 -0.15935  0.14257 -0.10495
2025/01/17 09:23:27.000  -2743928.9932   4701346.9357   3312927.1364   5  14   5.7394   9.5407   2.9718  -3.5241   4.1928  -2.9337   0.00    0.0    0.04176   -0.10072    0.00549   0.20058  0.40977  0.11095 -0.15940  0.14261 -0.10496
2025/01/17 09:23:28.000  -2743927.9025   4701347.3879   3312926.8909   5  14   5.7395   9.5419   2.9717  -3.5251   4.1932  -2.9337   0.00    0.0    0.06943   -0.04357   -0.05579   0.20060  0.40985  0.11096 -0.15946  0.14265 -0.10497
2025/01/17 09:23:29.000  -2743926.6530   4701349.4037   3312926.7596   5  15   5.6915   9.4515   2.9382  -3.6622   4.2629  -2.8771   0.00    0.0    0.00773   -0.10075    0.00142   0.20053  0.39862  0.11050 -0.15778  0.14603 -0.10526
2025/01/17 09:23:30.000  -2743925.5480   4701347.7222   3312926.1352   5  15   5.6915   9.4527   2.9381  -3.6632   4.2632  -2.8771   0.00    0.0   -0.05132    0.04319    0.04855   0.20055  0.39870  0.11051 -0.15784  0.14607 -0.10528
2025/01/17 09:23:31.000  -2743925.4856   4701347.5495   3312926.1719   5  15   5.6916   9.4539   2.9380  -3.6642   4.2636  -2.8771   0.00    0.0   -0.01179   -0.00553    0.04007   0.20057  0.39878  0.11051 -0.15789  0.14611 -0.10529
2025/01/17 09:23:32.000  -2743926.3109   4701347.1185   3312926.2292   5  15   5.6917   9.4551   2.9379  -3.6652   4.2640  -2.8771   0.00    0.0    0.12625   -0.13398   -0.04130   0.20059  0.39886  0.11052 -0.15795  0.14615 -0.10530
2025/01/17 09:23:33.000  -2743926.0433   4701347.3725   3312926.4442   5  15   5.6917   9.4563   2.9378  -3.6662   4.2644  -2.8771   0.00    0.0   -0.03429    0.04615    0.01417   0.20061  0.39894  0.11053 -0.15800  0.14619 -0.10532
2025/01/17 09:23:34.000  -2743925.3533   4701346.1885   3312926.5343   5  15   5.6918   9.4575   2.9378  -3.6673   4.2647  -2.8771   0.00    0.0    0.10867   -0.23173    0.02312   0.20062  0.39902  0.11053 -0.15806  0.14623 -0.10533
2025/01/17 09:23:35.000  -2743927.0900   4701345.0605   3312927.4583   5  15   5.6918   9.4587   2.9377  -3.6683   4.2651  -2.8771   0.00    0.0   -0.18679   -0.27968    0.00470   0.20064  0.39910  0.11054 -0.15811  0.14627 -0.10535
2025/01/17 09:23:36.000  -2743929.1396   4701343.3476   3312928.2864   5  15   5.6919   9.4598   2.9376  -3.6693   4.2655  -2.8771   0.00    0.0   -0.11895   -0.12832   -0.01933   0.20066  0.39918  0.11055 -0.15817  0.14630 -0.10536
2025/01/17 09:23:37.000  -2743932.4757   4701343.3258   3312929.0802   5  15   5.6919   9.4610   2.9375  -3.6703   4.2659  -2.8772   0.00    0.0   -0.06005    0.01303   -0.01741   0.20068  0.39926  0.11055 -0.15822  0.14634 -0.10537
2025/01/17 09:23:38.000  -2743934.4364   4701343.4690   3312929.7194   5  15   5.6920   9.4622   2.9374  -3.6713   4.2662  -2.8772   0.00    0.0    0.05500    0.05392   -0.04835   0.20070  0.39934  0.11056 -0.15828  0.14638 -0.10539
2025/01/17 09:23:39.000  -2743934.7209   4701342.0801   3312929.8757   5  15   5.6921   9.4634   2.9373  -3.6723   4.2666  -2.8772   0.00    0.0   -0.07886   -0.03525    0.02125   0.20071  0.39942  0.11057 -0.15833  0.14642 -0.10540
2025/01/17 09:23:40.000  -2743934.8320   4701342.3411   3312930.0388   5  15   5.6921   9.4646   2.9372  -3.6733   4.2670  -2.8772   0.00    0.0   -0.06068    0.05313   -0.01525   0.20073  0.39950  0.11057 -0.15839  0.14646 -0.10541
2025/01/17 09:23:41.000  -2743934.1758   4701340.5527   3312929.8854   5  15   5.6922   9.4658   2.9371  -3.6743   4.2674  -2.8772   0.00    0.0    0.10290   -0.16800   -0.05789   0.20075  0.39958  0.11058 -0.15844  0.14650 -0.10543
2025/01/17 09:23:42.000  -2743933.4449   4701339.5607   3312929.8395   5  15   5.6922   9.4669   2.9370  -3.6753   4.2677  -2.8772   0.00    0.0    0.06230   -0.19281   -0.07952   0.20077  0.39966  0.11059 -0.15850  0.14654 -0.10544
2025/01/17 09:23:43.000  -2743932.5464   4701338.1926   3312929.3115   5  15   5.6923   9.4681   2.9369  -3.6763   4.2681  -2.8772   0.00    0.0   -0.00470    0.06114   -0.01903   0.20079  0.39974  0.11059 -0.15855  0.14657 -0.10546
2025/01/17 09:23:44.000  -2743934.3818   4701339.9248   3312930.0843   5  16   4.7203   8.9256   2.6765  -1.8604   3.7943  -2.1053   0.00    0.0    0.01703    0.09835    0.01122   0.15040  0.36977  0.10269 -0.07016  0.12349 -0.07524
2025/01/17 09:23:45.000  -2743934.0243   4701339.9098   3312930.4151   5  16   4.7201   8.9265   2.6764  -1.8613   3.7945  -2.1052   0.00    0.0   -0.07006   -0.10277   -0.00967   0.15041  0.36983  0.10270 -0.07020  0.12352 -0.07524
2025/01/17 09:23:46.000  -2743933.6759   4701340.6645   3312930.4943   5  16   4.7200   8.9274   2.6763  -1.8622   3.7948  -2.1051   0.00    0.0   -0.15379    0.18075    0.07198   0.15042  0.36988  0.10270 -0.07024  0.12355 -0.07525
2025/01/17 09:23:47.000  -2743933.8297   4701341.0493   3312930.6084   5  16   4.7198   8.9283   2.6762  -1.8630   3.7951  -2.1050   0.00    0.0    0.09649   -0.10284   -0.03961   0.15042  0.36994  0.10271 -0.07028  0.12358 -0.07526
2025/01/17 09:23:48.000  -2743936.0274   4701332.1134   3312929.6699   5  17   4.6468   8.2729   2.6661  -2.4999   3.6920  -2.1496   0.00    0.0   -0.06232    0.00313    0.01097   0.15041  0.34264  0.10255 -0.07281  0.12031 -0.07537
2025/01/17 09:23:49.000  -2743936.4722   4701330.1715   3312929.5118   5  17   4.6466   8.2737   2.6660  -2.5006   3.6923  -2.1496   0.00    0.0    0.04664    0.05363    0.01608   0.15042  0.34269  0.10255 -0.07286  0.12034 -0.07538
2025/01/17 09:23:55.000  -2743942.0930   4701332.1869   3312930.5033   5  17   4.6456   8.2786   2.6654  -2.5049   3.6938  -2.1491   0.00    0.0   -0.18153    0.10073    0.09204   0.15046  0.34299  0.10258 -0.07310  0.12051 -0.07543
2025/01/17 09:23:56.000  -2743941.1248   4701334.0061   3312929.9849   5  17   4.6454   8.2795   2.6653  -2.5056   3.6940  -2.1490   0.00    0.0   -0.01781    0.14143   -0.01274   0.15047  0.34305  0.10258 -0.07314  0.12054 -0.07544
2025/01/17 09:23:57.000  -2743942.1307   4701331.7514   3312928.8856   5  17   4.6452   8.2803   2.6652  -2.5063   3.6943  -2.1489   0.00    0.0    0.01268    0.19730    0.11211   0.15048  0.34310  0.10259 -0.07318  0.12057 -0.07544
2025/01/17 09:23:58.000  -2743942.2250   4701332.0824   3312928.7694   5  17   4.6451   8.2811   2.6651  -2.5070   3.6945  -2.1488   0.00    0.0   -0.05455   -0.00649   -0.01256   0.15049  0.34315  0.10259 -0.07322  0.12060 -0.07545
2025/01/17 09:23:59.000  -2743942.6701   4701331.1743   3312928.4373   5  17   4.6449   8.2819   2.6650  -2.5077   3.6948  -2.1487   0.00    0.0   -0.11403    0.01457    0.02313   0.15050  0.34320  0.10260 -0.07326  0.12063 -0.07546
2025/01/17 09:24:00.000  -2743942.4053   4701329.2615   3312928.2220   5  17   4.6447   8.2827   2.6649  -2.5084   3.6950  -2.1487   0.00    0.0    0.02272   -0.10156   -0.00165   0.15050  0.34325  0.10260 -0.07331  0.12066 -0.07547
2025/01/17 09:24:03.000  -2743942.2507   4701333.5801   3312929.6901   5  17   4.6442   8.2852   2.6646  -2.5104   3.6958  -2.1484   0.00    0.0   -0.01835    0.12162   -0.01593   0.15053  0.34340  0.10261 -0.07343  0.12074 -0.07550
2025/01/17 09:24:04.000  -2743942.9750   4701334.9140   3312929.6403   5  17   4.6441   8.2860   2.6645  -2.5111   3.6960  -2.1483   0.00    0.0   -0.06504    0.03799   -0.00428   0.15053  0.34346  0.10262 -0.07347  0.12077 -0.07551
2025/01/17 09:24:05.000  -2743942.7157   4701334.4766   3312929.4911   5  17   4.6439   8.2868   2.6644  -2.5118   3.6962  -2.1482   0.00    0.0    0.03817   -0.10732   -0.03034   0.15054  0.34351  0.10262 -0.07351  0.12080 -0.07551
2025/01/17 09:24:06.000  -2743942.3678   4701334.1112   3312929.4969   5  17   4.6437   8.2876   2.6643  -2.5125   3.6965  -2.1482   0.00    0.0   -0.08488    0.05246    0.01968   0.15055  0.34356  0.10263 -0.07355  0.12083 -0.07552
2025/01/17 09:24:07.000  -2743941.9387   4701334.2121   3312929.2846   5  17   4.6435   8.2884   2.6642  -2.5132   3.6967  -2.1481   0.00    0.0   -0.11844   -0.01329   -0.00842   0.15056  0.34361  0.10263 -0.07359  0.12086 -0.07553
2025/01/17 09:24:14.000  -2743936.1551   4701337.0438   3312928.5503   5  17   4.6423   8.2941   2.6634  -2.5180   3.6984  -2.1475   0.00    0.0    0.04256    0.21592    0.00226   0.15061  0.34397  0.10266 -0.07388  0.12106 -0.07559
2025/01/17 09:24:15.000  -2743935.2082   4701337.2740   3312928.5245   5  17   4.6422   8.2949   2.6633  -2.5187   3.6987  -2.1474   0.00    0.0    0.03577   -0.01175    0.04853   0.15062  0.34402  0.10267 -0.07392  0.12109 -0.07560
2025/01/17 09:24:16.000  -2743935.8155   4701337.5709   3312928.2374   5  17   4.6420   8.2958   2.6632  -2.5194   3.6989  -2.1473   0.00    0.0    0.04586    0.08984    0.00774   0.15063  0.34407  0.10267 -0.07396  0.12112 -0.07561
2025/01/17 09:24:17.000  -2743935.3478   4701338.2182   3312928.5711   5  17   4.6418   8.2966   2.6631  -2.5201   3.6992  -2.1472   0.00    0.0   -0.02955   -0.07358    0.00577   0.15063  0.34412  0.10267 -0.07400  0.12115 -0.07562
2025/01/17 09:24:18.000  -2743933.1034   4701336.0153   3312928.0040   5  17   4.6417   8.2974   2.6630  -2.5208   3.6994  -2.1471   0.00    0.0   -0.05972   -0.04338    0.01272   0.15064  0.34417  0.10268 -0.07404  0.12118 -0.07563
2025/01/17 09:24:19.000  -2743932.8429   4701334.0437   3312927.5869   5  17   4.6415   8.2982   2.6629  -2.5214   3.6997  -2.1470   0.00    0.0   -0.04422   -0.24386   -0.04433   0.15065  0.34422  0.10268 -0.07408  0.12121 -0.07563
2025/01/17 09:24:20.000  -2743931.0139   4701330.3931   3312927.2582   5  17   4.6413   8.2990   2.6628  -2.5221   3.6999  -2.1470   0.00    0.0    0.00448   -0.03814    0.00387   0.15066  0.34427  0.10269 -0.07412  0.12123 -0.07564
2025/01/17 09:24:21.000  -2743930.7728   4701331.0134   3312926.9812   5  17   4.6411   8.2998   2.6627  -2.5228   3.7001  -2.1469   0.00    0.0    0.02022   -0.15991   -0.05783   0.15066  0.34432  0.10269 -0.07416  0.12126 -0.07565
2025/01/17 09:24:22.000  -2743930.6732   4701331.2402   3312926.8228   5  17   4.6410   8.3006   2.6626  -2.5235   3.7004  -2.1468   0.00    0.0    0.03411    0.04208    0.02611   0.15067  0.34437  0.10270 -0.07420  0.12129 -0.07566
2025/01/17 09:24:23.000  -2743929.1273   4701329.8187   3312927.3548   5  17   4.6408   8.3014   2.6625  -2.5242   3.7006  -2.1467   0.00    0.0    0.00660   -0.03127   -0.02817   0.15068  0.34443  0.10270 -0.07424  0.12132 -0.07567
2025/01/17 09:24:24.000  -2743929.8788   4701329.1741   3312926.4397   5  17   4.6406   8.3022   2.6624  -2.5248   3.7009  -2.1466   0.00    0.0   -0.04301    0.10572    0.06176   0.15069  0.34448  0.10270 -0.07428  0.12135 -0.07568
2025/01/17 09:24:25.000  -2743930.8799   4701330.5652   3312926.5756   5  17   4.6405   8.3030   2.6623  -2.5255   3.7011  -2.1465   0.00    0.0   -0.00744    0.00313   -0.02132   0.15070  0.34453  0.10271 -0.07432  0.12138 -0.07569
2025/01/17 09:24:36.000  -2743935.6568   4701331.7082   3312927.6148   5  17   4.6386   8.3119   2.6611  -2.5329   3.7037  -2.1455   0.00    0.0    0.01738   -0.07554   -0.00263   0.15078  0.34509  0.10276 -0.07476  0.12170 -0.07578
2025/01/17 09:24:37.000  -2743936.1147   4701331.4626   3312927.7698   5  17   4.6384   8.3127   2.6610  -2.5336   3.7040  -2.1455   0.00    0.0   -0.06264   -0.15078    0.02067   0.15079  0.34514  0.10276 -0.07481  0.12172 -0.07579
2025/01/17 09:24:38.000  -2743936.3822   4701332.7863   3312927.9592   5  17   4.6382   8.3135   2.6609  -2.5342   3.7042  -2.1454   0.00    0.0   -0.01841    0.01765    0.00876   0.15080  0.34519  0.10276 -0.07485  0.12175 -0.07580
2025/01/17 09:24:42.000  -2743937.5609   4701335.3845   3312927.7229   5  17   4.6375   8.3167   2.6605  -2.5369   3.7051  -2.1450   0.00    0.0   -0.10853    0.13585    0.10252   0.15083  0.34539  0.10278 -0.07501  0.12187 -0.07583
2025/01/17 09:24:43.000  -2743935.0276   4701334.2732   3312927.9956   5  17   4.6374   8.3176   2.6603  -2.5375   3.7054  -2.1449   0.00    0.0    0.00612   -0.30957    0.28185   0.15083  0.34544  0.10279 -0.07505  0.12190 -0.07584
2025/01/17 09:24:44.000  -2743934.4198   4701334.2389   3312927.6239   5  17   4.6372   8.3184   2.6602  -2.5382   3.7056  -2.1448   0.00    0.0    0.00190    0.02021    0.06100   0.15084  0.34549  0.10279 -0.07509  0.12193 -0.07585
2025/01/17 09:24:45.000  -2743935.6478   4701335.2863   3312927.2834   5  16   4.7537   8.3371   2.7607  -2.6493   3.6509  -1.9563   0.00    0.0    0.00134    0.29095    0.00392   0.15088  0.34592  0.10620 -0.07481  0.12018 -0.07637
2025/01/17 09:24:46.000  -2743935.4654   4701334.2132   3312926.9561   5  16   4.7535   8.3380   2.7605  -2.6500   3.6511  -1.9562   0.00    0.0   -0.02501    0.04914   -0.02806   0.15089  0.34597  0.10621 -0.07485  0.12020 -0.07638
2025/01/17 09:24:47.000  -2743934.5641   4701332.6945   3312926.6529   5  16   4.7533   8.3388   2.7604  -2.6507   3.6513  -1.9561   0.00    0.0    0.17037   -0.05053   -0.01935   0.15089  0.34602  0.10621 -0.07489  0.12023 -0.07639
2025/01/17 09:24:48.000  -2743934.4884   4701333.2412   3312926.7613   5  16   4.7532   8.3396   2.7603  -2.6513   3.6516  -1.9561   0.00    0.0   -0.02576    0.06089    0.02362   0.15090  0.34607  0.10621 -0.07493  0.12026 -0.07640
2025/01/17 09:24:49.000  -2743936.2897   4701335.0282   3312927.3150   5  16   4.7530   8.3404   2.7602  -2.6520   3.6518  -1.9560   0.00    0.0   -0.01958   -0.02042    0.01977   0.15091  0.34612  0.10622 -0.07497  0.12029 -0.07640
2025/01/17 09:24:50.000  -2743935.4703   4701333.8216   3312927.0630   5  16   4.7528   8.3413   2.7601  -2.6527   3.6520  -1.9559   0.00    0.0    0.10437   -0.03517   -0.03420   0.15092  0.34617  0.10622 -0.07501  0.12032 -0.07641
2025/01/17 09:24:51.000  -2743936.0987   4701336.4404   3312927.3804   5  16   4.7526   8.3421   2.7599  -2.6534   3.6522  -1.9559   0.00    0.0    0.12818   -0.19936   -0.01561   0.15093  0.34622  0.10622 -0.07505  0.12035 -0.07642
2025/01/17 09:24:52.000  -2743937.3221   4701336.9004   3312927.6585   5  16   4.7524   8.3429   2.7598  -2.6541   3.6524  -1.9558   0.00    0.0   -0.03832    0.23161    0.01193   0.15093  0.34628  0.10623 -0.07509  0.12038 -0.07643
2025/01/17 09:24:53.000  -2743936.1864   4701336.1269   3312927.1934   5  16   4.7523   8.3437   2.7597  -2.6548   3.6526  -1.9557   0.00    0.0   -0.11541   -0.00217   -0.00105   0.15094  0.34633  0.10623 -0.07513  0.12041 -0.07644
2025/01/17 09:24:54.000  -2743936.7829   4701338.3128   3312927.6005   5  16   4.7521   8.3445   2.7596  -2.6555   3.6528  -1.9556   0.00    0.0   -0.01489   -0.04907   -0.02309   0.15095  0.34638  0.10624 -0.07517  0.12043 -0.07645
2025/01/17 09:24:55.000  -2743936.9761   4701339.3143   3312927.6026   5  16   4.7519   8.3454   2.7595  -2.6562   3.6530  -1.9556   0.00    0.0   -0.03843    0.07489    0.02755   0.15096  0.34643  0.10624 -0.07521  0.12046 -0.07646
2025/01/17 09:24:56.000  -2743937.9365   4701338.7294   3312927.7279   5  16   4.7517   8.3462   2.7593  -2.6568   3.6532  -1.9555   0.00    0.0   -0.12912    0.01669    0.03060   0.15096  0.34648  0.10624 -0.07525  0.12049 -0.07646
2025/01/17 09:24:57.000  -2743939.4620   4701340.6658   3312928.1020   5  16   4.7515   8.3470   2.7592  -2.6575   3.6534  -1.9554   0.00    0.0    0.02150    0.15419    0.03229   0.15097  0.34653  0.10625 -0.07529  0.12052 -0.07647
2025/01/17 09:24:58.000  -2743939.6668   4701342.6093   3312928.5073   5  16   4.7514   8.3478   2.7591  -2.6582   3.6536  -1.9553   0.00    0.0    0.03171   -0.05555   -0.03578   0.15098  0.34658  0.10625 -0.07533  0.12055 -0.07648
2025/01/17 09:24:59.000  -2743940.2491   4701340.5152   3312928.3620   5  16   4.7512   8.3486   2.7590  -2.6589   3.6538  -1.9553   0.00    0.0    0.11861   -0.02189    0.00948   0.15099  0.34663  0.10626 -0.07537  0.12058 -0.07649
2025/01/17 09:25:00.000  -2743940.0620   4701341.2841   3312928.3329   5  16   4.7510   8.3495   2.7588  -2.6596   3.6540  -1.9552   0.00    0.0    0.06180   -0.01762    0.03816   0.15100  0.34668  0.10626 -0.07541  0.12061 -0.07650
2025/01/17 09:25:01.000  -2743940.5766   4701342.8002   3312928.8152   5  16   4.7508   8.3503   2.7587  -2.6603   3.6542  -1.9551   0.00    0.0    0.00828   -0.12770   -0.08346   0.15100  0.34673  0.10626 -0.07545  0.12063 -0.07651
2025/01/17 09:25:02.000  -2743940.7763   4701344.4484   3312929.1364   5  16   4.7506   8.3511   2.7586  -2.6609   3.6544  -1.9550   0.00    0.0    0.01854    0.10695   -0.01018   0.15101  0.34678  0.10627 -0.07549  0.12066 -0.07652
2025/01/17 09:25:03.000  -2743940.1166   4701344.4354   3312929.2863   5  16   4.7504   8.3519   2.7585  -2.6616   3.6546  -1.9550   0.00    0.0   -0.09632    0.18905   -0.00162   0.15102  0.34683  0.10627 -0.07553  0.12069 -0.07653
2025/01/17 09:25:04.000  -2743939.5436   4701344.4218   3312929.4621   5  16   4.7503   8.3527   2.7583  -2.6623   3.6548  -1.9549   0.00    0.0   -0.01422   -0.16547   -0.05203   0.15103  0.34688  0.10628 -0.07557  0.12072 -0.07653
2025/01/17 09:25:05.000  -2743939.5725   4701344.4083   3312929.5071   5  16   4.7501   8.3535   2.7582  -2.6630   3.6550  -1.9548   0.00    0.0   -0.05648    0.08155    0.00539   0.15103  0.34693  0.10628 -0.07561  0.12075 -0.07654
2025/01/17 09:25:06.000  -2743939.4487   4701342.8967   3312929.2356   5  16   4.7499   8.3544   2.7581  -2.6636   3.6552  -1.9547   0.00    0.0    0.04986    0.01084   -0.02768   0.15104  0.34698  0.10628 -0.07565  0.12078 -0.07655
2025/01/17 09:25:07.000  -2743938.5675   4701341.2890   3312928.8331   5  16   4.7497   8.3552   2.7580  -2.6643   3.6554  -1.9547   0.00    0.0    0.05821   -0.34729   -0.03343   0.15105  0.34704  0.10629 -0.07569  0.12081 -0.07656
2025/01/17 09:25:08.000  -2743935.7476   4701338.9534   3312928.1224   5  16   4.7495   8.3560   2.7579  -2.6650   3.6556  -1.9546   0.00    0.0    0.00395   -0.00513    0.01081   0.15106  0.34709  0.10629 -0.07573  0.12084 -0.07657
2025/01/17 09:25:09.000  -2743930.9176   4701335.2668   3312926.7728   5  16   4.7493   8.3568   2.7577  -2.6657   3.6558  -1.9545   0.00    0.0   -0.09405    0.17785    0.00898   0.15107  0.34714  0.10629 -0.07577  0.12086 -0.07658
2025/01/17 09:25:10.000  -2743927.9030   4701332.3223   3312925.8498   5  16   4.7492   8.3576   2.7576  -2.6663   3.6560  -1.9544   0.00    0.0   -0.07252   -0.09380   -0.02712   0.15107  0.34719  0.10630 -0.07581  0.12089 -0.07659
2025/01/17 09:25:11.000  -2743926.9080   4701331.5570   3312925.5814   5  16   4.7490   8.3584   2.7575  -2.6670   3.6562  -1.9544   0.00    0.0   -0.02728   -0.01784    0.00652   0.15108  0.34724  0.10630 -0.07585  0.12092 -0.07659
2025/01/17 09:25:12.000  -2743926.3797   4701330.0844   3312925.3698   5  16   4.7488   8.3593   2.7574  -2.6677   3.6564  -1.9543   0.00    0.0    0.02300   -0.35824   -0.05465   0.15109  0.34729  0.10631 -0.07589  0.12095 -0.07660
2025/01/17 09:25:13.000  -2743925.0331   4701329.8308   3312925.2347   5  16   4.7486   8.3601   2.7572  -2.6683   3.6566  -1.9542   0.00    0.0   -0.25250    0.40860    0.06592   0.15110  0.34734  0.10631 -0.07593  0.12098 -0.07661
2025/01/17 09:25:14.000  -2743925.2580   4701328.9247   3312925.0803   5  16   4.7484   8.3609   2.7571  -2.6690   3.6568  -1.9541   0.00    0.0    0.03211    0.17611    0.00752   0.15111  0.34739  0.10631 -0.07597  0.12101 -0.07662
2025/01/17 09:25:15.000  -2743925.5511   4701331.3122   3312925.4725   5  16   4.7482   8.3617   2.7570  -2.6697   3.6570  -1.9541   0.00    0.0   -0.12993    0.22632    0.03706   0.15111  0.34744  0.10632 -0.07601  0.12104 -0.07663
2025/01/17 09:25:16.000  -2743926.4148   4701333.6379   3312926.0786   5  16   4.7481   8.3625   2.7569  -2.6703   3.6572  -1.9540   0.00    0.0    0.14411   -0.22166   -0.03273   0.15112  0.34749  0.10632 -0.07605  0.12106 -0.07664
2025/01/17 09:25:17.000  -2743926.6978   4701335.6887   3312926.7135   5  16   4.7479   8.3633   2.7568  -2.6710   3.6574  -1.9539   0.00    0.0    0.14770   -0.25567   -0.03103   0.15113  0.34754  0.10633 -0.07608  0.12109 -0.07665
2025/01/17 09:25:18.000  -2743928.3497   4701337.5290   3312927.0032   5  16   4.7477   8.3641   2.7566  -2.6717   3.6576  -1.9538   0.00    0.0    0.04170    0.09344    0.05752   0.15114  0.34759  0.10633 -0.07612  0.12112 -0.07665
2025/01/17 09:26:40.000  -2743910.2815   4701366.3234   3312929.4952   5  19   3.6871   6.9113   2.4023  -3.8709   3.0048  -2.3080   0.00    0.0    0.12683   -0.00950    0.02256   0.13882  0.26115  0.09505 -0.13006  0.08612 -0.08159
2025/01/17 09:26:41.000  -2743922.1818   4701356.2575   3312929.0462   5  18   4.5920   7.2710   2.4039  -2.9674   3.0392  -2.2526   0.00    0.0    0.23637   -0.22761   -0.05017   0.14924  0.27384  0.09526 -0.11138  0.08305 -0.08369
2025/01/17 09:26:42.000  -2743922.1831   4701355.6972   3312928.6401   5  18   4.5919   7.2714   2.4037  -2.9676   3.0392  -2.2524   0.00    0.0    0.06314    0.03450    0.00510   0.14925  0.27385  0.09526 -0.11140  0.08305 -0.08370
2025/01/17 09:26:43.000  -2743922.5704   4701353.9530   3312928.8118   5  18   4.5918   7.2718   2.4035  -2.9678   3.0392  -2.2521   0.00    0.0   -0.08300    0.25395    0.00733   0.14927  0.27385  0.09525 -0.11141  0.08306 -0.08370
2025/01/17 09:26:44.000  -2743923.5029   4701353.2884   3312929.1791   5  18   4.5916   7.2722   2.4033  -2.9680   3.0392  -2.2519   0.00    0.0    0.02989   -0.02132    0.02385   0.14928  0.27386  0.09525 -0.11143  0.08306 -0.08371
2025/01/17 09:26:45.000  -2743924.6433   4701353.2711   3312929.8117   5  18   4.5915   7.2726   2.4032  -2.9682   3.0392  -2.2517   0.00    0.0    0.12264   -0.15398   -0.01765   0.14929  0.27387  0.09525 -0.11144  0.08307 -0.08372
2025/01/17 09:26:46.000  -2743925.8657   4701352.1427   3312930.1197   5  18   4.5914   7.2730   2.4030  -2.9684   3.0393  -2.2515   0.00    0.0    0.03819    0.08497    0.03583   0.14930  0.27387  0.09525 -0.11146  0.08307 -0.08372
2025/01/17 09:26:47.000  -2743926.5815   4701351.8075   3312930.1693   5  18   4.5912   7.2734   2.4028  -2.9686   3.0393  -2.2513   0.00    0.0   -0.06161    0.24260    0.02270   0.14931  0.27388  0.09525 -0.11147  0.08308 -0.08373
2025/01/17 09:26:48.000  -2743926.5049   4701352.0592   3312930.2850   5  18   4.5911   7.2738   2.4026  -2.9688   3.0393  -2.2511   0.00    0.0    0.07303   -0.19000   -0.02138   0.14933  0.27388  0.09525 -0.11149  0.08308 -0.08373
2025/01/17 09:26:49.000  -2743925.3782   4701352.7414   3312930.1057   5  18   4.5910   7.2742   2.4024  -2.9690   3.0393  -2.2509   0.00    0.0    0.10136   -0.01964   -0.01074   0.14934  0.27389  0.09524 -0.11150  0.08309 -0.08374
2025/01/17 09:26:50.000  -2743925.4776   4701351.7374   3312929.7580   5  18   4.5908   7.2746   2.4022  -2.9692   3.0393  -2.2506   0.00    0.0    0.03639   -0.30512   -0.04235   0.14935  0.27390  0.09524 -0.11152  0.08309 -0.08374
2025/01/17 09:26:51.000  -2743925.6784   4701353.0445   3312930.1535   5  18   4.5907   7.2750   2.4021  -2.9694   3.0393  -2.2504   0.00    0.0    0.03956    0.14081   -0.02046   0.14936  0.27390  0.09524 -0.11153  0.08310 -0.08375
2025/01/17 09:26:53.000  -2743927.5896   4701352.7618   3312930.5861   5  18   4.5904   7.2758   2.4017  -2.9698   3.0393  -2.2500   0.00    0.0    0.01308    0.02487    0.03959   0.14939  0.27391  0.09524 -0.11156  0.08311 -0.08376
2025/01/17 09:26:54.000  -2743927.9051   4701351.2609   3312930.7583   5  18   4.5903   7.2761   2.4015  -2.9700   3.0393  -2.2498   0.00    0.0   -0.04664    0.08927   -0.02144   0.14940  0.27392  0.09523 -0.11158  0.08311 -0.08376
2025/01/17 09:26:55.000  -2743928.7100   4701350.3149   3312930.7019   5  18   4.5902   7.2765   2.4013  -2.9702   3.0393  -2.2496   0.00    0.0    0.01613   -0.09507    0.00716   0.14941  0.27392  0.09523 -0.11159  0.08312 -0.08377
2025/01/17 09:26:56.000  -2743928.2665   4701349.8613   3312930.4459   5  18   4.5900   7.2769   2.4011  -2.9704   3.0394  -2.2494   0.00    0.0   -0.02895   -0.10814   -0.04096   0.14942  0.27393  0.09523 -0.11161  0.08312 -0.08377
2025/01/17 09:26:57.000  -2743928.2833   4701349.6521   3312930.4075   5  18   4.5899   7.2773   2.4010  -2.9706   3.0394  -2.2491   0.00    0.0   -0.02029    0.18132   -0.00039   0.14943  0.27394  0.09523 -0.11162  0.08313 -0.08378
2025/01/17 09:26:58.000  -2743928.7664   4701350.2033   3312930.4495   5  18   4.5897   7.2777   2.4008  -2.9707   3.0394  -2.2489   0.00    0.0    0.02529    0.00633   -0.00644   0.14945  0.27394  0.09523 -0.11164  0.08313 -0.08378
2025/01/17 09:26:59.000  -2743929.3756   4701349.8029   3312930.7897   5  18   4.5896   7.2781   2.4006  -2.9709   3.0394  -2.2487   0.00    0.0    0.11834    0.06049   -0.02668   0.14946  0.27395  0.09523 -0.11165  0.08314 -0.08379
2025/01/17 09:27:00.000  -2743929.7384   4701349.1170   3312930.6530   5  18   4.5895   7.2785   2.4004  -2.9711   3.0394  -2.2485   0.00    0.0   -0.09753   -0.09084    0.02745   0.14947  0.27395  0.09522 -0.11167  0.08314 -0.08379
2025/01/17 09:27:01.000  -2743930.5558   4701349.6641   3312930.8573   5  18   4.5893   7.2789   2.4002  -2.9713   3.0394  -2.2483   0.00    0.0    0.10529    0.04429    0.01082   0.14948  0.27396  0.09522 -0.11168  0.08315 -0.08380
2025/01/17 09:27:03.000  -2743931.9771   4701344.7252   3312930.6582   5  18   4.5891   7.2796   2.3999  -2.9717   3.0394  -2.2478   0.00    0.0   -0.21563   -0.10774    0.02859   0.14951  0.27397  0.09522 -0.11171  0.08316 -0.08381
2025/01/17 09:27:07.000  -2743928.9824   4701352.5279   3312930.3377   5  17   4.6425   7.6715   2.3992  -2.6702   3.0324  -2.2497   0.00    0.0    0.03405   -0.04113    0.00615   0.14957  0.29084  0.09523 -0.11279  0.08200 -0.08380
2025/01/17 09:27:08.000  -2743934.7231   4701359.0127   3312932.5155   5  17   4.6424   7.6719   2.3990  -2.6703   3.0324  -2.2495   0.00    0.0   -0.17725    0.23053    0.07969   0.14958  0.29084  0.09523 -0.11281  0.08200 -0.08381
2025/01/17 09:27:09.000  -2743943.4590   4701367.0888   3312935.4377   5  17   4.6423   7.6723   2.3988  -2.6704   3.0324  -2.2493   0.00    0.0   -0.19767    0.07659    0.04132   0.14960  0.29085  0.09523 -0.11282  0.08201 -0.08381
2025/01/17 09:27:12.000  -2743933.4605   4701347.6146   3312929.0865   5  15   5.7004   9.7019   2.9147  -3.8631   4.3359  -2.8735   0.00    0.0    0.03672   -0.08888   -0.05411   0.20457  0.41613  0.11194 -0.16970  0.15442 -0.10829
2025/01/17 09:27:13.000  -2743933.3239   4701348.4865   3312929.4126   5  15   5.7005   9.7030   2.9145  -3.8638   4.3362  -2.8734   0.00    0.0   -0.19289    0.16986    0.05388   0.20458  0.41621  0.11195 -0.16975  0.15446 -0.10830
2025/01/17 09:27:14.000  -2743932.9362   4701349.1957   3312929.2950   5  15   5.7005   9.7040   2.9144  -3.8646   4.3365  -2.8734   0.00    0.0   -0.15039    0.16109    0.03937   0.20460  0.41628  0.11195 -0.16980  0.15449 -0.10831
2025/01/17 09:27:15.000  -2743931.9298   4701347.5620   3312928.8559   5  15   5.7005   9.7051   2.9143  -3.8654   4.3368  -2.8733   0.00    0.0   -0.08032    0.25158    0.05586   0.20462  0.41636  0.11196 -0.16985  0.15453 -0.10833
2025/01/17 09:27:17.000  -2743932.1627   4701348.5931   3312928.9322   5  15   5.7005   9.7072   2.9140  -3.8669   4.3373  -2.8732   0.00    0.0    0.11792   -0.13710   -0.06022   0.20466  0.41651  0.11197 -0.16995  0.15460 -0.10835
2025/01/17 09:28:00.000  -2743947.5062   4701359.1130   3312933.1468   5  15   4.8354   9.1940   2.6484  -2.3090   3.8474  -2.0671   0.00    0.0    0.07326    0.08312   -0.00783   0.15877  0.38666  0.10418 -0.09102  0.12956 -0.07483
2025/01/17 09:28:01.000  -2743944.9992   4701355.8926   3312932.1884   5  15   4.8351   9.1949   2.6483  -2.3096   3.8476  -2.0670   0.00    0.0    0.12196   -0.13821   -0.03890   0.15877  0.38671  0.10418 -0.09106  0.12958 -0.07484
2025/01/17 09:28:02.000  -2743940.4277   4701352.0795   3312932.0306   5  16   4.6753   9.1464   2.6479  -2.0408   3.8522  -2.0775   0.00    0.0   -0.12370    0.04027    0.02988   0.15245  0.38427  0.10382 -0.07969  0.13108 -0.07739
2025/01/17 09:28:03.000  -2743941.7435   4701354.9572   3312932.4476   5  16   4.6751   9.1471   2.6478  -2.0414   3.8524  -2.0774   0.00    0.0    0.03893   -0.15548   -0.03882   0.15246  0.38433  0.10382 -0.07973  0.13111 -0.07740
2025/01/17 09:28:04.000  -2743943.6146   4701355.2322   3312932.9080   5  16   4.6749   9.1479   2.6477  -2.0419   3.8526  -2.0772   0.00    0.0   -0.17655    0.12141    0.02890   0.15246  0.38438  0.10383 -0.07976  0.13113 -0.07741
2025/01/17 09:28:05.000  -2743943.3086   4701356.0106   3312932.7135   5  16   4.6747   9.1487   2.6475  -2.0424   3.8527  -2.0771   0.00    0.0    0.10962    0.21831   -0.01098   0.15247  0.38443  0.10383 -0.07979  0.13116 -0.07741
2025/01/17 09:28:07.000  -2743942.5220   4701353.6289   3312932.3275   5  16   4.6744   9.1503   2.6473  -2.0435   3.8531  -2.0768   0.00    0.0    0.01637    0.11344    0.01796   0.15249  0.38454  0.10384 -0.07986  0.13122 -0.07743
2025/01/17 09:28:09.000  -2743938.9819   4701369.3563   3312932.4115   5  15   4.6740  10.8994   2.6911  -2.0622   4.2095  -2.0780   0.00    0.0    0.09474   -0.33695   -0.06038   0.15447  0.43074  0.10416 -0.04031  0.13709 -0.07616
2025/01/17 09:28:10.000  -2743940.2930   4701371.7632   3312933.1509   5  15   4.6739  10.9004   2.6910  -2.0626   4.2095  -2.0779   0.00    0.0    0.16628   -0.31455   -0.08856   0.15448  0.43080  0.10416 -0.04037  0.13712 -0.07617
2025/01/17 09:28:11.000  -2743938.5088   4701370.3619   3312932.5943   5  15   4.6737  10.9014   2.6908  -2.0630   4.2096  -2.0777   0.00    0.0    0.12905   -0.17061   -0.04958   0.15449  0.43087  0.10417 -0.04042  0.13714 -0.07617
2025/01/17 09:28:12.000  -2743936.8675   4701368.4447   3312931.8499   5  15   4.6735  10.9024   2.6907  -2.0634   4.2097  -2.0776   0.00    0.0    0.13833   -0.36489   -0.07968   0.15450  0.43093  0.10417 -0.04047  0.13717 -0.07618
2025/01/17 09:28:13.000  -2743935.7565   4701368.2393   3312931.5217   5  15   4.6733  10.9034   2.6905  -2.0638   4.2098  -2.0774   0.00    0.0    0.18552   -0.44867   -0.09727   0.15450  0.43099  0.10418 -0.04052  0.13720 -0.07619
2025/01/17 09:28:14.000  -2743935.6134   4701367.8257   3312931.3068   5  15   4.6731  10.9044   2.6904  -2.0642   4.2099  -2.0773   0.00    0.0   -0.01458    0.00227    0.00181   0.15451  0.43106  0.10418 -0.04058  0.13723 -0.07620
2025/01/17 09:28:15.000  -2743934.7832   4701367.6176   3312931.1943   5  15   4.6729  10.9054   2.6902  -2.0645   4.2100  -2.0772   0.00    0.0    0.12413    0.11652   -0.03218   0.15452  0.43112  0.10419 -0.04063  0.13726 -0.07621
2025/01/17 09:28:16.000  -2743934.3634   4701366.4574   3312931.0172   5  15   4.6728  10.9064   2.6901  -2.0649   4.2100  -2.0770   0.00    0.0    0.00318   -0.05422   -0.00609   0.15453  0.43118  0.10419 -0.04068  0.13728 -0.07622
2025/01/17 09:28:17.000  -2743935.4447   4701366.3051   3312931.2159   5  15   4.6726  10.9074   2.6899  -2.0653   4.2101  -2.0769   0.00    0.0   -0.10537    0.25603    0.06942   0.15454  0.43125  0.10419 -0.04073  0.13731 -0.07622
2025/01/17 09:28:18.000  -2743938.2119   4701367.2260   3312931.9806   5  15   4.6724  10.9084   2.6898  -2.0657   4.2102  -2.0767   0.00    0.0   -0.05795    0.08163    0.02529   0.15455  0.43131  0.10420 -0.04078  0.13734 -0.07623
2025/01/17 09:28:19.000  -2743941.4516   4701368.9769   3312932.9958   5  15   4.6722  10.9093   2.6896  -2.0661   4.2103  -2.0766   0.00    0.0   -0.11647   -0.12822   -0.00175   0.15455  0.43138  0.10420 -0.04084  0.13737 -0.07624
2025/01/17 09:28:20.000  -2743943.9463   4701370.9933   3312933.7910   5  15   4.6720  10.9103   2.6895  -2.0665   4.2103  -2.0764   0.00    0.0   -0.07483   -0.18858   -0.00021   0.15456  0.43144  0.10421 -0.04089  0.13739 -0.07625
2025/01/17 09:28:21.000  -2743946.1744   4701370.2657   3312934.1904   5  15   4.6718  10.9113   2.6893  -2.0668   4.2104  -2.0763   0.00    0.0    0.02518    0.01662    0.00938   0.15457  0.43150  0.10421 -0.04094  0.13742 -0.07626
2025/01/17 09:28:22.000  -2743947.3217   4701371.0520   3312934.5790   5  15   4.6717  10.9123   2.6892  -2.0672   4.2105  -2.0761   0.00    0.0   -0.05751    0.03472    0.03224   0.15458  0.43156  0.10421 -0.04099  0.13745 -0.07627
2025/01/17 09:28:23.000  -2743947.7269   4701371.2686   3312934.6737   5  15   4.6715  10.9133   2.6890  -2.0676   4.2106  -2.0760   0.00    0.0   -0.00675   -0.10993   -0.03164   0.15459  0.43163  0.10422 -0.04104  0.13748 -0.07627
2025/01/17 09:28:24.000  -2743947.7556   4701370.6322   3312934.6597   5  15   4.6713  10.9142   2.6889  -2.0680   4.2106  -2.0759   0.00    0.0    0.02174   -0.05194   -0.03021   0.15460  0.43169  0.10422 -0.04110  0.13750 -0.07628
2025/01/17 09:28:25.000  -2743947.9453   4701371.2204   3312934.6840   5  15   4.6711  10.9152   2.6887  -2.0683   4.2107  -2.0757   0.00    0.0    0.02604   -0.04970   -0.00244   0.15460  0.43175  0.10423 -0.04115  0.13753 -0.07629
2025/01/17 09:28:26.000  -2743947.8040   4701370.2723   3312934.2742   5  15   4.6709  10.9162   2.6886  -2.0687   4.2108  -2.0756   0.00    0.0    0.07215   -0.06789   -0.00846   0.15461  0.43182  0.10423 -0.04120  0.13756 -0.07630
2025/01/17 09:28:27.000  -2743947.0398   4701369.0490   3312933.8869   5  16   4.6707   9.1658   2.6449  -2.0538   3.8566  -2.0742   0.00    0.0    0.03052   -0.08646   -0.02369   0.15265  0.38559  0.10392 -0.08055  0.13178 -0.07759
2025/01/17 09:28:28.000  -2743945.7402   4701372.3773   3312933.7886   5  16   4.6705   9.1666   2.6447  -2.0543   3.8567  -2.0740   0.00    0.0    0.05232   -0.01156   -0.02119   0.15266  0.38565  0.10393 -0.08058  0.13181 -0.07760
2025/01/17 09:28:30.000  -2743943.4802   4701372.8371   3312933.4402   5  16   4.6702   9.1681   2.6445  -2.0553   3.8571  -2.0738   0.00    0.0   -0.04158   -0.00613   -0.00282   0.15268  0.38575  0.10394 -0.08065  0.13186 -0.07762
2025/01/17 09:28:31.000  -2743941.5820   4701369.5775   3312932.3802   5  16   4.6700   9.1689   2.6444  -2.0558   3.8572  -2.0736   0.00    0.0    0.04201   -0.04241   -0.00624   0.15268  0.38580  0.10394 -0.08068  0.13189 -0.07762
2025/01/17 09:28:32.000  -2743930.7960   4701383.9957   3312932.0382   5  17   3.9624   7.5939   2.6393  -4.1145   3.7484  -2.1675   0.00    0.0   -1.16134    1.47445    0.38936   0.14604  0.31412  0.10379 -0.12846  0.13661 -0.07600
2025/01/17 09:28:33.000  -2743927.7251   4701378.5554   3312930.7675   5  16   5.0196   8.4816   2.9033  -5.3453   4.3151  -2.9028   0.00    0.0    0.03559    0.03853   -0.01859   0.20197  0.35479  0.11235 -0.19879  0.16049 -0.10852
2025/01/17 09:28:34.000  -2743927.7087   4701376.8978   3312930.4606   5  16   5.0202   8.4814   2.9031  -5.3458   4.3150  -2.9030   0.00    0.0    0.08392   -0.16612   -0.05209   0.20199  0.35481  0.11236 -0.19882  0.16051 -0.10854
2025/01/17 09:28:35.000  -2743928.4966   4701376.2585   3312930.6104   5  16   5.0208   8.4813   2.9030  -5.3464   4.3149  -2.9032   0.00    0.0   -0.15834    0.02185    0.03008   0.20202  0.35483  0.11237 -0.19886  0.16053 -0.10856
2025/01/17 09:28:36.000  -2743928.2353   4701374.5480   3312930.2300   5  16   5.0214   8.4811   2.9028  -5.3469   4.3147  -2.9034   0.00    0.0   -0.02384    0.13915    0.03353   0.20204  0.35484  0.11237 -0.19889  0.16055 -0.10857
2025/01/17 09:28:37.000  -2743928.4914   4701375.7459   3312930.4262   5  16   5.0220   8.4810   2.9027  -5.3475   4.3146  -2.9036   0.00    0.0   -0.03017   -0.24245   -0.09831   0.20207  0.35486  0.11238 -0.19893  0.16057 -0.10859
2025/01/17 09:28:38.000  -2743927.8046   4701378.5091   3312930.5123   5  16   5.0226   8.4808   2.9025  -5.3480   4.3144  -2.9038   0.00    0.0   -0.15200    0.15006    0.02346   0.20209  0.35488  0.11239 -0.19896  0.16059 -0.10861
2025/01/17 09:28:39.000  -2743927.1637   4701380.1437   3312930.5432   5  16   5.0232   8.4806   2.9024  -5.3486   4.3143  -2.9040   0.00    0.0    0.03068   -0.28856   -0.00414   0.20212  0.35490  0.11239 -0.19900  0.16061 -0.10863
2025/01/17 09:28:40.000  -2743926.5172   4701380.3140   3312930.5891   5  16   5.0238   8.4805   2.9022  -5.3491   4.3141  -2.9042   0.00    0.0    0.05972    0.05963    0.00424   0.20214  0.35491  0.11240 -0.19903  0.16063 -0.10864
2025/01/17 09:28:41.000  -2743926.4357   4701380.0901   3312930.5090   5  16   5.0244   8.4803   2.9021  -5.3497   4.3140  -2.9044   0.00    0.0   -0.02331   -0.24376   -0.02403   0.20217  0.35493  0.11241 -0.19907  0.16065 -0.10866
2025/01/17 09:28:42.000  -2743926.1344   4701379.8569   3312930.5800   5  16   5.0250   8.4802   2.9019  -5.3502   4.3139  -2.9046   0.00    0.0   -0.07961   -0.01709    0.02733   0.20219  0.35495  0.11241 -0.19910  0.16067 -0.10868
2025/01/17 09:28:43.000  -2743926.7345   4701379.2515   3312930.7963   5  16   5.0256   8.4800   2.9018  -5.3507   4.3137  -2.9048   0.00    0.0   -0.13963    0.30344    0.06588   0.20222  0.35497  0.11242 -0.19914  0.16068 -0.10870
2025/01/17 09:28:44.000  -2743926.6222   4701378.8926   3312930.6428   5  16   5.0262   8.4798   2.9016  -5.3513   4.3136  -2.9050   0.00    0.0   -0.06693    0.05632    0.00540   0.20224  0.35498  0.11243 -0.19917  0.16070 -0.10872
2025/01/17 09:28:45.000  -2743926.7651   4701380.7092   3312930.7819   5  16   5.0268   8.4797   2.9015  -5.3518   4.3134  -2.9052   0.00    0.0    0.04255    0.02179   -0.01535   0.20227  0.35500  0.11243 -0.19921  0.16072 -0.10873
2025/01/17 09:28:46.000  -2743926.7865   4701383.7509   3312930.7619   5  16   5.0274   8.4795   2.9013  -5.3524   4.3133  -2.9054   0.00    0.0   -0.01443   -0.00292    0.01880   0.20229  0.35502  0.11244 -0.19924  0.16074 -0.10875
2025/01/17 09:28:47.000  -2743926.1652   4701382.2973   3312930.6547   5  16   5.0280   8.4793   2.9011  -5.3529   4.3131  -2.9056   0.00    0.0    0.10732   -0.18973   -0.01554   0.20232  0.35504  0.11245 -0.19928  0.16076 -0.10877
2025/01/17 09:28:48.000  -2743926.6126   4701381.6281   3312930.5596   5  15   5.6573   8.7540   2.9189  -5.8566   4.3938  -3.0466   0.00    0.0   -0.01056   -0.10729    0.01145   0.24903  0.38323  0.11712 -0.24630  0.17485 -0.12879
2025/01/17 09:28:49.000  -2743926.8260   4701381.3235   3312930.4390   5  15   5.6579   8.7538   2.9188  -5.8571   4.3936  -3.0467   0.00    0.0    0.00406    0.19937    0.01478   0.24906  0.38325  0.11713 -0.24634  0.17486 -0.12880
2025/01/17 09:28:51.000  -2743926.7725   4701385.9167   3312930.8788   5  15   5.6592   8.7534   2.9184  -5.8581   4.3932  -3.0469   0.00    0.0   -0.04262   -0.15568   -0.00053   0.24912  0.38330  0.11714 -0.24641  0.17490 -0.12883
2025/01/17 09:28:53.000  -2743927.1432   4701384.5739   3312930.8666   5  15   5.6604   8.7530   2.9181  -5.8591   4.3928  -3.0472   0.00    0.0    0.00539   -0.09464    0.00829   0.24917  0.38334  0.11715 -0.24648  0.17494 -0.12887
2025/01/17 09:28:54.000  -2743927.0122   4701383.6877   3312930.8220   5  15   5.6610   8.7528   2.9179  -5.8596   4.3926  -3.0473   0.00    0.0   -0.08920    0.06086    0.06414   0.24920  0.38336  0.11716 -0.24652  0.17495 -0.12888
2025/01/17 09:28:55.000  -2743925.6318   4701382.5152   3312930.4875   5  15   5.6616   8.7526   2.9177  -5.8601   4.3924  -3.0474   0.00    0.0   -0.09535    0.12016   -0.00641   0.24923  0.38338  0.11716 -0.24655  0.17497 -0.12890
2025/01/17 09:28:56.000  -2743926.2496   4701381.8370   3312930.7745   5  15   5.6622   8.7524   2.9176  -5.8606   4.3923  -3.0476   0.00    0.0   -0.08930   -0.12352    0.05495   0.24926  0.38340  0.11717 -0.24659  0.17499 -0.12891
2025/01/17 09:28:57.000  -2743926.0791   4701380.4526   3312930.8402   5  15   5.6628   8.7522   2.9174  -5.8611   4.3921  -3.0477   0.00    0.0   -0.02544   -0.08863   -0.01627   0.24929  0.38342  0.11718 -0.24663  0.17501 -0.12893
2025/01/17 09:28:58.000  -2743925.9589   4701379.1956   3312930.5940   5  15   5.6635   8.7520   2.9172  -5.8615   4.3919  -3.0478   0.00    0.0   -0.05801   -0.03038   -0.00864   0.24932  0.38344  0.11718 -0.24666  0.17502 -0.12894
2025/01/17 09:28:59.000  -2743925.3783   4701376.8221   3312930.5933   5  15   5.6641   8.7518   2.9170  -5.8620   4.3917  -3.0479   0.00    0.0   -0.01120    0.11836    0.02981   0.24935  0.38346  0.11719 -0.24670  0.17504 -0.12896
2025/01/17 09:29:00.000  -2743925.8362   4701373.6301   3312930.4900   5  15   5.6647   8.7516   2.9169  -5.8625   4.3915  -3.0480   0.00    0.0   -0.04032   -0.03400   -0.00673   0.24937  0.38348  0.11719 -0.24674  0.17506 -0.12898
2025/01/17 09:29:01.000  -2743925.3554   4701369.1184   3312930.0827   5  15   5.6653   8.7514   2.9167  -5.8630   4.3913  -3.0482   0.00    0.0   -0.05446    0.29580    0.02603   0.24940  0.38350  0.11720 -0.24677  0.17508 -0.12899
2025/01/17 09:29:02.000  -2743939.0147   4701353.9387   3312929.1411   5  16   5.1525   8.5143   2.6312  -2.5888   3.7582  -2.0767   0.00    0.0   -0.01399   -0.04145    0.01446   0.17555  0.35826  0.10471 -0.09089  0.12972 -0.08501
2025/01/17 09:29:03.000  -2743924.9251   4701368.0865   3312929.8806   5  15   5.6665   8.7510   2.9163  -5.8639   4.3909  -3.0484   0.00    0.0    0.05764   -0.39585   -0.01925   0.24946  0.38354  0.11721 -0.24684  0.17511 -0.12902
2025/01/17 09:29:04.000  -2743940.4358   4701357.6190   3312930.0770   5  16   5.1516   8.5157   2.6309  -2.5894   3.7586  -2.0761   0.00    0.0   -0.02601    0.09739   -0.02880   0.17556  0.35835  0.10471 -0.09095  0.12977 -0.08502
2025/01/17 09:29:05.000  -2743926.3488   4701370.3231   3312930.3550   5  15   5.6677   8.7505   2.9160  -5.8649   4.3905  -3.0486   0.00    0.0   -0.01809   -0.03549    0.01989   0.24952  0.38358  0.11722 -0.24691  0.17515 -0.12905
2025/01/17 09:29:06.000  -2743926.8401   4701372.7809   3312930.5864   5  15   5.6683   8.7503   2.9158  -5.8654   4.3902  -3.0487   0.00    0.0   -0.06229   -0.10079    0.00144   0.24955  0.38360  0.11723 -0.24695  0.17516 -0.12907
2025/01/17 09:29:07.000  -2743927.8887   4701375.7200   3312930.8652   5  15   5.6689   8.7501   2.9156  -5.8658   4.3900  -3.0488   0.00    0.0   -0.07698    0.18886    0.06020   0.24957  0.38362  0.11723 -0.24698  0.17518 -0.12908
2025/01/17 09:29:08.000  -2743927.5896   4701378.1506   3312931.0801   5  15   5.6695   8.7499   2.9154  -5.8663   4.3898  -3.0490   0.00    0.0   -0.03268   -0.24391   -0.00174   0.24960  0.38364  0.11724 -0.24702  0.17520 -0.12910
2025/01/17 09:29:09.000  -2743928.7178   4701379.2558   3312931.4642   5  15   5.6701   8.7496   2.9153  -5.8668   4.3896  -3.0491   0.00    0.0   -0.07109    0.04885   -0.00515   0.24963  0.38366  0.11725 -0.24706  0.17522 -0.12911
2025/01/17 09:29:10.000  -2743927.6091   4701379.2230   3312931.0630   5  15   5.6707   8.7494   2.9151  -5.8672   4.3894  -3.0492   0.00    0.0    0.01141   -0.07778    0.00401   0.24966  0.38368  0.11725 -0.24709  0.17523 -0.12913
2025/01/17 09:29:11.000  -2743927.8858   4701380.0131   3312931.3336   5  15   5.6713   8.7492   2.9149  -5.8677   4.3892  -3.0493   0.00    0.0   -0.06456    0.18459   -0.00100   0.24969  0.38370  0.11726 -0.24713  0.17525 -0.12914
2025/01/17 09:29:12.000  -2743927.3293   4701378.7881   3312930.4085   5  15   5.6719   8.7489   2.9147  -5.8682   4.3890  -3.0494   0.00    0.0    0.04302   -0.12004   -0.01804   0.24971  0.38371  0.11726 -0.24716  0.17527 -0.12916
2025/01/17 09:29:14.000  -2743927.2774   4701379.4259   3312930.3862   5  15   5.6731   8.7485   2.9144  -5.8691   4.3886  -3.0496   0.00    0.0   -0.15696   -0.00703    0.02353   0.24977  0.38375  0.11727 -0.24723  0.17530 -0.12919
2025/01/17 09:29:15.000  -2743926.5350   4701377.7199   3312930.0275   5  15   5.6737   8.7482   2.9142  -5.8695   4.3884  -3.0497   0.00    0.0    0.07100    0.00467   -0.01927   0.24980  0.38377  0.11728 -0.24727  0.17532 -0.12921
2025/01/17 09:29:18.000  -2743926.8067   4701380.7822   3312929.7890   5  15   5.6754   8.7475   2.9136  -5.8709   4.3877  -3.0500   0.00    0.0   -0.01889   -0.06581   -0.02139   0.24988  0.38383  0.11730 -0.24737  0.17537 -0.12925
2025/01/17 09:29:19.000  -2743927.8111   4701378.0422   3312930.2508   5  15   5.6760   8.7473   2.9135  -5.8713   4.3875  -3.0501   0.00    0.0    0.00614   -0.08822    0.02229   0.24991  0.38385  0.11730 -0.24740  0.17539 -0.12927
2025/01/17 09:29:22.000  -2743942.4629   4701344.2222   3312929.6825   5  14   6.8022   9.8442   2.9129  -4.1912   4.3846  -3.0531   0.00    0.0    0.01640   -0.40949   -0.01572   0.25933  0.43749  0.11774 -0.21631  0.16943 -0.13192
2025/01/17 09:29:23.000  -2743941.5871   4701346.4937   3312929.3951   5  14   6.8019   9.8451   2.9127  -4.1916   4.3848  -3.0527   0.00    0.0    0.12968   -0.09948    0.04488   0.25935  0.43756  0.11774 -0.21636  0.16946 -0.13192
2025/01/17 09:29:30.000  -2743928.2925   4701384.4094   3312931.0303   5  14   5.7072   9.6958   2.9302  -6.0626   4.5404  -3.0799   0.00    0.0    0.03080   -0.13954   -0.00248   0.25058  0.39820  0.11759 -0.24491  0.17774 -0.12905
2025/01/17 09:29:32.000  -2743928.7885   4701385.3383   3312931.3088   5  14   5.7084   9.6943   2.9297  -6.0632   4.5395  -3.0800   0.00    0.0   -0.10553    0.10495    0.03160   0.25063  0.39822  0.11760 -0.24498  0.17777 -0.12908
2025/01/17 09:29:33.000  -2743928.4929   4701384.8957   3312931.3076   5  14   5.7089   9.6936   2.9295  -6.0635   4.5391  -3.0800   0.00    0.0   -0.05481    0.03419    0.02863   0.25066  0.39822  0.11761 -0.24501  0.17778 -0.12910
2025/01/17 09:29:34.000  -2743928.4852   4701385.4479   3312931.7748   5  14   5.7095   9.6928   2.9293  -6.0638   4.5386  -3.0801   0.00    0.0    0.11418   -0.10482   -0.01935   0.25069  0.39823  0.11761 -0.24504  0.17779 -0.12911
2025/01/17 09:29:53.000  -2743933.8211   4701386.5526   3312934.0955   5  15   4.2881   7.6360   2.6611  -4.3200   3.7083  -2.1624   0.00    0.0   -0.45122    0.28324    0.09280   0.16648  0.32751  0.10529 -0.15192  0.13848 -0.08186
2025/01/17 09:29:55.000  -2743924.6420   4701373.9812   3312931.0136   5  14   5.6995   8.7386   2.9440  -5.8841   4.3707  -3.0669   0.00    0.0    0.03252   -0.01351   -0.00136   0.25271  0.39238  0.11764 -0.25332  0.17469 -0.12913
2025/01/17 09:30:03.000  -2743912.8415   4701366.2270   3312928.2500   5  14   5.4002   9.0356   3.1486  -6.2568   4.6649  -3.5295   0.00    0.0   -0.00155   -0.18425   -0.00625   0.26135  0.39917  0.12501 -0.27947  0.18402 -0.14950
2025/01/17 09:30:05.000  -2743913.5029   4701367.0054   3312928.2409   5  14   5.4001   9.0348   3.1482  -6.2565   4.6645  -3.5293   0.00    0.0    0.11466   -0.10581   -0.05371   0.26137  0.39919  0.12501 -0.27950  0.18404 -0.14951
2025/01/17 09:30:06.000  -2743921.9903   4701377.7375   3312931.9772   5  15   3.9893   7.6585   2.7103  -4.6583   3.7524  -2.5741   0.00    0.0   -0.12150   -0.10618    0.00523   0.16172  0.31527  0.10535 -0.16686  0.13188 -0.09237
2025/01/17 09:30:57.000  -2743920.6431   4701367.1164   3312930.4326   5  14   5.7334   8.7148   2.9334  -5.9055   4.3559  -3.0728   0.00    0.0   -0.00151   -0.10754   -0.07261   0.25415  0.39266  0.11796 -0.25480  0.17548 -0.12991
2025/01/17 09:31:04.000  -2743913.5493   4701362.6542   3312930.4213   5  15   5.0382   8.7108   2.9202  -5.8797   4.3577  -3.1889   0.00    0.0    0.09574   -0.14989    0.00915   0.23070  0.39133  0.11795 -0.26166  0.17528 -0.13122
2025/01/17 09:31:05.000  -2743914.2985   4701362.5081   3312930.4200   5  15   5.0381   8.7103   2.9201  -5.8795   4.3574  -3.1888   0.00    0.0    0.27369   -0.08289   -0.07179   0.23071  0.39133  0.11796 -0.26168  0.17529 -0.13123
2025/01/17 09:31:06.000  -2743915.2578   4701363.9221   3312930.2058   5  15   5.0380   8.7098   2.9200  -5.8793   4.3572  -3.1886   0.00    0.0   -0.02873   -0.05034    0.02745   0.23072  0.39134  0.11796 -0.26169  0.17530 -0.13124
2025/01/17 09:31:07.000  -2743915.0826   4701363.5446   3312930.4306   5  15   5.0379   8.7094   2.9198  -5.8791   4.3570  -3.1885   0.00    0.0   -0.00677   -0.13867   -0.02404   0.23073  0.39134  0.11797 -0.26170  0.17531 -0.13124
2025/01/17 09:31:08.000  -2743915.6438   4701364.4785   3312930.1453   5  15   5.0378   8.7089   2.9197  -5.8788   4.3568  -3.1883   0.00    0.0   -0.04008   -0.15769    0.00168   0.23074  0.39135  0.11797 -0.26171  0.17533 -0.13125
2025/01/17 09:31:10.000  -2743916.6888   4701364.7363   3312930.5943   5  15   5.0376   8.7079   2.9195  -5.8784   4.3563  -3.1881   0.00    0.0    0.21317   -0.09610   -0.06277   0.23076  0.39136  0.11798 -0.26173  0.17535 -0.13126
2025/01/17 09:31:11.000  -2743916.2700   4701365.8384   3312930.6248   5  15   5.0375   8.7074   2.9193  -5.8782   4.3561  -3.1879   0.00    0.0   -0.08638    0.07575    0.04743   0.23077  0.39136  0.11798 -0.26174  0.17536 -0.13127
2025/01/17 09:31:12.000  -2743917.7588   4701361.8322   3312931.0657   5  15   5.0374   8.7069   2.9192  -5.8780   4.3559  -3.1878   0.00    0.0   -0.14528   -0.84335    0.01510   0.23079  0.39136  0.11799 -0.26176  0.17538 -0.13128
2025/01/17 09:31:14.000  -2743916.7029   4701366.8786   3312931.0290   5  15   5.0373   8.7059   2.9189  -5.8775   4.3554  -3.1875   0.00    0.0   -0.08975    0.32158   -0.00287   0.23081  0.39137  0.11800 -0.26178  0.17540 -0.13129
2025/01/17 09:31:49.000  -2743930.1223   4701369.1055   3312933.1442   5  16   5.0262   8.6866   2.8731  -5.8698   4.3499  -3.1613   0.00    0.0    0.00296    0.04603   -0.00142   0.23004  0.38415  0.11797 -0.25886  0.17720 -0.13207
2025/01/17 09:31:59.000  -2743942.9581   4701358.1791   3312931.6684   5  15   6.6055   9.3813   2.8765  -4.7360   4.3319  -3.0332   0.00    0.0   -0.01633   -0.01821   -0.02221   0.26084  0.41599  0.11763 -0.21731  0.16852 -0.13198
2025/01/17 09:32:10.000  -2743924.5333   4701367.2330   3312931.2680   5  14   7.3946   9.3738   2.9598  -7.1771   4.6112  -3.5426   0.00    0.0   -0.01207   -0.02942   -0.04678   0.31028  0.42102  0.12027 -0.30604  0.18818 -0.14611
2025/01/17 09:32:11.000  -2743923.9052   4701366.2954   3312931.2714   5  14   7.3952   9.3732   2.9596  -7.1773   4.6107  -3.5425   0.00    0.0   -0.13492    0.16284    0.02521   0.31030  0.42103  0.12027 -0.30606  0.18819 -0.14612
2025/01/17 09:32:21.000  -2743935.9116   4701375.7051   3312932.4062   5  15   5.7683   8.6713   2.8749  -5.9253   4.3324  -3.0555   0.00    0.0   -0.02656    0.00220   -0.02791   0.25447  0.38575  0.11810 -0.25251  0.17770 -0.13152
2025/01/17 09:50:10.000  -2743918.2812   4701357.8714   3312942.3186   5  17   4.1939   5.5968   2.3634  -3.4093   2.9317  -2.0388   0.00    0.0   -0.05929    0.11687    0.01121   0.16459  0.22824  0.10420 -0.09809  0.12107 -0.08320
2025/01/17 09:50:11.000  -2743918.0732   4701357.9797   3312942.2834   5  17   4.1941   5.5964   2.3632  -3.4093   2.9315  -2.0388   0.00    0.0   -0.06954   -0.02205   -0.01488   0.16460  0.22825  0.10420 -0.09812  0.12108 -0.08321
2025/01/17 09:50:12.000  -2743917.5618   4701358.4649   3312942.1849   5  17   4.1942   5.5960   2.3630  -3.4093   2.9312  -2.0387   0.00    0.0   -0.05944    0.06069    0.00026   0.16461  0.22826  0.10420 -0.09815  0.12109 -0.08322
2025/01/17 09:50:13.000  -2743917.3855   4701357.5571   3312941.9712   5  17   4.1944   5.5955   2.3629  -3.4093   2.9310  -2.0387   0.00    0.0   -0.00594   -0.02075   -0.00370   0.16463  0.22826  0.10420 -0.09817  0.12109 -0.08323
2025/01/17 09:50:14.000  -2743916.9903   4701356.2890   3312941.9617   5  17   4.1946   5.5951   2.3627  -3.4093   2.9307  -2.0386   0.00    0.0    0.14560   -0.07734   -0.01803   0.16464  0.22827  0.10420 -0.09820  0.12110 -0.08323
2025/01/17 09:50:15.000  -2743916.5358   4701355.9934   3312941.8511   5  17   4.1948   5.5947   2.3625  -3.4093   2.9304  -2.0386   0.00    0.0   -0.04149   -0.02128    0.00590   0.16465  0.22828  0.10420 -0.09823  0.12111 -0.08324
2025/01/17 09:50:16.000  -2743918.6526   4701359.4268   3312942.7053   5  16   5.2623   7.1604   2.5668  -5.0816   3.6155  -2.7101   0.00    0.0   -0.03515   -0.03503   -0.00787   0.22252  0.32432  0.11363 -0.21008  0.15845 -0.11710
2025/01/17 09:50:18.000  -2743919.2328   4701359.0190   3312942.7052   5  16   5.2619   7.1575   2.5660  -5.0800   3.6139  -2.7092   0.00    0.0   -0.04277    0.02802    0.01253   0.22253  0.32424  0.11362 -0.21005  0.15842 -0.11709
2025/01/17 09:50:20.000  -2743919.2549   4701358.5973   3312942.8937   5  16   5.2615   7.1546   2.5653  -5.0783   3.6123  -2.7082   0.00    0.0   -0.09809    0.07753    0.00162   0.22254  0.32415  0.11361 -0.21003  0.15839 -0.11708
2025/01/17 09:50:21.000  -2743918.8390   4701358.1850   3312942.7774   5  16   5.2613   7.1531   2.5650  -5.0775   3.6115  -2.7078   0.00    0.0   -0.02076    0.08660   -0.00748   0.22255  0.32410  0.11360 -0.21001  0.15837 -0.11708
2025/01/17 09:50:22.000  -2743918.3627   4701358.9001   3312942.5583   5  16   5.2611   7.1516   2.5646  -5.0767   3.6107  -2.7073   0.00    0.0   -0.04296   -0.00042   -0.02821   0.22255  0.32406  0.11359 -0.21000  0.15836 -0.11707
2025/01/17 09:50:24.000  -2743918.5626   4701360.0413   3312942.5900   5  16   5.2607   7.1487   2.5639  -5.0750   3.6091  -2.7064   0.00    0.0   -0.03316   -0.01087   -0.00181   0.22256  0.32397  0.11358 -0.20997  0.15832 -0.11706
2025/01/17 09:50:26.000  -2743916.5273   4701361.2210   3312942.6338   5  16   5.2603   7.1458   2.5632  -5.0734   3.6075  -2.7055   0.00    0.0    0.13029    0.02011    0.00830   0.22257  0.32388  0.11357 -0.20994  0.15829 -0.11705
2025/01/17 09:50:27.000  -2743917.2552   4701361.4419   3312942.4193   5  16   5.2601   7.1443   2.5628  -5.0726   3.6067  -2.7051   0.00    0.0    0.04499   -0.01279   -0.04009   0.22258  0.32384  0.11356 -0.20992  0.15827 -0.11705
2025/01/17 09:50:28.000  -2743916.6902   4701361.1754   3312942.2892   5  16   5.2599   7.1429   2.5624  -5.0718   3.6059  -2.7046   0.00    0.0   -0.06234   -0.03558    0.01198   0.22258  0.32379  0.11356 -0.20991  0.15826 -0.11704
2025/01/17 09:50:29.000  -2743916.7512   4701362.1596   3312941.7155   5  16   5.2597   7.1414   2.5621  -5.0709   3.6051  -2.7042   0.00    0.0   -0.08863    0.14785    0.02416   0.22259  0.32375  0.11355 -0.20989  0.15824 -0.11704
2025/01/17 09:50:31.000  -2743927.1340   4701346.9927   3312940.2683   5  15   5.0752   7.6523   2.3797   1.7440   3.0300  -1.9919   0.00    0.0   -0.01278   -0.05052   -0.01066   0.18860  0.27823  0.10497  0.06907  0.11268 -0.08993
2025/01/17 09:50:32.000  -2743925.4959   4701371.9365   3312944.5198   5  17   4.1980   5.5874   2.3597  -3.4092   2.9259  -2.0378   0.00    0.0   -0.06350   -0.06684   -0.00032   0.16487  0.22840  0.10421 -0.09873  0.12122 -0.08339
2025/01/17 09:50:33.000  -2743924.7391   4701369.3230   3312944.0294   5  17   4.1982   5.5870   2.3596  -3.4092   2.9256  -2.0378   0.00    0.0   -0.04023    0.00186    0.00917   0.16488  0.22841  0.10421 -0.09876  0.12122 -0.08340
2025/01/17 09:50:35.000  -2743921.4790   4701363.4659   3312942.8332   5  17   4.1985   5.5861   2.3592  -3.4091   2.9251  -2.0377   0.00    0.0    0.00327    0.04389   -0.01701   0.16491  0.22842  0.10421 -0.09882  0.12124 -0.08341
2025/01/17 09:50:36.000  -2743918.4946   4701359.5970   3312942.0155   5  17   4.1987   5.5857   2.3591  -3.4091   2.9248  -2.0376   0.00    0.0    0.01279   -0.00560   -0.00514   0.16492  0.22843  0.10421 -0.09885  0.12124 -0.08342
2025/01/17 09:50:37.000  -2743916.3393   4701356.2488   3312941.3360   5  17   4.1989   5.5853   2.3589  -3.4091   2.9246  -2.0376   0.00    0.0    0.05345   -0.15859    0.03800   0.16493  0.22844  0.10421 -0.09888  0.12125 -0.08343
2025/01/17 09:50:38.000  -2743915.7193   4701354.2313   3312940.9587   5  17   4.1991   5.5848   2.3587  -3.4091   2.9243  -2.0375   0.00    0.0    0.08466   -0.06543    0.00269   0.16495  0.22845  0.10421 -0.09890  0.12126 -0.08344
2025/01/17 09:50:44.000  -2743918.8485   4701350.0557   3312940.6173   5  17   4.2002   5.5822   2.3578  -3.4090   2.9227  -2.0372   0.00    0.0    0.02084    0.06733    0.01721   0.16502  0.22849  0.10421 -0.09908  0.12129 -0.08349
2025/01/17 09:50:45.000  -2743918.5406   4701350.6862   3312940.3514   5  17   4.2004   5.5818   2.3576  -3.4090   2.9224  -2.0372   0.00    0.0   -0.09091   -0.22104    0.02577   0.16504  0.22850  0.10421 -0.09911  0.12130 -0.08350
2025/01/17 09:50:46.000  -2743918.0446   4701352.9161   3312940.7007   5  17   4.2005   5.5814   2.3574  -3.4090   2.9221  -2.0371   0.00    0.0   -0.05039   -0.01708   -0.02377   0.16505  0.22850  0.10421 -0.09914  0.12131 -0.08351
2025/01/17 09:50:47.000  -2743917.6683   4701354.1141   3312940.7751   5  17   4.2007   5.5809   2.3573  -3.4090   2.9219  -2.0371   0.00    0.0   -0.06715    0.00754   -0.00868   0.16506  0.22851  0.10421 -0.09916  0.12131 -0.08351
2025/01/17 09:50:48.000  -2743917.3966   4701354.1149   3312940.5726   5  17   4.2009   5.5805   2.3571  -3.4090   2.9216  -2.0371   0.00    0.0    0.11025   -0.00439   -0.01230   0.16507  0.22852  0.10421 -0.09919  0.12132 -0.08352
2025/01/17 09:50:49.000  -2743917.9601   4701354.9706   3312940.4972   5  17   4.2011   5.5801   2.3569  -3.4090   2.9213  -2.0370   0.00    0.0    0.02979    0.12076    0.00334   0.16509  0.22852  0.10421 -0.09922  0.12133 -0.08353
2025/01/17 09:50:50.000  -2743917.8808   4701357.1261   3312940.7263   5  18   3.4678   5.3736   2.2821  -2.8386   2.7656  -1.6593   0.00    0.0   -0.04350    0.05110    0.04756   0.13909  0.22554  0.10254 -0.08108  0.11848 -0.07298
2025/01/17 09:50:52.000  -2743918.7721   4701355.5508   3312940.9983   5  18   3.4679   5.3728   2.2818  -2.8386   2.7651  -1.6593   0.00    0.0   -0.03020   -0.03235    0.00964   0.13911  0.22555  0.10254 -0.08114  0.11849 -0.07299
2025/01/17 09:50:54.000  -2743918.3638   4701350.5385   3312939.8639   5  17   4.2020   5.5779   2.3561  -3.4089   2.9200  -2.0368   0.00    0.0   -0.03090   -0.01573    0.02164   0.16515  0.22856  0.10421 -0.09937  0.12136 -0.08357
2025/01/17 09:50:55.000  -2743918.2521   4701351.3836   3312940.1323   5  17   4.2022   5.5774   2.3559  -3.4089   2.9197  -2.0367   0.00    0.0   -0.24668   -0.16443   -0.02404   0.16516  0.22856  0.10421 -0.09940  0.12136 -0.08358
2025/01/17 09:50:57.000  -2743917.0463   4701352.1663   3312939.5487   5  17   4.2026   5.5766   2.3556  -3.4088   2.9192  -2.0366   0.00    0.0   -0.00759    0.26936    0.04044   0.16519  0.22858  0.10421 -0.09945  0.12138 -0.08360
2025/01/17 09:50:58.000  -2743917.2187   4701352.4883   3312939.8732   5  17   4.2027   5.5761   2.3554  -3.4088   2.9189  -2.0366   0.00    0.0   -0.04631   -0.05313    0.00144   0.16520  0.22858  0.10421 -0.09948  0.12138 -0.08361
2025/01/17 09:51:00.000  -2743916.6812   4701353.1487   3312940.3640   5  17   4.2031   5.5752   2.3551  -3.4088   2.9183  -2.0365   0.00    0.0   -0.02610   -0.03448   -0.00093   0.16523  0.22860  0.10421 -0.09954  0.12139 -0.08362
2025/01/17 09:51:02.000  -2743916.0282   4701353.6283   3312939.5629   5  17   4.2035   5.5744   2.3548  -3.4087   2.9178  -2.0363   0.00    0.0   -0.08107   -0.23937    0.01243   0.16525  0.22861  0.10421 -0.09960  0.12141 -0.08364
2025/01/17 09:51:03.000  -2743915.6209   4701354.3834   3312939.4437   5  17   4.2036   5.5739   2.3546  -3.4087   2.9175  -2.0363   0.00    0.0    0.18180   -0.07022   -0.00713   0.16527  0.22862  0.10421 -0.09962  0.12141 -0.08365
2025/01/17 09:51:04.000  -2743916.1606   4701354.1192   3312939.3987   5  17   4.2038   5.5735   2.3544  -3.4087   2.9173  -2.0362   0.00    0.0   -0.01236   -0.03187   -0.00832   0.16528  0.22862  0.10421 -0.09965  0.12142 -0.08366
2025/01/17 09:51:05.000  -2743916.0215   4701353.9474   3312940.0299   5  17   4.2040   5.5731   2.3543  -3.4087   2.9170  -2.0362   0.00    0.0   -0.09330    0.15258    0.03792   0.16529  0.22863  0.10421 -0.09968  0.12142 -0.08366
2025/01/17 09:51:07.000  -2743916.1122   4701352.2195   3312940.3522   5  17   4.2044   5.5722   2.3539  -3.4086   2.9164  -2.0361   0.00    0.0    0.04266    0.07161    0.00983   0.16532  0.22864  0.10421 -0.09974  0.12144 -0.08368
2025/01/17 09:51:08.000  -2743916.4768   4701351.5324   3312940.6664   5  17   4.2045   5.5717   2.3538  -3.4086   2.9162  -2.0360   0.00    0.0   -0.02510   -0.04000   -0.02497   0.16533  0.22865  0.10421 -0.09977  0.12144 -0.08369
2025/01/17 09:51:09.000  -2743917.5257   4701350.2223   3312941.1454   5  17   4.2047   5.5713   2.3536  -3.4086   2.9159  -2.0360   0.00    0.0    0.05966    0.03820   -0.00365   0.16534  0.22866  0.10421 -0.09980  0.12145 -0.08370
2025/01/17 09:51:10.000  -2743917.8679   4701350.3915   3312941.3980   5  17   4.2049   5.5709   2.3534  -3.4086   2.9156  -2.0359   0.00    0.0    0.17707    0.21241    0.01747   0.16536  0.22866  0.10421 -0.09982  0.12145 -0.08371
2025/01/17 09:51:11.000  -2743919.7331   4701348.6022   3312941.4513   5  17   4.2051   5.5704   2.3533  -3.4085   2.9154  -2.0359   0.00    0.0    0.11673    0.04996   -0.02527   0.16537  0.22867  0.10421 -0.09985  0.12146 -0.08371
2025/01/17 09:51:12.000  -2743919.8796   4701348.6775   3312941.7789   5  17   4.2053   5.5700   2.3531  -3.4085   2.9151  -2.0358   0.00    0.0    0.01975    0.14389   -0.01968   0.16538  0.22868  0.10421 -0.09988  0.12147 -0.08372
2025/01/17 09:51:13.000  -2743920.2130   4701349.0073   3312941.7780   5  17   4.2054   5.5695   2.3529  -3.4085   2.9148  -2.0358   0.00    0.0    0.08240    0.16781    0.00917   0.16539  0.22868  0.10421 -0.09991  0.12147 -0.08373
2025/01/17 09:51:15.000  -2743919.5480   4701349.6218   3312942.0606   5  17   4.2058   5.5686   2.3526  -3.4084   2.9143  -2.0357   0.00    0.0    0.00457    0.09401   -0.00179   0.16542  0.22870  0.10421 -0.09997  0.12148 -0.08375
2025/01/17 09:51:17.000  -2743916.8313   4701352.6800   3312942.1975   5  17   4.2062   5.5678   2.3523  -3.4084   2.9137  -2.0356   0.00    0.0   -0.03055   -0.16128    0.01425   0.16545  0.22871  0.10421 -0.10002  0.12150 -0.08376
2025/01/17 09:51:18.000  -2743916.0080   4701355.3436   3312942.1319   5  17   4.2063   5.5673   2.3521  -3.4084   2.9134  -2.0355   0.00    0.0   -0.01815    0.02052    0.03136   0.16546  0.22872  0.10421 -0.10005  0.12150 -0.08377
2025/01/17 09:51:19.000  -2743916.2178   4701357.1688   3312941.8638   5  17   4.2065   5.5669   2.3519  -3.4083   2.9132  -2.0355   0.00    0.0   -0.06628   -0.02135    0.02582   0.16547  0.22872  0.10421 -0.10008  0.12151 -0.08378
2025/01/17 09:51:20.000  -2743915.8255   4701357.6811   3312941.7574   5  17   4.2067   5.5664   2.3518  -3.4083   2.9129  -2.0354   0.00    0.0    0.03912    0.08893   -0.02436   0.16548  0.22873  0.10421 -0.10011  0.12151 -0.08379
2025/01/17 09:51:21.000  -2743923.3081   4701353.0754   3312941.7902   5  18   3.4693   5.3610   2.2778  -2.8381   2.7583  -1.6587   0.00    0.0    0.03436   -0.01334   -0.02347   0.13941  0.22570  0.10255 -0.08193  0.11865 -0.07327
2025/01/17 09:51:22.000  -2743914.5727   4701360.1062   3312942.0225   5  17   4.2071   5.5655   2.3514  -3.4083   2.9123  -2.0353   0.00    0.0    0.05019    0.12395   -0.03329   0.16551  0.22874  0.10421 -0.10017  0.12153 -0.08380
2025/01/17 09:51:30.000  -2743916.5742   4701363.4371   3312941.6185   5  16   4.2766   5.6887   2.3974  -3.2722   2.8112  -2.1215   0.00    0.0    0.70839    1.16436   -0.07470   0.16960  0.23206  0.10476 -0.09306  0.11985 -0.08617
2025/01/17 09:51:32.000  -2743923.0322   4701347.5689   3312940.8146   5  16   4.2770   5.6876   2.3972  -3.2721   2.8106  -2.1216   0.00    0.0    0.04783    0.22641    0.01197   0.16962  0.23207  0.10476 -0.09313  0.11986 -0.08619
2025/01/17 09:51:35.000  -2743922.9560   4701346.6381   3312941.2758   5  16   4.2777   5.6858   2.3969  -3.2721   2.8098  -2.1217   0.00    0.0   -0.03859   -0.19322    0.01878   0.16966  0.23207  0.10477 -0.09323  0.11988 -0.08622
2025/01/17 09:51:36.000  -2743921.2496   4701351.0406   3312941.1875   5  16   4.2780   5.6852   2.3967  -3.2721   2.8095  -2.1217   0.00    0.0    1.22760    2.02730   -0.17765   0.16968  0.23208  0.10477 -0.09326  0.11988 -0.08623
2025/01/17 09:51:37.000  -2743920.3512   4701351.9963   3312941.3094   5  16   4.2782   5.6846   2.3966  -3.2721   2.8093  -2.1217   0.00    0.0    0.66096    1.17618   -0.06263   0.16969  0.23208  0.10477 -0.09329  0.11989 -0.08624
2025/01/17 09:51:40.000  -2743920.2805   4701352.1971   3312941.1910   5  16   4.2789   5.6828   2.3963  -3.2721   2.8084  -2.1218   0.00    0.0    0.01149   -0.02124   -0.02499   0.16973  0.23209  0.10477 -0.09339  0.11990 -0.08627
2025/01/17 09:51:41.000  -2743920.0462   4701352.4628   3312941.1877   5  16   4.2792   5.6822   2.3962  -3.2721   2.8081  -2.1218   0.00    0.0    0.05398    0.12532   -0.00564   0.16975  0.23209  0.10477 -0.09343  0.11991 -0.08628
2025/01/17 09:51:47.000  -2743927.2193   4701353.8070   3312943.8522   5  18   3.4706   5.3502   2.2741  -2.8375   2.7520  -1.6581   0.00    0.0    0.06387    0.06532    0.02569   0.13968  0.22581  0.10256 -0.08263  0.11879 -0.07351
2025/01/17 09:51:48.000  -2743925.2581   4701352.3215   3312943.4762   5  18   3.4706   5.3498   2.2740  -2.8375   2.7518  -1.6581   0.00    0.0   -0.08377    0.00188   -0.00129   0.13969  0.22582  0.10256 -0.08266  0.11879 -0.07352
2025/01/17 09:51:49.000  -2743925.4428   4701351.3355   3312942.9987   5  18   3.4707   5.3494   2.2738  -2.8374   2.7516  -1.6581   0.00    0.0   -0.01162    0.03802    0.06080   0.13970  0.22582  0.10256 -0.08269  0.11880 -0.07353
2025/01/17 09:51:50.000  -2743925.4242   4701351.9020   3312943.0490   5  18   3.4707   5.3490   2.2737  -2.8374   2.7513  -1.6580   0.00    0.0    0.06470   -0.02806   -0.01820   0.13971  0.22582  0.10256 -0.08271  0.11880 -0.07354
2025/01/17 09:51:51.000  -2743924.5398   4701351.7658   3312943.3017   5  18   3.4708   5.3485   2.2735  -2.8374   2.7511  -1.6580   0.00    0.0    0.00078    0.01397   -0.01504   0.13972  0.22583  0.10256 -0.08274  0.11881 -0.07355
2025/01/17 09:51:52.000  -2743926.1046   4701353.1549   3312943.5790   5  18   3.4708   5.3481   2.2734  -2.8374   2.7508  -1.6580   0.00    0.0   -0.13193    0.16617    0.05360   0.13973  0.22583  0.10256 -0.08277  0.11881 -0.07356
2025/01/17 09:51:56.000  -2743923.5632   4701350.7626   3312942.8473   5  17   4.2131   5.5503   2.3458  -3.4071   2.9029  -2.0334   0.00    0.0   -0.02279    0.03002    0.00182   0.16595  0.22895  0.10421 -0.10112  0.12172 -0.08408
2025/01/17 09:51:57.000  -2743923.1081   4701349.6223   3312942.6225   5  17   4.2133   5.5498   2.3456  -3.4071   2.9026  -2.0333   0.00    0.0    0.04058    0.06312   -0.01139   0.16596  0.22895  0.10421 -0.10115  0.12172 -0.08409
2025/01/17 09:51:58.000  -2743920.4298   4701349.0504   3312942.5407   5  17   4.2134   5.5494   2.3454  -3.4071   2.9023  -2.0332   0.00    0.0    0.04312   -0.11428   -0.04413   0.16597  0.22896  0.10421 -0.10117  0.12173 -0.08410
2025/01/17 09:51:59.000  -2743919.3091   4701348.2758   3312942.4063   5  17   4.2136   5.5489   2.3453  -3.4070   2.9021  -2.0332   0.00    0.0    0.03248    0.09545   -0.00881   0.16599  0.22896  0.10421 -0.10120  0.12173 -0.08410
2025/01/17 09:52:02.000  -2743917.4015   4701346.8255   3312942.9200   5  17   4.2141   5.5475   2.3448  -3.4069   2.9012  -2.0330   0.00    0.0   -0.10456   -0.03513    0.03157   0.16603  0.22898  0.10421 -0.10129  0.12175 -0.08413
2025/01/17 09:52:10.000  -2743917.3601   4701352.4681   3312941.6948   5  17   4.2155   5.5439   2.3434  -3.4066   2.8990  -2.0325   0.00    0.0   -0.05632   -0.05645   -0.00516   0.16613  0.22902  0.10421 -0.10151  0.12179 -0.08419
2025/01/17 09:52:11.000  -2743919.2275   4701353.1288   3312941.9907   5  18   3.4717   5.3401   2.2707  -2.8368   2.7462  -1.6575   0.00    0.0   -0.06570    0.02471    0.02530   0.13993  0.22591  0.10256 -0.08327  0.11891 -0.07373
2025/01/17 09:52:13.000  -2743920.6868   4701353.7792   3312942.0245   5  18   3.4718   5.3393   2.2704  -2.8367   2.7458  -1.6574   0.00    0.0   -0.09488   -0.05656    0.02330   0.13995  0.22592  0.10256 -0.08332  0.11892 -0.07375
2025/01/17 09:52:17.000  -2743923.2255   4701355.7424   3312942.5988   5  18   3.4720   5.3376   2.2699  -2.8366   2.7448  -1.6573   0.00    0.0    0.00998    0.01407    0.03843   0.14000  0.22593  0.10256 -0.08343  0.11893 -0.07379
2025/01/17 09:52:22.000  -2743931.1536   4701368.9684   3312943.3433   5  15   5.4962   7.0717   2.5759  -5.1677   3.4259  -2.4800   0.00    0.0    0.05468    0.01355   -0.03432   0.22388  0.31860  0.11506 -0.20779  0.15669 -0.11451
2025/01/17 09:52:23.000  -2743931.8969   4701367.7485   3312943.8235   5  15   5.4960   7.0702   2.5756  -5.1668   3.4251  -2.4795   0.00    0.0    0.01234   -0.10933   -0.00623   0.22389  0.31855  0.11506 -0.20778  0.15668 -0.11450
2025/01/17 09:52:24.000  -2743932.2872   4701366.1826   3312944.3773   5  15   5.4957   7.0687   2.5753  -5.1659   3.4243  -2.4789   0.00    0.0   -0.10386   -0.00573    0.00328   0.22389  0.31850  0.11505 -0.20776  0.15666 -0.11449
2025/01/17 09:53:02.000  -2743952.1998   4701374.3669   3312947.2494   5  15   4.1465   6.3220   2.5141  -3.9283   3.0889  -1.9059   0.00    0.0    0.08550   -0.13638   -0.03273   0.16184  0.28220  0.11146 -0.14291  0.13806 -0.08835
2025/01/17 09:53:08.000  -2743949.0508   4701366.1100   3312945.4964   5  14   5.5878   7.0790   2.6471  -5.2333   3.4905  -2.5971   0.00    0.0    0.28402    0.35343   -0.07811   0.22492  0.31639  0.11728 -0.20693  0.15585 -0.11625
2025/01/17 09:53:09.000  -2743951.0402   4701367.1925   3312945.1085   5  13   6.2036   7.2226   2.6597  -5.5912   3.4352  -2.4568   0.00    0.0    0.02192   -0.24783   -0.00181   0.25693  0.32694  0.11748 -0.23037  0.15767 -0.11990
2025/01/17 09:53:10.000  -2743951.9681   4701366.0131   3312945.1216   5  13   6.2032   7.2209   2.6595  -5.5900   3.4344  -2.4562   0.00    0.0   -0.10847   -0.49354    0.01234   0.25692  0.32688  0.11748 -0.23032  0.15764 -0.11988
2025/01/17 09:53:13.000  -2743935.8621   4701364.9119   3312942.9538   5  14   3.9773   5.3741   2.5054  -2.9618   2.7095  -1.3825   0.00    0.0   -0.12219   -0.18560    0.02787   0.15084  0.23507  0.10933 -0.08359  0.12114 -0.07380
2025/01/17 09:53:14.000  -2743929.5840   4701357.5007   3312941.1640   5  13   4.4784   6.3286   2.5691  -3.9565   3.0401  -1.7557   0.00    0.0   -0.11399    0.13589    0.04592   0.17535  0.29237  0.11163 -0.15011  0.13637 -0.08639
2025/01/17 09:53:19.000  -2743939.6874   4701369.5043   3312943.0038   5  14   3.9773   5.3711   2.5049  -2.9613   2.7082  -1.3827   0.00    0.0    0.13102    0.19687    0.03353   0.15089  0.23507  0.10934 -0.08372  0.12117 -0.07385
2025/01/17 09:53:20.000  -2743949.3325   4701372.5823   3312944.0900   5  14   3.9773   5.3706   2.5048  -2.9612   2.7080  -1.3827   0.00    0.0    0.06133    0.08786   -0.00589   0.15090  0.23507  0.10934 -0.08374  0.12117 -0.07386
2025/01/17 09:53:30.000  -2743915.6869   4701354.9797   3312943.5136   5  13   5.2337   5.6418   2.5454  -3.8332   2.8494  -1.8621   0.00    0.0   -0.05139   -0.15460    0.00941   0.18327  0.23711  0.11076 -0.10141  0.12346 -0.08540
2025/01/17 09:53:32.000  -2743909.5808   4701352.1541   3312942.7761   5  13   5.2342   5.6408   2.5452  -3.8331   2.8489  -1.8619   0.00    0.0   -0.04883   -0.06193   -0.02373   0.18329  0.23711  0.11077 -0.10145  0.12347 -0.08542
2025/01/17 09:53:33.000  -2743906.2642   4701349.3776   3312942.0913   5  13   5.2344   5.6402   2.5451  -3.8330   2.8486  -1.8619   0.00    0.0   -0.35776   -0.01821   -0.13551   0.18330  0.23711  0.11077 -0.10148  0.12347 -0.08542
2025/01/17 09:53:35.000  -2743909.5593   4701344.9058   3312941.8233   5  13   5.2350   5.6392   2.5449  -3.8329   2.8481  -1.8618   0.00    0.0   -0.68585   -0.02767   -0.30133   0.18333  0.23711  0.11077 -0.10152  0.12348 -0.08544
2025/01/17 09:53:36.000  -2743908.5998   4701347.3310   3312941.7442   5  13   5.2352   5.6386   2.5448  -3.8328   2.8479  -1.8617   0.00    0.0   -0.48416   -0.64991    0.00855   0.18334  0.23711  0.11077 -0.10154  0.12349 -0.08544
2025/01/17 09:53:38.000  -2743911.0710   4701345.4613   3312941.6553   5  13   5.2357   5.6375   2.5446  -3.8326   2.8474  -1.8616   0.00    0.0    0.02135    0.10639    0.03239   0.18336  0.23711  0.11077 -0.10159  0.12350 -0.08546
2025/01/17 09:53:39.000  -2743911.1748   4701346.7865   3312941.6456   5  13   5.2360   5.6370   2.5445  -3.8325   2.8471  -1.8616   0.00    0.0    0.05444   -0.00941    0.00845   0.18337  0.23711  0.11078 -0.10161  0.12350 -0.08546
2025/01/17 09:53:40.000  -2743910.9376   4701348.4048   3312941.6179   5  13   5.2362   5.6365   2.5444  -3.8325   2.8469  -1.8615   0.00    0.0    0.01285   -0.02822    0.06014   0.18338  0.23711  0.11078 -0.10163  0.12351 -0.08547
2025/01/17 09:53:41.000  -2743913.7079   4701346.0380   3312941.2869   5  13   5.2365   5.6359   2.5443  -3.8324   2.8466  -1.8615   0.00    0.0   -0.01771    0.05232    0.01432   0.18339  0.23711  0.11078 -0.10165  0.12351 -0.08548
2025/01/17 09:53:42.000  -2743913.5216   4701347.5112   3312941.1096   5  13   5.2367   5.6354   2.5442  -3.8323   2.8464  -1.8614   0.00    0.0    0.03459    0.10198    0.01085   0.18340  0.23711  0.11078 -0.10168  0.12352 -0.08548
2025/01/17 09:53:44.000  -2743912.4390   4701347.5933   3312941.0574   5  13   5.2372   5.6343   2.5440  -3.8321   2.8459  -1.8613   0.00    0.0    0.15079    0.11545   -0.01941   0.18342  0.23711  0.11078 -0.10172  0.12352 -0.08549
2025/01/17 09:53:45.000  -2743913.8201   4701348.0383   3312940.7958   5  13   5.2375   5.6338   2.5439  -3.8321   2.8456  -1.8613   0.00    0.0    0.16997    0.18349   -0.05008   0.18344  0.23711  0.11078 -0.10174  0.12353 -0.08550
2025/01/17 09:53:47.000  -2743924.1704   4701353.5436   3312941.6659   5  14   3.9774   5.3573   2.5027  -2.9587   2.7025  -1.3836   0.00    0.0    0.04593    0.00998   -0.02015   0.15114  0.23504  0.10939 -0.08430  0.12130 -0.07409
2025/01/17 09:53:48.000  -2743920.0399   4701352.0505   3312941.1277   5  14   3.9774   5.3568   2.5026  -2.9586   2.7023  -1.3837   0.00    0.0   -0.01433   -0.16267    0.00399   0.15115  0.23504  0.10939 -0.08433  0.12130 -0.07409
2025/01/17 09:53:49.000  -2743917.6865   4701351.7098   3312940.9637   5  14   3.9774   5.3563   2.5025  -2.9585   2.7021  -1.3837   0.00    0.0   -0.00343    0.02325   -0.00336   0.15115  0.23504  0.10939 -0.08435  0.12131 -0.07410
2025/01/17 09:53:50.000  -2743915.5261   4701351.0783   3312940.8417   5  14   3.9774   5.3558   2.5025  -2.9584   2.7019  -1.3837   0.00    0.0    0.01519    0.15929    0.00468   0.15116  0.23503  0.10940 -0.08437  0.12131 -0.07411
2025/01/17 09:53:51.000  -2743914.8675   4701351.4252   3312940.8377   5  14   3.9774   5.3553   2.5024  -2.9583   2.7017  -1.3838   0.00    0.0    0.03169   -0.00113    0.01538   0.15117  0.23503  0.10940 -0.08439  0.12131 -0.07412
2025/01/17 09:53:53.000  -2743915.5519   4701351.9418   3312941.0829   5  15   3.9242   5.3469   2.4429  -2.9271   2.6729  -1.2505   0.00    0.0   -0.00338    0.11454   -0.01733   0.15111  0.23422  0.10721 -0.08499  0.12306 -0.07342
2025/01/17 09:53:55.000  -2743915.4596   4701354.2465   3312941.5551   5  15   3.9241   5.3459   2.4427  -2.9268   2.6724  -1.2505   0.00    0.0   -0.00514   -0.01661    0.01099   0.15113  0.23422  0.10722 -0.08503  0.12307 -0.07344
2025/01/17 09:53:57.000  -2743916.6120   4701357.0164   3312941.6091   5  15   3.9241   5.3449   2.4425  -2.9265   2.6719  -1.2504   0.00    0.0   -0.00802   -0.06295   -0.00768   0.15115  0.23422  0.10722 -0.08507  0.12307 -0.07345
2025/01/17 09:53:58.000  -2743916.5734   4701357.8019   3312942.0401   5  15   3.9240   5.3444   2.4424  -2.9263   2.6717  -1.2503   0.00    0.0    0.01353   -0.05820    0.01570   0.15115  0.23422  0.10722 -0.08509  0.12308 -0.07346
2025/01/17 09:53:59.000  -2743917.1129   4701358.9186   3312942.0482   5  15   3.9240   5.3438   2.4423  -2.9262   2.6714  -1.2503   0.00    0.0   -0.00358    0.04084   -0.02370   0.15116  0.23422  0.10722 -0.08511  0.12308 -0.07346
2025/01/17 09:54:00.000  -2743917.9267   4701358.6601   3312941.7256   5  15   3.9240   5.3433   2.4422  -2.9260   2.6712  -1.2503   0.00    0.0    0.02910    0.11247    0.01978   0.15117  0.23422  0.10722 -0.08513  0.12308 -0.07347
2025/01/17 09:54:01.000  -2743918.3791   4701360.5572   3312941.7895   5  16   3.6037   5.3195   2.3951  -2.7905   2.7150  -1.5176   0.00    0.0    0.08237    0.10354    0.00144   0.14180  0.23418  0.10694 -0.08376  0.12323 -0.07621
2025/01/17 09:54:02.000  -2743917.3596   4701361.6641   3312941.8151   5  16   3.6037   5.3190   2.3950  -2.7905   2.7148  -1.5177   0.00    0.0   -0.00982    0.11660    0.00801   0.14181  0.23417  0.10693 -0.08379  0.12323 -0.07622
2025/01/17 09:54:05.000  -2743916.0856   4701361.2201   3312942.9069   5  17   3.5189   5.3175   2.2755  -2.7951   2.7094  -1.6983   0.00    0.0   -0.04452    0.08558    0.02753   0.14175  0.23116  0.10299 -0.08273  0.11878 -0.07529
2025/01/17 09:54:06.000  -2743915.8168   4701361.8249   3312942.5065   5  17   3.5189   5.3170   2.2753  -2.7951   2.7092  -1.6983   0.00    0.0   -0.02899   -0.00005    0.01495   0.14176  0.23116  0.10299 -0.08276  0.11879 -0.07530
2025/01/17 09:54:21.000  -2743925.3025   4701333.3415   3312940.1001   5  16   4.2457   7.6191   2.2887   2.2720   2.9602  -1.5023   0.00    0.0   -0.06622    0.00493    0.01791   0.15853  0.28300  0.10313  0.06796  0.11501 -0.07796
2025/01/17 09:54:22.000  -2743926.5165   4701332.3379   3312940.3052   5  16   4.2456   7.6192   2.2886   2.2721   2.9602  -1.5022   0.00    0.0    0.30369   -0.04432   -0.08806   0.15854  0.28302  0.10313  0.06795  0.11502 -0.07796
2025/01/17 09:54:24.000  -2743930.6532   4701332.5471   3312940.8220   5  16   4.2454   7.6195   2.2884   2.2721   2.9602  -1.5019   0.00    0.0    0.01646    0.10036    0.03987   0.15855  0.28306  0.10313  0.06792  0.11504 -0.07797
2025/01/17 09:54:25.000  -2743931.2490   4701332.2172   3312940.8990   5  16   4.2453   7.6197   2.2883   2.2722   2.9602  -1.5018   0.00    0.0   -0.07759    0.06598    0.05096   0.15856  0.28309  0.10313  0.06790  0.11505 -0.07797
2025/01/17 09:54:26.000  -2743932.4025   4701332.9273   3312940.7031   5  16   4.2451   7.6198   2.2882   2.2722   2.9602  -1.5017   0.00    0.0    0.01993   -0.03647   -0.01186   0.15857  0.28311  0.10312  0.06789  0.11506 -0.07798
2025/01/17 09:54:28.000  -2743934.8101   4701333.8177   3312941.2482   5  16   4.2449   7.6201   2.2880   2.2723   2.9602  -1.5014   0.00    0.0    0.05049   -0.02926   -0.03888   0.15859  0.28315  0.10312  0.06786  0.11507 -0.07799
2025/01/17 09:54:30.000  -2743937.7786   4701335.6550   3312941.8225   5  16   4.2447   7.6204   2.2878   2.2724   2.9602  -1.5011   0.00    0.0   -0.04800    0.05596   -0.01477   0.15861  0.28319  0.10312  0.06783  0.11509 -0.07800
2025/01/17 09:54:33.000  -2743910.9386   4701352.3553   3312939.7628   5  17   3.5676   5.2942   2.3445  -2.7592   2.6783  -1.4348   0.00    0.0    0.04995   -0.03762   -0.01729   0.14181  0.23390  0.10505 -0.08523  0.12422 -0.07521
2025/01/17 09:54:39.000  -2743919.3796   4701361.6871   3312941.8441   5  17   4.2708   5.4690   2.2684  -3.3257   2.8038  -1.9922   0.00    0.0   -0.14193    0.03877    0.00646   0.16870  0.23356  0.10246 -0.10165  0.12232 -0.08418
2025/01/17 09:54:40.000  -2743919.7440   4701361.7367   3312942.0177   5  17   4.2710   5.4684   2.2683  -3.3256   2.8035  -1.9921   0.00    0.0    0.04641   -0.09688   -0.00171   0.16871  0.23357  0.10246 -0.10168  0.12232 -0.08418
2025/01/17 09:54:41.000  -2743919.2250   4701362.3449   3312942.0991   5  17   4.2711   5.4679   2.2681  -3.3255   2.8032  -1.9921   0.00    0.0   -0.02277   -0.05616   -0.01183   0.16872  0.23357  0.10246 -0.10170  0.12232 -0.08419
2025/01/17 09:54:44.000  -2743919.1641   4701364.0384   3312942.1145   5  17   4.2717   5.4663   2.2676  -3.3253   2.8022  -1.9918   0.00    0.0   -0.03410   -0.10916   -0.00933   0.16876  0.23357  0.10245 -0.10178  0.12233 -0.08421
2025/01/17 09:54:45.000  -2743919.3620   4701364.4395   3312941.9513   5  17   4.2719   5.4657   2.2674  -3.3252   2.8019  -1.9918   0.00    0.0   -0.04645    0.02352   -0.00572   0.16877  0.23357  0.10245 -0.10180  0.12233 -0.08422
2025/01/17 09:54:46.000  -2743920.3332   4701364.7603   3312941.8634   5  17   4.2721   5.4652   2.2672  -3.3251   2.8016  -1.9917   0.00    0.0    0.02418   -0.04418   -0.03846   0.16879  0.23357  0.10245 -0.10183  0.12233 -0.08422
2025/01/17 09:54:47.000  -2743920.1659   4701365.2182   3312942.2007   5  17   4.2723   5.4646   2.2671  -3.3250   2.8012  -1.9916   0.00    0.0    0.11131    0.04960   -0.00845   0.16880  0.23357  0.10245 -0.10185  0.12233 -0.08423
2025/01/17 09:54:48.000  -2743920.2499   4701365.1543   3312942.4293   5  17   4.2725   5.4641   2.2669  -3.3249   2.8009  -1.9915   0.00    0.0   -0.03681   -0.01434   -0.01145   0.16881  0.23357  0.10245 -0.10188  0.12233 -0.08424
2025/01/17 09:54:49.000  -2743921.5827   4701365.1341   3312942.8493   5  17   4.2727   5.4636   2.2667  -3.3248   2.8006  -1.9914   0.00    0.0   -0.04566   -0.09072    0.00837   0.16883  0.23357  0.10244 -0.10190  0.12234 -0.08424
2025/01/17 09:54:50.000  -2743921.6345   4701366.0288   3312942.8180   5  17   4.2728   5.4630   2.2666  -3.3247   2.8003  -1.9914   0.00    0.0   -0.00392    0.04962    0.01031   0.16884  0.23357  0.10244 -0.10193  0.12234 -0.08425
2025/01/17 09:54:53.000  -2743922.7621   4701367.4322   3312943.1770   5  17   4.2734   5.4614   2.2660  -3.3244   2.7993  -1.9911   0.00    0.0    0.00759    0.09670    0.00174   0.16888  0.23357  0.10244 -0.10200  0.12234 -0.08427
2025/01/17 09:54:54.000  -2743921.2545   4701357.1126   3312942.3050   5  18   3.4939   5.2832   2.2007  -2.7661   2.6626  -1.6239   0.00    0.0   -0.05534    0.04012   -0.01065   0.14194  0.23086  0.10099 -0.08461  0.11983 -0.07439
2025/01/17 09:54:55.000  -2743923.3736   4701368.9654   3312943.5244   5  17   4.2738   5.4603   2.2657  -3.3242   2.7987  -1.9910   0.00    0.0   -0.00634   -0.00207    0.00541   0.16891  0.23358  0.10244 -0.10205  0.12235 -0.08428
2025/01/17 09:54:57.000  -2743923.6261   4701370.7531   3312943.9659   5  17   4.2742   5.4592   2.2654  -3.3241   2.7980  -1.9908   0.00    0.0    0.02120   -0.05448   -0.02710   0.16893  0.23358  0.10243 -0.10210  0.12235 -0.08430
2025/01/17 09:54:59.000  -2743919.6171   4701357.3693   3312941.9708   5  18   3.4941   5.2807   2.2000  -2.7657   2.6611  -1.6237   0.00    0.0    0.03281   -0.01620    0.01598   0.14200  0.23085  0.10099 -0.08473  0.11984 -0.07443
2025/01/17 09:55:01.000  -2743921.5341   4701371.0901   3312944.0858   5  17   4.2749   5.4570   2.2647  -3.3237   2.7967  -1.9905   0.00    0.0   -0.06396   -0.06198    0.02601   0.16898  0.23358  0.10243 -0.10220  0.12236 -0.08432
2025/01/17 09:55:03.000  -2743921.6934   4701367.8990   3312943.7128   5  17   4.2753   5.4559   2.2643  -3.3235   2.7961  -1.9904   0.00    0.0    0.07383    0.00824    0.01425   0.16901  0.23358  0.10242 -0.10225  0.12236 -0.08434
2025/01/17 09:55:04.000  -2743921.5908   4701367.3953   3312943.7804   5  17   4.2755   5.4554   2.2642  -3.3234   2.7957  -1.9903   0.00    0.0    0.07472    0.13809   -0.01303   0.16902  0.23358  0.10242 -0.10228  0.12236 -0.08434
2025/01/17 09:55:05.000  -2743920.7259   4701366.7427   3312943.4655   5  17   4.2756   5.4548   2.2640  -3.3233   2.7954  -1.9902   0.00    0.0   -0.06710    0.23862    0.01480   0.16904  0.23358  0.10242 -0.10230  0.12236 -0.08435
2025/01/17 09:55:06.000  -2743919.0866   4701366.2652   3312942.7259   5  17   4.2758   5.4543   2.2638  -3.3232   2.7951  -1.9901   0.00    0.0    0.05355   -0.02311   -0.03068   0.16905  0.23358  0.10242 -0.10233  0.12237 -0.08435
2025/01/17 09:55:23.000  -2743920.8391   4701360.0521   3312942.3728   5  18   3.4952   5.2685   2.1965  -2.7638   2.6542  -1.6226   0.00    0.0   -0.01084    0.18064    0.05404   0.14226  0.23083  0.10095 -0.08530  0.11987 -0.07462
2025/01/17 09:55:28.000  -2743918.2573   4701356.1982   3312940.5024   5  17   3.6002   5.2739   2.2216  -2.7178   2.6712  -1.5300   0.00    0.0    0.46730   -0.12498   -0.05972   0.14388  0.23113  0.10252 -0.08391  0.12076 -0.07207
2025/01/17 09:55:30.000  -2743904.8118   4701356.3607   3312939.7784   5  17   3.5965   5.2801   2.1989  -2.7012   2.6429  -1.6541   0.00    0.0    0.01255   -0.05896    0.00061   0.15130  0.23609  0.10096 -0.06897  0.12028 -0.07400
2025/01/17 09:55:33.000  -2743915.6878   4701356.7410   3312941.5627   5  18   3.4956   5.2634   2.1951  -2.7629   2.6514  -1.6222   0.00    0.0    0.16521   -0.00540   -0.03041   0.14237  0.23081  0.10094 -0.08553  0.11988 -0.07470
2025/01/17 09:55:44.000  -2743923.2004   4701351.2315   3312940.5849   5  15   4.3341   8.1760   2.3075   2.8037   2.7783  -1.5955   0.00    0.0    0.03207    0.09786   -0.00200   0.16656  0.30148  0.10388  0.09638  0.10996 -0.08229
2025/01/17 09:55:45.000  -2743919.2237   4701351.4568   3312939.9251   5  15   4.3340   8.1758   2.3075   2.8036   2.7782  -1.5954   0.00    0.0    0.04106   -0.07149    0.02716   0.16657  0.30149  0.10388  0.09637  0.10997 -0.08230
2025/01/17 09:55:47.000  -2743905.9000   4701362.8565   3312938.1668   5  16   3.5365   5.4515   2.3003  -2.7209   2.5728  -1.7311   0.00    0.0   -0.10094    0.12151    0.04579   0.14532  0.23566  0.10355 -0.07770  0.11680 -0.07814
2025/01/17 09:55:48.000  -2743902.5570   4701360.0496   3312937.2232   5  16   3.5365   5.4508   2.3002  -2.7208   2.5725  -1.7311   0.00    0.0   -0.02099    0.10358    0.05576   0.14533  0.23565  0.10355 -0.07773  0.11680 -0.07815
2025/01/17 09:55:49.000  -2743899.1956   4701359.1140   3312936.5600   5  16   3.5366   5.4502   2.3001  -2.7208   2.5723  -1.7311   0.00    0.0    0.00572    0.01151   -0.00206   0.14534  0.23564  0.10355 -0.07776  0.11680 -0.07816
2025/01/17 09:55:50.000  -2743898.2992   4701359.1549   3312936.6061   5  16   3.5367   5.4495   2.3000  -2.7207   2.5720  -1.7312   0.00    0.0    0.06699    0.02525    0.01631   0.14535  0.23563  0.10355 -0.07779  0.11680 -0.07817
2025/01/17 09:55:51.000  -2743897.4482   4701357.6943   3312936.0380   5  16   3.5368   5.4488   2.2999  -2.7206   2.5717  -1.7312   0.00    0.0    0.06210    0.10540   -0.00949   0.14537  0.23563  0.10355 -0.07781  0.11680 -0.07818
2025/01/17 09:55:53.000  -2743898.7997   4701355.1217   3312936.2410   5  16   3.5369   5.4474   2.2998  -2.7205   2.5712  -1.7313   0.00    0.0    0.02677   -0.05200   -0.03981   0.14539  0.23561  0.10355 -0.07787  0.11681 -0.07820
2025/01/17 09:55:56.000  -2743900.4459   4701356.2517   3312936.6738   5  16   3.5372   5.4454   2.2995  -2.7202   2.5703  -1.7314   0.00    0.0    0.01287    0.02274    0.01057   0.14543  0.23559  0.10355 -0.07796  0.11681 -0.07823
2025/01/17 09:55:59.000  -2743899.7903   4701359.2637   3312937.2978   5  16   3.5374   5.4434   2.2993  -2.7200   2.5695  -1.7315   0.00    0.0   -0.07442   -0.18259   -0.02659   0.14547  0.23557  0.10356 -0.07804  0.11681 -0.07827
2025/01/17 09:56:00.000  -2743909.7355   4701338.5568   3312937.0445   5  15   4.3328   8.1733   2.3064   2.8031   2.7770  -1.5945   0.00    0.0    0.02470    0.13577    0.02360   0.16672  0.30170  0.10388  0.09620  0.11005 -0.08240
2025/01/17 09:56:02.000  -2743905.5185   4701372.5202   3312940.1347   5  15   3.3511   8.4970   2.3610  -3.7795   3.0731  -2.0516   0.00    0.0    0.04707   -0.01094   -0.02210   0.15098  0.36283  0.10638 -0.14962  0.13545 -0.08989
2025/01/17 09:56:03.000  -2743907.2346   4701373.0414   3312940.4700   5  15   3.3509   8.4955   2.3608  -3.7788   3.0725  -2.0513   0.00    0.0    0.05998    0.06849   -0.00125   0.15099  0.36278  0.10638 -0.14961  0.13545 -0.08989
2025/01/17 09:56:05.000  -2743908.7435   4701373.1668   3312940.8560   5  15   3.3504   8.4925   2.3606  -3.7772   3.0715  -2.0508   0.00    0.0   -0.02139   -0.09136    0.02198   0.15100  0.36270  0.10638 -0.14959  0.13543 -0.08989
2025/01/17 09:56:06.000  -2743909.1184   4701372.9668   3312941.0921   5  15   3.3501   8.4909   2.3604  -3.7765   3.0709  -2.0505   0.00    0.0   -0.01684    0.04264    0.00406   0.15100  0.36265  0.10637 -0.14957  0.13543 -0.08988
2025/01/17 09:56:08.000  -2743907.9095   4701371.3972   3312940.3285   5  15   3.3496   8.4879   2.3601  -3.7749   3.0698  -2.0500   0.00    0.0   -0.05582   -0.00989    0.01511   0.15101  0.36256  0.10637 -0.14955  0.13541 -0.08988
2025/01/17 09:56:09.000  -2743906.4530   4701370.1828   3312939.7808   5  15   3.3493   8.4864   2.3600  -3.7742   3.0693  -2.0497   0.00    0.0   -0.10376    0.28825    0.04786   0.15101  0.36252  0.10637 -0.14954  0.13541 -0.08988
2025/01/17 09:56:10.000  -2743918.0777   4701348.6679   3312940.3944   5  16   4.7571   5.4271   2.2568  -3.4075   2.7669  -1.9139   0.00    0.0    0.01736   -0.04553   -0.01984   0.17452  0.23361  0.10337 -0.10298  0.12272 -0.08119
2025/01/17 09:56:12.000  -2743906.6093   4701369.8457   3312939.6033   5  15   3.3486   8.4818   2.3595  -3.7719   3.0677  -2.0489   0.00    0.0   -0.01335    0.15310    0.02464   0.15103  0.36239  0.10636 -0.14951  0.13539 -0.08988
2025/01/17 09:56:14.000  -2743909.1187   4701372.6217   3312940.0754   5  15   3.3481   8.4788   2.3592  -3.7703   3.0666  -2.0484   0.00    0.0   -0.06508    0.08886    0.02703   0.15104  0.36230  0.10636 -0.14948  0.13537 -0.08988
2025/01/17 09:56:16.000  -2743911.3935   4701377.5139   3312941.2141   5  16   3.0171   6.7006   2.2898  -2.5840   2.5404  -1.8361   0.00    0.0   -0.02117    0.11446    0.04857   0.13410  0.26490  0.10382 -0.07188  0.11234 -0.08045
2025/01/17 09:56:18.000  -2743914.3656   4701375.8023   3312940.9252   5  17   3.0023   5.4250   2.2896  -2.8011   2.5551  -1.8343   0.00    0.0   -0.20372    0.05098    0.01662   0.12951  0.22902  0.10356 -0.09907  0.11661 -0.07886
2025/01/17 09:56:20.000  -2743913.6433   4701372.7866   3312940.7048   5  17   3.0023   5.4237   2.2894  -2.8007   2.5546  -1.8342   0.00    0.0   -0.11461    0.05118    0.01344   0.12953  0.22902  0.10356 -0.09910  0.11662 -0.07887
2025/01/17 09:56:21.000  -2743911.6884   4701368.2939   3312939.8863   5  17   3.0022   5.4230   2.2894  -2.8005   2.5544  -1.8341   0.00    0.0    0.00046   -0.08400   -0.01926   0.12954  0.22902  0.10356 -0.09911  0.11662 -0.07887
2025/01/17 09:56:22.000  -2743909.9007   4701363.1049   3312938.7844   5  17   3.0022   5.4224   2.2893  -2.8002   2.5541  -1.8341   0.00    0.0    0.06649   -0.03959   -0.03920   0.12955  0.22901  0.10356 -0.09913  0.11662 -0.07888
2025/01/17 09:56:24.000  -2743909.8118   4701357.9698   3312937.9100   5  17   3.0022   5.4211   2.2892  -2.7998   2.5536  -1.8339   0.00    0.0    0.04995    0.00217   -0.00386   0.12957  0.22901  0.10356 -0.09916  0.11663 -0.07889
2025/01/17 09:56:25.000  -2743910.3567   4701356.5785   3312937.6587   5  17   3.0021   5.4204   2.2891  -2.7996   2.5534  -1.8339   0.00    0.0    0.07245   -0.17640   -0.01047   0.12958  0.22901  0.10356 -0.09918  0.11663 -0.07890
2025/01/17 09:56:27.000  -2743910.0488   4701357.6348   3312937.6524   5  17   3.0021   5.4191   2.2890  -2.7992   2.5529  -1.8337   0.00    0.0    0.04849   -0.08057    0.02597   0.12960  0.22900  0.10356 -0.09921  0.11664 -0.07891
2025/01/17 09:56:28.000  -2743909.7953   4701358.9349   3312938.0264   5  17   3.0021   5.4184   2.2890  -2.7990   2.5526  -1.8337   0.00    0.0   -0.03507    0.01894    0.03891   0.12961  0.22900  0.10356 -0.09922  0.11664 -0.07892
2025/01/17 09:56:29.000  -2743910.7966   4701360.3406   3312938.1596   5  17   3.0021   5.4178   2.2889  -2.7987   2.5524  -1.8336   0.00    0.0    0.04564   -0.02273   -0.02066   0.12962  0.22900  0.10356 -0.09924  0.11665 -0.07892
2025/01/17 09:56:30.000  -2743911.5519   4701360.8967   3312938.4779   5  17   3.0020   5.4171   2.2888  -2.7985   2.5521  -1.8335   0.00    0.0    0.02726    0.04270    0.04257   0.12963  0.22900  0.10356 -0.09926  0.11665 -0.07893
2025/01/17 09:56:32.000  -2743913.0238   4701361.9338   3312938.6376   5  17   3.0020   5.4158   2.2887  -2.7981   2.5517  -1.8334   0.00    0.0    0.05754    0.00502    0.03278   0.12965  0.22899  0.10356 -0.09929  0.11666 -0.07894
2025/01/17 09:56:33.000  -2743913.1245   4701362.4719   3312938.7456   5  17   3.0020   5.4151   2.2886  -2.7979   2.5514  -1.8333   0.00    0.0   -0.05527   -0.04102   -0.01336   0.12966  0.22899  0.10356 -0.09930  0.11666 -0.07894
2025/01/17 09:56:34.000  -2743913.0942   4701353.4369   3312940.9025   5  17   4.2919   5.4055   2.2487  -3.3136   2.7661  -1.9828   0.00    0.0    0.05853   -0.00964    0.02311   0.17021  0.23353  0.10225 -0.10444  0.12245 -0.08491
2025/01/17 09:56:35.000  -2743907.4712   4701361.0729   3312940.6284   5  16   3.0940   5.4428   2.3069  -2.8716   2.5188  -1.7728   0.00    0.0    0.07749    0.02299   -0.00408   0.13379  0.22960  0.10401 -0.10208  0.11597 -0.07691
2025/01/17 09:56:36.000  -2743912.8208   4701351.9105   3312940.7293   5  17   4.2923   5.4043   2.2484  -3.3133   2.7654  -1.9826   0.00    0.0    0.04125    0.07429    0.00747   0.17024  0.23353  0.10224 -0.10449  0.12245 -0.08492
2025/01/17 09:56:38.000  -2743910.1522   4701361.8963   3312940.7227   5  16   3.0937   5.4406   2.3068  -2.8707   2.5180  -1.7725   0.00    0.0    0.03385    0.04675   -0.00004   0.13381  0.22959  0.10402 -0.10211  0.11598 -0.07692
2025/01/17 09:56:40.000  -2743911.8254   4701361.3049   3312940.4797   5  16   3.0936   5.4392   2.3067  -2.8700   2.5175  -1.7723   0.00    0.0    0.04213    0.02875   -0.01922   0.13383  0.22958  0.10402 -0.10214  0.11598 -0.07693
2025/01/17 09:56:42.000  -2743914.1798   4701361.0388   3312940.4102   5  16   3.0934   5.4377   2.3067  -2.8694   2.5171  -1.7721   0.00    0.0    0.08023    0.06884    0.01430   0.13384  0.22957  0.10402 -0.10216  0.11599 -0.07694
2025/01/17 09:56:45.000  -2743912.5511   4701361.2511   3312940.5425   5  16   3.0931   5.4356   2.3066  -2.8685   2.5163  -1.7718   0.00    0.0   -0.01936   -0.05921    0.02966   0.13387  0.22956  0.10403 -0.10219  0.11600 -0.07695
2025/01/17 09:56:48.000  -2743912.3168   4701361.7342   3312941.1715   5  16   3.0928   5.4334   2.3065  -2.8675   2.5156  -1.7715   0.00    0.0   -0.00933    0.03617    0.00073   0.13389  0.22955  0.10403 -0.10223  0.11600 -0.07696
2025/01/17 09:56:51.000  -2743911.6133   4701361.1007   3312941.2370   5  16   3.0926   5.4313   2.3064  -2.8666   2.5149  -1.7712   0.00    0.0    0.49608    0.51387    0.05548   0.13391  0.22954  0.10404 -0.10226  0.11601 -0.07697
2025/01/17 09:56:52.000  -2743911.2673   4701360.7936   3312941.2381   5  16   3.0925   5.4305   2.3064  -2.8663   2.5146  -1.7711   0.00    0.0   -0.08478   -0.12822   -0.01274   0.13392  0.22953  0.10404 -0.10227  0.11602 -0.07698
2025/01/17 09:56:53.000  -2743913.7585   4701359.8500   3312940.6206   5  16   3.0924   5.4298   2.3064  -2.8660   2.5144  -1.7711   0.00    0.0   -0.13884   -0.05032   -0.00027   0.13393  0.22953  0.10404 -0.10228  0.11602 -0.07698
2025/01/17 09:56:54.000  -2743912.9504   4701358.8208   3312940.4921   5  16   3.0923   5.4291   2.3063  -2.8657   2.5141  -1.7710   0.00    0.0    0.11557    0.14311    0.02545   0.13394  0.22952  0.10404 -0.10229  0.11602 -0.07698
2025/01/17 09:56:55.000  -2743914.6864   4701358.4315   3312940.3788   5  16   3.0922   5.4284   2.3063  -2.8653   2.5139  -1.7709   0.00    0.0   -0.00946    0.12985    0.03461   0.13394  0.22952  0.10404 -0.10230  0.11603 -0.07699
2025/01/17 09:56:56.000  -2743913.4244   4701358.6299   3312940.3178   5  16   3.0921   5.4277   2.3063  -2.8650   2.5137  -1.7708   0.00    0.0    0.04474    0.05568    0.00822   0.13395  0.22952  0.10404 -0.10232  0.11603 -0.07699
2025/01/17 09:56:57.000  -2743912.0564   4701358.6108   3312940.2461   5  16   3.0921   5.4269   2.3062  -2.8647   2.5134  -1.7707   0.00    0.0   -0.14259    0.10020    0.07881   0.13396  0.22951  0.10404 -0.10233  0.11603 -0.07700
2025/01/17 09:56:59.000  -2743909.1600   4701354.8025   3312938.3316   5  16   3.0919   5.4255   2.3062  -2.8641   2.5129  -1.7705   0.00    0.0    0.04218    0.13584    0.03518   0.13397  0.22950  0.10405 -0.10235  0.11604 -0.07700
2025/01/17 09:57:00.000  -2743908.8734   4701353.7267   3312938.0941   5  16   3.0918   5.4248   2.3062  -2.8638   2.5127  -1.7704   0.00    0.0   -0.02777    0.11408    0.01457   0.13398  0.22950  0.10405 -0.10236  0.11604 -0.07701
2025/01/17 09:57:01.000  -2743908.8121   4701354.8334   3312939.0292   5  16   3.0917   5.4241   2.3061  -2.8635   2.5124  -1.7703   0.00    0.0   -0.00670   -0.10822   -0.04079   0.13399  0.22950  0.10405 -0.10237  0.11604 -0.07701
2025/01/17 09:57:02.000  -2743910.4601   4701355.8526   3312939.7550   5  16   3.0916   5.4234   2.3061  -2.8632   2.5122  -1.7702   0.00    0.0   -0.07623    0.02337   -0.01902   0.13400  0.22949  0.10405 -0.10238  0.11605 -0.07702
2025/01/17 09:57:05.000  -2743923.6239   4701357.2460   3312941.7681   5  15   3.7645   5.4219   2.3218  -2.8301   2.5160  -1.5973   0.00    0.0    0.08787    0.05458   -0.02959   0.15458  0.23507  0.10409 -0.08101  0.11668 -0.07559
2025/01/17 09:57:07.000  -2743910.0971   4701354.5461   3312939.1002   5  14   4.9244   5.5572   2.4152  -3.4493   2.6727  -2.1596   0.00    0.0   -0.03077    0.01416    0.02797   0.18992  0.23691  0.10593 -0.09916  0.11914 -0.08878
2025/01/17 09:57:09.000  -2743909.1955   4701353.9834   3312938.6372   5  14   4.9248   5.5557   2.4151  -3.4489   2.6722  -2.1596   0.00    0.0   -0.03250    0.04287   -0.00975   0.18995  0.23689  0.10593 -0.09921  0.11914 -0.08880
